ISO-10303-21;
HEADER;
/* Generated by software containing ST-Developer
 * from STEP Tools, Inc. (www.steptools.com) 
 */

FILE_DESCRIPTION(
/* description */ (''),
/* implementation_level */ '2;1');

FILE_NAME(
/* name */ 'nose.step',
/* time_stamp */ '2026-05-27T12:24:01-06:00',
/* author */ (''),
/* organization */ (''),
/* preprocessor_version */ 'ST-DEVELOPER v20.1',
/* originating_system */ 'Autodesk Translation Framework v15.8.0.0',
/* authorisation */ '');

FILE_SCHEMA (('AUTOMOTIVE_DESIGN { 1 0 10303 214 3 1 1 }'));
ENDSEC;

DATA;
#10=MECHANICAL_DESIGN_GEOMETRIC_PRESENTATION_REPRESENTATION('',(#13),#1821);
#11=SHAPE_REPRESENTATION_RELATIONSHIP('SRR','None',#1828,#12);
#12=ADVANCED_BREP_SHAPE_REPRESENTATION('',(#14),#1820);
#13=STYLED_ITEM('',(#1837),#14);
#14=MANIFOLD_SOLID_BREP('Body1',#998);
#15=FACE_BOUND('',#193,.T.);
#16=FACE_BOUND('',#197,.T.);
#17=CYLINDRICAL_SURFACE('',#1106,32.1335);
#18=CONICAL_SURFACE('',#1020,22.5127365349576,0.959931088596882);
#19=CONICAL_SURFACE('',#1045,24.2371891640322,0.203079982306874);
#20=CONICAL_SURFACE('',#1047,24.2371891640322,0.203079982306874);
#21=CONICAL_SURFACE('',#1049,24.2371891640322,0.203079982306874);
#22=CONICAL_SURFACE('',#1058,24.2371891640322,0.203079982306874);
#23=CONICAL_SURFACE('',#1060,24.2371891640322,0.203079982306874);
#24=CONICAL_SURFACE('',#1062,24.2371891640322,0.203079982306874);
#25=CONICAL_SURFACE('',#1070,24.2371891640322,0.203079982306874);
#26=CONICAL_SURFACE('',#1072,24.2371891640322,0.203079982306874);
#27=CONICAL_SURFACE('',#1080,24.2371891640322,0.203079982306874);
#28=CONICAL_SURFACE('',#1082,24.2371891640322,0.203079982306874);
#29=CONICAL_SURFACE('',#1090,24.2371891640322,0.203079982306874);
#30=CONICAL_SURFACE('',#1092,24.2371891640322,0.203079982306874);
#31=CONICAL_SURFACE('',#1100,25.0654858643868,0.98847814570431);
#32=CONICAL_SURFACE('',#1102,28.9994912294026,0.203079982306876);
#33=CONICAL_SURFACE('',#1104,32.3858561717573,0.785398163397444);
#34=CONICAL_SURFACE('',#1110,33.19375,0.755364278732696);
#35=CONICAL_SURFACE('',#1112,28.6555,0.203079982306875);
#36=CONICAL_SURFACE('',#1116,21.1476481776669,0.174532925199432);
#37=(
BOUNDED_CURVE()
B_SPLINE_CURVE(2,(#1377,#1378,#1379),.UNSPECIFIED.,.F.,.F.)
B_SPLINE_CURVE_WITH_KNOTS((3,3),(0.,0.0428256573764963),.UNSPECIFIED.)
CURVE()
GEOMETRIC_REPRESENTATION_ITEM()
RATIONAL_B_SPLINE_CURVE((1.,1.00003005526869,1.))
REPRESENTATION_ITEM('')
);
#38=(
BOUNDED_CURVE()
B_SPLINE_CURVE(2,(#1381,#1382,#1383),.UNSPECIFIED.,.F.,.F.)
B_SPLINE_CURVE_WITH_KNOTS((3,3),(0.,0.539125943101688),.UNSPECIFIED.)
CURVE()
GEOMETRIC_REPRESENTATION_ITEM()
RATIONAL_B_SPLINE_CURVE((1.,1.00048228765,1.))
REPRESENTATION_ITEM('')
);
#39=(
BOUNDED_CURVE()
B_SPLINE_CURVE(2,(#1385,#1386,#1387),.UNSPECIFIED.,.F.,.F.)
B_SPLINE_CURVE_WITH_KNOTS((3,3),(0.,0.39628028622517),.UNSPECIFIED.)
CURVE()
GEOMETRIC_REPRESENTATION_ITEM()
RATIONAL_B_SPLINE_CURVE((1.,1.00321986434783,1.))
REPRESENTATION_ITEM('')
);
#40=(
BOUNDED_CURVE()
B_SPLINE_CURVE(2,(#1391,#1392,#1393),.UNSPECIFIED.,.F.,.F.)
B_SPLINE_CURVE_WITH_KNOTS((3,3),(0.,0.39628028622517),.UNSPECIFIED.)
CURVE()
GEOMETRIC_REPRESENTATION_ITEM()
RATIONAL_B_SPLINE_CURVE((1.,1.00321986434783,1.))
REPRESENTATION_ITEM('')
);
#41=(
BOUNDED_CURVE()
B_SPLINE_CURVE(2,(#1395,#1396,#1397),.UNSPECIFIED.,.F.,.F.)
B_SPLINE_CURVE_WITH_KNOTS((3,3),(0.,0.539125943101688),.UNSPECIFIED.)
CURVE()
GEOMETRIC_REPRESENTATION_ITEM()
RATIONAL_B_SPLINE_CURVE((1.,1.00048228765,1.))
REPRESENTATION_ITEM('')
);
#42=(
BOUNDED_CURVE()
B_SPLINE_CURVE(2,(#1398,#1399,#1400),.UNSPECIFIED.,.F.,.F.)
B_SPLINE_CURVE_WITH_KNOTS((3,3),(0.,0.0428256573764963),.UNSPECIFIED.)
CURVE()
GEOMETRIC_REPRESENTATION_ITEM()
RATIONAL_B_SPLINE_CURVE((1.,1.00003005526869,1.))
REPRESENTATION_ITEM('')
);
#43=(
BOUNDED_CURVE()
B_SPLINE_CURVE(2,(#1403,#1404,#1405),.UNSPECIFIED.,.F.,.F.)
B_SPLINE_CURVE_WITH_KNOTS((3,3),(0.,0.0460985544858916),.UNSPECIFIED.)
CURVE()
GEOMETRIC_REPRESENTATION_ITEM()
RATIONAL_B_SPLINE_CURVE((1.,1.00003591846042,1.))
REPRESENTATION_ITEM('')
);
#44=(
BOUNDED_CURVE()
B_SPLINE_CURVE(2,(#1407,#1408,#1409),.UNSPECIFIED.,.F.,.F.)
B_SPLINE_CURVE_WITH_KNOTS((3,3),(0.,0.0460985544858916),.UNSPECIFIED.)
CURVE()
GEOMETRIC_REPRESENTATION_ITEM()
RATIONAL_B_SPLINE_CURVE((1.,1.00003591846042,1.))
REPRESENTATION_ITEM('')
);
#45=(
BOUNDED_CURVE()
B_SPLINE_CURVE(2,(#1411,#1412,#1413),.UNSPECIFIED.,.F.,.F.)
B_SPLINE_CURVE_WITH_KNOTS((3,3),(0.,0.543786207977386),.UNSPECIFIED.)
CURVE()
GEOMETRIC_REPRESENTATION_ITEM()
RATIONAL_B_SPLINE_CURVE((1.,1.00058976628057,1.))
REPRESENTATION_ITEM('')
);
#46=(
BOUNDED_CURVE()
B_SPLINE_CURVE(2,(#1415,#1416,#1417),.UNSPECIFIED.,.F.,.F.)
B_SPLINE_CURVE_WITH_KNOTS((3,3),(0.,0.449323016449723),.UNSPECIFIED.)
CURVE()
GEOMETRIC_REPRESENTATION_ITEM()
RATIONAL_B_SPLINE_CURVE((1.,1.00433534391838,1.))
REPRESENTATION_ITEM('')
);
#47=(
BOUNDED_CURVE()
B_SPLINE_CURVE(2,(#1421,#1422,#1423),.UNSPECIFIED.,.F.,.F.)
B_SPLINE_CURVE_WITH_KNOTS((3,3),(0.,0.449323016449723),.UNSPECIFIED.)
CURVE()
GEOMETRIC_REPRESENTATION_ITEM()
RATIONAL_B_SPLINE_CURVE((1.,1.00433534391838,1.))
REPRESENTATION_ITEM('')
);
#48=(
BOUNDED_CURVE()
B_SPLINE_CURVE(2,(#1424,#1425,#1426),.UNSPECIFIED.,.F.,.F.)
B_SPLINE_CURVE_WITH_KNOTS((3,3),(0.,0.543786207977386),.UNSPECIFIED.)
CURVE()
GEOMETRIC_REPRESENTATION_ITEM()
RATIONAL_B_SPLINE_CURVE((1.,1.00058976628057,1.))
REPRESENTATION_ITEM('')
);
#49=(
BOUNDED_CURVE()
B_SPLINE_CURVE(2,(#1439,#1440,#1441),.UNSPECIFIED.,.F.,.F.)
B_SPLINE_CURVE_WITH_KNOTS((3,3),(0.,0.317420365720295),.UNSPECIFIED.)
CURVE()
GEOMETRIC_REPRESENTATION_ITEM()
RATIONAL_B_SPLINE_CURVE((1.,1.0018245802046,1.))
REPRESENTATION_ITEM('')
);
#50=(
BOUNDED_CURVE()
B_SPLINE_CURVE(2,(#1445,#1446,#1447),.UNSPECIFIED.,.F.,.F.)
B_SPLINE_CURVE_WITH_KNOTS((3,3),(0.,0.308076292318948),.UNSPECIFIED.)
CURVE()
GEOMETRIC_REPRESENTATION_ITEM()
RATIONAL_B_SPLINE_CURVE((1.,1.00167997133286,1.))
REPRESENTATION_ITEM('')
);
#51=(
BOUNDED_CURVE()
B_SPLINE_CURVE(2,(#1451,#1452,#1453),.UNSPECIFIED.,.F.,.F.)
B_SPLINE_CURVE_WITH_KNOTS((3,3),(0.,0.289241918189653),.UNSPECIFIED.)
CURVE()
GEOMETRIC_REPRESENTATION_ITEM()
RATIONAL_B_SPLINE_CURVE((1.,1.00140177553268,1.))
REPRESENTATION_ITEM('')
);
#52=(
BOUNDED_CURVE()
B_SPLINE_CURVE(2,(#1457,#1458,#1459),.UNSPECIFIED.,.F.,.F.)
B_SPLINE_CURVE_WITH_KNOTS((3,3),(0.,0.287123248387548),.UNSPECIFIED.)
CURVE()
GEOMETRIC_REPRESENTATION_ITEM()
RATIONAL_B_SPLINE_CURVE((1.,1.00137159146525,1.))
REPRESENTATION_ITEM('')
);
#53=(
BOUNDED_CURVE()
B_SPLINE_CURVE(2,(#1463,#1464,#1465),.UNSPECIFIED.,.F.,.F.)
B_SPLINE_CURVE_WITH_KNOTS((3,3),(0.,0.287123248387548),.UNSPECIFIED.)
CURVE()
GEOMETRIC_REPRESENTATION_ITEM()
RATIONAL_B_SPLINE_CURVE((1.,1.00137159146525,1.))
REPRESENTATION_ITEM('')
);
#54=(
BOUNDED_CURVE()
B_SPLINE_CURVE(2,(#1469,#1470,#1471),.UNSPECIFIED.,.F.,.F.)
B_SPLINE_CURVE_WITH_KNOTS((3,3),(0.,0.289241918189653),.UNSPECIFIED.)
CURVE()
GEOMETRIC_REPRESENTATION_ITEM()
RATIONAL_B_SPLINE_CURVE((1.,1.00140177553562,1.))
REPRESENTATION_ITEM('')
);
#55=(
BOUNDED_CURVE()
B_SPLINE_CURVE(2,(#1475,#1476,#1477),.UNSPECIFIED.,.F.,.F.)
B_SPLINE_CURVE_WITH_KNOTS((3,3),(0.,0.308076292318948),.UNSPECIFIED.)
CURVE()
GEOMETRIC_REPRESENTATION_ITEM()
RATIONAL_B_SPLINE_CURVE((1.,1.00167997133237,1.))
REPRESENTATION_ITEM('')
);
#56=(
BOUNDED_CURVE()
B_SPLINE_CURVE(2,(#1481,#1482,#1483),.UNSPECIFIED.,.F.,.F.)
B_SPLINE_CURVE_WITH_KNOTS((3,3),(0.,0.317420365720295),.UNSPECIFIED.)
CURVE()
GEOMETRIC_REPRESENTATION_ITEM()
RATIONAL_B_SPLINE_CURVE((1.,1.00182458020427,1.))
REPRESENTATION_ITEM('')
);
#57=(
BOUNDED_CURVE()
B_SPLINE_CURVE(2,(#1487,#1488,#1489),.UNSPECIFIED.,.F.,.F.)
B_SPLINE_CURVE_WITH_KNOTS((3,3),(0.,0.396280286225169),.UNSPECIFIED.)
CURVE()
GEOMETRIC_REPRESENTATION_ITEM()
RATIONAL_B_SPLINE_CURVE((1.,1.00321986434776,1.))
REPRESENTATION_ITEM('')
);
#58=(
BOUNDED_CURVE()
B_SPLINE_CURVE(2,(#1493,#1494,#1495),.UNSPECIFIED.,.F.,.F.)
B_SPLINE_CURVE_WITH_KNOTS((3,3),(0.,0.449323016449723),.UNSPECIFIED.)
CURVE()
GEOMETRIC_REPRESENTATION_ITEM()
RATIONAL_B_SPLINE_CURVE((1.,1.00433534391838,1.))
REPRESENTATION_ITEM('')
);
#59=(
BOUNDED_CURVE()
B_SPLINE_CURVE(2,(#1499,#1500,#1501),.UNSPECIFIED.,.F.,.F.)
B_SPLINE_CURVE_WITH_KNOTS((3,3),(0.,0.449323016449723),.UNSPECIFIED.)
CURVE()
GEOMETRIC_REPRESENTATION_ITEM()
RATIONAL_B_SPLINE_CURVE((1.,1.00433534391838,1.))
REPRESENTATION_ITEM('')
);
#60=(
BOUNDED_CURVE()
B_SPLINE_CURVE(2,(#1505,#1506,#1507),.UNSPECIFIED.,.F.,.F.)
B_SPLINE_CURVE_WITH_KNOTS((3,3),(0.,0.396280286225169),.UNSPECIFIED.)
CURVE()
GEOMETRIC_REPRESENTATION_ITEM()
RATIONAL_B_SPLINE_CURVE((1.,1.00321986434776,1.))
REPRESENTATION_ITEM('')
);
#61=(
BOUNDED_CURVE()
B_SPLINE_CURVE(2,(#1511,#1512,#1513),.UNSPECIFIED.,.F.,.F.)
B_SPLINE_CURVE_WITH_KNOTS((3,3),(0.,0.317420365720295),.UNSPECIFIED.)
CURVE()
GEOMETRIC_REPRESENTATION_ITEM()
RATIONAL_B_SPLINE_CURVE((1.,1.00182458020427,1.))
REPRESENTATION_ITEM('')
);
#62=(
BOUNDED_CURVE()
B_SPLINE_CURVE(2,(#1517,#1518,#1519),.UNSPECIFIED.,.F.,.F.)
B_SPLINE_CURVE_WITH_KNOTS((3,3),(0.,0.308076292318948),.UNSPECIFIED.)
CURVE()
GEOMETRIC_REPRESENTATION_ITEM()
RATIONAL_B_SPLINE_CURVE((1.,1.00167997133237,1.))
REPRESENTATION_ITEM('')
);
#63=(
BOUNDED_CURVE()
B_SPLINE_CURVE(2,(#1523,#1524,#1525),.UNSPECIFIED.,.F.,.F.)
B_SPLINE_CURVE_WITH_KNOTS((3,3),(0.,0.289241918189653),.UNSPECIFIED.)
CURVE()
GEOMETRIC_REPRESENTATION_ITEM()
RATIONAL_B_SPLINE_CURVE((1.,1.00140177553562,1.))
REPRESENTATION_ITEM('')
);
#64=(
BOUNDED_CURVE()
B_SPLINE_CURVE(2,(#1529,#1530,#1531),.UNSPECIFIED.,.F.,.F.)
B_SPLINE_CURVE_WITH_KNOTS((3,3),(0.,0.287123248387548),.UNSPECIFIED.)
CURVE()
GEOMETRIC_REPRESENTATION_ITEM()
RATIONAL_B_SPLINE_CURVE((1.,1.00137159146525,1.))
REPRESENTATION_ITEM('')
);
#65=(
BOUNDED_CURVE()
B_SPLINE_CURVE(2,(#1535,#1536,#1537),.UNSPECIFIED.,.F.,.F.)
B_SPLINE_CURVE_WITH_KNOTS((3,3),(0.,0.287123248387548),.UNSPECIFIED.)
CURVE()
GEOMETRIC_REPRESENTATION_ITEM()
RATIONAL_B_SPLINE_CURVE((1.,1.00137159146525,1.))
REPRESENTATION_ITEM('')
);
#66=(
BOUNDED_CURVE()
B_SPLINE_CURVE(2,(#1541,#1542,#1543),.UNSPECIFIED.,.F.,.F.)
B_SPLINE_CURVE_WITH_KNOTS((3,3),(0.,0.289241918189653),.UNSPECIFIED.)
CURVE()
GEOMETRIC_REPRESENTATION_ITEM()
RATIONAL_B_SPLINE_CURVE((1.,1.00140177553268,1.))
REPRESENTATION_ITEM('')
);
#67=(
BOUNDED_CURVE()
B_SPLINE_CURVE(2,(#1547,#1548,#1549),.UNSPECIFIED.,.F.,.F.)
B_SPLINE_CURVE_WITH_KNOTS((3,3),(0.,0.308076292318948),.UNSPECIFIED.)
CURVE()
GEOMETRIC_REPRESENTATION_ITEM()
RATIONAL_B_SPLINE_CURVE((1.,1.00167997133286,1.))
REPRESENTATION_ITEM('')
);
#68=(
BOUNDED_CURVE()
B_SPLINE_CURVE(2,(#1553,#1554,#1555),.UNSPECIFIED.,.F.,.F.)
B_SPLINE_CURVE_WITH_KNOTS((3,3),(0.,0.317420365720295),.UNSPECIFIED.)
CURVE()
GEOMETRIC_REPRESENTATION_ITEM()
RATIONAL_B_SPLINE_CURVE((1.,1.0018245802046,1.))
REPRESENTATION_ITEM('')
);
#69=(
BOUNDED_CURVE()
B_SPLINE_CURVE(2,(#1560,#1561,#1562),.UNSPECIFIED.,.F.,.F.)
B_SPLINE_CURVE_WITH_KNOTS((3,3),(0.,0.531643149741447),.UNSPECIFIED.)
CURVE()
GEOMETRIC_REPRESENTATION_ITEM()
RATIONAL_B_SPLINE_CURVE((1.,1.00031164222847,1.))
REPRESENTATION_ITEM('')
);
#70=(
BOUNDED_CURVE()
B_SPLINE_CURVE(2,(#1567,#1568,#1569),.UNSPECIFIED.,.F.,.F.)
B_SPLINE_CURVE_WITH_KNOTS((3,3),(0.,0.531643149741447),.UNSPECIFIED.)
CURVE()
GEOMETRIC_REPRESENTATION_ITEM()
RATIONAL_B_SPLINE_CURVE((1.,1.00031164222847,1.))
REPRESENTATION_ITEM('')
);
#71=(
BOUNDED_CURVE()
B_SPLINE_CURVE(2,(#1585,#1586,#1587),.UNSPECIFIED.,.F.,.F.)
B_SPLINE_CURVE_WITH_KNOTS((3,3),(0.,0.0366434295280975),.UNSPECIFIED.)
CURVE()
GEOMETRIC_REPRESENTATION_ITEM()
RATIONAL_B_SPLINE_CURVE((1.,1.00002015792671,1.))
REPRESENTATION_ITEM('')
);
#72=(
BOUNDED_CURVE()
B_SPLINE_CURVE(2,(#1588,#1589,#1590),.UNSPECIFIED.,.F.,.F.)
B_SPLINE_CURVE_WITH_KNOTS((3,3),(0.,0.531643149741447),.UNSPECIFIED.)
CURVE()
GEOMETRIC_REPRESENTATION_ITEM()
RATIONAL_B_SPLINE_CURVE((1.,1.00031164222832,1.))
REPRESENTATION_ITEM('')
);
#73=(
BOUNDED_CURVE()
B_SPLINE_CURVE(2,(#1593,#1594,#1595),.UNSPECIFIED.,.F.,.F.)
B_SPLINE_CURVE_WITH_KNOTS((3,3),(0.,0.531643149741447),.UNSPECIFIED.)
CURVE()
GEOMETRIC_REPRESENTATION_ITEM()
RATIONAL_B_SPLINE_CURVE((1.,1.00031164222832,1.))
REPRESENTATION_ITEM('')
);
#74=(
BOUNDED_CURVE()
B_SPLINE_CURVE(2,(#1596,#1597,#1598),.UNSPECIFIED.,.F.,.F.)
B_SPLINE_CURVE_WITH_KNOTS((3,3),(0.,0.0366434295280975),.UNSPECIFIED.)
CURVE()
GEOMETRIC_REPRESENTATION_ITEM()
RATIONAL_B_SPLINE_CURVE((1.,1.00002015792671,1.))
REPRESENTATION_ITEM('')
);
#75=(
BOUNDED_CURVE()
B_SPLINE_CURVE(2,(#1601,#1602,#1603),.UNSPECIFIED.,.F.,.F.)
B_SPLINE_CURVE_WITH_KNOTS((3,3),(0.,0.0357919806978982),.UNSPECIFIED.)
CURVE()
GEOMETRIC_REPRESENTATION_ITEM()
RATIONAL_B_SPLINE_CURVE((1.,1.0000189157238,1.))
REPRESENTATION_ITEM('')
);
#76=(
BOUNDED_CURVE()
B_SPLINE_CURVE(2,(#1605,#1606,#1607),.UNSPECIFIED.,.F.,.F.)
B_SPLINE_CURVE_WITH_KNOTS((3,3),(0.,0.0357919806978982),.UNSPECIFIED.)
CURVE()
GEOMETRIC_REPRESENTATION_ITEM()
RATIONAL_B_SPLINE_CURVE((1.,1.0000189157238,1.))
REPRESENTATION_ITEM('')
);
#77=(
BOUNDED_CURVE()
B_SPLINE_CURVE(2,(#1608,#1609,#1610),.UNSPECIFIED.,.F.,.F.)
B_SPLINE_CURVE_WITH_KNOTS((3,3),(0.,0.530735503394707),.UNSPECIFIED.)
CURVE()
GEOMETRIC_REPRESENTATION_ITEM()
RATIONAL_B_SPLINE_CURVE((1.,1.00029110696496,1.))
REPRESENTATION_ITEM('')
);
#78=(
BOUNDED_CURVE()
B_SPLINE_CURVE(2,(#1612,#1613,#1614),.UNSPECIFIED.,.F.,.F.)
B_SPLINE_CURVE_WITH_KNOTS((3,3),(0.,0.530735503394707),.UNSPECIFIED.)
CURVE()
GEOMETRIC_REPRESENTATION_ITEM()
RATIONAL_B_SPLINE_CURVE((1.,1.00029110696496,1.))
REPRESENTATION_ITEM('')
);
#79=(
BOUNDED_CURVE()
B_SPLINE_CURVE(2,(#1619,#1620,#1621),.UNSPECIFIED.,.F.,.F.)
B_SPLINE_CURVE_WITH_KNOTS((3,3),(0.,0.539125943101688),.UNSPECIFIED.)
CURVE()
GEOMETRIC_REPRESENTATION_ITEM()
RATIONAL_B_SPLINE_CURVE((1.,1.00048228764998,1.))
REPRESENTATION_ITEM('')
);
#80=(
BOUNDED_CURVE()
B_SPLINE_CURVE(2,(#1624,#1625,#1626),.UNSPECIFIED.,.F.,.F.)
B_SPLINE_CURVE_WITH_KNOTS((3,3),(0.,0.528906963640045),.UNSPECIFIED.)
CURVE()
GEOMETRIC_REPRESENTATION_ITEM()
RATIONAL_B_SPLINE_CURVE((1.,1.00024984531673,1.))
REPRESENTATION_ITEM('')
);
#81=(
BOUNDED_CURVE()
B_SPLINE_CURVE(2,(#1630,#1631,#1632),.UNSPECIFIED.,.F.,.F.)
B_SPLINE_CURVE_WITH_KNOTS((3,3),(0.,0.539125943101688),.UNSPECIFIED.)
CURVE()
GEOMETRIC_REPRESENTATION_ITEM()
RATIONAL_B_SPLINE_CURVE((1.,1.00048228764998,1.))
REPRESENTATION_ITEM('')
);
#82=(
BOUNDED_CURVE()
B_SPLINE_CURVE(2,(#1644,#1645,#1646),.UNSPECIFIED.,.F.,.F.)
B_SPLINE_CURVE_WITH_KNOTS((3,3),(0.,0.0339913202975649),.UNSPECIFIED.)
CURVE()
GEOMETRIC_REPRESENTATION_ITEM()
RATIONAL_B_SPLINE_CURVE((1.,1.00001638430902,1.))
REPRESENTATION_ITEM('')
);
#83=(
BOUNDED_CURVE()
B_SPLINE_CURVE(2,(#1649,#1650,#1651),.UNSPECIFIED.,.F.,.F.)
B_SPLINE_CURVE_WITH_KNOTS((3,3),(0.,0.528906963640045),.UNSPECIFIED.)
CURVE()
GEOMETRIC_REPRESENTATION_ITEM()
RATIONAL_B_SPLINE_CURVE((1.,1.00024984531673,1.))
REPRESENTATION_ITEM('')
);
#84=(
BOUNDED_CURVE()
B_SPLINE_CURVE(2,(#1652,#1653,#1654),.UNSPECIFIED.,.F.,.F.)
B_SPLINE_CURVE_WITH_KNOTS((3,3),(0.,0.0339913202975649),.UNSPECIFIED.)
CURVE()
GEOMETRIC_REPRESENTATION_ITEM()
RATIONAL_B_SPLINE_CURVE((1.,1.00001638430902,1.))
REPRESENTATION_ITEM('')
);
#85=(
BOUNDED_CURVE()
B_SPLINE_CURVE(2,(#1660,#1661,#1662),.UNSPECIFIED.,.F.,.F.)
B_SPLINE_CURVE_WITH_KNOTS((3,3),(0.,0.52870174942761),.UNSPECIFIED.)
CURVE()
GEOMETRIC_REPRESENTATION_ITEM()
RATIONAL_B_SPLINE_CURVE((1.,1.00024522343564,1.))
REPRESENTATION_ITEM('')
);
#86=(
BOUNDED_CURVE()
B_SPLINE_CURVE(2,(#1664,#1665,#1666),.UNSPECIFIED.,.F.,.F.)
B_SPLINE_CURVE_WITH_KNOTS((3,3),(0.,0.52870174942761),.UNSPECIFIED.)
CURVE()
GEOMETRIC_REPRESENTATION_ITEM()
RATIONAL_B_SPLINE_CURVE((1.,1.00024522343564,1.))
REPRESENTATION_ITEM('')
);
#87=(
BOUNDED_CURVE()
B_SPLINE_CURVE(2,(#1670,#1671,#1672),.UNSPECIFIED.,.F.,.F.)
B_SPLINE_CURVE_WITH_KNOTS((3,3),(0.,0.52870174942761),.UNSPECIFIED.)
CURVE()
GEOMETRIC_REPRESENTATION_ITEM()
RATIONAL_B_SPLINE_CURVE((1.,1.00024522343564,1.))
REPRESENTATION_ITEM('')
);
#88=(
BOUNDED_CURVE()
B_SPLINE_CURVE(2,(#1687,#1688,#1689),.UNSPECIFIED.,.F.,.F.)
B_SPLINE_CURVE_WITH_KNOTS((3,3),(0.,0.0357919806978986),.UNSPECIFIED.)
CURVE()
GEOMETRIC_REPRESENTATION_ITEM()
RATIONAL_B_SPLINE_CURVE((1.,1.00001891563383,1.))
REPRESENTATION_ITEM('')
);
#89=(
BOUNDED_CURVE()
B_SPLINE_CURVE(2,(#1690,#1691,#1692),.UNSPECIFIED.,.F.,.F.)
B_SPLINE_CURVE_WITH_KNOTS((3,3),(0.,0.530735503394707),.UNSPECIFIED.)
CURVE()
GEOMETRIC_REPRESENTATION_ITEM()
RATIONAL_B_SPLINE_CURVE((1.,1.00029110695435,1.))
REPRESENTATION_ITEM('')
);
#90=(
BOUNDED_CURVE()
B_SPLINE_CURVE(2,(#1695,#1696,#1697),.UNSPECIFIED.,.F.,.F.)
B_SPLINE_CURVE_WITH_KNOTS((3,3),(0.,0.530735503394707),.UNSPECIFIED.)
CURVE()
GEOMETRIC_REPRESENTATION_ITEM()
RATIONAL_B_SPLINE_CURVE((1.,1.00029110695435,1.))
REPRESENTATION_ITEM('')
);
#91=(
BOUNDED_CURVE()
B_SPLINE_CURVE(2,(#1698,#1699,#1700),.UNSPECIFIED.,.F.,.F.)
B_SPLINE_CURVE_WITH_KNOTS((3,3),(0.,0.0357919806978986),.UNSPECIFIED.)
CURVE()
GEOMETRIC_REPRESENTATION_ITEM()
RATIONAL_B_SPLINE_CURVE((1.,1.00001891563383,1.))
REPRESENTATION_ITEM('')
);
#92=(
BOUNDED_CURVE()
B_SPLINE_CURVE(2,(#1702,#1703,#1704),.UNSPECIFIED.,.F.,.F.)
B_SPLINE_CURVE_WITH_KNOTS((3,3),(0.,0.0366434295280979),.UNSPECIFIED.)
CURVE()
GEOMETRIC_REPRESENTATION_ITEM()
RATIONAL_B_SPLINE_CURVE((1.,1.00002015799367,1.))
REPRESENTATION_ITEM('')
);
#93=(
BOUNDED_CURVE()
B_SPLINE_CURVE(2,(#1705,#1706,#1707),.UNSPECIFIED.,.F.,.F.)
B_SPLINE_CURVE_WITH_KNOTS((3,3),(0.,0.0366434295280979),.UNSPECIFIED.)
CURVE()
GEOMETRIC_REPRESENTATION_ITEM()
RATIONAL_B_SPLINE_CURVE((1.,1.00002015799367,1.))
REPRESENTATION_ITEM('')
);
#94=(
BOUNDED_CURVE()
B_SPLINE_CURVE(2,(#1712,#1713,#1714),.UNSPECIFIED.,.F.,.F.)
B_SPLINE_CURVE_WITH_KNOTS((3,3),(0.,0.528906963640045),.UNSPECIFIED.)
CURVE()
GEOMETRIC_REPRESENTATION_ITEM()
RATIONAL_B_SPLINE_CURVE((1.,1.00024984531531,1.))
REPRESENTATION_ITEM('')
);
#95=(
BOUNDED_CURVE()
B_SPLINE_CURVE(2,(#1719,#1720,#1721),.UNSPECIFIED.,.F.,.F.)
B_SPLINE_CURVE_WITH_KNOTS((3,3),(0.,0.528906963640045),.UNSPECIFIED.)
CURVE()
GEOMETRIC_REPRESENTATION_ITEM()
RATIONAL_B_SPLINE_CURVE((1.,1.00024984531531,1.))
REPRESENTATION_ITEM('')
);
#96=(
BOUNDED_CURVE()
B_SPLINE_CURVE(2,(#1733,#1734,#1735),.UNSPECIFIED.,.F.,.F.)
B_SPLINE_CURVE_WITH_KNOTS((3,3),(0.,0.0460985544858918),.UNSPECIFIED.)
CURVE()
GEOMETRIC_REPRESENTATION_ITEM()
RATIONAL_B_SPLINE_CURVE((1.,1.00003591844726,1.))
REPRESENTATION_ITEM('')
);
#97=(
BOUNDED_CURVE()
B_SPLINE_CURVE(2,(#1736,#1737,#1738),.UNSPECIFIED.,.F.,.F.)
B_SPLINE_CURVE_WITH_KNOTS((3,3),(0.,0.543786207977386),.UNSPECIFIED.)
CURVE()
GEOMETRIC_REPRESENTATION_ITEM()
RATIONAL_B_SPLINE_CURVE((1.,1.00058976628057,1.))
REPRESENTATION_ITEM('')
);
#98=(
BOUNDED_CURVE()
B_SPLINE_CURVE(2,(#1741,#1742,#1743),.UNSPECIFIED.,.F.,.F.)
B_SPLINE_CURVE_WITH_KNOTS((3,3),(0.,0.543786207977386),.UNSPECIFIED.)
CURVE()
GEOMETRIC_REPRESENTATION_ITEM()
RATIONAL_B_SPLINE_CURVE((1.,1.00058976628057,1.))
REPRESENTATION_ITEM('')
);
#99=(
BOUNDED_CURVE()
B_SPLINE_CURVE(2,(#1744,#1745,#1746),.UNSPECIFIED.,.F.,.F.)
B_SPLINE_CURVE_WITH_KNOTS((3,3),(0.,0.0460985544858918),.UNSPECIFIED.)
CURVE()
GEOMETRIC_REPRESENTATION_ITEM()
RATIONAL_B_SPLINE_CURVE((1.,1.00003591844726,1.))
REPRESENTATION_ITEM('')
);
#100=(
BOUNDED_CURVE()
B_SPLINE_CURVE(2,(#1748,#1749,#1750),.UNSPECIFIED.,.F.,.F.)
B_SPLINE_CURVE_WITH_KNOTS((3,3),(0.,0.0428256573764959),.UNSPECIFIED.)
CURVE()
GEOMETRIC_REPRESENTATION_ITEM()
RATIONAL_B_SPLINE_CURVE((1.,1.00003005529474,1.))
REPRESENTATION_ITEM('')
);
#101=(
BOUNDED_CURVE()
B_SPLINE_CURVE(2,(#1751,#1752,#1753),.UNSPECIFIED.,.F.,.F.)
B_SPLINE_CURVE_WITH_KNOTS((3,3),(0.,0.0428256573764959),.UNSPECIFIED.)
CURVE()
GEOMETRIC_REPRESENTATION_ITEM()
RATIONAL_B_SPLINE_CURVE((1.,1.00003005529474,1.))
REPRESENTATION_ITEM('')
);
#102=(
BOUNDED_CURVE()
B_SPLINE_CURVE(2,(#1759,#1760,#1761),.UNSPECIFIED.,.F.,.F.)
B_SPLINE_CURVE_WITH_KNOTS((3,3),(0.,0.52870174942761),.UNSPECIFIED.)
CURVE()
GEOMETRIC_REPRESENTATION_ITEM()
RATIONAL_B_SPLINE_CURVE((1.,1.00024522343564,1.))
REPRESENTATION_ITEM('')
);
#103=(
BOUNDED_CURVE()
B_SPLINE_CURVE(2,(#1778,#1779,#1780),.UNSPECIFIED.,.F.,.F.)
B_SPLINE_CURVE_WITH_KNOTS((3,3),(0.,0.0339913202975643),.UNSPECIFIED.)
CURVE()
GEOMETRIC_REPRESENTATION_ITEM()
RATIONAL_B_SPLINE_CURVE((1.,1.00001638308387,1.))
REPRESENTATION_ITEM('')
);
#104=(
BOUNDED_CURVE()
B_SPLINE_CURVE(2,(#1781,#1782,#1783),.UNSPECIFIED.,.F.,.F.)
B_SPLINE_CURVE_WITH_KNOTS((3,3),(0.,0.0339913202975643),.UNSPECIFIED.)
CURVE()
GEOMETRIC_REPRESENTATION_ITEM()
RATIONAL_B_SPLINE_CURVE((1.,1.00001638308387,1.))
REPRESENTATION_ITEM('')
);
#105=FACE_OUTER_BOUND('',#151,.T.);
#106=FACE_OUTER_BOUND('',#152,.T.);
#107=FACE_OUTER_BOUND('',#153,.T.);
#108=FACE_OUTER_BOUND('',#154,.T.);
#109=FACE_OUTER_BOUND('',#155,.T.);
#110=FACE_OUTER_BOUND('',#156,.T.);
#111=FACE_OUTER_BOUND('',#157,.T.);
#112=FACE_OUTER_BOUND('',#158,.T.);
#113=FACE_OUTER_BOUND('',#159,.T.);
#114=FACE_OUTER_BOUND('',#160,.T.);
#115=FACE_OUTER_BOUND('',#161,.T.);
#116=FACE_OUTER_BOUND('',#162,.T.);
#117=FACE_OUTER_BOUND('',#163,.T.);
#118=FACE_OUTER_BOUND('',#164,.T.);
#119=FACE_OUTER_BOUND('',#165,.T.);
#120=FACE_OUTER_BOUND('',#166,.T.);
#121=FACE_OUTER_BOUND('',#167,.T.);
#122=FACE_OUTER_BOUND('',#168,.T.);
#123=FACE_OUTER_BOUND('',#169,.T.);
#124=FACE_OUTER_BOUND('',#170,.T.);
#125=FACE_OUTER_BOUND('',#171,.T.);
#126=FACE_OUTER_BOUND('',#172,.T.);
#127=FACE_OUTER_BOUND('',#173,.T.);
#128=FACE_OUTER_BOUND('',#174,.T.);
#129=FACE_OUTER_BOUND('',#175,.T.);
#130=FACE_OUTER_BOUND('',#176,.T.);
#131=FACE_OUTER_BOUND('',#177,.T.);
#132=FACE_OUTER_BOUND('',#178,.T.);
#133=FACE_OUTER_BOUND('',#179,.T.);
#134=FACE_OUTER_BOUND('',#180,.T.);
#135=FACE_OUTER_BOUND('',#181,.T.);
#136=FACE_OUTER_BOUND('',#182,.T.);
#137=FACE_OUTER_BOUND('',#183,.T.);
#138=FACE_OUTER_BOUND('',#184,.T.);
#139=FACE_OUTER_BOUND('',#185,.T.);
#140=FACE_OUTER_BOUND('',#186,.T.);
#141=FACE_OUTER_BOUND('',#187,.T.);
#142=FACE_OUTER_BOUND('',#188,.T.);
#143=FACE_OUTER_BOUND('',#189,.T.);
#144=FACE_OUTER_BOUND('',#190,.T.);
#145=FACE_OUTER_BOUND('',#191,.T.);
#146=FACE_OUTER_BOUND('',#192,.T.);
#147=FACE_OUTER_BOUND('',#194,.T.);
#148=FACE_OUTER_BOUND('',#195,.T.);
#149=FACE_OUTER_BOUND('',#196,.T.);
#150=FACE_OUTER_BOUND('',#198,.T.);
#151=EDGE_LOOP('',(#600,#601,#602,#603));
#152=EDGE_LOOP('',(#604,#605,#606,#607,#608,#609,#610,#611));
#153=EDGE_LOOP('',(#612,#613,#614,#615,#616,#617,#618,#619));
#154=EDGE_LOOP('',(#620,#621,#622,#623));
#155=EDGE_LOOP('',(#624,#625,#626,#627,#628,#629,#630,#631,#632,#633,#634,
#635,#636,#637,#638,#639,#640,#641,#642,#643,#644,#645,#646,#647,#648,#649,
#650,#651,#652,#653,#654,#655,#656,#657,#658,#659,#660,#661,#662,#663,#664,
#665,#666,#667,#668,#669,#670,#671,#672,#673,#674,#675));
#156=EDGE_LOOP('',(#676,#677,#678,#679));
#157=EDGE_LOOP('',(#680,#681,#682,#683));
#158=EDGE_LOOP('',(#684,#685,#686,#687,#688,#689));
#159=EDGE_LOOP('',(#690,#691,#692,#693));
#160=EDGE_LOOP('',(#694,#695,#696,#697,#698,#699,#700,#701));
#161=EDGE_LOOP('',(#702,#703,#704,#705,#706,#707,#708,#709));
#162=EDGE_LOOP('',(#710,#711,#712,#713));
#163=EDGE_LOOP('',(#714,#715,#716,#717));
#164=EDGE_LOOP('',(#718,#719,#720,#721));
#165=EDGE_LOOP('',(#722,#723,#724,#725));
#166=EDGE_LOOP('',(#726,#727,#728,#729));
#167=EDGE_LOOP('',(#730,#731,#732,#733,#734,#735,#736,#737));
#168=EDGE_LOOP('',(#738,#739,#740,#741,#742,#743,#744,#745));
#169=EDGE_LOOP('',(#746,#747,#748,#749));
#170=EDGE_LOOP('',(#750,#751,#752,#753));
#171=EDGE_LOOP('',(#754,#755,#756,#757));
#172=EDGE_LOOP('',(#758,#759,#760,#761));
#173=EDGE_LOOP('',(#762,#763,#764,#765,#766,#767,#768,#769));
#174=EDGE_LOOP('',(#770,#771,#772,#773,#774,#775,#776,#777));
#175=EDGE_LOOP('',(#778,#779,#780,#781));
#176=EDGE_LOOP('',(#782,#783,#784,#785));
#177=EDGE_LOOP('',(#786,#787,#788,#789));
#178=EDGE_LOOP('',(#790,#791,#792,#793));
#179=EDGE_LOOP('',(#794,#795,#796,#797,#798,#799,#800,#801));
#180=EDGE_LOOP('',(#802,#803,#804,#805,#806,#807,#808,#809));
#181=EDGE_LOOP('',(#810,#811,#812,#813));
#182=EDGE_LOOP('',(#814,#815,#816,#817));
#183=EDGE_LOOP('',(#818,#819,#820,#821));
#184=EDGE_LOOP('',(#822,#823,#824,#825));
#185=EDGE_LOOP('',(#826,#827,#828,#829,#830,#831,#832,#833));
#186=EDGE_LOOP('',(#834,#835,#836,#837,#838,#839,#840,#841));
#187=EDGE_LOOP('',(#842,#843,#844,#845));
#188=EDGE_LOOP('',(#846,#847,#848,#849,#850,#851,#852,#853,#854,#855,#856,
#857,#858,#859,#860,#861,#862,#863,#864,#865,#866,#867,#868,#869,#870,#871,
#872,#873,#874,#875,#876,#877,#878,#879,#880,#881,#882,#883,#884,#885,#886,
#887,#888,#889,#890,#891,#892,#893,#894,#895,#896,#897));
#189=EDGE_LOOP('',(#898,#899,#900,#901));
#190=EDGE_LOOP('',(#902,#903,#904,#905));
#191=EDGE_LOOP('',(#906,#907,#908,#909));
#192=EDGE_LOOP('',(#910));
#193=EDGE_LOOP('',(#911));
#194=EDGE_LOOP('',(#912,#913,#914,#915));
#195=EDGE_LOOP('',(#916,#917,#918,#919));
#196=EDGE_LOOP('',(#920));
#197=EDGE_LOOP('',(#921));
#198=EDGE_LOOP('',(#922,#923,#924,#925));
#199=LINE('',#1371,#235);
#200=LINE('',#1374,#236);
#201=LINE('',#1389,#237);
#202=LINE('',#1419,#238);
#203=LINE('',#1434,#239);
#204=LINE('',#1579,#240);
#205=LINE('',#1582,#241);
#206=LINE('',#1591,#242);
#207=LINE('',#1611,#243);
#208=LINE('',#1639,#244);
#209=LINE('',#1642,#245);
#210=LINE('',#1647,#246);
#211=LINE('',#1657,#247);
#212=LINE('',#1659,#248);
#213=LINE('',#1663,#249);
#214=LINE('',#1681,#250);
#215=LINE('',#1684,#251);
#216=LINE('',#1693,#252);
#217=LINE('',#1708,#253);
#218=LINE('',#1727,#254);
#219=LINE('',#1730,#255);
#220=LINE('',#1739,#256);
#221=LINE('',#1754,#257);
#222=LINE('',#1769,#258);
#223=LINE('',#1772,#259);
#224=LINE('',#1774,#260);
#225=LINE('',#1775,#261);
#226=LINE('',#1776,#262);
#227=LINE('',#1784,#263);
#228=LINE('',#1788,#264);
#229=LINE('',#1792,#265);
#230=LINE('',#1796,#266);
#231=LINE('',#1800,#267);
#232=LINE('',#1808,#268);
#233=LINE('',#1812,#269);
#234=LINE('',#1817,#270);
#235=VECTOR('',#1123,10.);
#236=VECTOR('',#1126,10.);
#237=VECTOR('',#1129,10.);
#238=VECTOR('',#1132,10.);
#239=VECTOR('',#1143,22.5127365349576);
#240=VECTOR('',#1208,10.);
#241=VECTOR('',#1211,10.);
#242=VECTOR('',#1214,10.);
#243=VECTOR('',#1217,10.);
#244=VECTOR('',#1236,10.);
#245=VECTOR('',#1239,10.);
#246=VECTOR('',#1242,10.);
#247=VECTOR('',#1245,10.);
#248=VECTOR('',#1246,10.);
#249=VECTOR('',#1247,10.);
#250=VECTOR('',#1262,10.);
#251=VECTOR('',#1265,10.);
#252=VECTOR('',#1268,10.);
#253=VECTOR('',#1271,10.);
#254=VECTOR('',#1286,10.);
#255=VECTOR('',#1289,10.);
#256=VECTOR('',#1292,10.);
#257=VECTOR('',#1295,10.);
#258=VECTOR('',#1310,10.);
#259=VECTOR('',#1313,10.);
#260=VECTOR('',#1316,10.);
#261=VECTOR('',#1317,10.);
#262=VECTOR('',#1318,10.);
#263=VECTOR('',#1321,10.);
#264=VECTOR('',#1326,25.0654858643868);
#265=VECTOR('',#1331,28.9994912294026);
#266=VECTOR('',#1336,32.3858561717573);
#267=VECTOR('',#1341,32.1335);
#268=VECTOR('',#1352,33.19375);
#269=VECTOR('',#1357,28.6555);
#270=VECTOR('',#1364,21.1476481776669);
#271=CIRCLE('',#1013,25.051072430894);
#272=CIRCLE('',#1014,25.051072430894);
#273=CIRCLE('',#1018,21.364689909841);
#274=CIRCLE('',#1019,21.364689909841);
#275=CIRCLE('',#1021,21.3212963553339);
#276=CIRCLE('',#1022,23.7041767145814);
#277=CIRCLE('',#1023,23.7041767145814);
#278=CIRCLE('',#1024,21.364689909841);
#279=CIRCLE('',#1025,23.7041767145814);
#280=CIRCLE('',#1026,21.364689909841);
#281=CIRCLE('',#1027,23.7041767145814);
#282=CIRCLE('',#1028,21.364689909841);
#283=CIRCLE('',#1029,23.7041767145814);
#284=CIRCLE('',#1030,21.364689909841);
#285=CIRCLE('',#1031,23.7041767145814);
#286=CIRCLE('',#1032,21.364689909841);
#287=CIRCLE('',#1033,23.7041767145814);
#288=CIRCLE('',#1034,21.364689909841);
#289=CIRCLE('',#1035,23.7041767145814);
#290=CIRCLE('',#1036,21.364689909841);
#291=CIRCLE('',#1037,23.7041767145814);
#292=CIRCLE('',#1038,21.364689909841);
#293=CIRCLE('',#1039,23.7041767145814);
#294=CIRCLE('',#1040,21.364689909841);
#295=CIRCLE('',#1041,23.7041767145814);
#296=CIRCLE('',#1042,21.364689909841);
#297=CIRCLE('',#1043,23.7041767145814);
#298=CIRCLE('',#1044,23.7041767145814);
#299=CIRCLE('',#1046,24.770201613483);
#300=CIRCLE('',#1048,24.770201613483);
#301=CIRCLE('',#1050,24.770201613483);
#302=CIRCLE('',#1051,24.770201613483);
#303=CIRCLE('',#1053,25.051072430894);
#304=CIRCLE('',#1054,25.051072430894);
#305=CIRCLE('',#1059,24.770201613483);
#306=CIRCLE('',#1061,24.770201613483);
#307=CIRCLE('',#1063,24.770201613483);
#308=CIRCLE('',#1065,25.051072430894);
#309=CIRCLE('',#1066,25.051072430894);
#310=CIRCLE('',#1071,24.770201613483);
#311=CIRCLE('',#1073,24.770201613483);
#312=CIRCLE('',#1075,25.051072430894);
#313=CIRCLE('',#1076,25.051072430894);
#314=CIRCLE('',#1081,24.770201613483);
#315=CIRCLE('',#1083,24.770201613483);
#316=CIRCLE('',#1085,25.051072430894);
#317=CIRCLE('',#1086,25.051072430894);
#318=CIRCLE('',#1091,24.770201613483);
#319=CIRCLE('',#1093,24.770201613483);
#320=CIRCLE('',#1095,25.051072430894);
#321=CIRCLE('',#1096,25.051072430894);
#322=CIRCLE('',#1101,25.3607701152906);
#323=CIRCLE('',#1103,32.6382123435147);
#324=CIRCLE('',#1105,32.1335);
#325=CIRCLE('',#1107,32.1335);
#326=CIRCLE('',#1109,33.0525);
#327=CIRCLE('',#1111,33.335);
#328=CIRCLE('',#1113,23.976);
#329=CIRCLE('',#1115,20.974);
#330=VERTEX_POINT('',#1367);
#331=VERTEX_POINT('',#1368);
#332=VERTEX_POINT('',#1370);
#333=VERTEX_POINT('',#1372);
#334=VERTEX_POINT('',#1376);
#335=VERTEX_POINT('',#1380);
#336=VERTEX_POINT('',#1384);
#337=VERTEX_POINT('',#1388);
#338=VERTEX_POINT('',#1390);
#339=VERTEX_POINT('',#1394);
#340=VERTEX_POINT('',#1402);
#341=VERTEX_POINT('',#1406);
#342=VERTEX_POINT('',#1410);
#343=VERTEX_POINT('',#1414);
#344=VERTEX_POINT('',#1418);
#345=VERTEX_POINT('',#1420);
#346=VERTEX_POINT('',#1431);
#347=VERTEX_POINT('',#1433);
#348=VERTEX_POINT('',#1436);
#349=VERTEX_POINT('',#1438);
#350=VERTEX_POINT('',#1442);
#351=VERTEX_POINT('',#1444);
#352=VERTEX_POINT('',#1448);
#353=VERTEX_POINT('',#1450);
#354=VERTEX_POINT('',#1454);
#355=VERTEX_POINT('',#1456);
#356=VERTEX_POINT('',#1460);
#357=VERTEX_POINT('',#1462);
#358=VERTEX_POINT('',#1466);
#359=VERTEX_POINT('',#1468);
#360=VERTEX_POINT('',#1472);
#361=VERTEX_POINT('',#1474);
#362=VERTEX_POINT('',#1478);
#363=VERTEX_POINT('',#1480);
#364=VERTEX_POINT('',#1484);
#365=VERTEX_POINT('',#1486);
#366=VERTEX_POINT('',#1490);
#367=VERTEX_POINT('',#1492);
#368=VERTEX_POINT('',#1496);
#369=VERTEX_POINT('',#1498);
#370=VERTEX_POINT('',#1502);
#371=VERTEX_POINT('',#1504);
#372=VERTEX_POINT('',#1508);
#373=VERTEX_POINT('',#1510);
#374=VERTEX_POINT('',#1514);
#375=VERTEX_POINT('',#1516);
#376=VERTEX_POINT('',#1520);
#377=VERTEX_POINT('',#1522);
#378=VERTEX_POINT('',#1526);
#379=VERTEX_POINT('',#1528);
#380=VERTEX_POINT('',#1532);
#381=VERTEX_POINT('',#1534);
#382=VERTEX_POINT('',#1538);
#383=VERTEX_POINT('',#1540);
#384=VERTEX_POINT('',#1544);
#385=VERTEX_POINT('',#1546);
#386=VERTEX_POINT('',#1550);
#387=VERTEX_POINT('',#1552);
#388=VERTEX_POINT('',#1559);
#389=VERTEX_POINT('',#1565);
#390=VERTEX_POINT('',#1571);
#391=VERTEX_POINT('',#1575);
#392=VERTEX_POINT('',#1576);
#393=VERTEX_POINT('',#1578);
#394=VERTEX_POINT('',#1580);
#395=VERTEX_POINT('',#1584);
#396=VERTEX_POINT('',#1592);
#397=VERTEX_POINT('',#1600);
#398=VERTEX_POINT('',#1604);
#399=VERTEX_POINT('',#1617);
#400=VERTEX_POINT('',#1623);
#401=VERTEX_POINT('',#1629);
#402=VERTEX_POINT('',#1635);
#403=VERTEX_POINT('',#1636);
#404=VERTEX_POINT('',#1638);
#405=VERTEX_POINT('',#1640);
#406=VERTEX_POINT('',#1648);
#407=VERTEX_POINT('',#1656);
#408=VERTEX_POINT('',#1658);
#409=VERTEX_POINT('',#1669);
#410=VERTEX_POINT('',#1677);
#411=VERTEX_POINT('',#1678);
#412=VERTEX_POINT('',#1680);
#413=VERTEX_POINT('',#1682);
#414=VERTEX_POINT('',#1686);
#415=VERTEX_POINT('',#1694);
#416=VERTEX_POINT('',#1711);
#417=VERTEX_POINT('',#1717);
#418=VERTEX_POINT('',#1723);
#419=VERTEX_POINT('',#1724);
#420=VERTEX_POINT('',#1726);
#421=VERTEX_POINT('',#1728);
#422=VERTEX_POINT('',#1732);
#423=VERTEX_POINT('',#1740);
#424=VERTEX_POINT('',#1757);
#425=VERTEX_POINT('',#1765);
#426=VERTEX_POINT('',#1766);
#427=VERTEX_POINT('',#1768);
#428=VERTEX_POINT('',#1770);
#429=VERTEX_POINT('',#1787);
#430=VERTEX_POINT('',#1791);
#431=VERTEX_POINT('',#1795);
#432=VERTEX_POINT('',#1799);
#433=VERTEX_POINT('',#1803);
#434=VERTEX_POINT('',#1806);
#435=VERTEX_POINT('',#1810);
#436=VERTEX_POINT('',#1814);
#437=EDGE_CURVE('',#330,#331,#271,.T.);
#438=EDGE_CURVE('',#330,#332,#199,.T.);
#439=EDGE_CURVE('',#333,#332,#272,.T.);
#440=EDGE_CURVE('',#333,#331,#200,.T.);
#441=EDGE_CURVE('',#334,#330,#37,.T.);
#442=EDGE_CURVE('',#335,#334,#38,.T.);
#443=EDGE_CURVE('',#336,#335,#39,.T.);
#444=EDGE_CURVE('',#337,#336,#201,.T.);
#445=EDGE_CURVE('',#338,#337,#40,.T.);
#446=EDGE_CURVE('',#339,#338,#41,.T.);
#447=EDGE_CURVE('',#332,#339,#42,.T.);
#448=EDGE_CURVE('',#331,#340,#43,.T.);
#449=EDGE_CURVE('',#341,#333,#44,.T.);
#450=EDGE_CURVE('',#342,#341,#45,.T.);
#451=EDGE_CURVE('',#343,#342,#46,.T.);
#452=EDGE_CURVE('',#344,#343,#202,.T.);
#453=EDGE_CURVE('',#345,#344,#47,.T.);
#454=EDGE_CURVE('',#340,#345,#48,.T.);
#455=EDGE_CURVE('',#344,#336,#273,.T.);
#456=EDGE_CURVE('',#337,#343,#274,.T.);
#457=EDGE_CURVE('',#346,#346,#275,.T.);
#458=EDGE_CURVE('',#346,#347,#203,.T.);
#459=EDGE_CURVE('',#345,#347,#276,.T.);
#460=EDGE_CURVE('',#348,#335,#277,.T.);
#461=EDGE_CURVE('',#348,#349,#49,.T.);
#462=EDGE_CURVE('',#349,#350,#278,.T.);
#463=EDGE_CURVE('',#350,#351,#50,.T.);
#464=EDGE_CURVE('',#352,#351,#279,.T.);
#465=EDGE_CURVE('',#352,#353,#51,.T.);
#466=EDGE_CURVE('',#353,#354,#280,.T.);
#467=EDGE_CURVE('',#354,#355,#52,.T.);
#468=EDGE_CURVE('',#356,#355,#281,.T.);
#469=EDGE_CURVE('',#356,#357,#53,.T.);
#470=EDGE_CURVE('',#357,#358,#282,.T.);
#471=EDGE_CURVE('',#358,#359,#54,.T.);
#472=EDGE_CURVE('',#360,#359,#283,.T.);
#473=EDGE_CURVE('',#360,#361,#55,.T.);
#474=EDGE_CURVE('',#361,#362,#284,.T.);
#475=EDGE_CURVE('',#362,#363,#56,.T.);
#476=EDGE_CURVE('',#364,#363,#285,.T.);
#477=EDGE_CURVE('',#364,#365,#57,.T.);
#478=EDGE_CURVE('',#365,#366,#286,.T.);
#479=EDGE_CURVE('',#366,#367,#58,.T.);
#480=EDGE_CURVE('',#368,#367,#287,.T.);
#481=EDGE_CURVE('',#368,#369,#59,.T.);
#482=EDGE_CURVE('',#369,#370,#288,.T.);
#483=EDGE_CURVE('',#370,#371,#60,.T.);
#484=EDGE_CURVE('',#372,#371,#289,.T.);
#485=EDGE_CURVE('',#372,#373,#61,.T.);
#486=EDGE_CURVE('',#373,#374,#290,.T.);
#487=EDGE_CURVE('',#374,#375,#62,.T.);
#488=EDGE_CURVE('',#376,#375,#291,.T.);
#489=EDGE_CURVE('',#376,#377,#63,.T.);
#490=EDGE_CURVE('',#377,#378,#292,.T.);
#491=EDGE_CURVE('',#378,#379,#64,.T.);
#492=EDGE_CURVE('',#380,#379,#293,.T.);
#493=EDGE_CURVE('',#380,#381,#65,.T.);
#494=EDGE_CURVE('',#381,#382,#294,.T.);
#495=EDGE_CURVE('',#382,#383,#66,.T.);
#496=EDGE_CURVE('',#384,#383,#295,.T.);
#497=EDGE_CURVE('',#384,#385,#67,.T.);
#498=EDGE_CURVE('',#385,#386,#296,.T.);
#499=EDGE_CURVE('',#386,#387,#68,.T.);
#500=EDGE_CURVE('',#338,#387,#297,.T.);
#501=EDGE_CURVE('',#347,#342,#298,.T.);
#502=EDGE_CURVE('',#387,#388,#69,.T.);
#503=EDGE_CURVE('',#339,#388,#299,.T.);
#504=EDGE_CURVE('',#389,#334,#300,.T.);
#505=EDGE_CURVE('',#389,#348,#70,.T.);
#506=EDGE_CURVE('',#390,#341,#301,.T.);
#507=EDGE_CURVE('',#340,#390,#302,.T.);
#508=EDGE_CURVE('',#391,#392,#303,.T.);
#509=EDGE_CURVE('',#391,#393,#204,.T.);
#510=EDGE_CURVE('',#394,#393,#304,.T.);
#511=EDGE_CURVE('',#394,#392,#205,.T.);
#512=EDGE_CURVE('',#395,#391,#71,.T.);
#513=EDGE_CURVE('',#363,#395,#72,.T.);
#514=EDGE_CURVE('',#373,#362,#206,.T.);
#515=EDGE_CURVE('',#396,#372,#73,.T.);
#516=EDGE_CURVE('',#393,#396,#74,.T.);
#517=EDGE_CURVE('',#392,#397,#75,.T.);
#518=EDGE_CURVE('',#398,#394,#76,.T.);
#519=EDGE_CURVE('',#375,#398,#77,.T.);
#520=EDGE_CURVE('',#361,#374,#207,.T.);
#521=EDGE_CURVE('',#397,#360,#78,.T.);
#522=EDGE_CURVE('',#399,#395,#305,.T.);
#523=EDGE_CURVE('',#399,#364,#79,.T.);
#524=EDGE_CURVE('',#359,#400,#80,.T.);
#525=EDGE_CURVE('',#397,#400,#306,.T.);
#526=EDGE_CURVE('',#371,#401,#81,.T.);
#527=EDGE_CURVE('',#396,#401,#307,.T.);
#528=EDGE_CURVE('',#402,#403,#308,.T.);
#529=EDGE_CURVE('',#402,#404,#208,.T.);
#530=EDGE_CURVE('',#405,#404,#309,.T.);
#531=EDGE_CURVE('',#405,#403,#209,.T.);
#532=EDGE_CURVE('',#400,#402,#82,.T.);
#533=EDGE_CURVE('',#377,#358,#210,.T.);
#534=EDGE_CURVE('',#406,#376,#83,.T.);
#535=EDGE_CURVE('',#404,#406,#84,.T.);
#536=EDGE_CURVE('',#403,#407,#211,.T.);
#537=EDGE_CURVE('',#408,#405,#212,.T.);
#538=EDGE_CURVE('',#379,#408,#85,.T.);
#539=EDGE_CURVE('',#357,#378,#213,.T.);
#540=EDGE_CURVE('',#407,#356,#86,.T.);
#541=EDGE_CURVE('',#355,#409,#87,.T.);
#542=EDGE_CURVE('',#407,#409,#310,.T.);
#543=EDGE_CURVE('',#406,#398,#311,.T.);
#544=EDGE_CURVE('',#410,#411,#312,.T.);
#545=EDGE_CURVE('',#410,#412,#214,.T.);
#546=EDGE_CURVE('',#413,#412,#313,.T.);
#547=EDGE_CURVE('',#413,#411,#215,.T.);
#548=EDGE_CURVE('',#414,#410,#88,.T.);
#549=EDGE_CURVE('',#351,#414,#89,.T.);
#550=EDGE_CURVE('',#385,#350,#216,.T.);
#551=EDGE_CURVE('',#415,#384,#90,.T.);
#552=EDGE_CURVE('',#412,#415,#91,.T.);
#553=EDGE_CURVE('',#411,#389,#92,.T.);
#554=EDGE_CURVE('',#388,#413,#93,.T.);
#555=EDGE_CURVE('',#349,#386,#217,.T.);
#556=EDGE_CURVE('',#383,#416,#94,.T.);
#557=EDGE_CURVE('',#415,#416,#314,.T.);
#558=EDGE_CURVE('',#417,#414,#315,.T.);
#559=EDGE_CURVE('',#417,#352,#95,.T.);
#560=EDGE_CURVE('',#418,#419,#316,.T.);
#561=EDGE_CURVE('',#418,#420,#218,.T.);
#562=EDGE_CURVE('',#421,#420,#317,.T.);
#563=EDGE_CURVE('',#421,#419,#219,.T.);
#564=EDGE_CURVE('',#422,#418,#96,.T.);
#565=EDGE_CURVE('',#367,#422,#97,.T.);
#566=EDGE_CURVE('',#369,#366,#220,.T.);
#567=EDGE_CURVE('',#423,#368,#98,.T.);
#568=EDGE_CURVE('',#420,#423,#99,.T.);
#569=EDGE_CURVE('',#419,#399,#100,.T.);
#570=EDGE_CURVE('',#401,#421,#101,.T.);
#571=EDGE_CURVE('',#365,#370,#221,.T.);
#572=EDGE_CURVE('',#424,#408,#318,.T.);
#573=EDGE_CURVE('',#424,#380,#102,.T.);
#574=EDGE_CURVE('',#423,#422,#319,.T.);
#575=EDGE_CURVE('',#425,#426,#320,.T.);
#576=EDGE_CURVE('',#425,#427,#222,.T.);
#577=EDGE_CURVE('',#428,#427,#321,.T.);
#578=EDGE_CURVE('',#428,#426,#223,.T.);
#579=EDGE_CURVE('',#409,#425,#224,.T.);
#580=EDGE_CURVE('',#354,#381,#225,.T.);
#581=EDGE_CURVE('',#427,#424,#226,.T.);
#582=EDGE_CURVE('',#426,#417,#103,.T.);
#583=EDGE_CURVE('',#416,#428,#104,.T.);
#584=EDGE_CURVE('',#382,#353,#227,.T.);
#585=EDGE_CURVE('',#390,#429,#228,.T.);
#586=EDGE_CURVE('',#429,#429,#322,.T.);
#587=EDGE_CURVE('',#429,#430,#229,.T.);
#588=EDGE_CURVE('',#430,#430,#323,.T.);
#589=EDGE_CURVE('',#430,#431,#230,.T.);
#590=EDGE_CURVE('',#431,#431,#324,.T.);
#591=EDGE_CURVE('',#431,#432,#231,.T.);
#592=EDGE_CURVE('',#432,#432,#325,.T.);
#593=EDGE_CURVE('',#433,#433,#326,.T.);
#594=EDGE_CURVE('',#434,#434,#327,.T.);
#595=EDGE_CURVE('',#434,#433,#232,.T.);
#596=EDGE_CURVE('',#435,#435,#328,.T.);
#597=EDGE_CURVE('',#435,#434,#233,.T.);
#598=EDGE_CURVE('',#436,#436,#329,.T.);
#599=EDGE_CURVE('',#436,#346,#234,.T.);
#600=ORIENTED_EDGE('',*,*,#437,.F.);
#601=ORIENTED_EDGE('',*,*,#438,.T.);
#602=ORIENTED_EDGE('',*,*,#439,.F.);
#603=ORIENTED_EDGE('',*,*,#440,.T.);
#604=ORIENTED_EDGE('',*,*,#441,.F.);
#605=ORIENTED_EDGE('',*,*,#442,.F.);
#606=ORIENTED_EDGE('',*,*,#443,.F.);
#607=ORIENTED_EDGE('',*,*,#444,.F.);
#608=ORIENTED_EDGE('',*,*,#445,.F.);
#609=ORIENTED_EDGE('',*,*,#446,.F.);
#610=ORIENTED_EDGE('',*,*,#447,.F.);
#611=ORIENTED_EDGE('',*,*,#438,.F.);
#612=ORIENTED_EDGE('',*,*,#448,.F.);
#613=ORIENTED_EDGE('',*,*,#440,.F.);
#614=ORIENTED_EDGE('',*,*,#449,.F.);
#615=ORIENTED_EDGE('',*,*,#450,.F.);
#616=ORIENTED_EDGE('',*,*,#451,.F.);
#617=ORIENTED_EDGE('',*,*,#452,.F.);
#618=ORIENTED_EDGE('',*,*,#453,.F.);
#619=ORIENTED_EDGE('',*,*,#454,.F.);
#620=ORIENTED_EDGE('',*,*,#455,.F.);
#621=ORIENTED_EDGE('',*,*,#452,.T.);
#622=ORIENTED_EDGE('',*,*,#456,.F.);
#623=ORIENTED_EDGE('',*,*,#444,.T.);
#624=ORIENTED_EDGE('',*,*,#457,.T.);
#625=ORIENTED_EDGE('',*,*,#458,.T.);
#626=ORIENTED_EDGE('',*,*,#459,.F.);
#627=ORIENTED_EDGE('',*,*,#453,.T.);
#628=ORIENTED_EDGE('',*,*,#455,.T.);
#629=ORIENTED_EDGE('',*,*,#443,.T.);
#630=ORIENTED_EDGE('',*,*,#460,.F.);
#631=ORIENTED_EDGE('',*,*,#461,.T.);
#632=ORIENTED_EDGE('',*,*,#462,.T.);
#633=ORIENTED_EDGE('',*,*,#463,.T.);
#634=ORIENTED_EDGE('',*,*,#464,.F.);
#635=ORIENTED_EDGE('',*,*,#465,.T.);
#636=ORIENTED_EDGE('',*,*,#466,.T.);
#637=ORIENTED_EDGE('',*,*,#467,.T.);
#638=ORIENTED_EDGE('',*,*,#468,.F.);
#639=ORIENTED_EDGE('',*,*,#469,.T.);
#640=ORIENTED_EDGE('',*,*,#470,.T.);
#641=ORIENTED_EDGE('',*,*,#471,.T.);
#642=ORIENTED_EDGE('',*,*,#472,.F.);
#643=ORIENTED_EDGE('',*,*,#473,.T.);
#644=ORIENTED_EDGE('',*,*,#474,.T.);
#645=ORIENTED_EDGE('',*,*,#475,.T.);
#646=ORIENTED_EDGE('',*,*,#476,.F.);
#647=ORIENTED_EDGE('',*,*,#477,.T.);
#648=ORIENTED_EDGE('',*,*,#478,.T.);
#649=ORIENTED_EDGE('',*,*,#479,.T.);
#650=ORIENTED_EDGE('',*,*,#480,.F.);
#651=ORIENTED_EDGE('',*,*,#481,.T.);
#652=ORIENTED_EDGE('',*,*,#482,.T.);
#653=ORIENTED_EDGE('',*,*,#483,.T.);
#654=ORIENTED_EDGE('',*,*,#484,.F.);
#655=ORIENTED_EDGE('',*,*,#485,.T.);
#656=ORIENTED_EDGE('',*,*,#486,.T.);
#657=ORIENTED_EDGE('',*,*,#487,.T.);
#658=ORIENTED_EDGE('',*,*,#488,.F.);
#659=ORIENTED_EDGE('',*,*,#489,.T.);
#660=ORIENTED_EDGE('',*,*,#490,.T.);
#661=ORIENTED_EDGE('',*,*,#491,.T.);
#662=ORIENTED_EDGE('',*,*,#492,.F.);
#663=ORIENTED_EDGE('',*,*,#493,.T.);
#664=ORIENTED_EDGE('',*,*,#494,.T.);
#665=ORIENTED_EDGE('',*,*,#495,.T.);
#666=ORIENTED_EDGE('',*,*,#496,.F.);
#667=ORIENTED_EDGE('',*,*,#497,.T.);
#668=ORIENTED_EDGE('',*,*,#498,.T.);
#669=ORIENTED_EDGE('',*,*,#499,.T.);
#670=ORIENTED_EDGE('',*,*,#500,.F.);
#671=ORIENTED_EDGE('',*,*,#445,.T.);
#672=ORIENTED_EDGE('',*,*,#456,.T.);
#673=ORIENTED_EDGE('',*,*,#451,.T.);
#674=ORIENTED_EDGE('',*,*,#501,.F.);
#675=ORIENTED_EDGE('',*,*,#458,.F.);
#676=ORIENTED_EDGE('',*,*,#446,.T.);
#677=ORIENTED_EDGE('',*,*,#500,.T.);
#678=ORIENTED_EDGE('',*,*,#502,.T.);
#679=ORIENTED_EDGE('',*,*,#503,.F.);
#680=ORIENTED_EDGE('',*,*,#442,.T.);
#681=ORIENTED_EDGE('',*,*,#504,.F.);
#682=ORIENTED_EDGE('',*,*,#505,.T.);
#683=ORIENTED_EDGE('',*,*,#460,.T.);
#684=ORIENTED_EDGE('',*,*,#454,.T.);
#685=ORIENTED_EDGE('',*,*,#459,.T.);
#686=ORIENTED_EDGE('',*,*,#501,.T.);
#687=ORIENTED_EDGE('',*,*,#450,.T.);
#688=ORIENTED_EDGE('',*,*,#506,.F.);
#689=ORIENTED_EDGE('',*,*,#507,.F.);
#690=ORIENTED_EDGE('',*,*,#508,.F.);
#691=ORIENTED_EDGE('',*,*,#509,.T.);
#692=ORIENTED_EDGE('',*,*,#510,.F.);
#693=ORIENTED_EDGE('',*,*,#511,.T.);
#694=ORIENTED_EDGE('',*,*,#512,.F.);
#695=ORIENTED_EDGE('',*,*,#513,.F.);
#696=ORIENTED_EDGE('',*,*,#475,.F.);
#697=ORIENTED_EDGE('',*,*,#514,.F.);
#698=ORIENTED_EDGE('',*,*,#485,.F.);
#699=ORIENTED_EDGE('',*,*,#515,.F.);
#700=ORIENTED_EDGE('',*,*,#516,.F.);
#701=ORIENTED_EDGE('',*,*,#509,.F.);
#702=ORIENTED_EDGE('',*,*,#517,.F.);
#703=ORIENTED_EDGE('',*,*,#511,.F.);
#704=ORIENTED_EDGE('',*,*,#518,.F.);
#705=ORIENTED_EDGE('',*,*,#519,.F.);
#706=ORIENTED_EDGE('',*,*,#487,.F.);
#707=ORIENTED_EDGE('',*,*,#520,.F.);
#708=ORIENTED_EDGE('',*,*,#473,.F.);
#709=ORIENTED_EDGE('',*,*,#521,.F.);
#710=ORIENTED_EDGE('',*,*,#474,.F.);
#711=ORIENTED_EDGE('',*,*,#520,.T.);
#712=ORIENTED_EDGE('',*,*,#486,.F.);
#713=ORIENTED_EDGE('',*,*,#514,.T.);
#714=ORIENTED_EDGE('',*,*,#513,.T.);
#715=ORIENTED_EDGE('',*,*,#522,.F.);
#716=ORIENTED_EDGE('',*,*,#523,.T.);
#717=ORIENTED_EDGE('',*,*,#476,.T.);
#718=ORIENTED_EDGE('',*,*,#521,.T.);
#719=ORIENTED_EDGE('',*,*,#472,.T.);
#720=ORIENTED_EDGE('',*,*,#524,.T.);
#721=ORIENTED_EDGE('',*,*,#525,.F.);
#722=ORIENTED_EDGE('',*,*,#515,.T.);
#723=ORIENTED_EDGE('',*,*,#484,.T.);
#724=ORIENTED_EDGE('',*,*,#526,.T.);
#725=ORIENTED_EDGE('',*,*,#527,.F.);
#726=ORIENTED_EDGE('',*,*,#528,.F.);
#727=ORIENTED_EDGE('',*,*,#529,.T.);
#728=ORIENTED_EDGE('',*,*,#530,.F.);
#729=ORIENTED_EDGE('',*,*,#531,.T.);
#730=ORIENTED_EDGE('',*,*,#532,.F.);
#731=ORIENTED_EDGE('',*,*,#524,.F.);
#732=ORIENTED_EDGE('',*,*,#471,.F.);
#733=ORIENTED_EDGE('',*,*,#533,.F.);
#734=ORIENTED_EDGE('',*,*,#489,.F.);
#735=ORIENTED_EDGE('',*,*,#534,.F.);
#736=ORIENTED_EDGE('',*,*,#535,.F.);
#737=ORIENTED_EDGE('',*,*,#529,.F.);
#738=ORIENTED_EDGE('',*,*,#536,.F.);
#739=ORIENTED_EDGE('',*,*,#531,.F.);
#740=ORIENTED_EDGE('',*,*,#537,.F.);
#741=ORIENTED_EDGE('',*,*,#538,.F.);
#742=ORIENTED_EDGE('',*,*,#491,.F.);
#743=ORIENTED_EDGE('',*,*,#539,.F.);
#744=ORIENTED_EDGE('',*,*,#469,.F.);
#745=ORIENTED_EDGE('',*,*,#540,.F.);
#746=ORIENTED_EDGE('',*,*,#470,.F.);
#747=ORIENTED_EDGE('',*,*,#539,.T.);
#748=ORIENTED_EDGE('',*,*,#490,.F.);
#749=ORIENTED_EDGE('',*,*,#533,.T.);
#750=ORIENTED_EDGE('',*,*,#540,.T.);
#751=ORIENTED_EDGE('',*,*,#468,.T.);
#752=ORIENTED_EDGE('',*,*,#541,.T.);
#753=ORIENTED_EDGE('',*,*,#542,.F.);
#754=ORIENTED_EDGE('',*,*,#519,.T.);
#755=ORIENTED_EDGE('',*,*,#543,.F.);
#756=ORIENTED_EDGE('',*,*,#534,.T.);
#757=ORIENTED_EDGE('',*,*,#488,.T.);
#758=ORIENTED_EDGE('',*,*,#544,.F.);
#759=ORIENTED_EDGE('',*,*,#545,.T.);
#760=ORIENTED_EDGE('',*,*,#546,.F.);
#761=ORIENTED_EDGE('',*,*,#547,.T.);
#762=ORIENTED_EDGE('',*,*,#548,.F.);
#763=ORIENTED_EDGE('',*,*,#549,.F.);
#764=ORIENTED_EDGE('',*,*,#463,.F.);
#765=ORIENTED_EDGE('',*,*,#550,.F.);
#766=ORIENTED_EDGE('',*,*,#497,.F.);
#767=ORIENTED_EDGE('',*,*,#551,.F.);
#768=ORIENTED_EDGE('',*,*,#552,.F.);
#769=ORIENTED_EDGE('',*,*,#545,.F.);
#770=ORIENTED_EDGE('',*,*,#553,.F.);
#771=ORIENTED_EDGE('',*,*,#547,.F.);
#772=ORIENTED_EDGE('',*,*,#554,.F.);
#773=ORIENTED_EDGE('',*,*,#502,.F.);
#774=ORIENTED_EDGE('',*,*,#499,.F.);
#775=ORIENTED_EDGE('',*,*,#555,.F.);
#776=ORIENTED_EDGE('',*,*,#461,.F.);
#777=ORIENTED_EDGE('',*,*,#505,.F.);
#778=ORIENTED_EDGE('',*,*,#462,.F.);
#779=ORIENTED_EDGE('',*,*,#555,.T.);
#780=ORIENTED_EDGE('',*,*,#498,.F.);
#781=ORIENTED_EDGE('',*,*,#550,.T.);
#782=ORIENTED_EDGE('',*,*,#551,.T.);
#783=ORIENTED_EDGE('',*,*,#496,.T.);
#784=ORIENTED_EDGE('',*,*,#556,.T.);
#785=ORIENTED_EDGE('',*,*,#557,.F.);
#786=ORIENTED_EDGE('',*,*,#549,.T.);
#787=ORIENTED_EDGE('',*,*,#558,.F.);
#788=ORIENTED_EDGE('',*,*,#559,.T.);
#789=ORIENTED_EDGE('',*,*,#464,.T.);
#790=ORIENTED_EDGE('',*,*,#560,.F.);
#791=ORIENTED_EDGE('',*,*,#561,.T.);
#792=ORIENTED_EDGE('',*,*,#562,.F.);
#793=ORIENTED_EDGE('',*,*,#563,.T.);
#794=ORIENTED_EDGE('',*,*,#564,.F.);
#795=ORIENTED_EDGE('',*,*,#565,.F.);
#796=ORIENTED_EDGE('',*,*,#479,.F.);
#797=ORIENTED_EDGE('',*,*,#566,.F.);
#798=ORIENTED_EDGE('',*,*,#481,.F.);
#799=ORIENTED_EDGE('',*,*,#567,.F.);
#800=ORIENTED_EDGE('',*,*,#568,.F.);
#801=ORIENTED_EDGE('',*,*,#561,.F.);
#802=ORIENTED_EDGE('',*,*,#569,.F.);
#803=ORIENTED_EDGE('',*,*,#563,.F.);
#804=ORIENTED_EDGE('',*,*,#570,.F.);
#805=ORIENTED_EDGE('',*,*,#526,.F.);
#806=ORIENTED_EDGE('',*,*,#483,.F.);
#807=ORIENTED_EDGE('',*,*,#571,.F.);
#808=ORIENTED_EDGE('',*,*,#477,.F.);
#809=ORIENTED_EDGE('',*,*,#523,.F.);
#810=ORIENTED_EDGE('',*,*,#478,.F.);
#811=ORIENTED_EDGE('',*,*,#571,.T.);
#812=ORIENTED_EDGE('',*,*,#482,.F.);
#813=ORIENTED_EDGE('',*,*,#566,.T.);
#814=ORIENTED_EDGE('',*,*,#538,.T.);
#815=ORIENTED_EDGE('',*,*,#572,.F.);
#816=ORIENTED_EDGE('',*,*,#573,.T.);
#817=ORIENTED_EDGE('',*,*,#492,.T.);
#818=ORIENTED_EDGE('',*,*,#565,.T.);
#819=ORIENTED_EDGE('',*,*,#574,.F.);
#820=ORIENTED_EDGE('',*,*,#567,.T.);
#821=ORIENTED_EDGE('',*,*,#480,.T.);
#822=ORIENTED_EDGE('',*,*,#575,.F.);
#823=ORIENTED_EDGE('',*,*,#576,.T.);
#824=ORIENTED_EDGE('',*,*,#577,.F.);
#825=ORIENTED_EDGE('',*,*,#578,.T.);
#826=ORIENTED_EDGE('',*,*,#579,.F.);
#827=ORIENTED_EDGE('',*,*,#541,.F.);
#828=ORIENTED_EDGE('',*,*,#467,.F.);
#829=ORIENTED_EDGE('',*,*,#580,.T.);
#830=ORIENTED_EDGE('',*,*,#493,.F.);
#831=ORIENTED_EDGE('',*,*,#573,.F.);
#832=ORIENTED_EDGE('',*,*,#581,.F.);
#833=ORIENTED_EDGE('',*,*,#576,.F.);
#834=ORIENTED_EDGE('',*,*,#582,.F.);
#835=ORIENTED_EDGE('',*,*,#578,.F.);
#836=ORIENTED_EDGE('',*,*,#583,.F.);
#837=ORIENTED_EDGE('',*,*,#556,.F.);
#838=ORIENTED_EDGE('',*,*,#495,.F.);
#839=ORIENTED_EDGE('',*,*,#584,.T.);
#840=ORIENTED_EDGE('',*,*,#465,.F.);
#841=ORIENTED_EDGE('',*,*,#559,.F.);
#842=ORIENTED_EDGE('',*,*,#466,.F.);
#843=ORIENTED_EDGE('',*,*,#584,.F.);
#844=ORIENTED_EDGE('',*,*,#494,.F.);
#845=ORIENTED_EDGE('',*,*,#580,.F.);
#846=ORIENTED_EDGE('',*,*,#448,.T.);
#847=ORIENTED_EDGE('',*,*,#507,.T.);
#848=ORIENTED_EDGE('',*,*,#585,.T.);
#849=ORIENTED_EDGE('',*,*,#586,.F.);
#850=ORIENTED_EDGE('',*,*,#585,.F.);
#851=ORIENTED_EDGE('',*,*,#506,.T.);
#852=ORIENTED_EDGE('',*,*,#449,.T.);
#853=ORIENTED_EDGE('',*,*,#439,.T.);
#854=ORIENTED_EDGE('',*,*,#447,.T.);
#855=ORIENTED_EDGE('',*,*,#503,.T.);
#856=ORIENTED_EDGE('',*,*,#554,.T.);
#857=ORIENTED_EDGE('',*,*,#546,.T.);
#858=ORIENTED_EDGE('',*,*,#552,.T.);
#859=ORIENTED_EDGE('',*,*,#557,.T.);
#860=ORIENTED_EDGE('',*,*,#583,.T.);
#861=ORIENTED_EDGE('',*,*,#577,.T.);
#862=ORIENTED_EDGE('',*,*,#581,.T.);
#863=ORIENTED_EDGE('',*,*,#572,.T.);
#864=ORIENTED_EDGE('',*,*,#537,.T.);
#865=ORIENTED_EDGE('',*,*,#530,.T.);
#866=ORIENTED_EDGE('',*,*,#535,.T.);
#867=ORIENTED_EDGE('',*,*,#543,.T.);
#868=ORIENTED_EDGE('',*,*,#518,.T.);
#869=ORIENTED_EDGE('',*,*,#510,.T.);
#870=ORIENTED_EDGE('',*,*,#516,.T.);
#871=ORIENTED_EDGE('',*,*,#527,.T.);
#872=ORIENTED_EDGE('',*,*,#570,.T.);
#873=ORIENTED_EDGE('',*,*,#562,.T.);
#874=ORIENTED_EDGE('',*,*,#568,.T.);
#875=ORIENTED_EDGE('',*,*,#574,.T.);
#876=ORIENTED_EDGE('',*,*,#564,.T.);
#877=ORIENTED_EDGE('',*,*,#560,.T.);
#878=ORIENTED_EDGE('',*,*,#569,.T.);
#879=ORIENTED_EDGE('',*,*,#522,.T.);
#880=ORIENTED_EDGE('',*,*,#512,.T.);
#881=ORIENTED_EDGE('',*,*,#508,.T.);
#882=ORIENTED_EDGE('',*,*,#517,.T.);
#883=ORIENTED_EDGE('',*,*,#525,.T.);
#884=ORIENTED_EDGE('',*,*,#532,.T.);
#885=ORIENTED_EDGE('',*,*,#528,.T.);
#886=ORIENTED_EDGE('',*,*,#536,.T.);
#887=ORIENTED_EDGE('',*,*,#542,.T.);
#888=ORIENTED_EDGE('',*,*,#579,.T.);
#889=ORIENTED_EDGE('',*,*,#575,.T.);
#890=ORIENTED_EDGE('',*,*,#582,.T.);
#891=ORIENTED_EDGE('',*,*,#558,.T.);
#892=ORIENTED_EDGE('',*,*,#548,.T.);
#893=ORIENTED_EDGE('',*,*,#544,.T.);
#894=ORIENTED_EDGE('',*,*,#553,.T.);
#895=ORIENTED_EDGE('',*,*,#504,.T.);
#896=ORIENTED_EDGE('',*,*,#441,.T.);
#897=ORIENTED_EDGE('',*,*,#437,.T.);
#898=ORIENTED_EDGE('',*,*,#586,.T.);
#899=ORIENTED_EDGE('',*,*,#587,.T.);
#900=ORIENTED_EDGE('',*,*,#588,.F.);
#901=ORIENTED_EDGE('',*,*,#587,.F.);
#902=ORIENTED_EDGE('',*,*,#588,.T.);
#903=ORIENTED_EDGE('',*,*,#589,.T.);
#904=ORIENTED_EDGE('',*,*,#590,.F.);
#905=ORIENTED_EDGE('',*,*,#589,.F.);
#906=ORIENTED_EDGE('',*,*,#590,.T.);
#907=ORIENTED_EDGE('',*,*,#591,.T.);
#908=ORIENTED_EDGE('',*,*,#592,.F.);
#909=ORIENTED_EDGE('',*,*,#591,.F.);
#910=ORIENTED_EDGE('',*,*,#593,.F.);
#911=ORIENTED_EDGE('',*,*,#592,.T.);
#912=ORIENTED_EDGE('',*,*,#594,.F.);
#913=ORIENTED_EDGE('',*,*,#595,.T.);
#914=ORIENTED_EDGE('',*,*,#593,.T.);
#915=ORIENTED_EDGE('',*,*,#595,.F.);
#916=ORIENTED_EDGE('',*,*,#596,.F.);
#917=ORIENTED_EDGE('',*,*,#597,.T.);
#918=ORIENTED_EDGE('',*,*,#594,.T.);
#919=ORIENTED_EDGE('',*,*,#597,.F.);
#920=ORIENTED_EDGE('',*,*,#596,.T.);
#921=ORIENTED_EDGE('',*,*,#598,.F.);
#922=ORIENTED_EDGE('',*,*,#598,.T.);
#923=ORIENTED_EDGE('',*,*,#599,.T.);
#924=ORIENTED_EDGE('',*,*,#457,.F.);
#925=ORIENTED_EDGE('',*,*,#599,.F.);
#926=PLANE('',#1012);
#927=PLANE('',#1015);
#928=PLANE('',#1016);
#929=PLANE('',#1017);
#930=PLANE('',#1052);
#931=PLANE('',#1055);
#932=PLANE('',#1056);
#933=PLANE('',#1057);
#934=PLANE('',#1064);
#935=PLANE('',#1067);
#936=PLANE('',#1068);
#937=PLANE('',#1069);
#938=PLANE('',#1074);
#939=PLANE('',#1077);
#940=PLANE('',#1078);
#941=PLANE('',#1079);
#942=PLANE('',#1084);
#943=PLANE('',#1087);
#944=PLANE('',#1088);
#945=PLANE('',#1089);
#946=PLANE('',#1094);
#947=PLANE('',#1097);
#948=PLANE('',#1098);
#949=PLANE('',#1099);
#950=PLANE('',#1108);
#951=PLANE('',#1114);
#952=ADVANCED_FACE('',(#105),#926,.T.);
#953=ADVANCED_FACE('',(#106),#927,.T.);
#954=ADVANCED_FACE('',(#107),#928,.T.);
#955=ADVANCED_FACE('',(#108),#929,.T.);
#956=ADVANCED_FACE('',(#109),#18,.F.);
#957=ADVANCED_FACE('',(#110),#19,.F.);
#958=ADVANCED_FACE('',(#111),#20,.F.);
#959=ADVANCED_FACE('',(#112),#21,.F.);
#960=ADVANCED_FACE('',(#113),#930,.T.);
#961=ADVANCED_FACE('',(#114),#931,.T.);
#962=ADVANCED_FACE('',(#115),#932,.T.);
#963=ADVANCED_FACE('',(#116),#933,.T.);
#964=ADVANCED_FACE('',(#117),#22,.F.);
#965=ADVANCED_FACE('',(#118),#23,.F.);
#966=ADVANCED_FACE('',(#119),#24,.F.);
#967=ADVANCED_FACE('',(#120),#934,.T.);
#968=ADVANCED_FACE('',(#121),#935,.T.);
#969=ADVANCED_FACE('',(#122),#936,.T.);
#970=ADVANCED_FACE('',(#123),#937,.T.);
#971=ADVANCED_FACE('',(#124),#25,.F.);
#972=ADVANCED_FACE('',(#125),#26,.F.);
#973=ADVANCED_FACE('',(#126),#938,.T.);
#974=ADVANCED_FACE('',(#127),#939,.T.);
#975=ADVANCED_FACE('',(#128),#940,.T.);
#976=ADVANCED_FACE('',(#129),#941,.T.);
#977=ADVANCED_FACE('',(#130),#27,.F.);
#978=ADVANCED_FACE('',(#131),#28,.F.);
#979=ADVANCED_FACE('',(#132),#942,.T.);
#980=ADVANCED_FACE('',(#133),#943,.T.);
#981=ADVANCED_FACE('',(#134),#944,.T.);
#982=ADVANCED_FACE('',(#135),#945,.T.);
#983=ADVANCED_FACE('',(#136),#29,.F.);
#984=ADVANCED_FACE('',(#137),#30,.F.);
#985=ADVANCED_FACE('',(#138),#946,.T.);
#986=ADVANCED_FACE('',(#139),#947,.T.);
#987=ADVANCED_FACE('',(#140),#948,.T.);
#988=ADVANCED_FACE('',(#141),#949,.T.);
#989=ADVANCED_FACE('',(#142),#31,.F.);
#990=ADVANCED_FACE('',(#143),#32,.F.);
#991=ADVANCED_FACE('',(#144),#33,.F.);
#992=ADVANCED_FACE('',(#145),#17,.F.);
#993=ADVANCED_FACE('',(#146,#15),#950,.T.);
#994=ADVANCED_FACE('',(#147),#34,.T.);
#995=ADVANCED_FACE('',(#148),#35,.T.);
#996=ADVANCED_FACE('',(#149,#16),#951,.T.);
#997=ADVANCED_FACE('',(#150),#36,.F.);
#998=CLOSED_SHELL('',(#952,#953,#954,#955,#956,#957,#958,#959,#960,#961,
#962,#963,#964,#965,#966,#967,#968,#969,#970,#971,#972,#973,#974,#975,#976,
#977,#978,#979,#980,#981,#982,#983,#984,#985,#986,#987,#988,#989,#990,#991,
#992,#993,#994,#995,#996,#997));
#999=DERIVED_UNIT_ELEMENT(#1001,1.);
#1000=DERIVED_UNIT_ELEMENT(#1823,-3.);
#1001=(
MASS_UNIT()
NAMED_UNIT(*)
SI_UNIT(.KILO.,.GRAM.)
);
#1002=DERIVED_UNIT((#999,#1000));
#1003=MEASURE_REPRESENTATION_ITEM('density measure',
POSITIVE_RATIO_MEASURE(7850.),#1002);
#1004=PROPERTY_DEFINITION_REPRESENTATION(#1009,#1006);
#1005=PROPERTY_DEFINITION_REPRESENTATION(#1010,#1007);
#1006=REPRESENTATION('material name',(#1008),#1820);
#1007=REPRESENTATION('density',(#1003),#1820);
#1008=DESCRIPTIVE_REPRESENTATION_ITEM('Steel','Steel');
#1009=PROPERTY_DEFINITION('material property','material name',#1830);
#1010=PROPERTY_DEFINITION('material property','density of part',#1830);
#1011=AXIS2_PLACEMENT_3D('',#1365,#1117,#1118);
#1012=AXIS2_PLACEMENT_3D('',#1366,#1119,#1120);
#1013=AXIS2_PLACEMENT_3D('',#1369,#1121,#1122);
#1014=AXIS2_PLACEMENT_3D('',#1373,#1124,#1125);
#1015=AXIS2_PLACEMENT_3D('',#1375,#1127,#1128);
#1016=AXIS2_PLACEMENT_3D('',#1401,#1130,#1131);
#1017=AXIS2_PLACEMENT_3D('',#1427,#1133,#1134);
#1018=AXIS2_PLACEMENT_3D('',#1428,#1135,#1136);
#1019=AXIS2_PLACEMENT_3D('',#1429,#1137,#1138);
#1020=AXIS2_PLACEMENT_3D('',#1430,#1139,#1140);
#1021=AXIS2_PLACEMENT_3D('',#1432,#1141,#1142);
#1022=AXIS2_PLACEMENT_3D('',#1435,#1144,#1145);
#1023=AXIS2_PLACEMENT_3D('',#1437,#1146,#1147);
#1024=AXIS2_PLACEMENT_3D('',#1443,#1148,#1149);
#1025=AXIS2_PLACEMENT_3D('',#1449,#1150,#1151);
#1026=AXIS2_PLACEMENT_3D('',#1455,#1152,#1153);
#1027=AXIS2_PLACEMENT_3D('',#1461,#1154,#1155);
#1028=AXIS2_PLACEMENT_3D('',#1467,#1156,#1157);
#1029=AXIS2_PLACEMENT_3D('',#1473,#1158,#1159);
#1030=AXIS2_PLACEMENT_3D('',#1479,#1160,#1161);
#1031=AXIS2_PLACEMENT_3D('',#1485,#1162,#1163);
#1032=AXIS2_PLACEMENT_3D('',#1491,#1164,#1165);
#1033=AXIS2_PLACEMENT_3D('',#1497,#1166,#1167);
#1034=AXIS2_PLACEMENT_3D('',#1503,#1168,#1169);
#1035=AXIS2_PLACEMENT_3D('',#1509,#1170,#1171);
#1036=AXIS2_PLACEMENT_3D('',#1515,#1172,#1173);
#1037=AXIS2_PLACEMENT_3D('',#1521,#1174,#1175);
#1038=AXIS2_PLACEMENT_3D('',#1527,#1176,#1177);
#1039=AXIS2_PLACEMENT_3D('',#1533,#1178,#1179);
#1040=AXIS2_PLACEMENT_3D('',#1539,#1180,#1181);
#1041=AXIS2_PLACEMENT_3D('',#1545,#1182,#1183);
#1042=AXIS2_PLACEMENT_3D('',#1551,#1184,#1185);
#1043=AXIS2_PLACEMENT_3D('',#1556,#1186,#1187);
#1044=AXIS2_PLACEMENT_3D('',#1557,#1188,#1189);
#1045=AXIS2_PLACEMENT_3D('',#1558,#1190,#1191);
#1046=AXIS2_PLACEMENT_3D('',#1563,#1192,#1193);
#1047=AXIS2_PLACEMENT_3D('',#1564,#1194,#1195);
#1048=AXIS2_PLACEMENT_3D('',#1566,#1196,#1197);
#1049=AXIS2_PLACEMENT_3D('',#1570,#1198,#1199);
#1050=AXIS2_PLACEMENT_3D('',#1572,#1200,#1201);
#1051=AXIS2_PLACEMENT_3D('',#1573,#1202,#1203);
#1052=AXIS2_PLACEMENT_3D('',#1574,#1204,#1205);
#1053=AXIS2_PLACEMENT_3D('',#1577,#1206,#1207);
#1054=AXIS2_PLACEMENT_3D('',#1581,#1209,#1210);
#1055=AXIS2_PLACEMENT_3D('',#1583,#1212,#1213);
#1056=AXIS2_PLACEMENT_3D('',#1599,#1215,#1216);
#1057=AXIS2_PLACEMENT_3D('',#1615,#1218,#1219);
#1058=AXIS2_PLACEMENT_3D('',#1616,#1220,#1221);
#1059=AXIS2_PLACEMENT_3D('',#1618,#1222,#1223);
#1060=AXIS2_PLACEMENT_3D('',#1622,#1224,#1225);
#1061=AXIS2_PLACEMENT_3D('',#1627,#1226,#1227);
#1062=AXIS2_PLACEMENT_3D('',#1628,#1228,#1229);
#1063=AXIS2_PLACEMENT_3D('',#1633,#1230,#1231);
#1064=AXIS2_PLACEMENT_3D('',#1634,#1232,#1233);
#1065=AXIS2_PLACEMENT_3D('',#1637,#1234,#1235);
#1066=AXIS2_PLACEMENT_3D('',#1641,#1237,#1238);
#1067=AXIS2_PLACEMENT_3D('',#1643,#1240,#1241);
#1068=AXIS2_PLACEMENT_3D('',#1655,#1243,#1244);
#1069=AXIS2_PLACEMENT_3D('',#1667,#1248,#1249);
#1070=AXIS2_PLACEMENT_3D('',#1668,#1250,#1251);
#1071=AXIS2_PLACEMENT_3D('',#1673,#1252,#1253);
#1072=AXIS2_PLACEMENT_3D('',#1674,#1254,#1255);
#1073=AXIS2_PLACEMENT_3D('',#1675,#1256,#1257);
#1074=AXIS2_PLACEMENT_3D('',#1676,#1258,#1259);
#1075=AXIS2_PLACEMENT_3D('',#1679,#1260,#1261);
#1076=AXIS2_PLACEMENT_3D('',#1683,#1263,#1264);
#1077=AXIS2_PLACEMENT_3D('',#1685,#1266,#1267);
#1078=AXIS2_PLACEMENT_3D('',#1701,#1269,#1270);
#1079=AXIS2_PLACEMENT_3D('',#1709,#1272,#1273);
#1080=AXIS2_PLACEMENT_3D('',#1710,#1274,#1275);
#1081=AXIS2_PLACEMENT_3D('',#1715,#1276,#1277);
#1082=AXIS2_PLACEMENT_3D('',#1716,#1278,#1279);
#1083=AXIS2_PLACEMENT_3D('',#1718,#1280,#1281);
#1084=AXIS2_PLACEMENT_3D('',#1722,#1282,#1283);
#1085=AXIS2_PLACEMENT_3D('',#1725,#1284,#1285);
#1086=AXIS2_PLACEMENT_3D('',#1729,#1287,#1288);
#1087=AXIS2_PLACEMENT_3D('',#1731,#1290,#1291);
#1088=AXIS2_PLACEMENT_3D('',#1747,#1293,#1294);
#1089=AXIS2_PLACEMENT_3D('',#1755,#1296,#1297);
#1090=AXIS2_PLACEMENT_3D('',#1756,#1298,#1299);
#1091=AXIS2_PLACEMENT_3D('',#1758,#1300,#1301);
#1092=AXIS2_PLACEMENT_3D('',#1762,#1302,#1303);
#1093=AXIS2_PLACEMENT_3D('',#1763,#1304,#1305);
#1094=AXIS2_PLACEMENT_3D('',#1764,#1306,#1307);
#1095=AXIS2_PLACEMENT_3D('',#1767,#1308,#1309);
#1096=AXIS2_PLACEMENT_3D('',#1771,#1311,#1312);
#1097=AXIS2_PLACEMENT_3D('',#1773,#1314,#1315);
#1098=AXIS2_PLACEMENT_3D('',#1777,#1319,#1320);
#1099=AXIS2_PLACEMENT_3D('',#1785,#1322,#1323);
#1100=AXIS2_PLACEMENT_3D('',#1786,#1324,#1325);
#1101=AXIS2_PLACEMENT_3D('',#1789,#1327,#1328);
#1102=AXIS2_PLACEMENT_3D('',#1790,#1329,#1330);
#1103=AXIS2_PLACEMENT_3D('',#1793,#1332,#1333);
#1104=AXIS2_PLACEMENT_3D('',#1794,#1334,#1335);
#1105=AXIS2_PLACEMENT_3D('',#1797,#1337,#1338);
#1106=AXIS2_PLACEMENT_3D('',#1798,#1339,#1340);
#1107=AXIS2_PLACEMENT_3D('',#1801,#1342,#1343);
#1108=AXIS2_PLACEMENT_3D('',#1802,#1344,#1345);
#1109=AXIS2_PLACEMENT_3D('',#1804,#1346,#1347);
#1110=AXIS2_PLACEMENT_3D('',#1805,#1348,#1349);
#1111=AXIS2_PLACEMENT_3D('',#1807,#1350,#1351);
#1112=AXIS2_PLACEMENT_3D('',#1809,#1353,#1354);
#1113=AXIS2_PLACEMENT_3D('',#1811,#1355,#1356);
#1114=AXIS2_PLACEMENT_3D('',#1813,#1358,#1359);
#1115=AXIS2_PLACEMENT_3D('',#1815,#1360,#1361);
#1116=AXIS2_PLACEMENT_3D('',#1816,#1362,#1363);
#1117=DIRECTION('axis',(0.,0.,1.));
#1118=DIRECTION('refdir',(1.,0.,0.));
#1119=DIRECTION('center_axis',(0.,0.,-1.));
#1120=DIRECTION('ref_axis',(-1.,0.,0.));
#1121=DIRECTION('center_axis',(0.,0.,1.));
#1122=DIRECTION('ref_axis',(1.,0.,0.));
#1123=DIRECTION('',(0.,-1.,0.));
#1124=DIRECTION('center_axis',(0.,0.,1.));
#1125=DIRECTION('ref_axis',(1.,0.,0.));
#1126=DIRECTION('',(0.,1.,0.));
#1127=DIRECTION('center_axis',(1.,0.,0.));
#1128=DIRECTION('ref_axis',(0.,-1.,0.));
#1129=DIRECTION('',(0.,1.,0.));
#1130=DIRECTION('center_axis',(-1.,0.,0.));
#1131=DIRECTION('ref_axis',(0.,1.,0.));
#1132=DIRECTION('',(0.,-1.,0.));
#1133=DIRECTION('center_axis',(0.,0.,1.));
#1134=DIRECTION('ref_axis',(1.,0.,0.));
#1135=DIRECTION('center_axis',(0.,0.,-1.));
#1136=DIRECTION('ref_axis',(1.,0.,0.));
#1137=DIRECTION('center_axis',(0.,0.,-1.));
#1138=DIRECTION('ref_axis',(1.,0.,0.));
#1139=DIRECTION('center_axis',(0.,0.,-1.));
#1140=DIRECTION('ref_axis',(1.,0.,0.));
#1141=DIRECTION('center_axis',(0.,0.,1.));
#1142=DIRECTION('ref_axis',(1.,0.,0.));
#1143=DIRECTION('',(-0.819152044288992,-1.00317192905353E-16,-0.573576436351045));
#1144=DIRECTION('center_axis',(0.,0.,1.));
#1145=DIRECTION('ref_axis',(1.,0.,0.));
#1146=DIRECTION('center_axis',(0.,0.,1.));
#1147=DIRECTION('ref_axis',(1.,0.,0.));
#1148=DIRECTION('center_axis',(0.,0.,-1.));
#1149=DIRECTION('ref_axis',(1.,0.,0.));
#1150=DIRECTION('center_axis',(0.,0.,1.));
#1151=DIRECTION('ref_axis',(1.,0.,0.));
#1152=DIRECTION('center_axis',(0.,0.,-1.));
#1153=DIRECTION('ref_axis',(1.,0.,0.));
#1154=DIRECTION('center_axis',(0.,0.,1.));
#1155=DIRECTION('ref_axis',(1.,0.,0.));
#1156=DIRECTION('center_axis',(0.,0.,-1.));
#1157=DIRECTION('ref_axis',(1.,0.,0.));
#1158=DIRECTION('center_axis',(0.,0.,1.));
#1159=DIRECTION('ref_axis',(1.,0.,0.));
#1160=DIRECTION('center_axis',(0.,0.,-1.));
#1161=DIRECTION('ref_axis',(1.,0.,0.));
#1162=DIRECTION('center_axis',(0.,0.,1.));
#1163=DIRECTION('ref_axis',(1.,0.,0.));
#1164=DIRECTION('center_axis',(0.,0.,-1.));
#1165=DIRECTION('ref_axis',(1.,0.,0.));
#1166=DIRECTION('center_axis',(0.,0.,1.));
#1167=DIRECTION('ref_axis',(1.,0.,0.));
#1168=DIRECTION('center_axis',(0.,0.,-1.));
#1169=DIRECTION('ref_axis',(1.,0.,0.));
#1170=DIRECTION('center_axis',(0.,0.,1.));
#1171=DIRECTION('ref_axis',(1.,0.,0.));
#1172=DIRECTION('center_axis',(0.,0.,-1.));
#1173=DIRECTION('ref_axis',(1.,0.,0.));
#1174=DIRECTION('center_axis',(0.,0.,1.));
#1175=DIRECTION('ref_axis',(1.,0.,0.));
#1176=DIRECTION('center_axis',(0.,0.,-1.));
#1177=DIRECTION('ref_axis',(1.,0.,0.));
#1178=DIRECTION('center_axis',(0.,0.,1.));
#1179=DIRECTION('ref_axis',(1.,0.,0.));
#1180=DIRECTION('center_axis',(0.,0.,-1.));
#1181=DIRECTION('ref_axis',(1.,0.,0.));
#1182=DIRECTION('center_axis',(0.,0.,1.));
#1183=DIRECTION('ref_axis',(1.,0.,0.));
#1184=DIRECTION('center_axis',(0.,0.,-1.));
#1185=DIRECTION('ref_axis',(1.,0.,0.));
#1186=DIRECTION('center_axis',(0.,0.,1.));
#1187=DIRECTION('ref_axis',(1.,0.,0.));
#1188=DIRECTION('center_axis',(0.,0.,1.));
#1189=DIRECTION('ref_axis',(1.,0.,0.));
#1190=DIRECTION('center_axis',(0.,0.,-1.));
#1191=DIRECTION('ref_axis',(1.,0.,0.));
#1192=DIRECTION('center_axis',(0.,0.,1.));
#1193=DIRECTION('ref_axis',(1.,0.,0.));
#1194=DIRECTION('center_axis',(0.,0.,-1.));
#1195=DIRECTION('ref_axis',(1.,0.,0.));
#1196=DIRECTION('center_axis',(0.,0.,1.));
#1197=DIRECTION('ref_axis',(1.,0.,0.));
#1198=DIRECTION('center_axis',(0.,0.,-1.));
#1199=DIRECTION('ref_axis',(-1.,1.22464679914735E-16,0.));
#1200=DIRECTION('center_axis',(0.,0.,1.));
#1201=DIRECTION('ref_axis',(1.,0.,0.));
#1202=DIRECTION('center_axis',(0.,0.,1.));
#1203=DIRECTION('ref_axis',(1.,0.,0.));
#1204=DIRECTION('center_axis',(0.,0.,-1.));
#1205=DIRECTION('ref_axis',(-1.,0.,0.));
#1206=DIRECTION('center_axis',(0.,0.,1.));
#1207=DIRECTION('ref_axis',(1.,0.,0.));
#1208=DIRECTION('',(0.,-1.,0.));
#1209=DIRECTION('center_axis',(0.,0.,1.));
#1210=DIRECTION('ref_axis',(1.,0.,0.));
#1211=DIRECTION('',(0.,1.,0.));
#1212=DIRECTION('center_axis',(1.,0.,0.));
#1213=DIRECTION('ref_axis',(0.,-1.,0.));
#1214=DIRECTION('',(0.,1.,0.));
#1215=DIRECTION('center_axis',(-1.,0.,0.));
#1216=DIRECTION('ref_axis',(0.,1.,0.));
#1217=DIRECTION('',(0.,-1.,0.));
#1218=DIRECTION('center_axis',(0.,0.,1.));
#1219=DIRECTION('ref_axis',(1.,0.,0.));
#1220=DIRECTION('center_axis',(0.,0.,-1.));
#1221=DIRECTION('ref_axis',(1.,0.,0.));
#1222=DIRECTION('center_axis',(0.,0.,1.));
#1223=DIRECTION('ref_axis',(1.,0.,0.));
#1224=DIRECTION('center_axis',(0.,0.,-1.));
#1225=DIRECTION('ref_axis',(1.,0.,0.));
#1226=DIRECTION('center_axis',(0.,0.,1.));
#1227=DIRECTION('ref_axis',(1.,0.,0.));
#1228=DIRECTION('center_axis',(0.,0.,-1.));
#1229=DIRECTION('ref_axis',(1.,0.,0.));
#1230=DIRECTION('center_axis',(0.,0.,1.));
#1231=DIRECTION('ref_axis',(1.,0.,0.));
#1232=DIRECTION('center_axis',(0.,0.,-1.));
#1233=DIRECTION('ref_axis',(-1.,0.,0.));
#1234=DIRECTION('center_axis',(0.,0.,1.));
#1235=DIRECTION('ref_axis',(1.,0.,0.));
#1236=DIRECTION('',(0.,-1.,0.));
#1237=DIRECTION('center_axis',(0.,0.,1.));
#1238=DIRECTION('ref_axis',(1.,0.,0.));
#1239=DIRECTION('',(0.,1.,0.));
#1240=DIRECTION('center_axis',(1.,0.,0.));
#1241=DIRECTION('ref_axis',(0.,-1.,0.));
#1242=DIRECTION('',(0.,1.,0.));
#1243=DIRECTION('center_axis',(-1.,0.,0.));
#1244=DIRECTION('ref_axis',(0.,1.,0.));
#1245=DIRECTION('',(-1.64324135434229E-15,-0.836813391169572,0.547488217552927));
#1246=DIRECTION('',(1.64324135434229E-15,-0.836813391169572,-0.547488217552927));
#1247=DIRECTION('',(0.,-1.,0.));
#1248=DIRECTION('center_axis',(0.,0.,1.));
#1249=DIRECTION('ref_axis',(1.,0.,0.));
#1250=DIRECTION('center_axis',(0.,0.,-1.));
#1251=DIRECTION('ref_axis',(1.,0.,0.));
#1252=DIRECTION('center_axis',(0.,0.,1.));
#1253=DIRECTION('ref_axis',(1.,0.,0.));
#1254=DIRECTION('center_axis',(0.,0.,-1.));
#1255=DIRECTION('ref_axis',(1.,0.,0.));
#1256=DIRECTION('center_axis',(0.,0.,1.));
#1257=DIRECTION('ref_axis',(1.,0.,0.));
#1258=DIRECTION('center_axis',(0.,0.,-1.));
#1259=DIRECTION('ref_axis',(-1.,0.,0.));
#1260=DIRECTION('center_axis',(0.,0.,1.));
#1261=DIRECTION('ref_axis',(1.,0.,0.));
#1262=DIRECTION('',(0.,-1.,0.));
#1263=DIRECTION('center_axis',(0.,0.,1.));
#1264=DIRECTION('ref_axis',(1.,0.,0.));
#1265=DIRECTION('',(0.,1.,0.));
#1266=DIRECTION('center_axis',(1.,0.,0.));
#1267=DIRECTION('ref_axis',(0.,-1.,0.));
#1268=DIRECTION('',(0.,1.,0.));
#1269=DIRECTION('center_axis',(-1.,0.,0.));
#1270=DIRECTION('ref_axis',(0.,1.,0.));
#1271=DIRECTION('',(0.,-1.,0.));
#1272=DIRECTION('center_axis',(0.,0.,1.));
#1273=DIRECTION('ref_axis',(1.,0.,0.));
#1274=DIRECTION('center_axis',(0.,0.,-1.));
#1275=DIRECTION('ref_axis',(1.,0.,0.));
#1276=DIRECTION('center_axis',(0.,0.,1.));
#1277=DIRECTION('ref_axis',(1.,0.,0.));
#1278=DIRECTION('center_axis',(0.,0.,-1.));
#1279=DIRECTION('ref_axis',(1.,0.,0.));
#1280=DIRECTION('center_axis',(0.,0.,1.));
#1281=DIRECTION('ref_axis',(1.,0.,0.));
#1282=DIRECTION('center_axis',(0.,0.,-1.));
#1283=DIRECTION('ref_axis',(-1.,0.,0.));
#1284=DIRECTION('center_axis',(0.,0.,1.));
#1285=DIRECTION('ref_axis',(1.,0.,0.));
#1286=DIRECTION('',(0.,-1.,0.));
#1287=DIRECTION('center_axis',(0.,0.,1.));
#1288=DIRECTION('ref_axis',(1.,0.,0.));
#1289=DIRECTION('',(0.,1.,0.));
#1290=DIRECTION('center_axis',(1.,0.,0.));
#1291=DIRECTION('ref_axis',(0.,-1.,0.));
#1292=DIRECTION('',(0.,1.,0.));
#1293=DIRECTION('center_axis',(-1.,0.,0.));
#1294=DIRECTION('ref_axis',(0.,1.,0.));
#1295=DIRECTION('',(0.,-1.,0.));
#1296=DIRECTION('center_axis',(0.,0.,1.));
#1297=DIRECTION('ref_axis',(1.,0.,0.));
#1298=DIRECTION('center_axis',(0.,0.,-1.));
#1299=DIRECTION('ref_axis',(1.,0.,0.));
#1300=DIRECTION('center_axis',(0.,0.,1.));
#1301=DIRECTION('ref_axis',(1.,0.,0.));
#1302=DIRECTION('center_axis',(0.,0.,-1.));
#1303=DIRECTION('ref_axis',(1.,0.,0.));
#1304=DIRECTION('center_axis',(0.,0.,1.));
#1305=DIRECTION('ref_axis',(1.,0.,0.));
#1306=DIRECTION('center_axis',(0.,0.,-1.));
#1307=DIRECTION('ref_axis',(-1.,0.,0.));
#1308=DIRECTION('center_axis',(0.,0.,1.));
#1309=DIRECTION('ref_axis',(1.,0.,0.));
#1310=DIRECTION('',(0.,-1.,0.));
#1311=DIRECTION('center_axis',(0.,0.,1.));
#1312=DIRECTION('ref_axis',(1.,0.,0.));
#1313=DIRECTION('',(0.,1.,0.));
#1314=DIRECTION('center_axis',(1.,0.,0.));
#1315=DIRECTION('ref_axis',(0.,-1.,0.));
#1316=DIRECTION('',(-1.64324135434232E-15,0.836813391169574,-0.547488217552923));
#1317=DIRECTION('',(0.,-1.,0.));
#1318=DIRECTION('',(1.64324135434232E-15,0.836813391169574,0.547488217552923));
#1319=DIRECTION('center_axis',(-1.,0.,0.));
#1320=DIRECTION('ref_axis',(0.,1.,0.));
#1321=DIRECTION('',(0.,1.,0.));
#1322=DIRECTION('center_axis',(0.,0.,1.));
#1323=DIRECTION('ref_axis',(1.,0.,0.));
#1324=DIRECTION('center_axis',(0.,0.,-1.));
#1325=DIRECTION('ref_axis',(1.,0.,0.));
#1326=DIRECTION('',(-0.835189984766694,-1.02281274152446E-16,-0.549961534423463));
#1327=DIRECTION('center_axis',(0.,0.,1.));
#1328=DIRECTION('ref_axis',(1.,0.,0.));
#1329=DIRECTION('center_axis',(0.,0.,-1.));
#1330=DIRECTION('ref_axis',(1.,0.,0.));
#1331=DIRECTION('',(-0.201686971425043,-2.46995303985402E-17,-0.979450032190205));
#1332=DIRECTION('center_axis',(0.,0.,1.));
#1333=DIRECTION('ref_axis',(1.,0.,0.));
#1334=DIRECTION('center_axis',(0.,0.,1.));
#1335=DIRECTION('ref_axis',(1.,0.,0.));
#1336=DIRECTION('',(0.707106781186544,8.65956056235489E-17,-0.707106781186551));
#1337=DIRECTION('center_axis',(0.,0.,1.));
#1338=DIRECTION('ref_axis',(1.,0.,0.));
#1339=DIRECTION('center_axis',(0.,0.,1.));
#1340=DIRECTION('ref_axis',(1.,0.,0.));
#1341=DIRECTION('',(0.,0.,-1.));
#1342=DIRECTION('center_axis',(0.,0.,1.));
#1343=DIRECTION('ref_axis',(1.,0.,0.));
#1344=DIRECTION('center_axis',(0.,0.,-1.));
#1345=DIRECTION('ref_axis',(-1.,0.,0.));
#1346=DIRECTION('center_axis',(0.,0.,1.));
#1347=DIRECTION('ref_axis',(1.,0.,0.));
#1348=DIRECTION('center_axis',(0.,0.,1.));
#1349=DIRECTION('ref_axis',(1.,0.,0.));
#1350=DIRECTION('center_axis',(0.,0.,1.));
#1351=DIRECTION('ref_axis',(1.,0.,0.));
#1352=DIRECTION('',(0.685553917017839,8.39561410118826E-17,-0.728021858780008));
#1353=DIRECTION('center_axis',(0.,0.,-1.));
#1354=DIRECTION('ref_axis',(1.,0.,0.));
#1355=DIRECTION('center_axis',(0.,0.,1.));
#1356=DIRECTION('ref_axis',(1.,0.,0.));
#1357=DIRECTION('',(-0.201686971425042,-2.46995303985401E-17,-0.979450032190205));
#1358=DIRECTION('center_axis',(0.,0.,1.));
#1359=DIRECTION('ref_axis',(1.,0.,0.));
#1360=DIRECTION('center_axis',(0.,0.,1.));
#1361=DIRECTION('ref_axis',(1.,0.,0.));
#1362=DIRECTION('center_axis',(0.,0.,-1.));
#1363=DIRECTION('ref_axis',(1.,0.,0.));
#1364=DIRECTION('',(-0.173648177666929,-2.12657684957576E-17,-0.984807753012208));
#1365=CARTESIAN_POINT('',(0.,0.,0.));
#1366=CARTESIAN_POINT('Origin',(-17.85,0.,36.75));
#1367=CARTESIAN_POINT('',(-17.1,18.3069994793767,36.75));
#1368=CARTESIAN_POINT('',(-18.6,16.7808292386848,36.75));
#1369=CARTESIAN_POINT('Origin',(0.,0.,36.75));
#1370=CARTESIAN_POINT('',(-17.1,-18.3069994793767,36.75));
#1371=CARTESIAN_POINT('',(-17.1,-33.5,36.75));
#1372=CARTESIAN_POINT('',(-18.6,-16.7808292386848,36.75));
#1373=CARTESIAN_POINT('Origin',(0.,0.,36.75));
#1374=CARTESIAN_POINT('',(-18.6,33.5,36.75));
#1375=CARTESIAN_POINT('Origin',(-17.1,33.5,43.75));
#1376=CARTESIAN_POINT('',(-17.1,17.9207390464957,36.9349497102882));
#1377=CARTESIAN_POINT('Ctrl Pts',(-17.1,17.9207390464957,36.9349497102882));
#1378=CARTESIAN_POINT('Ctrl Pts',(-17.1,18.1127804782202,36.8434608227759));
#1379=CARTESIAN_POINT('Ctrl Pts',(-17.1,18.3069994793767,36.75));
#1380=CARTESIAN_POINT('',(-17.1,16.4157848949145,42.1118737037786));
#1381=CARTESIAN_POINT('Ctrl Pts',(-17.1,16.4157848949145,42.1118737037786));
#1382=CARTESIAN_POINT('Ctrl Pts',(-17.1,17.1517138616566,39.6368628133485));
#1383=CARTESIAN_POINT('Ctrl Pts',(-17.1,17.9207390464957,36.9349497102882));
#1384=CARTESIAN_POINT('',(-17.1,12.8078091391018,43.75));
#1385=CARTESIAN_POINT('Ctrl Pts',(-17.1,12.8078091391018,43.75));
#1386=CARTESIAN_POINT('Ctrl Pts',(-17.1,14.5181535297769,43.0320592524202));
#1387=CARTESIAN_POINT('Ctrl Pts',(-17.1,16.4157848949145,42.1118737037786));
#1388=CARTESIAN_POINT('',(-17.1,-12.8078091391018,43.75));
#1389=CARTESIAN_POINT('',(-17.1,-33.5,43.75));
#1390=CARTESIAN_POINT('',(-17.1,-16.4157848949145,42.1118737037786));
#1391=CARTESIAN_POINT('Ctrl Pts',(-17.1,-16.4157848949145,42.1118737037786));
#1392=CARTESIAN_POINT('Ctrl Pts',(-17.1,-14.5181535297769,43.0320592524202));
#1393=CARTESIAN_POINT('Ctrl Pts',(-17.1,-12.8078091391018,43.75));
#1394=CARTESIAN_POINT('',(-17.1,-17.9207390464957,36.9349497102882));
#1395=CARTESIAN_POINT('Ctrl Pts',(-17.1,-17.9207390464957,36.9349497102882));
#1396=CARTESIAN_POINT('Ctrl Pts',(-17.1,-17.1517138616566,39.6368628133485));
#1397=CARTESIAN_POINT('Ctrl Pts',(-17.1,-16.4157848949145,42.1118737037786));
#1398=CARTESIAN_POINT('Ctrl Pts',(-17.1,-18.3069994793767,36.75));
#1399=CARTESIAN_POINT('Ctrl Pts',(-17.1,-18.1127804782202,36.8434608227759));
#1400=CARTESIAN_POINT('Ctrl Pts',(-17.1,-17.9207390464957,36.9349497102882));
#1401=CARTESIAN_POINT('Origin',(-18.6,-33.5,43.75));
#1402=CARTESIAN_POINT('',(-18.6,16.3585723085052,36.9349497102882));
#1403=CARTESIAN_POINT('Ctrl Pts',(-18.6,16.7808292386848,36.75));
#1404=CARTESIAN_POINT('Ctrl Pts',(-18.6,16.5685105225291,36.8436531548906));
#1405=CARTESIAN_POINT('Ctrl Pts',(-18.6,16.3585723085052,36.9349497102882));
#1406=CARTESIAN_POINT('',(-18.6,-16.3585723085052,36.9349497102882));
#1407=CARTESIAN_POINT('Ctrl Pts',(-18.6,-16.3585723085052,36.9349497102882));
#1408=CARTESIAN_POINT('Ctrl Pts',(-18.6,-16.5685105225291,36.8436531548906));
#1409=CARTESIAN_POINT('Ctrl Pts',(-18.6,-16.7808292386848,36.75));
#1410=CARTESIAN_POINT('',(-18.6,-14.6944885489799,42.1118737037786));
#1411=CARTESIAN_POINT('Ctrl Pts',(-18.6,-14.6944885489799,42.1118737037786));
#1412=CARTESIAN_POINT('Ctrl Pts',(-18.6,-15.5082325693094,39.6621232366538));
#1413=CARTESIAN_POINT('Ctrl Pts',(-18.6,-16.3585723085052,36.9349497102882));
#1414=CARTESIAN_POINT('',(-18.6,-10.5114211666957,43.75));
#1415=CARTESIAN_POINT('Ctrl Pts',(-18.6,-10.5114211666957,43.75));
#1416=CARTESIAN_POINT('Ctrl Pts',(-18.6,-12.4943851102808,43.0668651471796));
#1417=CARTESIAN_POINT('Ctrl Pts',(-18.6,-14.6944885489799,42.1118737037786));
#1418=CARTESIAN_POINT('',(-18.6,10.5114211666957,43.75));
#1419=CARTESIAN_POINT('',(-18.6,33.5,43.75));
#1420=CARTESIAN_POINT('',(-18.6,14.6944885489799,42.1118737037786));
#1421=CARTESIAN_POINT('Ctrl Pts',(-18.6,14.6944885489799,42.1118737037786));
#1422=CARTESIAN_POINT('Ctrl Pts',(-18.6,12.4943851102808,43.0668651471796));
#1423=CARTESIAN_POINT('Ctrl Pts',(-18.6,10.5114211666957,43.75));
#1424=CARTESIAN_POINT('Ctrl Pts',(-18.6,16.3585723085052,36.9349497102882));
#1425=CARTESIAN_POINT('Ctrl Pts',(-18.6,15.5082325693094,39.6621232366538));
#1426=CARTESIAN_POINT('Ctrl Pts',(-18.6,14.6944885489799,42.1118737037786));
#1427=CARTESIAN_POINT('Origin',(-17.85,0.,43.75));
#1428=CARTESIAN_POINT('Origin',(0.,0.,43.75));
#1429=CARTESIAN_POINT('Origin',(0.,0.,43.75));
#1430=CARTESIAN_POINT('Origin',(0.,0.,42.9461290988771));
#1431=CARTESIAN_POINT('',(-21.3212963553339,-2.61110573352317E-15,43.7803844939756));
#1432=CARTESIAN_POINT('Origin',(0.,0.,43.7803844939756));
#1433=CARTESIAN_POINT('',(-23.7041767145814,-2.90292441399353E-15,42.1118737037786));
#1434=CARTESIAN_POINT('',(-22.5127365349576,-2.75701507375835E-15,42.9461290988771));
#1435=CARTESIAN_POINT('Origin',(0.,0.,42.1118737037786));
#1436=CARTESIAN_POINT('',(-11.46,20.7498528601073,42.1118737037786));
#1437=CARTESIAN_POINT('Origin',(0.,0.,42.1118737037786));
#1438=CARTESIAN_POINT('',(-11.46,18.0310392086441,43.75));
#1439=CARTESIAN_POINT('Ctrl Pts',(-11.46,20.7498528601073,42.1118737037786));
#1440=CARTESIAN_POINT('Ctrl Pts',(-11.46,19.3198803741039,42.9883589468874));
#1441=CARTESIAN_POINT('Ctrl Pts',(-11.46,18.0310392086441,43.75));
#1442=CARTESIAN_POINT('',(-9.96,18.9010151828853,43.75));
#1443=CARTESIAN_POINT('Origin',(0.,0.,43.75));
#1444=CARTESIAN_POINT('',(-9.96,21.5101462969479,42.1118737037786));
#1445=CARTESIAN_POINT('Ctrl Pts',(-9.96,18.9010151828853,43.75));
#1446=CARTESIAN_POINT('Ctrl Pts',(-9.96,20.1378618435909,42.9838193493425));
#1447=CARTESIAN_POINT('Ctrl Pts',(-9.96,21.5101462969479,42.1118737037786));
#1448=CARTESIAN_POINT('',(-4.32,23.3072004692992,42.1118737037786));
#1449=CARTESIAN_POINT('Origin',(0.,0.,42.1118737037786));
#1450=CARTESIAN_POINT('',(-4.32,20.9233738900699,43.75));
#1451=CARTESIAN_POINT('Ctrl Pts',(-4.32,23.3072004692992,42.1118737037786));
#1452=CARTESIAN_POINT('Ctrl Pts',(-4.32,22.0534159674164,42.9750806264371));
#1453=CARTESIAN_POINT('Ctrl Pts',(-4.32,20.9233738900699,43.75));
#1454=CARTESIAN_POINT('',(-2.82,21.1777613298398,43.75));
#1455=CARTESIAN_POINT('Origin',(0.,0.,43.75));
#1456=CARTESIAN_POINT('',(-2.82,23.5358363717141,42.1118737037786));
#1457=CARTESIAN_POINT('Ctrl Pts',(-2.82,21.1777613298398,43.75));
#1458=CARTESIAN_POINT('Ctrl Pts',(-2.82,22.2955960085281,42.974132042496));
#1459=CARTESIAN_POINT('Ctrl Pts',(-2.82,23.5358363717141,42.1118737037786));
#1460=CARTESIAN_POINT('',(2.82,23.5358363717141,42.1118737037786));
#1461=CARTESIAN_POINT('Origin',(0.,0.,42.1118737037786));
#1462=CARTESIAN_POINT('',(2.82,21.1777613298398,43.75));
#1463=CARTESIAN_POINT('Ctrl Pts',(2.82,23.5358363717141,42.1118737037786));
#1464=CARTESIAN_POINT('Ctrl Pts',(2.82,22.2955960085281,42.974132042496));
#1465=CARTESIAN_POINT('Ctrl Pts',(2.82,21.1777613298398,43.75));
#1466=CARTESIAN_POINT('',(4.32,20.9233738900699,43.75));
#1467=CARTESIAN_POINT('Origin',(0.,0.,43.75));
#1468=CARTESIAN_POINT('',(4.32,23.3072004692992,42.1118737037786));
#1469=CARTESIAN_POINT('Ctrl Pts',(4.32,20.9233738900699,43.75));
#1470=CARTESIAN_POINT('Ctrl Pts',(4.32,22.0534159674142,42.9750806264386));
#1471=CARTESIAN_POINT('Ctrl Pts',(4.32,23.3072004692992,42.1118737037786));
#1472=CARTESIAN_POINT('',(9.96,21.5101462969479,42.1118737037786));
#1473=CARTESIAN_POINT('Origin',(0.,0.,42.1118737037786));
#1474=CARTESIAN_POINT('',(9.96,18.9010151828853,43.75));
#1475=CARTESIAN_POINT('Ctrl Pts',(9.96,21.5101462969479,42.1118737037786));
#1476=CARTESIAN_POINT('Ctrl Pts',(9.96,20.137861843589,42.9838193493437));
#1477=CARTESIAN_POINT('Ctrl Pts',(9.96,18.9010151828853,43.75));
#1478=CARTESIAN_POINT('',(11.46,18.0310392086441,43.75));
#1479=CARTESIAN_POINT('Origin',(0.,0.,43.75));
#1480=CARTESIAN_POINT('',(11.46,20.7498528601073,42.1118737037786));
#1481=CARTESIAN_POINT('Ctrl Pts',(11.46,18.0310392086441,43.75));
#1482=CARTESIAN_POINT('Ctrl Pts',(11.46,19.319880374103,42.988358946888));
#1483=CARTESIAN_POINT('Ctrl Pts',(11.46,20.7498528601073,42.1118737037786));
#1484=CARTESIAN_POINT('',(17.1,16.4157848949145,42.1118737037786));
#1485=CARTESIAN_POINT('Origin',(0.,0.,42.1118737037786));
#1486=CARTESIAN_POINT('',(17.1,12.8078091391018,43.75));
#1487=CARTESIAN_POINT('Ctrl Pts',(17.1,16.4157848949145,42.1118737037786));
#1488=CARTESIAN_POINT('Ctrl Pts',(17.1,14.5181535297767,43.0320592524203));
#1489=CARTESIAN_POINT('Ctrl Pts',(17.1,12.8078091391018,43.75));
#1490=CARTESIAN_POINT('',(18.6,10.5114211666957,43.75));
#1491=CARTESIAN_POINT('Origin',(0.,0.,43.75));
#1492=CARTESIAN_POINT('',(18.6,14.6944885489799,42.1118737037786));
#1493=CARTESIAN_POINT('Ctrl Pts',(18.6,10.5114211666957,43.75));
#1494=CARTESIAN_POINT('Ctrl Pts',(18.6,12.4943851102808,43.0668651471796));
#1495=CARTESIAN_POINT('Ctrl Pts',(18.6,14.6944885489799,42.1118737037786));
#1496=CARTESIAN_POINT('',(18.6,-14.6944885489799,42.1118737037786));
#1497=CARTESIAN_POINT('Origin',(0.,0.,42.1118737037786));
#1498=CARTESIAN_POINT('',(18.6,-10.5114211666957,43.75));
#1499=CARTESIAN_POINT('Ctrl Pts',(18.6,-14.6944885489799,42.1118737037786));
#1500=CARTESIAN_POINT('Ctrl Pts',(18.6,-12.4943851102808,43.0668651471796));
#1501=CARTESIAN_POINT('Ctrl Pts',(18.6,-10.5114211666957,43.75));
#1502=CARTESIAN_POINT('',(17.1,-12.8078091391018,43.75));
#1503=CARTESIAN_POINT('Origin',(0.,0.,43.75));
#1504=CARTESIAN_POINT('',(17.1,-16.4157848949145,42.1118737037786));
#1505=CARTESIAN_POINT('Ctrl Pts',(17.1,-12.8078091391018,43.75));
#1506=CARTESIAN_POINT('Ctrl Pts',(17.1,-14.5181535297767,43.0320592524203));
#1507=CARTESIAN_POINT('Ctrl Pts',(17.1,-16.4157848949145,42.1118737037786));
#1508=CARTESIAN_POINT('',(11.46,-20.7498528601073,42.1118737037786));
#1509=CARTESIAN_POINT('Origin',(0.,0.,42.1118737037786));
#1510=CARTESIAN_POINT('',(11.46,-18.0310392086441,43.75));
#1511=CARTESIAN_POINT('Ctrl Pts',(11.46,-20.7498528601073,42.1118737037786));
#1512=CARTESIAN_POINT('Ctrl Pts',(11.46,-19.319880374103,42.988358946888));
#1513=CARTESIAN_POINT('Ctrl Pts',(11.46,-18.0310392086441,43.75));
#1514=CARTESIAN_POINT('',(9.96,-18.9010151828853,43.75));
#1515=CARTESIAN_POINT('Origin',(0.,0.,43.75));
#1516=CARTESIAN_POINT('',(9.96,-21.5101462969479,42.1118737037786));
#1517=CARTESIAN_POINT('Ctrl Pts',(9.96,-18.9010151828853,43.75));
#1518=CARTESIAN_POINT('Ctrl Pts',(9.96,-20.137861843589,42.9838193493437));
#1519=CARTESIAN_POINT('Ctrl Pts',(9.96,-21.5101462969479,42.1118737037786));
#1520=CARTESIAN_POINT('',(4.32,-23.3072004692992,42.1118737037786));
#1521=CARTESIAN_POINT('Origin',(0.,0.,42.1118737037786));
#1522=CARTESIAN_POINT('',(4.32,-20.9233738900699,43.75));
#1523=CARTESIAN_POINT('Ctrl Pts',(4.32,-23.3072004692992,42.1118737037786));
#1524=CARTESIAN_POINT('Ctrl Pts',(4.32,-22.0534159674142,42.9750806264386));
#1525=CARTESIAN_POINT('Ctrl Pts',(4.32,-20.9233738900699,43.75));
#1526=CARTESIAN_POINT('',(2.82,-21.1777613298398,43.75));
#1527=CARTESIAN_POINT('Origin',(0.,0.,43.75));
#1528=CARTESIAN_POINT('',(2.82,-23.5358363717141,42.1118737037786));
#1529=CARTESIAN_POINT('Ctrl Pts',(2.82,-21.1777613298398,43.75));
#1530=CARTESIAN_POINT('Ctrl Pts',(2.82,-22.2955960085281,42.974132042496));
#1531=CARTESIAN_POINT('Ctrl Pts',(2.82,-23.5358363717141,42.1118737037786));
#1532=CARTESIAN_POINT('',(-2.82,-23.5358363717141,42.1118737037786));
#1533=CARTESIAN_POINT('Origin',(0.,0.,42.1118737037786));
#1534=CARTESIAN_POINT('',(-2.82,-21.1777613298398,43.75));
#1535=CARTESIAN_POINT('Ctrl Pts',(-2.82,-23.5358363717141,42.1118737037786));
#1536=CARTESIAN_POINT('Ctrl Pts',(-2.82,-22.2955960085281,42.974132042496));
#1537=CARTESIAN_POINT('Ctrl Pts',(-2.82,-21.1777613298398,43.75));
#1538=CARTESIAN_POINT('',(-4.32,-20.9233738900699,43.75));
#1539=CARTESIAN_POINT('Origin',(0.,0.,43.75));
#1540=CARTESIAN_POINT('',(-4.32,-23.3072004692992,42.1118737037786));
#1541=CARTESIAN_POINT('Ctrl Pts',(-4.32,-20.9233738900699,43.75));
#1542=CARTESIAN_POINT('Ctrl Pts',(-4.32,-22.0534159674164,42.9750806264371));
#1543=CARTESIAN_POINT('Ctrl Pts',(-4.32,-23.3072004692992,42.1118737037786));
#1544=CARTESIAN_POINT('',(-9.96,-21.5101462969479,42.1118737037786));
#1545=CARTESIAN_POINT('Origin',(0.,0.,42.1118737037786));
#1546=CARTESIAN_POINT('',(-9.96,-18.9010151828853,43.75));
#1547=CARTESIAN_POINT('Ctrl Pts',(-9.96,-21.5101462969479,42.1118737037786));
#1548=CARTESIAN_POINT('Ctrl Pts',(-9.96,-20.1378618435909,42.9838193493425));
#1549=CARTESIAN_POINT('Ctrl Pts',(-9.96,-18.9010151828853,43.75));
#1550=CARTESIAN_POINT('',(-11.46,-18.0310392086441,43.75));
#1551=CARTESIAN_POINT('Origin',(0.,0.,43.75));
#1552=CARTESIAN_POINT('',(-11.46,-20.7498528601073,42.1118737037786));
#1553=CARTESIAN_POINT('Ctrl Pts',(-11.46,-18.0310392086441,43.75));
#1554=CARTESIAN_POINT('Ctrl Pts',(-11.46,-19.3198803741039,42.9883589468874));
#1555=CARTESIAN_POINT('Ctrl Pts',(-11.46,-20.7498528601073,42.1118737037786));
#1556=CARTESIAN_POINT('Origin',(0.,0.,42.1118737037786));
#1557=CARTESIAN_POINT('Origin',(0.,0.,42.1118737037786));
#1558=CARTESIAN_POINT('Origin',(0.,0.,39.5234117070334));
#1559=CARTESIAN_POINT('',(-11.46,-21.9597652075926,36.9349497102882));
#1560=CARTESIAN_POINT('Ctrl Pts',(-11.46,-20.7498528601073,42.1118737037786));
#1561=CARTESIAN_POINT('Ctrl Pts',(-11.46,-21.341505132557,39.5967397365187));
#1562=CARTESIAN_POINT('Ctrl Pts',(-11.46,-21.9597652075926,36.9349497102882));
#1563=CARTESIAN_POINT('Origin',(0.,0.,36.9349497102882));
#1564=CARTESIAN_POINT('Origin',(0.,0.,39.5234117070334));
#1565=CARTESIAN_POINT('',(-11.46,21.9597652075926,36.9349497102882));
#1566=CARTESIAN_POINT('Origin',(0.,0.,36.9349497102882));
#1567=CARTESIAN_POINT('Ctrl Pts',(-11.46,21.9597652075926,36.9349497102882));
#1568=CARTESIAN_POINT('Ctrl Pts',(-11.46,21.341505132557,39.5967397365187));
#1569=CARTESIAN_POINT('Ctrl Pts',(-11.46,20.7498528601073,42.1118737037786));
#1570=CARTESIAN_POINT('Origin',(0.,0.,39.5234117070334));
#1571=CARTESIAN_POINT('',(-24.770201613483,-3.03347481201865E-15,36.9349497102882));
#1572=CARTESIAN_POINT('Origin',(0.,0.,36.9349497102882));
#1573=CARTESIAN_POINT('Origin',(0.,0.,36.9349497102882));
#1574=CARTESIAN_POINT('Origin',(10.71,0.,36.75));
#1575=CARTESIAN_POINT('',(11.46,22.276099971447,36.75));
#1576=CARTESIAN_POINT('',(9.96,22.9859659344109,36.75));
#1577=CARTESIAN_POINT('Origin',(0.,0.,36.75));
#1578=CARTESIAN_POINT('',(11.46,-22.276099971447,36.75));
#1579=CARTESIAN_POINT('',(11.46,-33.5,36.75));
#1580=CARTESIAN_POINT('',(9.96,-22.9859659344109,36.75));
#1581=CARTESIAN_POINT('Origin',(0.,0.,36.75));
#1582=CARTESIAN_POINT('',(9.96,33.5,36.75));
#1583=CARTESIAN_POINT('Origin',(11.46,33.5,43.75));
#1584=CARTESIAN_POINT('',(11.46,21.9597652075926,36.9349497102882));
#1585=CARTESIAN_POINT('Ctrl Pts',(11.46,21.9597652075926,36.9349497102882));
#1586=CARTESIAN_POINT('Ctrl Pts',(11.46,22.1170409101675,36.8431361513818));
#1587=CARTESIAN_POINT('Ctrl Pts',(11.46,22.276099971447,36.75));
#1588=CARTESIAN_POINT('Ctrl Pts',(11.46,20.7498528601073,42.1118737037786));
#1589=CARTESIAN_POINT('Ctrl Pts',(11.46,21.3415051325563,39.5967397365213));
#1590=CARTESIAN_POINT('Ctrl Pts',(11.46,21.9597652075926,36.9349497102882));
#1591=CARTESIAN_POINT('',(11.46,-33.5,43.75));
#1592=CARTESIAN_POINT('',(11.46,-21.9597652075926,36.9349497102882));
#1593=CARTESIAN_POINT('Ctrl Pts',(11.46,-21.9597652075926,36.9349497102882));
#1594=CARTESIAN_POINT('Ctrl Pts',(11.46,-21.3415051325563,39.5967397365213));
#1595=CARTESIAN_POINT('Ctrl Pts',(11.46,-20.7498528601073,42.1118737037786));
#1596=CARTESIAN_POINT('Ctrl Pts',(11.46,-22.276099971447,36.75));
#1597=CARTESIAN_POINT('Ctrl Pts',(11.46,-22.1170409101675,36.8431361513818));
#1598=CARTESIAN_POINT('Ctrl Pts',(11.46,-21.9597652075926,36.9349497102882));
#1599=CARTESIAN_POINT('Origin',(9.96,-33.5,43.75));
#1600=CARTESIAN_POINT('',(9.96,22.6795345625212,36.9349497102882));
#1601=CARTESIAN_POINT('Ctrl Pts',(9.96,22.9859659344109,36.75));
#1602=CARTESIAN_POINT('Ctrl Pts',(9.96,22.8318864846029,36.8430953935609));
#1603=CARTESIAN_POINT('Ctrl Pts',(9.96,22.6795345625212,36.9349497102882));
#1604=CARTESIAN_POINT('',(9.96,-22.6795345625212,36.9349497102882));
#1605=CARTESIAN_POINT('Ctrl Pts',(9.96,-22.6795345625212,36.9349497102882));
#1606=CARTESIAN_POINT('Ctrl Pts',(9.96,-22.8318864846029,36.8430953935609));
#1607=CARTESIAN_POINT('Ctrl Pts',(9.96,-22.9859659344109,36.75));
#1608=CARTESIAN_POINT('Ctrl Pts',(9.96000000000001,-21.5101462969479,42.1118737037786));
#1609=CARTESIAN_POINT('Ctrl Pts',(9.96000000000001,-22.081982121359,39.5919099860499));
#1610=CARTESIAN_POINT('Ctrl Pts',(9.96,-22.6795345625212,36.9349497102882));
#1611=CARTESIAN_POINT('',(9.96,33.5,43.75));
#1612=CARTESIAN_POINT('Ctrl Pts',(9.96,22.6795345625212,36.9349497102882));
#1613=CARTESIAN_POINT('Ctrl Pts',(9.96000000000001,22.081982121359,39.5919099860499));
#1614=CARTESIAN_POINT('Ctrl Pts',(9.96000000000001,21.5101462969479,42.1118737037786));
#1615=CARTESIAN_POINT('Origin',(10.71,0.,43.75));
#1616=CARTESIAN_POINT('Origin',(0.,0.,39.5234117070334));
#1617=CARTESIAN_POINT('',(17.1,17.9207390464957,36.9349497102882));
#1618=CARTESIAN_POINT('Origin',(0.,0.,36.9349497102882));
#1619=CARTESIAN_POINT('Ctrl Pts',(17.1,17.9207390464957,36.9349497102882));
#1620=CARTESIAN_POINT('Ctrl Pts',(17.1,17.1517138616555,39.6368628133523));
#1621=CARTESIAN_POINT('Ctrl Pts',(17.1,16.4157848949145,42.1118737037786));
#1622=CARTESIAN_POINT('Origin',(0.,0.,39.5234117070334));
#1623=CARTESIAN_POINT('',(4.32,24.390581952315,36.9349497102882));
#1624=CARTESIAN_POINT('Ctrl Pts',(4.32,23.3072004692992,42.1118737037786));
#1625=CARTESIAN_POINT('Ctrl Pts',(4.32,23.8369786117481,39.5822046262897));
#1626=CARTESIAN_POINT('Ctrl Pts',(4.32,24.390581952315,36.9349497102882));
#1627=CARTESIAN_POINT('Origin',(0.,0.,36.9349497102882));
#1628=CARTESIAN_POINT('Origin',(0.,0.,39.5234117070334));
#1629=CARTESIAN_POINT('',(17.1,-17.9207390464957,36.9349497102882));
#1630=CARTESIAN_POINT('Ctrl Pts',(17.1,-16.4157848949145,42.1118737037786));
#1631=CARTESIAN_POINT('Ctrl Pts',(17.1,-17.1517138616555,39.6368628133523));
#1632=CARTESIAN_POINT('Ctrl Pts',(17.1,-17.9207390464957,36.9349497102882));
#1633=CARTESIAN_POINT('Origin',(0.,0.,36.9349497102882));
#1634=CARTESIAN_POINT('Origin',(3.57,0.,36.75));
#1635=CARTESIAN_POINT('',(4.32,24.6757741507313,36.75));
#1636=CARTESIAN_POINT('',(2.82,24.8918426384609,36.75));
#1637=CARTESIAN_POINT('Origin',(0.,0.,36.75));
#1638=CARTESIAN_POINT('',(4.32,-24.6757741507313,36.75));
#1639=CARTESIAN_POINT('',(4.32,-33.5,36.75));
#1640=CARTESIAN_POINT('',(2.82,-24.8918426384609,36.75));
#1641=CARTESIAN_POINT('Origin',(0.,0.,36.75));
#1642=CARTESIAN_POINT('',(2.82,33.5,36.75));
#1643=CARTESIAN_POINT('Origin',(4.32,33.5,43.75));
#1644=CARTESIAN_POINT('Ctrl Pts',(4.32,24.390581952315,36.9349497102882));
#1645=CARTESIAN_POINT('Ctrl Pts',(4.32,24.5323741564333,36.8430123538683));
#1646=CARTESIAN_POINT('Ctrl Pts',(4.32,24.6757741507313,36.75));
#1647=CARTESIAN_POINT('',(4.32,-33.5,43.75));
#1648=CARTESIAN_POINT('',(4.32,-24.390581952315,36.9349497102882));
#1649=CARTESIAN_POINT('Ctrl Pts',(4.32,-24.390581952315,36.9349497102882));
#1650=CARTESIAN_POINT('Ctrl Pts',(4.32,-23.8369786117481,39.5822046262897));
#1651=CARTESIAN_POINT('Ctrl Pts',(4.32,-23.3072004692992,42.1118737037786));
#1652=CARTESIAN_POINT('Ctrl Pts',(4.32,-24.6757741507313,36.75));
#1653=CARTESIAN_POINT('Ctrl Pts',(4.32,-24.5323741564333,36.8430123538683));
#1654=CARTESIAN_POINT('Ctrl Pts',(4.32,-24.390581952315,36.9349497102882));
#1655=CARTESIAN_POINT('Origin',(2.82,-33.5,43.75));
#1656=CARTESIAN_POINT('',(2.82,24.6091545562336,36.9349497102882));
#1657=CARTESIAN_POINT('',(2.82,24.7504985973473,36.8424748551441));
#1658=CARTESIAN_POINT('',(2.82,-24.6091545562336,36.9349497102882));
#1659=CARTESIAN_POINT('',(2.82,-24.7504985973473,36.8424748551441));
#1660=CARTESIAN_POINT('Ctrl Pts',(2.82,-23.5358363717141,42.1118737037786));
#1661=CARTESIAN_POINT('Ctrl Pts',(2.82,-24.0606935216507,39.5811174541803));
#1662=CARTESIAN_POINT('Ctrl Pts',(2.82,-24.6091545562336,36.9349497102882));
#1663=CARTESIAN_POINT('',(2.82,33.5,43.75));
#1664=CARTESIAN_POINT('Ctrl Pts',(2.82,24.6091545562336,36.9349497102882));
#1665=CARTESIAN_POINT('Ctrl Pts',(2.82,24.0606935216507,39.5811174541803));
#1666=CARTESIAN_POINT('Ctrl Pts',(2.82,23.5358363717141,42.1118737037786));
#1667=CARTESIAN_POINT('Origin',(3.57,0.,43.75));
#1668=CARTESIAN_POINT('Origin',(0.,0.,39.5234117070334));
#1669=CARTESIAN_POINT('',(-2.82,24.6091545562336,36.9349497102882));
#1670=CARTESIAN_POINT('Ctrl Pts',(-2.82,23.5358363717141,42.1118737037786));
#1671=CARTESIAN_POINT('Ctrl Pts',(-2.82,24.0606935216507,39.5811174541803));
#1672=CARTESIAN_POINT('Ctrl Pts',(-2.82,24.6091545562336,36.9349497102882));
#1673=CARTESIAN_POINT('Origin',(0.,0.,36.9349497102882));
#1674=CARTESIAN_POINT('Origin',(0.,0.,39.5234117070334));
#1675=CARTESIAN_POINT('Origin',(0.,0.,36.9349497102882));
#1676=CARTESIAN_POINT('Origin',(-10.71,0.,36.75));
#1677=CARTESIAN_POINT('',(-9.96,22.9859659344109,36.75));
#1678=CARTESIAN_POINT('',(-11.46,22.276099971447,36.75));
#1679=CARTESIAN_POINT('Origin',(0.,0.,36.75));
#1680=CARTESIAN_POINT('',(-9.96,-22.9859659344109,36.75));
#1681=CARTESIAN_POINT('',(-9.96,-33.5,36.75));
#1682=CARTESIAN_POINT('',(-11.46,-22.276099971447,36.75));
#1683=CARTESIAN_POINT('Origin',(0.,0.,36.75));
#1684=CARTESIAN_POINT('',(-11.46,33.5,36.75));
#1685=CARTESIAN_POINT('Origin',(-9.96,33.5,43.75));
#1686=CARTESIAN_POINT('',(-9.96,22.6795345625212,36.9349497102882));
#1687=CARTESIAN_POINT('Ctrl Pts',(-9.96,22.6795345625212,36.9349497102882));
#1688=CARTESIAN_POINT('Ctrl Pts',(-9.96,22.8318864846178,36.8430953935519));
#1689=CARTESIAN_POINT('Ctrl Pts',(-9.96,22.9859659344109,36.75));
#1690=CARTESIAN_POINT('Ctrl Pts',(-9.96,21.5101462969479,42.1118737037786));
#1691=CARTESIAN_POINT('Ctrl Pts',(-9.96,22.0819821213547,39.5919099860692));
#1692=CARTESIAN_POINT('Ctrl Pts',(-9.96,22.6795345625212,36.9349497102882));
#1693=CARTESIAN_POINT('',(-9.96,-33.5,43.75));
#1694=CARTESIAN_POINT('',(-9.96,-22.6795345625212,36.9349497102882));
#1695=CARTESIAN_POINT('Ctrl Pts',(-9.96,-22.6795345625212,36.9349497102882));
#1696=CARTESIAN_POINT('Ctrl Pts',(-9.96,-22.0819821213547,39.5919099860692));
#1697=CARTESIAN_POINT('Ctrl Pts',(-9.96,-21.5101462969479,42.1118737037786));
#1698=CARTESIAN_POINT('Ctrl Pts',(-9.96,-22.9859659344109,36.75));
#1699=CARTESIAN_POINT('Ctrl Pts',(-9.96,-22.8318864846178,36.8430953935519));
#1700=CARTESIAN_POINT('Ctrl Pts',(-9.96,-22.6795345625212,36.9349497102882));
#1701=CARTESIAN_POINT('Origin',(-11.46,-33.5,43.75));
#1702=CARTESIAN_POINT('Ctrl Pts',(-11.46,22.276099971447,36.75));
#1703=CARTESIAN_POINT('Ctrl Pts',(-11.46,22.1170409101586,36.843136151387));
#1704=CARTESIAN_POINT('Ctrl Pts',(-11.46,21.9597652075926,36.9349497102882));
#1705=CARTESIAN_POINT('Ctrl Pts',(-11.46,-21.9597652075926,36.9349497102882));
#1706=CARTESIAN_POINT('Ctrl Pts',(-11.46,-22.1170409101586,36.843136151387));
#1707=CARTESIAN_POINT('Ctrl Pts',(-11.46,-22.276099971447,36.75));
#1708=CARTESIAN_POINT('',(-11.46,33.5,43.75));
#1709=CARTESIAN_POINT('Origin',(-10.71,0.,43.75));
#1710=CARTESIAN_POINT('Origin',(0.,0.,39.5234117070334));
#1711=CARTESIAN_POINT('',(-4.32,-24.390581952315,36.9349497102882));
#1712=CARTESIAN_POINT('Ctrl Pts',(-4.32,-23.3072004692992,42.1118737037786));
#1713=CARTESIAN_POINT('Ctrl Pts',(-4.32,-23.836978611751,39.5822046262754));
#1714=CARTESIAN_POINT('Ctrl Pts',(-4.32,-24.390581952315,36.9349497102882));
#1715=CARTESIAN_POINT('Origin',(0.,0.,36.9349497102882));
#1716=CARTESIAN_POINT('Origin',(0.,0.,39.5234117070334));
#1717=CARTESIAN_POINT('',(-4.32,24.390581952315,36.9349497102882));
#1718=CARTESIAN_POINT('Origin',(0.,0.,36.9349497102882));
#1719=CARTESIAN_POINT('Ctrl Pts',(-4.32,24.390581952315,36.9349497102882));
#1720=CARTESIAN_POINT('Ctrl Pts',(-4.32,23.836978611751,39.5822046262754));
#1721=CARTESIAN_POINT('Ctrl Pts',(-4.32,23.3072004692992,42.1118737037786));
#1722=CARTESIAN_POINT('Origin',(17.85,0.,36.75));
#1723=CARTESIAN_POINT('',(18.6,16.7808292386848,36.75));
#1724=CARTESIAN_POINT('',(17.1,18.3069994793767,36.75));
#1725=CARTESIAN_POINT('Origin',(0.,0.,36.75));
#1726=CARTESIAN_POINT('',(18.6,-16.7808292386848,36.75));
#1727=CARTESIAN_POINT('',(18.6,-33.5,36.75));
#1728=CARTESIAN_POINT('',(17.1,-18.3069994793767,36.75));
#1729=CARTESIAN_POINT('Origin',(0.,0.,36.75));
#1730=CARTESIAN_POINT('',(17.1,33.5,36.75));
#1731=CARTESIAN_POINT('Origin',(18.6,33.5,43.75));
#1732=CARTESIAN_POINT('',(18.6,16.3585723085052,36.9349497102882));
#1733=CARTESIAN_POINT('Ctrl Pts',(18.6,16.3585723085052,36.9349497102882));
#1734=CARTESIAN_POINT('Ctrl Pts',(18.6,16.568510522527,36.8436531548915));
#1735=CARTESIAN_POINT('Ctrl Pts',(18.6,16.7808292386848,36.75));
#1736=CARTESIAN_POINT('Ctrl Pts',(18.6,14.6944885489799,42.1118737037786));
#1737=CARTESIAN_POINT('Ctrl Pts',(18.6,15.5082325693092,39.6621232366542));
#1738=CARTESIAN_POINT('Ctrl Pts',(18.6,16.3585723085052,36.9349497102882));
#1739=CARTESIAN_POINT('',(18.6,-33.5,43.75));
#1740=CARTESIAN_POINT('',(18.6,-16.3585723085052,36.9349497102882));
#1741=CARTESIAN_POINT('Ctrl Pts',(18.6,-16.3585723085052,36.9349497102882));
#1742=CARTESIAN_POINT('Ctrl Pts',(18.6,-15.5082325693092,39.6621232366542));
#1743=CARTESIAN_POINT('Ctrl Pts',(18.6,-14.6944885489799,42.1118737037786));
#1744=CARTESIAN_POINT('Ctrl Pts',(18.6,-16.7808292386848,36.75));
#1745=CARTESIAN_POINT('Ctrl Pts',(18.6,-16.568510522527,36.8436531548915));
#1746=CARTESIAN_POINT('Ctrl Pts',(18.6,-16.3585723085052,36.9349497102882));
#1747=CARTESIAN_POINT('Origin',(17.1,-33.5,43.75));
#1748=CARTESIAN_POINT('Ctrl Pts',(17.1,18.3069994793767,36.75));
#1749=CARTESIAN_POINT('Ctrl Pts',(17.1,18.1127804782204,36.8434608227758));
#1750=CARTESIAN_POINT('Ctrl Pts',(17.1,17.9207390464957,36.9349497102882));
#1751=CARTESIAN_POINT('Ctrl Pts',(17.1,-17.9207390464957,36.9349497102882));
#1752=CARTESIAN_POINT('Ctrl Pts',(17.1,-18.1127804782204,36.8434608227758));
#1753=CARTESIAN_POINT('Ctrl Pts',(17.1,-18.3069994793767,36.75));
#1754=CARTESIAN_POINT('',(17.1,33.5,43.75));
#1755=CARTESIAN_POINT('Origin',(17.85,0.,43.75));
#1756=CARTESIAN_POINT('Origin',(0.,0.,39.5234117070334));
#1757=CARTESIAN_POINT('',(-2.82,-24.6091545562336,36.9349497102882));
#1758=CARTESIAN_POINT('Origin',(0.,0.,36.9349497102882));
#1759=CARTESIAN_POINT('Ctrl Pts',(-2.82,-24.6091545562336,36.9349497102882));
#1760=CARTESIAN_POINT('Ctrl Pts',(-2.82,-24.0606935216507,39.5811174541803));
#1761=CARTESIAN_POINT('Ctrl Pts',(-2.82,-23.5358363717141,42.1118737037786));
#1762=CARTESIAN_POINT('Origin',(0.,0.,39.5234117070334));
#1763=CARTESIAN_POINT('Origin',(0.,0.,36.9349497102882));
#1764=CARTESIAN_POINT('Origin',(-3.57,0.,36.75));
#1765=CARTESIAN_POINT('',(-2.82,24.8918426384609,36.75));
#1766=CARTESIAN_POINT('',(-4.32,24.6757741507313,36.75));
#1767=CARTESIAN_POINT('Origin',(0.,0.,36.75));
#1768=CARTESIAN_POINT('',(-2.82,-24.8918426384609,36.75));
#1769=CARTESIAN_POINT('',(-2.82,33.5,36.75));
#1770=CARTESIAN_POINT('',(-4.32,-24.6757741507313,36.75));
#1771=CARTESIAN_POINT('Origin',(0.,0.,36.75));
#1772=CARTESIAN_POINT('',(-4.32,-33.5,36.75));
#1773=CARTESIAN_POINT('Origin',(-2.82,33.5,43.75));
#1774=CARTESIAN_POINT('',(-2.82,24.7504985973473,36.8424748551441));
#1775=CARTESIAN_POINT('',(-2.82,33.5,43.75));
#1776=CARTESIAN_POINT('',(-2.82,-24.7504985973473,36.8424748551441));
#1777=CARTESIAN_POINT('Origin',(-4.32,-33.5,43.75));
#1778=CARTESIAN_POINT('Ctrl Pts',(-4.32,24.6757741507313,36.75));
#1779=CARTESIAN_POINT('Ctrl Pts',(-4.32,24.5323741564401,36.8430123538639));
#1780=CARTESIAN_POINT('Ctrl Pts',(-4.32,24.390581952315,36.9349497102882));
#1781=CARTESIAN_POINT('Ctrl Pts',(-4.32,-24.390581952315,36.9349497102882));
#1782=CARTESIAN_POINT('Ctrl Pts',(-4.32,-24.5323741564401,36.8430123538639));
#1783=CARTESIAN_POINT('Ctrl Pts',(-4.32,-24.6757741507313,36.75));
#1784=CARTESIAN_POINT('',(-4.32,-33.5,43.75));
#1785=CARTESIAN_POINT('Origin',(-3.57,0.,43.75));
#1786=CARTESIAN_POINT('Origin',(0.,0.,36.7405089450969));
#1787=CARTESIAN_POINT('',(-25.3607701152906,-3.10579859456024E-15,36.5460681799056));
#1788=CARTESIAN_POINT('',(-25.0654858643868,-3.06963670328945E-15,36.7405089450969));
#1789=CARTESIAN_POINT('Origin',(0.,0.,36.5460681799056));
#1790=CARTESIAN_POINT('Origin',(0.,0.,18.8753902617101));
#1791=CARTESIAN_POINT('',(-32.6382123435147,-3.99702822763768E-15,1.20471234351466));
#1792=CARTESIAN_POINT('',(-28.9994912294026,-3.55141341109896E-15,18.8753902617101));
#1793=CARTESIAN_POINT('Origin',(0.,0.,1.20471234351466));
#1794=CARTESIAN_POINT('Origin',(0.,0.,0.952356171757325));
#1795=CARTESIAN_POINT('',(-32.1335,-3.93521879204015E-15,0.700000000000001));
#1796=CARTESIAN_POINT('',(-32.3858561717573,-3.96612350983892E-15,0.952356171757325));
#1797=CARTESIAN_POINT('Origin',(0.,0.,0.700000000000003));
#1798=CARTESIAN_POINT('Origin',(0.,0.,0.350000000000001));
#1799=CARTESIAN_POINT('',(-32.1335,-3.93521879204015E-15,0.));
#1800=CARTESIAN_POINT('',(-32.1335,-3.93521879204015E-15,0.350000000000001));
#1801=CARTESIAN_POINT('Origin',(0.,0.,0.));
#1802=CARTESIAN_POINT('Origin',(33.0525,0.,0.));
#1803=CARTESIAN_POINT('',(-33.0525,-4.04776383288179E-15,-2.0643209364124E-15));
#1804=CARTESIAN_POINT('Origin',(0.,0.,0.));
#1805=CARTESIAN_POINT('Origin',(0.,0.,0.149999999999997));
#1806=CARTESIAN_POINT('',(-33.335,-4.0823601049577E-15,0.300000000000001));
#1807=CARTESIAN_POINT('Origin',(0.,0.,0.300000000000002));
#1808=CARTESIAN_POINT('',(-33.19375,-4.06506196891975E-15,0.149999999999997));
#1809=CARTESIAN_POINT('Origin',(0.,0.,23.025));
#1810=CARTESIAN_POINT('',(-23.976,-2.93621316563569E-15,45.75));
#1811=CARTESIAN_POINT('Origin',(0.,0.,45.75));
#1812=CARTESIAN_POINT('',(-28.6555,-3.5092866352967E-15,23.025));
#1813=CARTESIAN_POINT('Origin',(20.974,0.,45.75));
#1814=CARTESIAN_POINT('',(-20.974,-2.56857419653166E-15,45.75));
#1815=CARTESIAN_POINT('Origin',(0.,0.,45.75));
#1816=CARTESIAN_POINT('Origin',(0.,0.,44.7651922469878));
#1817=CARTESIAN_POINT('',(-21.1476481776669,-2.58983996502742E-15,44.7651922469878));
#1818=UNCERTAINTY_MEASURE_WITH_UNIT(LENGTH_MEASURE(0.01),#1822,
'DISTANCE_ACCURACY_VALUE',
'Maximum model space distance between geometric entities at asserted c
onnectivities');
#1819=UNCERTAINTY_MEASURE_WITH_UNIT(LENGTH_MEASURE(0.01),#1822,
'DISTANCE_ACCURACY_VALUE',
'Maximum model space distance between geometric entities at asserted c
onnectivities');
#1820=(
GEOMETRIC_REPRESENTATION_CONTEXT(3)
GLOBAL_UNCERTAINTY_ASSIGNED_CONTEXT((#1818))
GLOBAL_UNIT_ASSIGNED_CONTEXT((#1822,#1824,#1825))
REPRESENTATION_CONTEXT('','3D')
);
#1821=(
GEOMETRIC_REPRESENTATION_CONTEXT(3)
GLOBAL_UNCERTAINTY_ASSIGNED_CONTEXT((#1819))
GLOBAL_UNIT_ASSIGNED_CONTEXT((#1822,#1824,#1825))
REPRESENTATION_CONTEXT('','3D')
);
#1822=(
LENGTH_UNIT()
NAMED_UNIT(*)
SI_UNIT(.MILLI.,.METRE.)
);
#1823=(
LENGTH_UNIT()
NAMED_UNIT(*)
SI_UNIT($,.METRE.)
);
#1824=(
NAMED_UNIT(*)
PLANE_ANGLE_UNIT()
SI_UNIT($,.RADIAN.)
);
#1825=(
NAMED_UNIT(*)
SI_UNIT($,.STERADIAN.)
SOLID_ANGLE_UNIT()
);
#1826=SHAPE_DEFINITION_REPRESENTATION(#1827,#1828);
#1827=PRODUCT_DEFINITION_SHAPE('',$,#1830);
#1828=SHAPE_REPRESENTATION('',(#1011),#1820);
#1829=PRODUCT_DEFINITION_CONTEXT('part definition',#1834,'design');
#1830=PRODUCT_DEFINITION('(Unsaved)','(Unsaved)',#1831,#1829);
#1831=PRODUCT_DEFINITION_FORMATION('',$,#1836);
#1832=PRODUCT_RELATED_PRODUCT_CATEGORY('(Unsaved)','(Unsaved)',(#1836));
#1833=APPLICATION_PROTOCOL_DEFINITION('international standard',
'automotive_design',2009,#1834);
#1834=APPLICATION_CONTEXT(
'Core Data for Automotive Mechanical Design Process');
#1835=PRODUCT_CONTEXT('part definition',#1834,'mechanical');
#1836=PRODUCT('(Unsaved)','(Unsaved)',$,(#1835));
#1837=PRESENTATION_STYLE_ASSIGNMENT((#1838));
#1838=SURFACE_STYLE_USAGE(.BOTH.,#1839);
#1839=SURFACE_SIDE_STYLE('',(#1840));
#1840=SURFACE_STYLE_FILL_AREA(#1841);
#1841=FILL_AREA_STYLE('Steel - Satin',(#1842));
#1842=FILL_AREA_STYLE_COLOUR('Steel - Satin',#1843);
#1843=COLOUR_RGB('Steel - Satin',0.627450980392157,0.627450980392157,0.627450980392157);
ENDSEC;
END-ISO-10303-21;
