ISO-10303-21;
HEADER;
/* Generated by software containing ST-Developer
 * from STEP Tools, Inc. (www.steptools.com) 
 */

FILE_DESCRIPTION(
/* description */ (''),
/* implementation_level */ '2;1');

FILE_NAME(
/* name */ 'neck v1.step',
/* time_stamp */ '2026-06-01T16:08:55-06:00',
/* author */ (''),
/* organization */ (''),
/* preprocessor_version */ 'ST-DEVELOPER v20.1',
/* originating_system */ 'Autodesk Translation Framework v15.8.0.0',
/* authorisation */ '');

FILE_SCHEMA (('AUTOMOTIVE_DESIGN { 1 0 10303 214 3 1 1 }'));
ENDSEC;

DATA;
#10=MECHANICAL_DESIGN_GEOMETRIC_PRESENTATION_REPRESENTATION('',(#13),#9764);
#11=SHAPE_REPRESENTATION_RELATIONSHIP('SRR','None',#9771,#12);
#12=ADVANCED_BREP_SHAPE_REPRESENTATION('',(#14),#9763);
#13=STYLED_ITEM('',(#9780),#14);
#14=MANIFOLD_SOLID_BREP('Body1',#6118);
#15=FACE_BOUND('',#987,.T.);
#16=PLANE('',#6148);
#17=PLANE('',#6149);
#18=PLANE('',#6150);
#19=PLANE('',#6151);
#20=PLANE('',#6152);
#21=PLANE('',#6153);
#22=PLANE('',#6154);
#23=PLANE('',#6155);
#24=PLANE('',#6156);
#25=PLANE('',#6157);
#26=PLANE('',#6158);
#27=PLANE('',#6159);
#28=PLANE('',#6160);
#29=PLANE('',#6161);
#30=PLANE('',#6162);
#31=PLANE('',#6163);
#32=PLANE('',#6164);
#33=PLANE('',#6165);
#34=PLANE('',#6166);
#35=PLANE('',#6167);
#36=PLANE('',#6168);
#37=PLANE('',#6169);
#38=PLANE('',#6170);
#39=PLANE('',#6171);
#40=PLANE('',#6172);
#41=PLANE('',#6173);
#42=PLANE('',#6174);
#43=PLANE('',#6175);
#44=PLANE('',#6176);
#45=PLANE('',#6177);
#46=PLANE('',#6178);
#47=PLANE('',#6179);
#48=PLANE('',#6180);
#49=PLANE('',#6181);
#50=PLANE('',#6182);
#51=PLANE('',#6183);
#52=PLANE('',#6184);
#53=PLANE('',#6185);
#54=PLANE('',#6186);
#55=PLANE('',#6187);
#56=PLANE('',#6188);
#57=PLANE('',#6189);
#58=PLANE('',#6190);
#59=PLANE('',#6191);
#60=PLANE('',#6192);
#61=PLANE('',#6193);
#62=PLANE('',#6194);
#63=PLANE('',#6195);
#64=PLANE('',#6196);
#65=PLANE('',#6197);
#66=PLANE('',#6198);
#67=PLANE('',#6199);
#68=PLANE('',#6200);
#69=PLANE('',#6201);
#70=PLANE('',#6202);
#71=PLANE('',#6203);
#72=PLANE('',#6204);
#73=PLANE('',#6205);
#74=PLANE('',#6206);
#75=PLANE('',#6207);
#76=PLANE('',#6208);
#77=PLANE('',#6209);
#78=PLANE('',#6210);
#79=PLANE('',#6211);
#80=PLANE('',#6212);
#81=PLANE('',#6213);
#82=PLANE('',#6214);
#83=PLANE('',#6215);
#84=PLANE('',#6216);
#85=PLANE('',#6217);
#86=PLANE('',#6218);
#87=PLANE('',#6219);
#88=PLANE('',#6220);
#89=PLANE('',#6221);
#90=PLANE('',#6222);
#91=PLANE('',#6223);
#92=PLANE('',#6224);
#93=PLANE('',#6225);
#94=PLANE('',#6226);
#95=PLANE('',#6227);
#96=PLANE('',#6228);
#97=PLANE('',#6229);
#98=PLANE('',#6230);
#99=PLANE('',#6231);
#100=PLANE('',#6232);
#101=PLANE('',#6233);
#102=PLANE('',#6234);
#103=PLANE('',#6235);
#104=PLANE('',#6236);
#105=PLANE('',#6237);
#106=PLANE('',#6238);
#107=PLANE('',#6239);
#108=PLANE('',#6240);
#109=PLANE('',#6241);
#110=PLANE('',#6242);
#111=PLANE('',#6243);
#112=PLANE('',#6244);
#113=PLANE('',#6245);
#114=PLANE('',#6246);
#115=PLANE('',#6247);
#116=PLANE('',#6248);
#117=PLANE('',#6249);
#118=PLANE('',#6250);
#119=PLANE('',#6251);
#120=PLANE('',#6252);
#121=PLANE('',#6253);
#122=PLANE('',#6254);
#123=PLANE('',#6255);
#124=PLANE('',#6256);
#125=PLANE('',#6257);
#126=PLANE('',#6258);
#127=PLANE('',#6259);
#128=PLANE('',#6260);
#129=PLANE('',#6261);
#130=PLANE('',#6262);
#131=PLANE('',#6263);
#132=PLANE('',#6264);
#133=PLANE('',#6265);
#134=PLANE('',#6266);
#135=PLANE('',#6267);
#136=PLANE('',#6268);
#137=PLANE('',#6269);
#138=PLANE('',#6270);
#139=PLANE('',#6271);
#140=PLANE('',#6272);
#141=PLANE('',#6273);
#142=PLANE('',#6274);
#143=PLANE('',#6275);
#144=PLANE('',#6276);
#145=PLANE('',#6277);
#146=PLANE('',#6278);
#147=PLANE('',#6279);
#148=PLANE('',#6280);
#149=PLANE('',#6281);
#150=PLANE('',#6282);
#151=PLANE('',#6283);
#152=PLANE('',#6284);
#153=PLANE('',#6285);
#154=PLANE('',#6286);
#155=PLANE('',#6287);
#156=PLANE('',#6288);
#157=PLANE('',#6289);
#158=PLANE('',#6290);
#159=PLANE('',#6291);
#160=PLANE('',#6292);
#161=PLANE('',#6293);
#162=PLANE('',#6294);
#163=PLANE('',#6295);
#164=PLANE('',#6296);
#165=PLANE('',#6297);
#166=PLANE('',#6298);
#167=PLANE('',#6299);
#168=PLANE('',#6300);
#169=PLANE('',#6301);
#170=PLANE('',#6302);
#171=PLANE('',#6303);
#172=PLANE('',#6304);
#173=PLANE('',#6305);
#174=PLANE('',#6306);
#175=PLANE('',#6307);
#176=PLANE('',#6308);
#177=PLANE('',#6309);
#178=PLANE('',#6310);
#179=PLANE('',#6311);
#180=PLANE('',#6312);
#181=PLANE('',#6313);
#182=PLANE('',#6314);
#183=PLANE('',#6315);
#184=PLANE('',#6316);
#185=PLANE('',#6317);
#186=PLANE('',#6318);
#187=PLANE('',#6319);
#188=PLANE('',#6320);
#189=PLANE('',#6321);
#190=PLANE('',#6322);
#191=PLANE('',#6323);
#192=PLANE('',#6324);
#193=PLANE('',#6325);
#194=PLANE('',#6326);
#195=PLANE('',#6327);
#196=PLANE('',#6328);
#197=PLANE('',#6329);
#198=PLANE('',#6330);
#199=PLANE('',#6331);
#200=PLANE('',#6332);
#201=PLANE('',#6333);
#202=PLANE('',#6334);
#203=PLANE('',#6335);
#204=PLANE('',#6336);
#205=PLANE('',#6337);
#206=PLANE('',#6338);
#207=PLANE('',#6339);
#208=PLANE('',#6340);
#209=PLANE('',#6341);
#210=PLANE('',#6342);
#211=PLANE('',#6343);
#212=PLANE('',#6344);
#213=PLANE('',#6345);
#214=PLANE('',#6346);
#215=PLANE('',#6347);
#216=PLANE('',#6348);
#217=PLANE('',#6349);
#218=PLANE('',#6350);
#219=PLANE('',#6351);
#220=PLANE('',#6352);
#221=PLANE('',#6353);
#222=PLANE('',#6354);
#223=PLANE('',#6355);
#224=PLANE('',#6356);
#225=PLANE('',#6357);
#226=PLANE('',#6358);
#227=PLANE('',#6359);
#228=PLANE('',#6360);
#229=PLANE('',#6361);
#230=PLANE('',#6362);
#231=PLANE('',#6363);
#232=PLANE('',#6364);
#233=PLANE('',#6365);
#234=PLANE('',#6366);
#235=PLANE('',#6367);
#236=PLANE('',#6368);
#237=PLANE('',#6369);
#238=PLANE('',#6370);
#239=PLANE('',#6371);
#240=PLANE('',#6372);
#241=PLANE('',#6373);
#242=PLANE('',#6374);
#243=PLANE('',#6375);
#244=PLANE('',#6376);
#245=PLANE('',#6377);
#246=PLANE('',#6378);
#247=PLANE('',#6379);
#248=PLANE('',#6380);
#249=PLANE('',#6381);
#250=PLANE('',#6382);
#251=PLANE('',#6383);
#252=PLANE('',#6384);
#253=PLANE('',#6385);
#254=PLANE('',#6386);
#255=PLANE('',#6387);
#256=PLANE('',#6388);
#257=PLANE('',#6389);
#258=PLANE('',#6390);
#259=PLANE('',#6391);
#260=PLANE('',#6392);
#261=PLANE('',#6393);
#262=PLANE('',#6394);
#263=PLANE('',#6395);
#264=PLANE('',#6396);
#265=PLANE('',#6397);
#266=PLANE('',#6398);
#267=PLANE('',#6399);
#268=PLANE('',#6400);
#269=PLANE('',#6401);
#270=PLANE('',#6402);
#271=PLANE('',#6403);
#272=PLANE('',#6404);
#273=PLANE('',#6405);
#274=PLANE('',#6406);
#275=PLANE('',#6407);
#276=PLANE('',#6408);
#277=PLANE('',#6409);
#278=PLANE('',#6410);
#279=PLANE('',#6411);
#280=PLANE('',#6412);
#281=PLANE('',#6413);
#282=PLANE('',#6414);
#283=PLANE('',#6415);
#284=PLANE('',#6416);
#285=PLANE('',#6417);
#286=PLANE('',#6418);
#287=PLANE('',#6419);
#288=PLANE('',#6420);
#289=PLANE('',#6421);
#290=PLANE('',#6422);
#291=PLANE('',#6423);
#292=PLANE('',#6424);
#293=PLANE('',#6425);
#294=PLANE('',#6426);
#295=PLANE('',#6427);
#296=PLANE('',#6428);
#297=PLANE('',#6429);
#298=PLANE('',#6430);
#299=PLANE('',#6431);
#300=PLANE('',#6432);
#301=PLANE('',#6433);
#302=PLANE('',#6434);
#303=PLANE('',#6435);
#304=PLANE('',#6436);
#305=PLANE('',#6437);
#306=PLANE('',#6438);
#307=PLANE('',#6439);
#308=PLANE('',#6440);
#309=PLANE('',#6441);
#310=PLANE('',#6442);
#311=PLANE('',#6443);
#312=PLANE('',#6444);
#313=PLANE('',#6445);
#314=PLANE('',#6446);
#315=PLANE('',#6447);
#316=PLANE('',#6448);
#317=PLANE('',#6449);
#318=PLANE('',#6450);
#319=PLANE('',#6451);
#320=PLANE('',#6452);
#321=PLANE('',#6453);
#322=PLANE('',#6454);
#323=PLANE('',#6455);
#324=PLANE('',#6456);
#325=PLANE('',#6457);
#326=PLANE('',#6458);
#327=PLANE('',#6459);
#328=PLANE('',#6460);
#329=PLANE('',#6461);
#330=PLANE('',#6462);
#331=PLANE('',#6463);
#332=PLANE('',#6464);
#333=PLANE('',#6465);
#334=PLANE('',#6466);
#335=PLANE('',#6467);
#336=PLANE('',#6468);
#337=PLANE('',#6469);
#338=PLANE('',#6470);
#339=PLANE('',#6471);
#340=PLANE('',#6472);
#341=PLANE('',#6473);
#342=PLANE('',#6474);
#343=PLANE('',#6475);
#344=PLANE('',#6476);
#345=PLANE('',#6477);
#346=PLANE('',#6478);
#347=PLANE('',#6479);
#348=PLANE('',#6480);
#349=PLANE('',#6481);
#350=PLANE('',#6482);
#351=PLANE('',#6483);
#352=PLANE('',#6484);
#353=PLANE('',#6485);
#354=PLANE('',#6486);
#355=PLANE('',#6487);
#356=PLANE('',#6488);
#357=PLANE('',#6489);
#358=PLANE('',#6490);
#359=PLANE('',#6491);
#360=PLANE('',#6492);
#361=PLANE('',#6493);
#362=PLANE('',#6494);
#363=PLANE('',#6495);
#364=PLANE('',#6496);
#365=PLANE('',#6497);
#366=PLANE('',#6498);
#367=PLANE('',#6499);
#368=PLANE('',#6500);
#369=PLANE('',#6501);
#370=PLANE('',#6502);
#371=PLANE('',#6503);
#372=PLANE('',#6504);
#373=PLANE('',#6505);
#374=FACE_OUTER_BOUND('',#734,.T.);
#375=FACE_OUTER_BOUND('',#735,.T.);
#376=FACE_OUTER_BOUND('',#736,.T.);
#377=FACE_OUTER_BOUND('',#737,.T.);
#378=FACE_OUTER_BOUND('',#738,.T.);
#379=FACE_OUTER_BOUND('',#739,.T.);
#380=FACE_OUTER_BOUND('',#740,.T.);
#381=FACE_OUTER_BOUND('',#741,.T.);
#382=FACE_OUTER_BOUND('',#742,.T.);
#383=FACE_OUTER_BOUND('',#743,.T.);
#384=FACE_OUTER_BOUND('',#744,.T.);
#385=FACE_OUTER_BOUND('',#745,.T.);
#386=FACE_OUTER_BOUND('',#746,.T.);
#387=FACE_OUTER_BOUND('',#747,.T.);
#388=FACE_OUTER_BOUND('',#748,.T.);
#389=FACE_OUTER_BOUND('',#749,.T.);
#390=FACE_OUTER_BOUND('',#750,.T.);
#391=FACE_OUTER_BOUND('',#751,.T.);
#392=FACE_OUTER_BOUND('',#752,.T.);
#393=FACE_OUTER_BOUND('',#753,.T.);
#394=FACE_OUTER_BOUND('',#754,.T.);
#395=FACE_OUTER_BOUND('',#755,.T.);
#396=FACE_OUTER_BOUND('',#756,.T.);
#397=FACE_OUTER_BOUND('',#757,.T.);
#398=FACE_OUTER_BOUND('',#758,.T.);
#399=FACE_OUTER_BOUND('',#759,.T.);
#400=FACE_OUTER_BOUND('',#760,.T.);
#401=FACE_OUTER_BOUND('',#761,.T.);
#402=FACE_OUTER_BOUND('',#762,.T.);
#403=FACE_OUTER_BOUND('',#763,.T.);
#404=FACE_OUTER_BOUND('',#764,.T.);
#405=FACE_OUTER_BOUND('',#765,.T.);
#406=FACE_OUTER_BOUND('',#766,.T.);
#407=FACE_OUTER_BOUND('',#767,.T.);
#408=FACE_OUTER_BOUND('',#768,.T.);
#409=FACE_OUTER_BOUND('',#769,.T.);
#410=FACE_OUTER_BOUND('',#770,.T.);
#411=FACE_OUTER_BOUND('',#771,.T.);
#412=FACE_OUTER_BOUND('',#772,.T.);
#413=FACE_OUTER_BOUND('',#773,.T.);
#414=FACE_OUTER_BOUND('',#774,.T.);
#415=FACE_OUTER_BOUND('',#775,.T.);
#416=FACE_OUTER_BOUND('',#776,.T.);
#417=FACE_OUTER_BOUND('',#777,.T.);
#418=FACE_OUTER_BOUND('',#778,.T.);
#419=FACE_OUTER_BOUND('',#779,.T.);
#420=FACE_OUTER_BOUND('',#780,.T.);
#421=FACE_OUTER_BOUND('',#781,.T.);
#422=FACE_OUTER_BOUND('',#782,.T.);
#423=FACE_OUTER_BOUND('',#783,.T.);
#424=FACE_OUTER_BOUND('',#784,.T.);
#425=FACE_OUTER_BOUND('',#785,.T.);
#426=FACE_OUTER_BOUND('',#786,.T.);
#427=FACE_OUTER_BOUND('',#787,.T.);
#428=FACE_OUTER_BOUND('',#788,.T.);
#429=FACE_OUTER_BOUND('',#789,.T.);
#430=FACE_OUTER_BOUND('',#790,.T.);
#431=FACE_OUTER_BOUND('',#791,.T.);
#432=FACE_OUTER_BOUND('',#792,.T.);
#433=FACE_OUTER_BOUND('',#793,.T.);
#434=FACE_OUTER_BOUND('',#794,.T.);
#435=FACE_OUTER_BOUND('',#795,.T.);
#436=FACE_OUTER_BOUND('',#796,.T.);
#437=FACE_OUTER_BOUND('',#797,.T.);
#438=FACE_OUTER_BOUND('',#798,.T.);
#439=FACE_OUTER_BOUND('',#799,.T.);
#440=FACE_OUTER_BOUND('',#800,.T.);
#441=FACE_OUTER_BOUND('',#801,.T.);
#442=FACE_OUTER_BOUND('',#802,.T.);
#443=FACE_OUTER_BOUND('',#803,.T.);
#444=FACE_OUTER_BOUND('',#804,.T.);
#445=FACE_OUTER_BOUND('',#805,.T.);
#446=FACE_OUTER_BOUND('',#806,.T.);
#447=FACE_OUTER_BOUND('',#807,.T.);
#448=FACE_OUTER_BOUND('',#808,.T.);
#449=FACE_OUTER_BOUND('',#809,.T.);
#450=FACE_OUTER_BOUND('',#810,.T.);
#451=FACE_OUTER_BOUND('',#811,.T.);
#452=FACE_OUTER_BOUND('',#812,.T.);
#453=FACE_OUTER_BOUND('',#813,.T.);
#454=FACE_OUTER_BOUND('',#814,.T.);
#455=FACE_OUTER_BOUND('',#815,.T.);
#456=FACE_OUTER_BOUND('',#816,.T.);
#457=FACE_OUTER_BOUND('',#817,.T.);
#458=FACE_OUTER_BOUND('',#818,.T.);
#459=FACE_OUTER_BOUND('',#819,.T.);
#460=FACE_OUTER_BOUND('',#820,.T.);
#461=FACE_OUTER_BOUND('',#821,.T.);
#462=FACE_OUTER_BOUND('',#822,.T.);
#463=FACE_OUTER_BOUND('',#823,.T.);
#464=FACE_OUTER_BOUND('',#824,.T.);
#465=FACE_OUTER_BOUND('',#825,.T.);
#466=FACE_OUTER_BOUND('',#826,.T.);
#467=FACE_OUTER_BOUND('',#827,.T.);
#468=FACE_OUTER_BOUND('',#828,.T.);
#469=FACE_OUTER_BOUND('',#829,.T.);
#470=FACE_OUTER_BOUND('',#830,.T.);
#471=FACE_OUTER_BOUND('',#831,.T.);
#472=FACE_OUTER_BOUND('',#832,.T.);
#473=FACE_OUTER_BOUND('',#833,.T.);
#474=FACE_OUTER_BOUND('',#834,.T.);
#475=FACE_OUTER_BOUND('',#835,.T.);
#476=FACE_OUTER_BOUND('',#836,.T.);
#477=FACE_OUTER_BOUND('',#837,.T.);
#478=FACE_OUTER_BOUND('',#838,.T.);
#479=FACE_OUTER_BOUND('',#839,.T.);
#480=FACE_OUTER_BOUND('',#840,.T.);
#481=FACE_OUTER_BOUND('',#841,.T.);
#482=FACE_OUTER_BOUND('',#842,.T.);
#483=FACE_OUTER_BOUND('',#843,.T.);
#484=FACE_OUTER_BOUND('',#844,.T.);
#485=FACE_OUTER_BOUND('',#845,.T.);
#486=FACE_OUTER_BOUND('',#846,.T.);
#487=FACE_OUTER_BOUND('',#847,.T.);
#488=FACE_OUTER_BOUND('',#848,.T.);
#489=FACE_OUTER_BOUND('',#849,.T.);
#490=FACE_OUTER_BOUND('',#850,.T.);
#491=FACE_OUTER_BOUND('',#851,.T.);
#492=FACE_OUTER_BOUND('',#852,.T.);
#493=FACE_OUTER_BOUND('',#853,.T.);
#494=FACE_OUTER_BOUND('',#854,.T.);
#495=FACE_OUTER_BOUND('',#855,.T.);
#496=FACE_OUTER_BOUND('',#856,.T.);
#497=FACE_OUTER_BOUND('',#857,.T.);
#498=FACE_OUTER_BOUND('',#858,.T.);
#499=FACE_OUTER_BOUND('',#859,.T.);
#500=FACE_OUTER_BOUND('',#860,.T.);
#501=FACE_OUTER_BOUND('',#861,.T.);
#502=FACE_OUTER_BOUND('',#862,.T.);
#503=FACE_OUTER_BOUND('',#863,.T.);
#504=FACE_OUTER_BOUND('',#864,.T.);
#505=FACE_OUTER_BOUND('',#865,.T.);
#506=FACE_OUTER_BOUND('',#866,.T.);
#507=FACE_OUTER_BOUND('',#867,.T.);
#508=FACE_OUTER_BOUND('',#868,.T.);
#509=FACE_OUTER_BOUND('',#869,.T.);
#510=FACE_OUTER_BOUND('',#870,.T.);
#511=FACE_OUTER_BOUND('',#871,.T.);
#512=FACE_OUTER_BOUND('',#872,.T.);
#513=FACE_OUTER_BOUND('',#873,.T.);
#514=FACE_OUTER_BOUND('',#874,.T.);
#515=FACE_OUTER_BOUND('',#875,.T.);
#516=FACE_OUTER_BOUND('',#876,.T.);
#517=FACE_OUTER_BOUND('',#877,.T.);
#518=FACE_OUTER_BOUND('',#878,.T.);
#519=FACE_OUTER_BOUND('',#879,.T.);
#520=FACE_OUTER_BOUND('',#880,.T.);
#521=FACE_OUTER_BOUND('',#881,.T.);
#522=FACE_OUTER_BOUND('',#882,.T.);
#523=FACE_OUTER_BOUND('',#883,.T.);
#524=FACE_OUTER_BOUND('',#884,.T.);
#525=FACE_OUTER_BOUND('',#885,.T.);
#526=FACE_OUTER_BOUND('',#886,.T.);
#527=FACE_OUTER_BOUND('',#887,.T.);
#528=FACE_OUTER_BOUND('',#888,.T.);
#529=FACE_OUTER_BOUND('',#889,.T.);
#530=FACE_OUTER_BOUND('',#890,.T.);
#531=FACE_OUTER_BOUND('',#891,.T.);
#532=FACE_OUTER_BOUND('',#892,.T.);
#533=FACE_OUTER_BOUND('',#893,.T.);
#534=FACE_OUTER_BOUND('',#894,.T.);
#535=FACE_OUTER_BOUND('',#895,.T.);
#536=FACE_OUTER_BOUND('',#896,.T.);
#537=FACE_OUTER_BOUND('',#897,.T.);
#538=FACE_OUTER_BOUND('',#898,.T.);
#539=FACE_OUTER_BOUND('',#899,.T.);
#540=FACE_OUTER_BOUND('',#900,.T.);
#541=FACE_OUTER_BOUND('',#901,.T.);
#542=FACE_OUTER_BOUND('',#902,.T.);
#543=FACE_OUTER_BOUND('',#903,.T.);
#544=FACE_OUTER_BOUND('',#904,.T.);
#545=FACE_OUTER_BOUND('',#905,.T.);
#546=FACE_OUTER_BOUND('',#906,.T.);
#547=FACE_OUTER_BOUND('',#907,.T.);
#548=FACE_OUTER_BOUND('',#908,.T.);
#549=FACE_OUTER_BOUND('',#909,.T.);
#550=FACE_OUTER_BOUND('',#910,.T.);
#551=FACE_OUTER_BOUND('',#911,.T.);
#552=FACE_OUTER_BOUND('',#912,.T.);
#553=FACE_OUTER_BOUND('',#913,.T.);
#554=FACE_OUTER_BOUND('',#914,.T.);
#555=FACE_OUTER_BOUND('',#915,.T.);
#556=FACE_OUTER_BOUND('',#916,.T.);
#557=FACE_OUTER_BOUND('',#917,.T.);
#558=FACE_OUTER_BOUND('',#918,.T.);
#559=FACE_OUTER_BOUND('',#919,.T.);
#560=FACE_OUTER_BOUND('',#920,.T.);
#561=FACE_OUTER_BOUND('',#921,.T.);
#562=FACE_OUTER_BOUND('',#922,.T.);
#563=FACE_OUTER_BOUND('',#923,.T.);
#564=FACE_OUTER_BOUND('',#924,.T.);
#565=FACE_OUTER_BOUND('',#925,.T.);
#566=FACE_OUTER_BOUND('',#926,.T.);
#567=FACE_OUTER_BOUND('',#927,.T.);
#568=FACE_OUTER_BOUND('',#928,.T.);
#569=FACE_OUTER_BOUND('',#929,.T.);
#570=FACE_OUTER_BOUND('',#930,.T.);
#571=FACE_OUTER_BOUND('',#931,.T.);
#572=FACE_OUTER_BOUND('',#932,.T.);
#573=FACE_OUTER_BOUND('',#933,.T.);
#574=FACE_OUTER_BOUND('',#934,.T.);
#575=FACE_OUTER_BOUND('',#935,.T.);
#576=FACE_OUTER_BOUND('',#936,.T.);
#577=FACE_OUTER_BOUND('',#937,.T.);
#578=FACE_OUTER_BOUND('',#938,.T.);
#579=FACE_OUTER_BOUND('',#939,.T.);
#580=FACE_OUTER_BOUND('',#940,.T.);
#581=FACE_OUTER_BOUND('',#941,.T.);
#582=FACE_OUTER_BOUND('',#942,.T.);
#583=FACE_OUTER_BOUND('',#943,.T.);
#584=FACE_OUTER_BOUND('',#944,.T.);
#585=FACE_OUTER_BOUND('',#945,.T.);
#586=FACE_OUTER_BOUND('',#946,.T.);
#587=FACE_OUTER_BOUND('',#947,.T.);
#588=FACE_OUTER_BOUND('',#948,.T.);
#589=FACE_OUTER_BOUND('',#949,.T.);
#590=FACE_OUTER_BOUND('',#950,.T.);
#591=FACE_OUTER_BOUND('',#951,.T.);
#592=FACE_OUTER_BOUND('',#952,.T.);
#593=FACE_OUTER_BOUND('',#953,.T.);
#594=FACE_OUTER_BOUND('',#954,.T.);
#595=FACE_OUTER_BOUND('',#955,.T.);
#596=FACE_OUTER_BOUND('',#956,.T.);
#597=FACE_OUTER_BOUND('',#957,.T.);
#598=FACE_OUTER_BOUND('',#958,.T.);
#599=FACE_OUTER_BOUND('',#959,.T.);
#600=FACE_OUTER_BOUND('',#960,.T.);
#601=FACE_OUTER_BOUND('',#961,.T.);
#602=FACE_OUTER_BOUND('',#962,.T.);
#603=FACE_OUTER_BOUND('',#963,.T.);
#604=FACE_OUTER_BOUND('',#964,.T.);
#605=FACE_OUTER_BOUND('',#965,.T.);
#606=FACE_OUTER_BOUND('',#966,.T.);
#607=FACE_OUTER_BOUND('',#967,.T.);
#608=FACE_OUTER_BOUND('',#968,.T.);
#609=FACE_OUTER_BOUND('',#969,.T.);
#610=FACE_OUTER_BOUND('',#970,.T.);
#611=FACE_OUTER_BOUND('',#971,.T.);
#612=FACE_OUTER_BOUND('',#972,.T.);
#613=FACE_OUTER_BOUND('',#973,.T.);
#614=FACE_OUTER_BOUND('',#974,.T.);
#615=FACE_OUTER_BOUND('',#975,.T.);
#616=FACE_OUTER_BOUND('',#976,.T.);
#617=FACE_OUTER_BOUND('',#977,.T.);
#618=FACE_OUTER_BOUND('',#978,.T.);
#619=FACE_OUTER_BOUND('',#979,.T.);
#620=FACE_OUTER_BOUND('',#980,.T.);
#621=FACE_OUTER_BOUND('',#981,.T.);
#622=FACE_OUTER_BOUND('',#982,.T.);
#623=FACE_OUTER_BOUND('',#983,.T.);
#624=FACE_OUTER_BOUND('',#984,.T.);
#625=FACE_OUTER_BOUND('',#985,.T.);
#626=FACE_OUTER_BOUND('',#986,.T.);
#627=FACE_OUTER_BOUND('',#988,.T.);
#628=FACE_OUTER_BOUND('',#989,.T.);
#629=FACE_OUTER_BOUND('',#990,.T.);
#630=FACE_OUTER_BOUND('',#991,.T.);
#631=FACE_OUTER_BOUND('',#992,.T.);
#632=FACE_OUTER_BOUND('',#993,.T.);
#633=FACE_OUTER_BOUND('',#994,.T.);
#634=FACE_OUTER_BOUND('',#995,.T.);
#635=FACE_OUTER_BOUND('',#996,.T.);
#636=FACE_OUTER_BOUND('',#997,.T.);
#637=FACE_OUTER_BOUND('',#998,.T.);
#638=FACE_OUTER_BOUND('',#999,.T.);
#639=FACE_OUTER_BOUND('',#1000,.T.);
#640=FACE_OUTER_BOUND('',#1001,.T.);
#641=FACE_OUTER_BOUND('',#1002,.T.);
#642=FACE_OUTER_BOUND('',#1003,.T.);
#643=FACE_OUTER_BOUND('',#1004,.T.);
#644=FACE_OUTER_BOUND('',#1005,.T.);
#645=FACE_OUTER_BOUND('',#1006,.T.);
#646=FACE_OUTER_BOUND('',#1007,.T.);
#647=FACE_OUTER_BOUND('',#1008,.T.);
#648=FACE_OUTER_BOUND('',#1009,.T.);
#649=FACE_OUTER_BOUND('',#1010,.T.);
#650=FACE_OUTER_BOUND('',#1011,.T.);
#651=FACE_OUTER_BOUND('',#1012,.T.);
#652=FACE_OUTER_BOUND('',#1013,.T.);
#653=FACE_OUTER_BOUND('',#1014,.T.);
#654=FACE_OUTER_BOUND('',#1015,.T.);
#655=FACE_OUTER_BOUND('',#1016,.T.);
#656=FACE_OUTER_BOUND('',#1017,.T.);
#657=FACE_OUTER_BOUND('',#1018,.T.);
#658=FACE_OUTER_BOUND('',#1019,.T.);
#659=FACE_OUTER_BOUND('',#1020,.T.);
#660=FACE_OUTER_BOUND('',#1021,.T.);
#661=FACE_OUTER_BOUND('',#1022,.T.);
#662=FACE_OUTER_BOUND('',#1023,.T.);
#663=FACE_OUTER_BOUND('',#1024,.T.);
#664=FACE_OUTER_BOUND('',#1025,.T.);
#665=FACE_OUTER_BOUND('',#1026,.T.);
#666=FACE_OUTER_BOUND('',#1027,.T.);
#667=FACE_OUTER_BOUND('',#1028,.T.);
#668=FACE_OUTER_BOUND('',#1029,.T.);
#669=FACE_OUTER_BOUND('',#1030,.T.);
#670=FACE_OUTER_BOUND('',#1031,.T.);
#671=FACE_OUTER_BOUND('',#1032,.T.);
#672=FACE_OUTER_BOUND('',#1033,.T.);
#673=FACE_OUTER_BOUND('',#1034,.T.);
#674=FACE_OUTER_BOUND('',#1035,.T.);
#675=FACE_OUTER_BOUND('',#1036,.T.);
#676=FACE_OUTER_BOUND('',#1037,.T.);
#677=FACE_OUTER_BOUND('',#1038,.T.);
#678=FACE_OUTER_BOUND('',#1039,.T.);
#679=FACE_OUTER_BOUND('',#1040,.T.);
#680=FACE_OUTER_BOUND('',#1041,.T.);
#681=FACE_OUTER_BOUND('',#1042,.T.);
#682=FACE_OUTER_BOUND('',#1043,.T.);
#683=FACE_OUTER_BOUND('',#1044,.T.);
#684=FACE_OUTER_BOUND('',#1045,.T.);
#685=FACE_OUTER_BOUND('',#1046,.T.);
#686=FACE_OUTER_BOUND('',#1047,.T.);
#687=FACE_OUTER_BOUND('',#1048,.T.);
#688=FACE_OUTER_BOUND('',#1049,.T.);
#689=FACE_OUTER_BOUND('',#1050,.T.);
#690=FACE_OUTER_BOUND('',#1051,.T.);
#691=FACE_OUTER_BOUND('',#1052,.T.);
#692=FACE_OUTER_BOUND('',#1053,.T.);
#693=FACE_OUTER_BOUND('',#1054,.T.);
#694=FACE_OUTER_BOUND('',#1055,.T.);
#695=FACE_OUTER_BOUND('',#1056,.T.);
#696=FACE_OUTER_BOUND('',#1057,.T.);
#697=FACE_OUTER_BOUND('',#1058,.T.);
#698=FACE_OUTER_BOUND('',#1059,.T.);
#699=FACE_OUTER_BOUND('',#1060,.T.);
#700=FACE_OUTER_BOUND('',#1061,.T.);
#701=FACE_OUTER_BOUND('',#1062,.T.);
#702=FACE_OUTER_BOUND('',#1063,.T.);
#703=FACE_OUTER_BOUND('',#1064,.T.);
#704=FACE_OUTER_BOUND('',#1065,.T.);
#705=FACE_OUTER_BOUND('',#1066,.T.);
#706=FACE_OUTER_BOUND('',#1067,.T.);
#707=FACE_OUTER_BOUND('',#1068,.T.);
#708=FACE_OUTER_BOUND('',#1069,.T.);
#709=FACE_OUTER_BOUND('',#1070,.T.);
#710=FACE_OUTER_BOUND('',#1071,.T.);
#711=FACE_OUTER_BOUND('',#1072,.T.);
#712=FACE_OUTER_BOUND('',#1073,.T.);
#713=FACE_OUTER_BOUND('',#1074,.T.);
#714=FACE_OUTER_BOUND('',#1075,.T.);
#715=FACE_OUTER_BOUND('',#1076,.T.);
#716=FACE_OUTER_BOUND('',#1077,.T.);
#717=FACE_OUTER_BOUND('',#1078,.T.);
#718=FACE_OUTER_BOUND('',#1079,.T.);
#719=FACE_OUTER_BOUND('',#1080,.T.);
#720=FACE_OUTER_BOUND('',#1081,.T.);
#721=FACE_OUTER_BOUND('',#1082,.T.);
#722=FACE_OUTER_BOUND('',#1083,.T.);
#723=FACE_OUTER_BOUND('',#1084,.T.);
#724=FACE_OUTER_BOUND('',#1085,.T.);
#725=FACE_OUTER_BOUND('',#1086,.T.);
#726=FACE_OUTER_BOUND('',#1087,.T.);
#727=FACE_OUTER_BOUND('',#1088,.T.);
#728=FACE_OUTER_BOUND('',#1089,.T.);
#729=FACE_OUTER_BOUND('',#1090,.T.);
#730=FACE_OUTER_BOUND('',#1091,.T.);
#731=FACE_OUTER_BOUND('',#1092,.T.);
#732=FACE_OUTER_BOUND('',#1093,.T.);
#733=FACE_OUTER_BOUND('',#1094,.T.);
#734=EDGE_LOOP('',(#4078,#4079,#4080,#4081,#4082,#4083,#4084,#4085));
#735=EDGE_LOOP('',(#4086,#4087,#4088,#4089,#4090,#4091,#4092,#4093));
#736=EDGE_LOOP('',(#4094,#4095,#4096,#4097,#4098,#4099,#4100));
#737=EDGE_LOOP('',(#4101,#4102,#4103,#4104,#4105,#4106,#4107,#4108));
#738=EDGE_LOOP('',(#4109,#4110,#4111,#4112));
#739=EDGE_LOOP('',(#4113,#4114,#4115,#4116));
#740=EDGE_LOOP('',(#4117,#4118,#4119,#4120));
#741=EDGE_LOOP('',(#4121,#4122,#4123,#4124));
#742=EDGE_LOOP('',(#4125,#4126,#4127,#4128,#4129,#4130,#4131,#4132,#4133,
#4134,#4135,#4136,#4137,#4138,#4139,#4140,#4141,#4142,#4143,#4144));
#743=EDGE_LOOP('',(#4145,#4146,#4147,#4148));
#744=EDGE_LOOP('',(#4149,#4150,#4151,#4152));
#745=EDGE_LOOP('',(#4153,#4154,#4155,#4156));
#746=EDGE_LOOP('',(#4157,#4158,#4159,#4160));
#747=EDGE_LOOP('',(#4161,#4162,#4163,#4164,#4165));
#748=EDGE_LOOP('',(#4166,#4167,#4168,#4169,#4170));
#749=EDGE_LOOP('',(#4171,#4172,#4173,#4174,#4175));
#750=EDGE_LOOP('',(#4176,#4177,#4178,#4179,#4180));
#751=EDGE_LOOP('',(#4181,#4182,#4183,#4184,#4185));
#752=EDGE_LOOP('',(#4186,#4187,#4188,#4189,#4190));
#753=EDGE_LOOP('',(#4191,#4192,#4193,#4194,#4195));
#754=EDGE_LOOP('',(#4196,#4197,#4198,#4199,#4200));
#755=EDGE_LOOP('',(#4201,#4202,#4203,#4204));
#756=EDGE_LOOP('',(#4205,#4206,#4207,#4208));
#757=EDGE_LOOP('',(#4209,#4210,#4211,#4212));
#758=EDGE_LOOP('',(#4213,#4214,#4215,#4216));
#759=EDGE_LOOP('',(#4217,#4218,#4219,#4220));
#760=EDGE_LOOP('',(#4221,#4222,#4223,#4224));
#761=EDGE_LOOP('',(#4225,#4226,#4227,#4228));
#762=EDGE_LOOP('',(#4229,#4230,#4231,#4232,#4233));
#763=EDGE_LOOP('',(#4234,#4235,#4236,#4237,#4238));
#764=EDGE_LOOP('',(#4239,#4240,#4241,#4242,#4243));
#765=EDGE_LOOP('',(#4244,#4245,#4246,#4247,#4248));
#766=EDGE_LOOP('',(#4249,#4250,#4251,#4252,#4253));
#767=EDGE_LOOP('',(#4254,#4255,#4256,#4257,#4258));
#768=EDGE_LOOP('',(#4259,#4260,#4261,#4262));
#769=EDGE_LOOP('',(#4263,#4264,#4265,#4266));
#770=EDGE_LOOP('',(#4267,#4268,#4269,#4270));
#771=EDGE_LOOP('',(#4271,#4272,#4273,#4274));
#772=EDGE_LOOP('',(#4275,#4276,#4277,#4278));
#773=EDGE_LOOP('',(#4279,#4280,#4281,#4282));
#774=EDGE_LOOP('',(#4283,#4284,#4285,#4286));
#775=EDGE_LOOP('',(#4287,#4288,#4289,#4290));
#776=EDGE_LOOP('',(#4291,#4292,#4293,#4294));
#777=EDGE_LOOP('',(#4295,#4296,#4297,#4298,#4299));
#778=EDGE_LOOP('',(#4300,#4301,#4302,#4303,#4304));
#779=EDGE_LOOP('',(#4305,#4306,#4307,#4308,#4309));
#780=EDGE_LOOP('',(#4310,#4311,#4312,#4313,#4314));
#781=EDGE_LOOP('',(#4315,#4316,#4317,#4318,#4319));
#782=EDGE_LOOP('',(#4320,#4321,#4322,#4323,#4324));
#783=EDGE_LOOP('',(#4325,#4326,#4327,#4328,#4329));
#784=EDGE_LOOP('',(#4330,#4331,#4332,#4333,#4334));
#785=EDGE_LOOP('',(#4335,#4336,#4337,#4338,#4339));
#786=EDGE_LOOP('',(#4340,#4341,#4342,#4343,#4344));
#787=EDGE_LOOP('',(#4345,#4346,#4347,#4348,#4349));
#788=EDGE_LOOP('',(#4350,#4351,#4352,#4353));
#789=EDGE_LOOP('',(#4354,#4355,#4356,#4357));
#790=EDGE_LOOP('',(#4358,#4359,#4360,#4361));
#791=EDGE_LOOP('',(#4362,#4363,#4364,#4365));
#792=EDGE_LOOP('',(#4366,#4367,#4368,#4369));
#793=EDGE_LOOP('',(#4370,#4371,#4372,#4373));
#794=EDGE_LOOP('',(#4374,#4375,#4376,#4377));
#795=EDGE_LOOP('',(#4378,#4379,#4380,#4381,#4382));
#796=EDGE_LOOP('',(#4383,#4384,#4385,#4386,#4387));
#797=EDGE_LOOP('',(#4388,#4389,#4390,#4391,#4392));
#798=EDGE_LOOP('',(#4393,#4394,#4395,#4396,#4397));
#799=EDGE_LOOP('',(#4398,#4399,#4400,#4401,#4402));
#800=EDGE_LOOP('',(#4403,#4404,#4405,#4406,#4407));
#801=EDGE_LOOP('',(#4408,#4409,#4410,#4411,#4412));
#802=EDGE_LOOP('',(#4413,#4414,#4415,#4416,#4417));
#803=EDGE_LOOP('',(#4418,#4419,#4420,#4421));
#804=EDGE_LOOP('',(#4422,#4423,#4424,#4425,#4426));
#805=EDGE_LOOP('',(#4427,#4428,#4429,#4430,#4431));
#806=EDGE_LOOP('',(#4432,#4433,#4434,#4435,#4436));
#807=EDGE_LOOP('',(#4437,#4438,#4439,#4440,#4441));
#808=EDGE_LOOP('',(#4442,#4443,#4444,#4445,#4446));
#809=EDGE_LOOP('',(#4447,#4448,#4449,#4450,#4451));
#810=EDGE_LOOP('',(#4452,#4453,#4454,#4455,#4456));
#811=EDGE_LOOP('',(#4457,#4458,#4459,#4460));
#812=EDGE_LOOP('',(#4461,#4462,#4463,#4464));
#813=EDGE_LOOP('',(#4465,#4466,#4467,#4468));
#814=EDGE_LOOP('',(#4469,#4470,#4471,#4472));
#815=EDGE_LOOP('',(#4473,#4474,#4475,#4476));
#816=EDGE_LOOP('',(#4477,#4478,#4479,#4480));
#817=EDGE_LOOP('',(#4481,#4482,#4483,#4484));
#818=EDGE_LOOP('',(#4485,#4486,#4487,#4488));
#819=EDGE_LOOP('',(#4489,#4490,#4491,#4492));
#820=EDGE_LOOP('',(#4493,#4494,#4495,#4496));
#821=EDGE_LOOP('',(#4497,#4498,#4499,#4500,#4501,#4502));
#822=EDGE_LOOP('',(#4503,#4504,#4505,#4506,#4507,#4508));
#823=EDGE_LOOP('',(#4509,#4510,#4511,#4512));
#824=EDGE_LOOP('',(#4513,#4514,#4515,#4516,#4517,#4518));
#825=EDGE_LOOP('',(#4519,#4520,#4521,#4522));
#826=EDGE_LOOP('',(#4523,#4524,#4525,#4526));
#827=EDGE_LOOP('',(#4527,#4528,#4529,#4530));
#828=EDGE_LOOP('',(#4531,#4532,#4533,#4534));
#829=EDGE_LOOP('',(#4535,#4536,#4537,#4538));
#830=EDGE_LOOP('',(#4539,#4540,#4541,#4542));
#831=EDGE_LOOP('',(#4543,#4544,#4545,#4546));
#832=EDGE_LOOP('',(#4547,#4548,#4549,#4550,#4551,#4552));
#833=EDGE_LOOP('',(#4553,#4554,#4555,#4556,#4557,#4558));
#834=EDGE_LOOP('',(#4559,#4560,#4561,#4562,#4563,#4564));
#835=EDGE_LOOP('',(#4565,#4566,#4567,#4568,#4569,#4570));
#836=EDGE_LOOP('',(#4571,#4572,#4573,#4574,#4575,#4576));
#837=EDGE_LOOP('',(#4577,#4578,#4579,#4580,#4581,#4582));
#838=EDGE_LOOP('',(#4583,#4584,#4585,#4586,#4587,#4588));
#839=EDGE_LOOP('',(#4589,#4590,#4591,#4592));
#840=EDGE_LOOP('',(#4593,#4594,#4595,#4596));
#841=EDGE_LOOP('',(#4597,#4598,#4599,#4600));
#842=EDGE_LOOP('',(#4601,#4602,#4603,#4604));
#843=EDGE_LOOP('',(#4605,#4606,#4607,#4608));
#844=EDGE_LOOP('',(#4609,#4610,#4611,#4612));
#845=EDGE_LOOP('',(#4613,#4614,#4615,#4616));
#846=EDGE_LOOP('',(#4617,#4618,#4619,#4620));
#847=EDGE_LOOP('',(#4621,#4622,#4623,#4624,#4625,#4626));
#848=EDGE_LOOP('',(#4627,#4628,#4629,#4630,#4631,#4632));
#849=EDGE_LOOP('',(#4633,#4634,#4635,#4636,#4637,#4638));
#850=EDGE_LOOP('',(#4639,#4640,#4641,#4642,#4643,#4644));
#851=EDGE_LOOP('',(#4645,#4646,#4647,#4648));
#852=EDGE_LOOP('',(#4649,#4650,#4651,#4652,#4653));
#853=EDGE_LOOP('',(#4654,#4655,#4656,#4657,#4658));
#854=EDGE_LOOP('',(#4659,#4660,#4661,#4662));
#855=EDGE_LOOP('',(#4663,#4664,#4665,#4666));
#856=EDGE_LOOP('',(#4667,#4668,#4669,#4670));
#857=EDGE_LOOP('',(#4671,#4672,#4673,#4674));
#858=EDGE_LOOP('',(#4675,#4676,#4677,#4678,#4679));
#859=EDGE_LOOP('',(#4680,#4681,#4682,#4683));
#860=EDGE_LOOP('',(#4684,#4685,#4686,#4687,#4688));
#861=EDGE_LOOP('',(#4689,#4690,#4691,#4692));
#862=EDGE_LOOP('',(#4693,#4694,#4695,#4696,#4697));
#863=EDGE_LOOP('',(#4698,#4699,#4700,#4701));
#864=EDGE_LOOP('',(#4702,#4703,#4704,#4705,#4706));
#865=EDGE_LOOP('',(#4707,#4708,#4709,#4710,#4711));
#866=EDGE_LOOP('',(#4712,#4713,#4714,#4715));
#867=EDGE_LOOP('',(#4716,#4717,#4718,#4719));
#868=EDGE_LOOP('',(#4720,#4721,#4722,#4723));
#869=EDGE_LOOP('',(#4724,#4725,#4726,#4727));
#870=EDGE_LOOP('',(#4728,#4729,#4730,#4731));
#871=EDGE_LOOP('',(#4732,#4733,#4734,#4735));
#872=EDGE_LOOP('',(#4736,#4737,#4738,#4739));
#873=EDGE_LOOP('',(#4740,#4741,#4742,#4743));
#874=EDGE_LOOP('',(#4744,#4745,#4746,#4747));
#875=EDGE_LOOP('',(#4748,#4749,#4750,#4751));
#876=EDGE_LOOP('',(#4752,#4753,#4754,#4755));
#877=EDGE_LOOP('',(#4756,#4757,#4758,#4759));
#878=EDGE_LOOP('',(#4760,#4761,#4762,#4763,#4764));
#879=EDGE_LOOP('',(#4765,#4766,#4767,#4768));
#880=EDGE_LOOP('',(#4769,#4770,#4771,#4772,#4773));
#881=EDGE_LOOP('',(#4774,#4775,#4776,#4777,#4778));
#882=EDGE_LOOP('',(#4779,#4780,#4781,#4782,#4783));
#883=EDGE_LOOP('',(#4784,#4785,#4786,#4787,#4788));
#884=EDGE_LOOP('',(#4789,#4790,#4791,#4792,#4793));
#885=EDGE_LOOP('',(#4794,#4795,#4796,#4797,#4798));
#886=EDGE_LOOP('',(#4799,#4800,#4801,#4802,#4803));
#887=EDGE_LOOP('',(#4804,#4805,#4806,#4807,#4808));
#888=EDGE_LOOP('',(#4809,#4810,#4811,#4812,#4813));
#889=EDGE_LOOP('',(#4814,#4815,#4816,#4817,#4818));
#890=EDGE_LOOP('',(#4819,#4820,#4821,#4822,#4823));
#891=EDGE_LOOP('',(#4824,#4825,#4826,#4827,#4828));
#892=EDGE_LOOP('',(#4829,#4830,#4831,#4832,#4833));
#893=EDGE_LOOP('',(#4834,#4835,#4836,#4837));
#894=EDGE_LOOP('',(#4838,#4839,#4840,#4841,#4842));
#895=EDGE_LOOP('',(#4843,#4844,#4845,#4846,#4847,#4848));
#896=EDGE_LOOP('',(#4849,#4850,#4851,#4852,#4853,#4854));
#897=EDGE_LOOP('',(#4855,#4856,#4857,#4858,#4859,#4860));
#898=EDGE_LOOP('',(#4861,#4862,#4863,#4864,#4865,#4866));
#899=EDGE_LOOP('',(#4867,#4868,#4869,#4870,#4871,#4872));
#900=EDGE_LOOP('',(#4873,#4874,#4875,#4876,#4877,#4878));
#901=EDGE_LOOP('',(#4879,#4880,#4881,#4882,#4883,#4884));
#902=EDGE_LOOP('',(#4885,#4886,#4887,#4888));
#903=EDGE_LOOP('',(#4889,#4890,#4891,#4892,#4893));
#904=EDGE_LOOP('',(#4894,#4895,#4896,#4897,#4898));
#905=EDGE_LOOP('',(#4899,#4900,#4901,#4902,#4903));
#906=EDGE_LOOP('',(#4904,#4905,#4906,#4907,#4908));
#907=EDGE_LOOP('',(#4909,#4910,#4911,#4912,#4913));
#908=EDGE_LOOP('',(#4914,#4915,#4916,#4917,#4918));
#909=EDGE_LOOP('',(#4919,#4920,#4921,#4922,#4923));
#910=EDGE_LOOP('',(#4924,#4925,#4926,#4927,#4928));
#911=EDGE_LOOP('',(#4929,#4930,#4931,#4932));
#912=EDGE_LOOP('',(#4933,#4934,#4935,#4936));
#913=EDGE_LOOP('',(#4937,#4938,#4939,#4940));
#914=EDGE_LOOP('',(#4941,#4942,#4943,#4944));
#915=EDGE_LOOP('',(#4945,#4946,#4947,#4948));
#916=EDGE_LOOP('',(#4949,#4950,#4951,#4952));
#917=EDGE_LOOP('',(#4953,#4954,#4955,#4956));
#918=EDGE_LOOP('',(#4957,#4958,#4959,#4960));
#919=EDGE_LOOP('',(#4961,#4962,#4963,#4964));
#920=EDGE_LOOP('',(#4965,#4966,#4967,#4968));
#921=EDGE_LOOP('',(#4969,#4970,#4971,#4972));
#922=EDGE_LOOP('',(#4973,#4974,#4975,#4976,#4977));
#923=EDGE_LOOP('',(#4978,#4979,#4980,#4981,#4982));
#924=EDGE_LOOP('',(#4983,#4984,#4985,#4986,#4987));
#925=EDGE_LOOP('',(#4988,#4989,#4990,#4991,#4992));
#926=EDGE_LOOP('',(#4993,#4994,#4995,#4996,#4997));
#927=EDGE_LOOP('',(#4998,#4999,#5000,#5001,#5002));
#928=EDGE_LOOP('',(#5003,#5004,#5005,#5006,#5007));
#929=EDGE_LOOP('',(#5008,#5009,#5010,#5011,#5012));
#930=EDGE_LOOP('',(#5013,#5014,#5015,#5016));
#931=EDGE_LOOP('',(#5017,#5018,#5019,#5020));
#932=EDGE_LOOP('',(#5021,#5022,#5023,#5024));
#933=EDGE_LOOP('',(#5025,#5026,#5027,#5028));
#934=EDGE_LOOP('',(#5029,#5030,#5031,#5032));
#935=EDGE_LOOP('',(#5033,#5034,#5035,#5036));
#936=EDGE_LOOP('',(#5037,#5038,#5039,#5040));
#937=EDGE_LOOP('',(#5041,#5042,#5043,#5044,#5045));
#938=EDGE_LOOP('',(#5046,#5047,#5048,#5049,#5050));
#939=EDGE_LOOP('',(#5051,#5052,#5053,#5054,#5055));
#940=EDGE_LOOP('',(#5056,#5057,#5058,#5059,#5060));
#941=EDGE_LOOP('',(#5061,#5062,#5063,#5064,#5065));
#942=EDGE_LOOP('',(#5066,#5067,#5068,#5069,#5070));
#943=EDGE_LOOP('',(#5071,#5072,#5073,#5074));
#944=EDGE_LOOP('',(#5075,#5076,#5077,#5078));
#945=EDGE_LOOP('',(#5079,#5080,#5081,#5082));
#946=EDGE_LOOP('',(#5083,#5084,#5085,#5086));
#947=EDGE_LOOP('',(#5087,#5088,#5089,#5090));
#948=EDGE_LOOP('',(#5091,#5092,#5093,#5094));
#949=EDGE_LOOP('',(#5095,#5096,#5097,#5098));
#950=EDGE_LOOP('',(#5099,#5100,#5101,#5102));
#951=EDGE_LOOP('',(#5103,#5104,#5105,#5106));
#952=EDGE_LOOP('',(#5107,#5108,#5109,#5110,#5111));
#953=EDGE_LOOP('',(#5112,#5113,#5114,#5115,#5116));
#954=EDGE_LOOP('',(#5117,#5118,#5119,#5120,#5121));
#955=EDGE_LOOP('',(#5122,#5123,#5124,#5125,#5126));
#956=EDGE_LOOP('',(#5127,#5128,#5129,#5130,#5131));
#957=EDGE_LOOP('',(#5132,#5133,#5134,#5135,#5136));
#958=EDGE_LOOP('',(#5137,#5138,#5139,#5140,#5141));
#959=EDGE_LOOP('',(#5142,#5143,#5144,#5145,#5146));
#960=EDGE_LOOP('',(#5147,#5148,#5149,#5150,#5151));
#961=EDGE_LOOP('',(#5152,#5153,#5154,#5155,#5156));
#962=EDGE_LOOP('',(#5157,#5158,#5159,#5160,#5161));
#963=EDGE_LOOP('',(#5162,#5163,#5164,#5165));
#964=EDGE_LOOP('',(#5166,#5167,#5168,#5169));
#965=EDGE_LOOP('',(#5170,#5171,#5172,#5173));
#966=EDGE_LOOP('',(#5174,#5175,#5176,#5177));
#967=EDGE_LOOP('',(#5178,#5179,#5180,#5181));
#968=EDGE_LOOP('',(#5182,#5183,#5184,#5185));
#969=EDGE_LOOP('',(#5186,#5187,#5188,#5189));
#970=EDGE_LOOP('',(#5190,#5191,#5192,#5193,#5194));
#971=EDGE_LOOP('',(#5195,#5196,#5197,#5198,#5199));
#972=EDGE_LOOP('',(#5200,#5201,#5202,#5203,#5204));
#973=EDGE_LOOP('',(#5205,#5206,#5207,#5208,#5209));
#974=EDGE_LOOP('',(#5210,#5211,#5212,#5213,#5214));
#975=EDGE_LOOP('',(#5215,#5216,#5217,#5218,#5219));
#976=EDGE_LOOP('',(#5220,#5221,#5222,#5223,#5224));
#977=EDGE_LOOP('',(#5225,#5226,#5227,#5228,#5229));
#978=EDGE_LOOP('',(#5230,#5231,#5232,#5233));
#979=EDGE_LOOP('',(#5234,#5235,#5236,#5237,#5238));
#980=EDGE_LOOP('',(#5239,#5240,#5241,#5242,#5243));
#981=EDGE_LOOP('',(#5244,#5245,#5246,#5247,#5248));
#982=EDGE_LOOP('',(#5249,#5250,#5251,#5252,#5253));
#983=EDGE_LOOP('',(#5254,#5255,#5256,#5257,#5258));
#984=EDGE_LOOP('',(#5259,#5260,#5261,#5262,#5263));
#985=EDGE_LOOP('',(#5264,#5265,#5266,#5267,#5268));
#986=EDGE_LOOP('',(#5269,#5270,#5271,#5272,#5273,#5274,#5275,#5276));
#987=EDGE_LOOP('',(#5277,#5278,#5279,#5280,#5281,#5282,#5283,#5284));
#988=EDGE_LOOP('',(#5285,#5286,#5287,#5288));
#989=EDGE_LOOP('',(#5289,#5290,#5291,#5292));
#990=EDGE_LOOP('',(#5293,#5294,#5295,#5296));
#991=EDGE_LOOP('',(#5297,#5298,#5299,#5300));
#992=EDGE_LOOP('',(#5301,#5302,#5303,#5304));
#993=EDGE_LOOP('',(#5305,#5306,#5307,#5308));
#994=EDGE_LOOP('',(#5309,#5310,#5311,#5312));
#995=EDGE_LOOP('',(#5313,#5314,#5315,#5316));
#996=EDGE_LOOP('',(#5317,#5318,#5319,#5320));
#997=EDGE_LOOP('',(#5321,#5322,#5323,#5324));
#998=EDGE_LOOP('',(#5325,#5326,#5327,#5328,#5329));
#999=EDGE_LOOP('',(#5330,#5331,#5332,#5333,#5334));
#1000=EDGE_LOOP('',(#5335,#5336,#5337,#5338));
#1001=EDGE_LOOP('',(#5339,#5340,#5341,#5342,#5343));
#1002=EDGE_LOOP('',(#5344,#5345,#5346,#5347));
#1003=EDGE_LOOP('',(#5348,#5349,#5350,#5351));
#1004=EDGE_LOOP('',(#5352,#5353,#5354,#5355));
#1005=EDGE_LOOP('',(#5356,#5357,#5358,#5359));
#1006=EDGE_LOOP('',(#5360,#5361,#5362,#5363));
#1007=EDGE_LOOP('',(#5364,#5365,#5366,#5367));
#1008=EDGE_LOOP('',(#5368,#5369,#5370,#5371));
#1009=EDGE_LOOP('',(#5372,#5373,#5374,#5375,#5376));
#1010=EDGE_LOOP('',(#5377,#5378,#5379,#5380,#5381));
#1011=EDGE_LOOP('',(#5382,#5383,#5384,#5385,#5386));
#1012=EDGE_LOOP('',(#5387,#5388,#5389,#5390,#5391));
#1013=EDGE_LOOP('',(#5392,#5393,#5394,#5395,#5396));
#1014=EDGE_LOOP('',(#5397,#5398,#5399,#5400,#5401));
#1015=EDGE_LOOP('',(#5402,#5403,#5404,#5405,#5406));
#1016=EDGE_LOOP('',(#5407,#5408,#5409,#5410));
#1017=EDGE_LOOP('',(#5411,#5412,#5413,#5414));
#1018=EDGE_LOOP('',(#5415,#5416,#5417,#5418));
#1019=EDGE_LOOP('',(#5419,#5420,#5421,#5422));
#1020=EDGE_LOOP('',(#5423,#5424,#5425,#5426));
#1021=EDGE_LOOP('',(#5427,#5428,#5429,#5430));
#1022=EDGE_LOOP('',(#5431,#5432,#5433,#5434));
#1023=EDGE_LOOP('',(#5435,#5436,#5437,#5438));
#1024=EDGE_LOOP('',(#5439,#5440,#5441,#5442,#5443));
#1025=EDGE_LOOP('',(#5444,#5445,#5446,#5447,#5448));
#1026=EDGE_LOOP('',(#5449,#5450,#5451,#5452,#5453));
#1027=EDGE_LOOP('',(#5454,#5455,#5456,#5457,#5458));
#1028=EDGE_LOOP('',(#5459,#5460,#5461,#5462));
#1029=EDGE_LOOP('',(#5463,#5464,#5465,#5466,#5467));
#1030=EDGE_LOOP('',(#5468,#5469,#5470,#5471,#5472));
#1031=EDGE_LOOP('',(#5473,#5474,#5475));
#1032=EDGE_LOOP('',(#5476,#5477,#5478,#5479));
#1033=EDGE_LOOP('',(#5480,#5481,#5482,#5483));
#1034=EDGE_LOOP('',(#5484,#5485,#5486,#5487));
#1035=EDGE_LOOP('',(#5488,#5489,#5490,#5491));
#1036=EDGE_LOOP('',(#5492,#5493,#5494,#5495,#5496));
#1037=EDGE_LOOP('',(#5497,#5498,#5499,#5500));
#1038=EDGE_LOOP('',(#5501,#5502,#5503,#5504,#5505));
#1039=EDGE_LOOP('',(#5506,#5507,#5508,#5509));
#1040=EDGE_LOOP('',(#5510,#5511,#5512,#5513,#5514));
#1041=EDGE_LOOP('',(#5515,#5516,#5517,#5518));
#1042=EDGE_LOOP('',(#5519,#5520,#5521,#5522,#5523));
#1043=EDGE_LOOP('',(#5524,#5525,#5526,#5527,#5528));
#1044=EDGE_LOOP('',(#5529,#5530,#5531,#5532));
#1045=EDGE_LOOP('',(#5533,#5534,#5535,#5536));
#1046=EDGE_LOOP('',(#5537,#5538,#5539,#5540));
#1047=EDGE_LOOP('',(#5541,#5542,#5543,#5544));
#1048=EDGE_LOOP('',(#5545,#5546,#5547,#5548));
#1049=EDGE_LOOP('',(#5549,#5550,#5551,#5552));
#1050=EDGE_LOOP('',(#5553,#5554,#5555,#5556));
#1051=EDGE_LOOP('',(#5557,#5558,#5559,#5560));
#1052=EDGE_LOOP('',(#5561,#5562,#5563,#5564));
#1053=EDGE_LOOP('',(#5565,#5566,#5567,#5568));
#1054=EDGE_LOOP('',(#5569,#5570,#5571,#5572));
#1055=EDGE_LOOP('',(#5573,#5574,#5575,#5576));
#1056=EDGE_LOOP('',(#5577,#5578,#5579,#5580,#5581));
#1057=EDGE_LOOP('',(#5582,#5583,#5584,#5585));
#1058=EDGE_LOOP('',(#5586,#5587,#5588,#5589,#5590));
#1059=EDGE_LOOP('',(#5591,#5592,#5593,#5594,#5595));
#1060=EDGE_LOOP('',(#5596,#5597,#5598,#5599,#5600));
#1061=EDGE_LOOP('',(#5601,#5602,#5603,#5604,#5605));
#1062=EDGE_LOOP('',(#5606,#5607,#5608,#5609,#5610));
#1063=EDGE_LOOP('',(#5611,#5612,#5613,#5614,#5615));
#1064=EDGE_LOOP('',(#5616,#5617,#5618,#5619,#5620));
#1065=EDGE_LOOP('',(#5621,#5622,#5623,#5624,#5625));
#1066=EDGE_LOOP('',(#5626,#5627,#5628,#5629,#5630));
#1067=EDGE_LOOP('',(#5631,#5632,#5633,#5634,#5635));
#1068=EDGE_LOOP('',(#5636,#5637,#5638,#5639,#5640));
#1069=EDGE_LOOP('',(#5641,#5642,#5643,#5644,#5645));
#1070=EDGE_LOOP('',(#5646,#5647,#5648,#5649,#5650));
#1071=EDGE_LOOP('',(#5651,#5652,#5653,#5654));
#1072=EDGE_LOOP('',(#5655,#5656,#5657,#5658,#5659));
#1073=EDGE_LOOP('',(#5660,#5661,#5662,#5663));
#1074=EDGE_LOOP('',(#5664,#5665,#5666,#5667));
#1075=EDGE_LOOP('',(#5668,#5669,#5670,#5671));
#1076=EDGE_LOOP('',(#5672,#5673,#5674,#5675));
#1077=EDGE_LOOP('',(#5676,#5677,#5678,#5679));
#1078=EDGE_LOOP('',(#5680,#5681,#5682,#5683));
#1079=EDGE_LOOP('',(#5684,#5685,#5686,#5687));
#1080=EDGE_LOOP('',(#5688,#5689,#5690,#5691,#5692));
#1081=EDGE_LOOP('',(#5693,#5694,#5695,#5696,#5697));
#1082=EDGE_LOOP('',(#5698,#5699,#5700,#5701,#5702));
#1083=EDGE_LOOP('',(#5703,#5704,#5705,#5706,#5707));
#1084=EDGE_LOOP('',(#5708,#5709,#5710,#5711,#5712));
#1085=EDGE_LOOP('',(#5713,#5714,#5715,#5716,#5717));
#1086=EDGE_LOOP('',(#5718,#5719,#5720,#5721,#5722));
#1087=EDGE_LOOP('',(#5723,#5724,#5725,#5726,#5727));
#1088=EDGE_LOOP('',(#5728,#5729,#5730,#5731));
#1089=EDGE_LOOP('',(#5732,#5733,#5734,#5735));
#1090=EDGE_LOOP('',(#5736,#5737,#5738,#5739));
#1091=EDGE_LOOP('',(#5740,#5741,#5742,#5743));
#1092=EDGE_LOOP('',(#5744,#5745,#5746,#5747));
#1093=EDGE_LOOP('',(#5748,#5749,#5750,#5751));
#1094=EDGE_LOOP('',(#5752,#5753,#5754,#5755));
#1095=ELLIPSE('',#6133,3.96910344714864,3.8925);
#1096=ELLIPSE('',#6134,19.908627278188,3.8925);
#1097=ELLIPSE('',#6135,5.50482629153728,3.8925);
#1098=ELLIPSE('',#6136,19.908627278188,3.8925);
#1099=ELLIPSE('',#6137,3.96910344714864,3.8925);
#1100=ELLIPSE('',#6138,5.50482629153728,3.8925);
#1101=ELLIPSE('',#6139,3.96910344714864,3.8925);
#1102=ELLIPSE('',#6141,3.98082976433353,3.904);
#1103=ELLIPSE('',#6142,5.52108974750457,3.904);
#1104=ELLIPSE('',#6143,3.98082976433353,3.904);
#1105=ELLIPSE('',#6144,19.9674453163894,3.904);
#1106=ELLIPSE('',#6145,5.52108974750456,3.904);
#1107=ELLIPSE('',#6146,19.9674453163894,3.904);
#1108=ELLIPSE('',#6147,3.98082976433353,3.904);
#1109=LINE('',#8085,#1934);
#1110=LINE('',#8115,#1935);
#1111=LINE('',#8117,#1936);
#1112=LINE('',#8119,#1937);
#1113=LINE('',#8121,#1938);
#1114=LINE('',#8122,#1939);
#1115=LINE('',#8125,#1940);
#1116=LINE('',#8127,#1941);
#1117=LINE('',#8129,#1942);
#1118=LINE('',#8131,#1943);
#1119=LINE('',#8132,#1944);
#1120=LINE('',#8133,#1945);
#1121=LINE('',#8136,#1946);
#1122=LINE('',#8137,#1947);
#1123=LINE('',#8140,#1948);
#1124=LINE('',#8141,#1949);
#1125=LINE('',#8144,#1950);
#1126=LINE('',#8145,#1951);
#1127=LINE('',#8148,#1952);
#1128=LINE('',#8149,#1953);
#1129=LINE('',#8152,#1954);
#1130=LINE('',#8154,#1955);
#1131=LINE('',#8156,#1956);
#1132=LINE('',#8158,#1957);
#1133=LINE('',#8160,#1958);
#1134=LINE('',#8162,#1959);
#1135=LINE('',#8163,#1960);
#1136=LINE('',#8165,#1961);
#1137=LINE('',#8167,#1962);
#1138=LINE('',#8169,#1963);
#1139=LINE('',#8171,#1964);
#1140=LINE('',#8173,#1965);
#1141=LINE('',#8175,#1966);
#1142=LINE('',#8176,#1967);
#1143=LINE('',#8180,#1968);
#1144=LINE('',#8182,#1969);
#1145=LINE('',#8184,#1970);
#1146=LINE('',#8185,#1971);
#1147=LINE('',#8188,#1972);
#1148=LINE('',#8190,#1973);
#1149=LINE('',#8191,#1974);
#1150=LINE('',#8194,#1975);
#1151=LINE('',#8196,#1976);
#1152=LINE('',#8198,#1977);
#1153=LINE('',#8199,#1978);
#1154=LINE('',#8201,#1979);
#1155=LINE('',#8205,#1980);
#1156=LINE('',#8207,#1981);
#1157=LINE('',#8209,#1982);
#1158=LINE('',#8211,#1983);
#1159=LINE('',#8212,#1984);
#1160=LINE('',#8215,#1985);
#1161=LINE('',#8217,#1986);
#1162=LINE('',#8219,#1987);
#1163=LINE('',#8220,#1988);
#1164=LINE('',#8224,#1989);
#1165=LINE('',#8226,#1990);
#1166=LINE('',#8228,#1991);
#1167=LINE('',#8230,#1992);
#1168=LINE('',#8231,#1993);
#1169=LINE('',#8234,#1994);
#1170=LINE('',#8236,#1995);
#1171=LINE('',#8238,#1996);
#1172=LINE('',#8239,#1997);
#1173=LINE('',#8243,#1998);
#1174=LINE('',#8245,#1999);
#1175=LINE('',#8247,#2000);
#1176=LINE('',#8249,#2001);
#1177=LINE('',#8250,#2002);
#1178=LINE('',#8253,#2003);
#1179=LINE('',#8255,#2004);
#1180=LINE('',#8257,#2005);
#1181=LINE('',#8258,#2006);
#1182=LINE('',#8262,#2007);
#1183=LINE('',#8264,#2008);
#1184=LINE('',#8266,#2009);
#1185=LINE('',#8268,#2010);
#1186=LINE('',#8269,#2011);
#1187=LINE('',#8272,#2012);
#1188=LINE('',#8274,#2013);
#1189=LINE('',#8276,#2014);
#1190=LINE('',#8277,#2015);
#1191=LINE('',#8281,#2016);
#1192=LINE('',#8283,#2017);
#1193=LINE('',#8285,#2018);
#1194=LINE('',#8286,#2019);
#1195=LINE('',#8289,#2020);
#1196=LINE('',#8291,#2021);
#1197=LINE('',#8292,#2022);
#1198=LINE('',#8296,#2023);
#1199=LINE('',#8298,#2024);
#1200=LINE('',#8300,#2025);
#1201=LINE('',#8301,#2026);
#1202=LINE('',#8305,#2027);
#1203=LINE('',#8307,#2028);
#1204=LINE('',#8309,#2029);
#1205=LINE('',#8310,#2030);
#1206=LINE('',#8313,#2031);
#1207=LINE('',#8315,#2032);
#1208=LINE('',#8316,#2033);
#1209=LINE('',#8320,#2034);
#1210=LINE('',#8322,#2035);
#1211=LINE('',#8324,#2036);
#1212=LINE('',#8325,#2037);
#1213=LINE('',#8328,#2038);
#1214=LINE('',#8330,#2039);
#1215=LINE('',#8331,#2040);
#1216=LINE('',#8335,#2041);
#1217=LINE('',#8337,#2042);
#1218=LINE('',#8339,#2043);
#1219=LINE('',#8341,#2044);
#1220=LINE('',#8342,#2045);
#1221=LINE('',#8345,#2046);
#1222=LINE('',#8347,#2047);
#1223=LINE('',#8349,#2048);
#1224=LINE('',#8350,#2049);
#1225=LINE('',#8354,#2050);
#1226=LINE('',#8356,#2051);
#1227=LINE('',#8358,#2052);
#1228=LINE('',#8360,#2053);
#1229=LINE('',#8361,#2054);
#1230=LINE('',#8364,#2055);
#1231=LINE('',#8366,#2056);
#1232=LINE('',#8368,#2057);
#1233=LINE('',#8369,#2058);
#1234=LINE('',#8373,#2059);
#1235=LINE('',#8375,#2060);
#1236=LINE('',#8377,#2061);
#1237=LINE('',#8379,#2062);
#1238=LINE('',#8380,#2063);
#1239=LINE('',#8382,#2064);
#1240=LINE('',#8384,#2065);
#1241=LINE('',#8385,#2066);
#1242=LINE('',#8389,#2067);
#1243=LINE('',#8391,#2068);
#1244=LINE('',#8393,#2069);
#1245=LINE('',#8394,#2070);
#1246=LINE('',#8398,#2071);
#1247=LINE('',#8400,#2072);
#1248=LINE('',#8402,#2073);
#1249=LINE('',#8403,#2074);
#1250=LINE('',#8406,#2075);
#1251=LINE('',#8408,#2076);
#1252=LINE('',#8409,#2077);
#1253=LINE('',#8413,#2078);
#1254=LINE('',#8415,#2079);
#1255=LINE('',#8417,#2080);
#1256=LINE('',#8418,#2081);
#1257=LINE('',#8421,#2082);
#1258=LINE('',#8423,#2083);
#1259=LINE('',#8424,#2084);
#1260=LINE('',#8427,#2085);
#1261=LINE('',#8429,#2086);
#1262=LINE('',#8430,#2087);
#1263=LINE('',#8433,#2088);
#1264=LINE('',#8435,#2089);
#1265=LINE('',#8436,#2090);
#1266=LINE('',#8439,#2091);
#1267=LINE('',#8440,#2092);
#1268=LINE('',#8443,#2093);
#1269=LINE('',#8444,#2094);
#1270=LINE('',#8447,#2095);
#1271=LINE('',#8449,#2096);
#1272=LINE('',#8451,#2097);
#1273=LINE('',#8452,#2098);
#1274=LINE('',#8455,#2099);
#1275=LINE('',#8457,#2100);
#1276=LINE('',#8459,#2101);
#1277=LINE('',#8460,#2102);
#1278=LINE('',#8463,#2103);
#1279=LINE('',#8465,#2104);
#1280=LINE('',#8467,#2105);
#1281=LINE('',#8468,#2106);
#1282=LINE('',#8471,#2107);
#1283=LINE('',#8473,#2108);
#1284=LINE('',#8475,#2109);
#1285=LINE('',#8476,#2110);
#1286=LINE('',#8479,#2111);
#1287=LINE('',#8481,#2112);
#1288=LINE('',#8483,#2113);
#1289=LINE('',#8484,#2114);
#1290=LINE('',#8487,#2115);
#1291=LINE('',#8489,#2116);
#1292=LINE('',#8491,#2117);
#1293=LINE('',#8492,#2118);
#1294=LINE('',#8495,#2119);
#1295=LINE('',#8497,#2120);
#1296=LINE('',#8499,#2121);
#1297=LINE('',#8500,#2122);
#1298=LINE('',#8503,#2123);
#1299=LINE('',#8504,#2124);
#1300=LINE('',#8507,#2125);
#1301=LINE('',#8509,#2126);
#1302=LINE('',#8511,#2127);
#1303=LINE('',#8512,#2128);
#1304=LINE('',#8515,#2129);
#1305=LINE('',#8517,#2130);
#1306=LINE('',#8519,#2131);
#1307=LINE('',#8520,#2132);
#1308=LINE('',#8522,#2133);
#1309=LINE('',#8524,#2134);
#1310=LINE('',#8525,#2135);
#1311=LINE('',#8528,#2136);
#1312=LINE('',#8530,#2137);
#1313=LINE('',#8531,#2138);
#1314=LINE('',#8534,#2139);
#1315=LINE('',#8536,#2140);
#1316=LINE('',#8537,#2141);
#1317=LINE('',#8540,#2142);
#1318=LINE('',#8542,#2143);
#1319=LINE('',#8543,#2144);
#1320=LINE('',#8546,#2145);
#1321=LINE('',#8548,#2146);
#1322=LINE('',#8549,#2147);
#1323=LINE('',#8552,#2148);
#1324=LINE('',#8554,#2149);
#1325=LINE('',#8555,#2150);
#1326=LINE('',#8558,#2151);
#1327=LINE('',#8560,#2152);
#1328=LINE('',#8561,#2153);
#1329=LINE('',#8564,#2154);
#1330=LINE('',#8566,#2155);
#1331=LINE('',#8567,#2156);
#1332=LINE('',#8570,#2157);
#1333=LINE('',#8572,#2158);
#1334=LINE('',#8574,#2159);
#1335=LINE('',#8575,#2160);
#1336=LINE('',#8578,#2161);
#1337=LINE('',#8579,#2162);
#1338=LINE('',#8580,#2163);
#1339=LINE('',#8583,#2164);
#1340=LINE('',#8585,#2165);
#1341=LINE('',#8587,#2166);
#1342=LINE('',#8588,#2167);
#1343=LINE('',#8591,#2168);
#1344=LINE('',#8593,#2169);
#1345=LINE('',#8595,#2170);
#1346=LINE('',#8596,#2171);
#1347=LINE('',#8599,#2172);
#1348=LINE('',#8600,#2173);
#1349=LINE('',#8601,#2174);
#1350=LINE('',#8603,#2175);
#1351=LINE('',#8605,#2176);
#1352=LINE('',#8606,#2177);
#1353=LINE('',#8608,#2178);
#1354=LINE('',#8610,#2179);
#1355=LINE('',#8611,#2180);
#1356=LINE('',#8614,#2181);
#1357=LINE('',#8615,#2182);
#1358=LINE('',#8618,#2183);
#1359=LINE('',#8620,#2184);
#1360=LINE('',#8621,#2185);
#1361=LINE('',#8623,#2186);
#1362=LINE('',#8624,#2187);
#1363=LINE('',#8626,#2188);
#1364=LINE('',#8628,#2189);
#1365=LINE('',#8630,#2190);
#1366=LINE('',#8632,#2191);
#1367=LINE('',#8633,#2192);
#1368=LINE('',#8635,#2193);
#1369=LINE('',#8637,#2194);
#1370=LINE('',#8640,#2195);
#1371=LINE('',#8642,#2196);
#1372=LINE('',#8643,#2197);
#1373=LINE('',#8646,#2198);
#1374=LINE('',#8648,#2199);
#1375=LINE('',#8649,#2200);
#1376=LINE('',#8652,#2201);
#1377=LINE('',#8654,#2202);
#1378=LINE('',#8655,#2203);
#1379=LINE('',#8658,#2204);
#1380=LINE('',#8660,#2205);
#1381=LINE('',#8661,#2206);
#1382=LINE('',#8663,#2207);
#1383=LINE('',#8664,#2208);
#1384=LINE('',#8666,#2209);
#1385=LINE('',#8667,#2210);
#1386=LINE('',#8669,#2211);
#1387=LINE('',#8670,#2212);
#1388=LINE('',#8672,#2213);
#1389=LINE('',#8673,#2214);
#1390=LINE('',#8675,#2215);
#1391=LINE('',#8676,#2216);
#1392=LINE('',#8678,#2217);
#1393=LINE('',#8679,#2218);
#1394=LINE('',#8682,#2219);
#1395=LINE('',#8684,#2220);
#1396=LINE('',#8686,#2221);
#1397=LINE('',#8688,#2222);
#1398=LINE('',#8690,#2223);
#1399=LINE('',#8691,#2224);
#1400=LINE('',#8694,#2225);
#1401=LINE('',#8696,#2226);
#1402=LINE('',#8698,#2227);
#1403=LINE('',#8699,#2228);
#1404=LINE('',#8702,#2229);
#1405=LINE('',#8703,#2230);
#1406=LINE('',#8706,#2231);
#1407=LINE('',#8708,#2232);
#1408=LINE('',#8710,#2233);
#1409=LINE('',#8712,#2234);
#1410=LINE('',#8713,#2235);
#1411=LINE('',#8716,#2236);
#1412=LINE('',#8717,#2237);
#1413=LINE('',#8718,#2238);
#1414=LINE('',#8720,#2239);
#1415=LINE('',#8721,#2240);
#1416=LINE('',#8724,#2241);
#1417=LINE('',#8725,#2242);
#1418=LINE('',#8726,#2243);
#1419=LINE('',#8728,#2244);
#1420=LINE('',#8729,#2245);
#1421=LINE('',#8732,#2246);
#1422=LINE('',#8733,#2247);
#1423=LINE('',#8734,#2248);
#1424=LINE('',#8735,#2249);
#1425=LINE('',#8737,#2250);
#1426=LINE('',#8739,#2251);
#1427=LINE('',#8741,#2252);
#1428=LINE('',#8742,#2253);
#1429=LINE('',#8745,#2254);
#1430=LINE('',#8747,#2255);
#1431=LINE('',#8749,#2256);
#1432=LINE('',#8750,#2257);
#1433=LINE('',#8751,#2258);
#1434=LINE('',#8754,#2259);
#1435=LINE('',#8756,#2260);
#1436=LINE('',#8758,#2261);
#1437=LINE('',#8759,#2262);
#1438=LINE('',#8762,#2263);
#1439=LINE('',#8764,#2264);
#1440=LINE('',#8766,#2265);
#1441=LINE('',#8767,#2266);
#1442=LINE('',#8768,#2267);
#1443=LINE('',#8771,#2268);
#1444=LINE('',#8773,#2269);
#1445=LINE('',#8775,#2270);
#1446=LINE('',#8776,#2271);
#1447=LINE('',#8779,#2272);
#1448=LINE('',#8781,#2273);
#1449=LINE('',#8783,#2274);
#1450=LINE('',#8784,#2275);
#1451=LINE('',#8785,#2276);
#1452=LINE('',#8788,#2277);
#1453=LINE('',#8790,#2278);
#1454=LINE('',#8792,#2279);
#1455=LINE('',#8793,#2280);
#1456=LINE('',#8797,#2281);
#1457=LINE('',#8798,#2282);
#1458=LINE('',#8800,#2283);
#1459=LINE('',#8802,#2284);
#1460=LINE('',#8803,#2285);
#1461=LINE('',#8805,#2286);
#1462=LINE('',#8806,#2287);
#1463=LINE('',#8808,#2288);
#1464=LINE('',#8811,#2289);
#1465=LINE('',#8812,#2290);
#1466=LINE('',#8813,#2291);
#1467=LINE('',#8815,#2292);
#1468=LINE('',#8816,#2293);
#1469=LINE('',#8819,#2294);
#1470=LINE('',#8820,#2295);
#1471=LINE('',#8821,#2296);
#1472=LINE('',#8823,#2297);
#1473=LINE('',#8824,#2298);
#1474=LINE('',#8827,#2299);
#1475=LINE('',#8828,#2300);
#1476=LINE('',#8829,#2301);
#1477=LINE('',#8831,#2302);
#1478=LINE('',#8832,#2303);
#1479=LINE('',#8835,#2304);
#1480=LINE('',#8837,#2305);
#1481=LINE('',#8839,#2306);
#1482=LINE('',#8840,#2307);
#1483=LINE('',#8841,#2308);
#1484=LINE('',#8844,#2309);
#1485=LINE('',#8846,#2310);
#1486=LINE('',#8848,#2311);
#1487=LINE('',#8849,#2312);
#1488=LINE('',#8852,#2313);
#1489=LINE('',#8854,#2314);
#1490=LINE('',#8856,#2315);
#1491=LINE('',#8857,#2316);
#1492=LINE('',#8858,#2317);
#1493=LINE('',#8861,#2318);
#1494=LINE('',#8863,#2319);
#1495=LINE('',#8865,#2320);
#1496=LINE('',#8866,#2321);
#1497=LINE('',#8868,#2322);
#1498=LINE('',#8870,#2323);
#1499=LINE('',#8871,#2324);
#1500=LINE('',#8873,#2325);
#1501=LINE('',#8875,#2326);
#1502=LINE('',#8876,#2327);
#1503=LINE('',#8878,#2328);
#1504=LINE('',#8880,#2329);
#1505=LINE('',#8882,#2330);
#1506=LINE('',#8884,#2331);
#1507=LINE('',#8887,#2332);
#1508=LINE('',#8889,#2333);
#1509=LINE('',#8890,#2334);
#1510=LINE('',#8892,#2335);
#1511=LINE('',#8894,#2336);
#1512=LINE('',#8895,#2337);
#1513=LINE('',#8897,#2338);
#1514=LINE('',#8899,#2339);
#1515=LINE('',#8900,#2340);
#1516=LINE('',#8902,#2341);
#1517=LINE('',#8905,#2342);
#1518=LINE('',#8907,#2343);
#1519=LINE('',#8909,#2344);
#1520=LINE('',#8911,#2345);
#1521=LINE('',#8913,#2346);
#1522=LINE('',#8915,#2347);
#1523=LINE('',#8917,#2348);
#1524=LINE('',#8919,#2349);
#1525=LINE('',#8921,#2350);
#1526=LINE('',#8923,#2351);
#1527=LINE('',#8925,#2352);
#1528=LINE('',#8927,#2353);
#1529=LINE('',#8929,#2354);
#1530=LINE('',#8930,#2355);
#1531=LINE('',#8932,#2356);
#1532=LINE('',#8934,#2357);
#1533=LINE('',#8935,#2358);
#1534=LINE('',#8937,#2359);
#1535=LINE('',#8939,#2360);
#1536=LINE('',#8941,#2361);
#1537=LINE('',#8943,#2362);
#1538=LINE('',#8945,#2363);
#1539=LINE('',#8946,#2364);
#1540=LINE('',#8948,#2365);
#1541=LINE('',#8950,#2366);
#1542=LINE('',#8956,#2367);
#1543=LINE('',#8958,#2368);
#1544=LINE('',#8959,#2369);
#1545=LINE('',#8963,#2370);
#1546=LINE('',#8970,#2371);
#1547=LINE('',#8977,#2372);
#1548=LINE('',#8990,#2373);
#1549=LINE('',#8992,#2374);
#1550=LINE('',#8994,#2375);
#1551=LINE('',#8995,#2376);
#1552=LINE('',#8998,#2377);
#1553=LINE('',#9000,#2378);
#1554=LINE('',#9001,#2379);
#1555=LINE('',#9004,#2380);
#1556=LINE('',#9006,#2381);
#1557=LINE('',#9007,#2382);
#1558=LINE('',#9009,#2383);
#1559=LINE('',#9013,#2384);
#1560=LINE('',#9015,#2385);
#1561=LINE('',#9017,#2386);
#1562=LINE('',#9019,#2387);
#1563=LINE('',#9020,#2388);
#1564=LINE('',#9023,#2389);
#1565=LINE('',#9025,#2390);
#1566=LINE('',#9027,#2391);
#1567=LINE('',#9028,#2392);
#1568=LINE('',#9032,#2393);
#1569=LINE('',#9034,#2394);
#1570=LINE('',#9036,#2395);
#1571=LINE('',#9038,#2396);
#1572=LINE('',#9039,#2397);
#1573=LINE('',#9042,#2398);
#1574=LINE('',#9044,#2399);
#1575=LINE('',#9046,#2400);
#1576=LINE('',#9047,#2401);
#1577=LINE('',#9051,#2402);
#1578=LINE('',#9053,#2403);
#1579=LINE('',#9055,#2404);
#1580=LINE('',#9057,#2405);
#1581=LINE('',#9058,#2406);
#1582=LINE('',#9061,#2407);
#1583=LINE('',#9063,#2408);
#1584=LINE('',#9065,#2409);
#1585=LINE('',#9066,#2410);
#1586=LINE('',#9070,#2411);
#1587=LINE('',#9072,#2412);
#1588=LINE('',#9074,#2413);
#1589=LINE('',#9076,#2414);
#1590=LINE('',#9077,#2415);
#1591=LINE('',#9080,#2416);
#1592=LINE('',#9082,#2417);
#1593=LINE('',#9084,#2418);
#1594=LINE('',#9085,#2419);
#1595=LINE('',#9089,#2420);
#1596=LINE('',#9091,#2421);
#1597=LINE('',#9093,#2422);
#1598=LINE('',#9094,#2423);
#1599=LINE('',#9097,#2424);
#1600=LINE('',#9099,#2425);
#1601=LINE('',#9100,#2426);
#1602=LINE('',#9104,#2427);
#1603=LINE('',#9106,#2428);
#1604=LINE('',#9108,#2429);
#1605=LINE('',#9109,#2430);
#1606=LINE('',#9113,#2431);
#1607=LINE('',#9115,#2432);
#1608=LINE('',#9117,#2433);
#1609=LINE('',#9118,#2434);
#1610=LINE('',#9121,#2435);
#1611=LINE('',#9123,#2436);
#1612=LINE('',#9124,#2437);
#1613=LINE('',#9128,#2438);
#1614=LINE('',#9130,#2439);
#1615=LINE('',#9132,#2440);
#1616=LINE('',#9133,#2441);
#1617=LINE('',#9136,#2442);
#1618=LINE('',#9138,#2443);
#1619=LINE('',#9139,#2444);
#1620=LINE('',#9143,#2445);
#1621=LINE('',#9145,#2446);
#1622=LINE('',#9147,#2447);
#1623=LINE('',#9149,#2448);
#1624=LINE('',#9150,#2449);
#1625=LINE('',#9153,#2450);
#1626=LINE('',#9155,#2451);
#1627=LINE('',#9157,#2452);
#1628=LINE('',#9158,#2453);
#1629=LINE('',#9162,#2454);
#1630=LINE('',#9164,#2455);
#1631=LINE('',#9166,#2456);
#1632=LINE('',#9168,#2457);
#1633=LINE('',#9169,#2458);
#1634=LINE('',#9172,#2459);
#1635=LINE('',#9174,#2460);
#1636=LINE('',#9176,#2461);
#1637=LINE('',#9177,#2462);
#1638=LINE('',#9181,#2463);
#1639=LINE('',#9183,#2464);
#1640=LINE('',#9185,#2465);
#1641=LINE('',#9187,#2466);
#1642=LINE('',#9188,#2467);
#1643=LINE('',#9190,#2468);
#1644=LINE('',#9192,#2469);
#1645=LINE('',#9193,#2470);
#1646=LINE('',#9197,#2471);
#1647=LINE('',#9199,#2472);
#1648=LINE('',#9201,#2473);
#1649=LINE('',#9202,#2474);
#1650=LINE('',#9206,#2475);
#1651=LINE('',#9208,#2476);
#1652=LINE('',#9210,#2477);
#1653=LINE('',#9211,#2478);
#1654=LINE('',#9214,#2479);
#1655=LINE('',#9216,#2480);
#1656=LINE('',#9217,#2481);
#1657=LINE('',#9220,#2482);
#1658=LINE('',#9222,#2483);
#1659=LINE('',#9224,#2484);
#1660=LINE('',#9225,#2485);
#1661=LINE('',#9228,#2486);
#1662=LINE('',#9230,#2487);
#1663=LINE('',#9231,#2488);
#1664=LINE('',#9234,#2489);
#1665=LINE('',#9236,#2490);
#1666=LINE('',#9237,#2491);
#1667=LINE('',#9240,#2492);
#1668=LINE('',#9242,#2493);
#1669=LINE('',#9243,#2494);
#1670=LINE('',#9246,#2495);
#1671=LINE('',#9247,#2496);
#1672=LINE('',#9250,#2497);
#1673=LINE('',#9251,#2498);
#1674=LINE('',#9254,#2499);
#1675=LINE('',#9256,#2500);
#1676=LINE('',#9258,#2501);
#1677=LINE('',#9259,#2502);
#1678=LINE('',#9262,#2503);
#1679=LINE('',#9264,#2504);
#1680=LINE('',#9266,#2505);
#1681=LINE('',#9267,#2506);
#1682=LINE('',#9270,#2507);
#1683=LINE('',#9272,#2508);
#1684=LINE('',#9274,#2509);
#1685=LINE('',#9275,#2510);
#1686=LINE('',#9278,#2511);
#1687=LINE('',#9280,#2512);
#1688=LINE('',#9282,#2513);
#1689=LINE('',#9283,#2514);
#1690=LINE('',#9286,#2515);
#1691=LINE('',#9288,#2516);
#1692=LINE('',#9290,#2517);
#1693=LINE('',#9291,#2518);
#1694=LINE('',#9294,#2519);
#1695=LINE('',#9296,#2520);
#1696=LINE('',#9298,#2521);
#1697=LINE('',#9299,#2522);
#1698=LINE('',#9302,#2523);
#1699=LINE('',#9304,#2524);
#1700=LINE('',#9306,#2525);
#1701=LINE('',#9307,#2526);
#1702=LINE('',#9310,#2527);
#1703=LINE('',#9311,#2528);
#1704=LINE('',#9314,#2529);
#1705=LINE('',#9316,#2530);
#1706=LINE('',#9318,#2531);
#1707=LINE('',#9319,#2532);
#1708=LINE('',#9322,#2533);
#1709=LINE('',#9324,#2534);
#1710=LINE('',#9326,#2535);
#1711=LINE('',#9327,#2536);
#1712=LINE('',#9330,#2537);
#1713=LINE('',#9331,#2538);
#1714=LINE('',#9332,#2539);
#1715=LINE('',#9335,#2540);
#1716=LINE('',#9337,#2541);
#1717=LINE('',#9338,#2542);
#1718=LINE('',#9341,#2543);
#1719=LINE('',#9343,#2544);
#1720=LINE('',#9344,#2545);
#1721=LINE('',#9347,#2546);
#1722=LINE('',#9349,#2547);
#1723=LINE('',#9350,#2548);
#1724=LINE('',#9353,#2549);
#1725=LINE('',#9355,#2550);
#1726=LINE('',#9356,#2551);
#1727=LINE('',#9359,#2552);
#1728=LINE('',#9361,#2553);
#1729=LINE('',#9362,#2554);
#1730=LINE('',#9365,#2555);
#1731=LINE('',#9367,#2556);
#1732=LINE('',#9368,#2557);
#1733=LINE('',#9371,#2558);
#1734=LINE('',#9373,#2559);
#1735=LINE('',#9374,#2560);
#1736=LINE('',#9377,#2561);
#1737=LINE('',#9379,#2562);
#1738=LINE('',#9381,#2563);
#1739=LINE('',#9382,#2564);
#1740=LINE('',#9384,#2565);
#1741=LINE('',#9386,#2566);
#1742=LINE('',#9387,#2567);
#1743=LINE('',#9390,#2568);
#1744=LINE('',#9392,#2569);
#1745=LINE('',#9394,#2570);
#1746=LINE('',#9395,#2571);
#1747=LINE('',#9398,#2572);
#1748=LINE('',#9400,#2573);
#1749=LINE('',#9402,#2574);
#1750=LINE('',#9403,#2575);
#1751=LINE('',#9405,#2576);
#1752=LINE('',#9407,#2577);
#1753=LINE('',#9408,#2578);
#1754=LINE('',#9411,#2579);
#1755=LINE('',#9412,#2580);
#1756=LINE('',#9413,#2581);
#1757=LINE('',#9416,#2582);
#1758=LINE('',#9417,#2583);
#1759=LINE('',#9418,#2584);
#1760=LINE('',#9421,#2585);
#1761=LINE('',#9422,#2586);
#1762=LINE('',#9425,#2587);
#1763=LINE('',#9427,#2588);
#1764=LINE('',#9428,#2589);
#1765=LINE('',#9430,#2590);
#1766=LINE('',#9431,#2591);
#1767=LINE('',#9433,#2592);
#1768=LINE('',#9435,#2593);
#1769=LINE('',#9437,#2594);
#1770=LINE('',#9439,#2595);
#1771=LINE('',#9440,#2596);
#1772=LINE('',#9442,#2597);
#1773=LINE('',#9444,#2598);
#1774=LINE('',#9447,#2599);
#1775=LINE('',#9448,#2600);
#1776=LINE('',#9450,#2601);
#1777=LINE('',#9451,#2602);
#1778=LINE('',#9454,#2603);
#1779=LINE('',#9456,#2604);
#1780=LINE('',#9457,#2605);
#1781=LINE('',#9460,#2606);
#1782=LINE('',#9462,#2607);
#1783=LINE('',#9463,#2608);
#1784=LINE('',#9466,#2609);
#1785=LINE('',#9468,#2610);
#1786=LINE('',#9469,#2611);
#1787=LINE('',#9472,#2612);
#1788=LINE('',#9473,#2613);
#1789=LINE('',#9475,#2614);
#1790=LINE('',#9476,#2615);
#1791=LINE('',#9478,#2616);
#1792=LINE('',#9479,#2617);
#1793=LINE('',#9481,#2618);
#1794=LINE('',#9482,#2619);
#1795=LINE('',#9484,#2620);
#1796=LINE('',#9485,#2621);
#1797=LINE('',#9487,#2622);
#1798=LINE('',#9488,#2623);
#1799=LINE('',#9490,#2624);
#1800=LINE('',#9493,#2625);
#1801=LINE('',#9495,#2626);
#1802=LINE('',#9497,#2627);
#1803=LINE('',#9499,#2628);
#1804=LINE('',#9500,#2629);
#1805=LINE('',#9503,#2630);
#1806=LINE('',#9505,#2631);
#1807=LINE('',#9506,#2632);
#1808=LINE('',#9509,#2633);
#1809=LINE('',#9510,#2634);
#1810=LINE('',#9513,#2635);
#1811=LINE('',#9515,#2636);
#1812=LINE('',#9516,#2637);
#1813=LINE('',#9519,#2638);
#1814=LINE('',#9520,#2639);
#1815=LINE('',#9521,#2640);
#1816=LINE('',#9523,#2641);
#1817=LINE('',#9524,#2642);
#1818=LINE('',#9527,#2643);
#1819=LINE('',#9528,#2644);
#1820=LINE('',#9529,#2645);
#1821=LINE('',#9531,#2646);
#1822=LINE('',#9532,#2647);
#1823=LINE('',#9535,#2648);
#1824=LINE('',#9536,#2649);
#1825=LINE('',#9537,#2650);
#1826=LINE('',#9538,#2651);
#1827=LINE('',#9540,#2652);
#1828=LINE('',#9542,#2653);
#1829=LINE('',#9543,#2654);
#1830=LINE('',#9546,#2655);
#1831=LINE('',#9548,#2656);
#1832=LINE('',#9549,#2657);
#1833=LINE('',#9550,#2658);
#1834=LINE('',#9553,#2659);
#1835=LINE('',#9555,#2660);
#1836=LINE('',#9556,#2661);
#1837=LINE('',#9559,#2662);
#1838=LINE('',#9561,#2663);
#1839=LINE('',#9562,#2664);
#1840=LINE('',#9563,#2665);
#1841=LINE('',#9566,#2666);
#1842=LINE('',#9568,#2667);
#1843=LINE('',#9569,#2668);
#1844=LINE('',#9572,#2669);
#1845=LINE('',#9574,#2670);
#1846=LINE('',#9575,#2671);
#1847=LINE('',#9576,#2672);
#1848=LINE('',#9579,#2673);
#1849=LINE('',#9581,#2674);
#1850=LINE('',#9582,#2675);
#1851=LINE('',#9585,#2676);
#1852=LINE('',#9587,#2677);
#1853=LINE('',#9588,#2678);
#1854=LINE('',#9590,#2679);
#1855=LINE('',#9591,#2680);
#1856=LINE('',#9593,#2681);
#1857=LINE('',#9596,#2682);
#1858=LINE('',#9597,#2683);
#1859=LINE('',#9598,#2684);
#1860=LINE('',#9600,#2685);
#1861=LINE('',#9601,#2686);
#1862=LINE('',#9604,#2687);
#1863=LINE('',#9605,#2688);
#1864=LINE('',#9606,#2689);
#1865=LINE('',#9608,#2690);
#1866=LINE('',#9609,#2691);
#1867=LINE('',#9612,#2692);
#1868=LINE('',#9613,#2693);
#1869=LINE('',#9614,#2694);
#1870=LINE('',#9616,#2695);
#1871=LINE('',#9617,#2696);
#1872=LINE('',#9620,#2697);
#1873=LINE('',#9622,#2698);
#1874=LINE('',#9623,#2699);
#1875=LINE('',#9624,#2700);
#1876=LINE('',#9627,#2701);
#1877=LINE('',#9629,#2702);
#1878=LINE('',#9630,#2703);
#1879=LINE('',#9633,#2704);
#1880=LINE('',#9635,#2705);
#1881=LINE('',#9636,#2706);
#1882=LINE('',#9637,#2707);
#1883=LINE('',#9640,#2708);
#1884=LINE('',#9642,#2709);
#1885=LINE('',#9643,#2710);
#1886=LINE('',#9645,#2711);
#1887=LINE('',#9647,#2712);
#1888=LINE('',#9648,#2713);
#1889=LINE('',#9651,#2714);
#1890=LINE('',#9652,#2715);
#1891=LINE('',#9653,#2716);
#1892=LINE('',#9655,#2717);
#1893=LINE('',#9658,#2718);
#1894=LINE('',#9660,#2719);
#1895=LINE('',#9662,#2720);
#1896=LINE('',#9665,#2721);
#1897=LINE('',#9667,#2722);
#1898=LINE('',#9668,#2723);
#1899=LINE('',#9670,#2724);
#1900=LINE('',#9672,#2725);
#1901=LINE('',#9673,#2726);
#1902=LINE('',#9675,#2727);
#1903=LINE('',#9677,#2728);
#1904=LINE('',#9678,#2729);
#1905=LINE('',#9680,#2730);
#1906=LINE('',#9683,#2731);
#1907=LINE('',#9685,#2732);
#1908=LINE('',#9687,#2733);
#1909=LINE('',#9689,#2734);
#1910=LINE('',#9691,#2735);
#1911=LINE('',#9693,#2736);
#1912=LINE('',#9695,#2737);
#1913=LINE('',#9697,#2738);
#1914=LINE('',#9699,#2739);
#1915=LINE('',#9701,#2740);
#1916=LINE('',#9703,#2741);
#1917=LINE('',#9706,#2742);
#1918=LINE('',#9707,#2743);
#1919=LINE('',#9708,#2744);
#1920=LINE('',#9710,#2745);
#1921=LINE('',#9712,#2746);
#1922=LINE('',#9713,#2747);
#1923=LINE('',#9715,#2748);
#1924=LINE('',#9717,#2749);
#1925=LINE('',#9719,#2750);
#1926=LINE('',#9721,#2751);
#1927=LINE('',#9723,#2752);
#1928=LINE('',#9725,#2753);
#1929=LINE('',#9727,#2754);
#1930=LINE('',#9734,#2755);
#1931=LINE('',#9737,#2756);
#1932=LINE('',#9744,#2757);
#1933=LINE('',#9751,#2758);
#1934=VECTOR('',#6510,10.);
#1935=VECTOR('',#6543,10.);
#1936=VECTOR('',#6544,10.);
#1937=VECTOR('',#6545,10.);
#1938=VECTOR('',#6546,10.);
#1939=VECTOR('',#6547,10.);
#1940=VECTOR('',#6550,10.);
#1941=VECTOR('',#6551,10.);
#1942=VECTOR('',#6552,10.);
#1943=VECTOR('',#6553,10.);
#1944=VECTOR('',#6554,10.);
#1945=VECTOR('',#6555,10.);
#1946=VECTOR('',#6558,10.);
#1947=VECTOR('',#6559,10.);
#1948=VECTOR('',#6562,10.);
#1949=VECTOR('',#6563,10.);
#1950=VECTOR('',#6566,10.);
#1951=VECTOR('',#6567,10.);
#1952=VECTOR('',#6570,10.);
#1953=VECTOR('',#6571,10.);
#1954=VECTOR('',#6574,10.);
#1955=VECTOR('',#6575,10.);
#1956=VECTOR('',#6576,10.);
#1957=VECTOR('',#6577,10.);
#1958=VECTOR('',#6578,10.);
#1959=VECTOR('',#6579,10.);
#1960=VECTOR('',#6580,10.);
#1961=VECTOR('',#6581,10.);
#1962=VECTOR('',#6582,10.);
#1963=VECTOR('',#6583,10.);
#1964=VECTOR('',#6584,10.);
#1965=VECTOR('',#6585,10.);
#1966=VECTOR('',#6586,10.);
#1967=VECTOR('',#6587,10.);
#1968=VECTOR('',#6590,10.);
#1969=VECTOR('',#6591,10.);
#1970=VECTOR('',#6592,10.);
#1971=VECTOR('',#6593,10.);
#1972=VECTOR('',#6596,10.);
#1973=VECTOR('',#6597,10.);
#1974=VECTOR('',#6598,10.);
#1975=VECTOR('',#6601,10.);
#1976=VECTOR('',#6602,10.);
#1977=VECTOR('',#6603,10.);
#1978=VECTOR('',#6604,10.);
#1979=VECTOR('',#6607,10.);
#1980=VECTOR('',#6610,10.);
#1981=VECTOR('',#6611,10.);
#1982=VECTOR('',#6612,10.);
#1983=VECTOR('',#6613,10.);
#1984=VECTOR('',#6614,10.);
#1985=VECTOR('',#6617,10.);
#1986=VECTOR('',#6618,10.);
#1987=VECTOR('',#6619,10.);
#1988=VECTOR('',#6620,10.);
#1989=VECTOR('',#6623,10.);
#1990=VECTOR('',#6624,10.);
#1991=VECTOR('',#6625,10.);
#1992=VECTOR('',#6626,10.);
#1993=VECTOR('',#6627,10.);
#1994=VECTOR('',#6630,10.);
#1995=VECTOR('',#6631,10.);
#1996=VECTOR('',#6632,10.);
#1997=VECTOR('',#6633,10.);
#1998=VECTOR('',#6636,10.);
#1999=VECTOR('',#6637,10.);
#2000=VECTOR('',#6638,10.);
#2001=VECTOR('',#6639,10.);
#2002=VECTOR('',#6640,10.);
#2003=VECTOR('',#6643,10.);
#2004=VECTOR('',#6644,10.);
#2005=VECTOR('',#6645,10.);
#2006=VECTOR('',#6646,10.);
#2007=VECTOR('',#6649,10.);
#2008=VECTOR('',#6650,10.);
#2009=VECTOR('',#6651,10.);
#2010=VECTOR('',#6652,10.);
#2011=VECTOR('',#6653,10.);
#2012=VECTOR('',#6656,10.);
#2013=VECTOR('',#6657,10.);
#2014=VECTOR('',#6658,10.);
#2015=VECTOR('',#6659,10.);
#2016=VECTOR('',#6662,10.);
#2017=VECTOR('',#6663,10.);
#2018=VECTOR('',#6664,10.);
#2019=VECTOR('',#6665,10.);
#2020=VECTOR('',#6668,10.);
#2021=VECTOR('',#6669,10.);
#2022=VECTOR('',#6670,10.);
#2023=VECTOR('',#6673,10.);
#2024=VECTOR('',#6674,10.);
#2025=VECTOR('',#6675,10.);
#2026=VECTOR('',#6676,10.);
#2027=VECTOR('',#6679,10.);
#2028=VECTOR('',#6680,10.);
#2029=VECTOR('',#6681,10.);
#2030=VECTOR('',#6682,10.);
#2031=VECTOR('',#6685,10.);
#2032=VECTOR('',#6686,10.);
#2033=VECTOR('',#6687,10.);
#2034=VECTOR('',#6690,10.);
#2035=VECTOR('',#6691,10.);
#2036=VECTOR('',#6692,10.);
#2037=VECTOR('',#6693,10.);
#2038=VECTOR('',#6696,10.);
#2039=VECTOR('',#6697,10.);
#2040=VECTOR('',#6698,10.);
#2041=VECTOR('',#6701,10.);
#2042=VECTOR('',#6702,10.);
#2043=VECTOR('',#6703,10.);
#2044=VECTOR('',#6704,10.);
#2045=VECTOR('',#6705,10.);
#2046=VECTOR('',#6708,10.);
#2047=VECTOR('',#6709,10.);
#2048=VECTOR('',#6710,10.);
#2049=VECTOR('',#6711,10.);
#2050=VECTOR('',#6714,10.);
#2051=VECTOR('',#6715,10.);
#2052=VECTOR('',#6716,10.);
#2053=VECTOR('',#6717,10.);
#2054=VECTOR('',#6718,10.);
#2055=VECTOR('',#6721,10.);
#2056=VECTOR('',#6722,10.);
#2057=VECTOR('',#6723,10.);
#2058=VECTOR('',#6724,10.);
#2059=VECTOR('',#6727,10.);
#2060=VECTOR('',#6728,10.);
#2061=VECTOR('',#6729,10.);
#2062=VECTOR('',#6730,10.);
#2063=VECTOR('',#6731,10.);
#2064=VECTOR('',#6734,10.);
#2065=VECTOR('',#6735,10.);
#2066=VECTOR('',#6736,10.);
#2067=VECTOR('',#6739,10.);
#2068=VECTOR('',#6740,10.);
#2069=VECTOR('',#6741,10.);
#2070=VECTOR('',#6742,10.);
#2071=VECTOR('',#6745,10.);
#2072=VECTOR('',#6746,10.);
#2073=VECTOR('',#6747,10.);
#2074=VECTOR('',#6748,10.);
#2075=VECTOR('',#6751,10.);
#2076=VECTOR('',#6752,10.);
#2077=VECTOR('',#6753,10.);
#2078=VECTOR('',#6756,10.);
#2079=VECTOR('',#6757,10.);
#2080=VECTOR('',#6758,10.);
#2081=VECTOR('',#6759,10.);
#2082=VECTOR('',#6762,10.);
#2083=VECTOR('',#6763,10.);
#2084=VECTOR('',#6764,10.);
#2085=VECTOR('',#6767,10.);
#2086=VECTOR('',#6768,10.);
#2087=VECTOR('',#6769,10.);
#2088=VECTOR('',#6772,10.);
#2089=VECTOR('',#6773,10.);
#2090=VECTOR('',#6774,10.);
#2091=VECTOR('',#6777,10.);
#2092=VECTOR('',#6778,10.);
#2093=VECTOR('',#6781,10.);
#2094=VECTOR('',#6782,10.);
#2095=VECTOR('',#6785,10.);
#2096=VECTOR('',#6786,10.);
#2097=VECTOR('',#6787,10.);
#2098=VECTOR('',#6788,10.);
#2099=VECTOR('',#6791,10.);
#2100=VECTOR('',#6792,10.);
#2101=VECTOR('',#6793,10.);
#2102=VECTOR('',#6794,10.);
#2103=VECTOR('',#6797,10.);
#2104=VECTOR('',#6798,10.);
#2105=VECTOR('',#6799,10.);
#2106=VECTOR('',#6800,10.);
#2107=VECTOR('',#6803,10.);
#2108=VECTOR('',#6804,10.);
#2109=VECTOR('',#6805,10.);
#2110=VECTOR('',#6806,10.);
#2111=VECTOR('',#6809,10.);
#2112=VECTOR('',#6810,10.);
#2113=VECTOR('',#6811,10.);
#2114=VECTOR('',#6812,10.);
#2115=VECTOR('',#6815,10.);
#2116=VECTOR('',#6816,10.);
#2117=VECTOR('',#6817,10.);
#2118=VECTOR('',#6818,10.);
#2119=VECTOR('',#6821,10.);
#2120=VECTOR('',#6822,10.);
#2121=VECTOR('',#6823,10.);
#2122=VECTOR('',#6824,10.);
#2123=VECTOR('',#6827,10.);
#2124=VECTOR('',#6828,10.);
#2125=VECTOR('',#6831,10.);
#2126=VECTOR('',#6832,10.);
#2127=VECTOR('',#6833,10.);
#2128=VECTOR('',#6834,10.);
#2129=VECTOR('',#6837,10.);
#2130=VECTOR('',#6838,10.);
#2131=VECTOR('',#6839,10.);
#2132=VECTOR('',#6840,10.);
#2133=VECTOR('',#6843,10.);
#2134=VECTOR('',#6844,10.);
#2135=VECTOR('',#6845,10.);
#2136=VECTOR('',#6848,10.);
#2137=VECTOR('',#6849,10.);
#2138=VECTOR('',#6850,10.);
#2139=VECTOR('',#6853,10.);
#2140=VECTOR('',#6854,10.);
#2141=VECTOR('',#6855,10.);
#2142=VECTOR('',#6858,10.);
#2143=VECTOR('',#6859,10.);
#2144=VECTOR('',#6860,10.);
#2145=VECTOR('',#6863,10.);
#2146=VECTOR('',#6864,10.);
#2147=VECTOR('',#6865,10.);
#2148=VECTOR('',#6868,10.);
#2149=VECTOR('',#6869,10.);
#2150=VECTOR('',#6870,10.);
#2151=VECTOR('',#6873,10.);
#2152=VECTOR('',#6874,10.);
#2153=VECTOR('',#6875,10.);
#2154=VECTOR('',#6878,10.);
#2155=VECTOR('',#6879,10.);
#2156=VECTOR('',#6880,10.);
#2157=VECTOR('',#6883,10.);
#2158=VECTOR('',#6884,10.);
#2159=VECTOR('',#6885,10.);
#2160=VECTOR('',#6886,10.);
#2161=VECTOR('',#6889,10.);
#2162=VECTOR('',#6890,10.);
#2163=VECTOR('',#6891,10.);
#2164=VECTOR('',#6894,10.);
#2165=VECTOR('',#6895,10.);
#2166=VECTOR('',#6896,10.);
#2167=VECTOR('',#6897,10.);
#2168=VECTOR('',#6900,10.);
#2169=VECTOR('',#6901,10.);
#2170=VECTOR('',#6902,10.);
#2171=VECTOR('',#6903,10.);
#2172=VECTOR('',#6906,10.);
#2173=VECTOR('',#6907,10.);
#2174=VECTOR('',#6908,10.);
#2175=VECTOR('',#6911,10.);
#2176=VECTOR('',#6912,10.);
#2177=VECTOR('',#6913,10.);
#2178=VECTOR('',#6916,10.);
#2179=VECTOR('',#6917,10.);
#2180=VECTOR('',#6918,10.);
#2181=VECTOR('',#6921,10.);
#2182=VECTOR('',#6922,10.);
#2183=VECTOR('',#6925,10.);
#2184=VECTOR('',#6926,10.);
#2185=VECTOR('',#6927,10.);
#2186=VECTOR('',#6930,10.);
#2187=VECTOR('',#6931,10.);
#2188=VECTOR('',#6934,10.);
#2189=VECTOR('',#6937,10.);
#2190=VECTOR('',#6940,10.);
#2191=VECTOR('',#6943,10.);
#2192=VECTOR('',#6944,10.);
#2193=VECTOR('',#6947,10.);
#2194=VECTOR('',#6950,10.);
#2195=VECTOR('',#6953,10.);
#2196=VECTOR('',#6954,10.);
#2197=VECTOR('',#6955,10.);
#2198=VECTOR('',#6958,10.);
#2199=VECTOR('',#6959,10.);
#2200=VECTOR('',#6960,10.);
#2201=VECTOR('',#6963,10.);
#2202=VECTOR('',#6964,10.);
#2203=VECTOR('',#6965,10.);
#2204=VECTOR('',#6968,10.);
#2205=VECTOR('',#6969,10.);
#2206=VECTOR('',#6970,10.);
#2207=VECTOR('',#6973,10.);
#2208=VECTOR('',#6974,10.);
#2209=VECTOR('',#6977,10.);
#2210=VECTOR('',#6978,10.);
#2211=VECTOR('',#6981,10.);
#2212=VECTOR('',#6982,10.);
#2213=VECTOR('',#6985,10.);
#2214=VECTOR('',#6986,10.);
#2215=VECTOR('',#6989,10.);
#2216=VECTOR('',#6990,10.);
#2217=VECTOR('',#6993,10.);
#2218=VECTOR('',#6994,10.);
#2219=VECTOR('',#6997,10.);
#2220=VECTOR('',#6998,10.);
#2221=VECTOR('',#6999,10.);
#2222=VECTOR('',#7000,10.);
#2223=VECTOR('',#7001,10.);
#2224=VECTOR('',#7002,10.);
#2225=VECTOR('',#7005,10.);
#2226=VECTOR('',#7006,10.);
#2227=VECTOR('',#7007,10.);
#2228=VECTOR('',#7008,10.);
#2229=VECTOR('',#7011,10.);
#2230=VECTOR('',#7012,10.);
#2231=VECTOR('',#7015,10.);
#2232=VECTOR('',#7016,10.);
#2233=VECTOR('',#7017,10.);
#2234=VECTOR('',#7018,10.);
#2235=VECTOR('',#7019,10.);
#2236=VECTOR('',#7022,10.);
#2237=VECTOR('',#7023,10.);
#2238=VECTOR('',#7024,10.);
#2239=VECTOR('',#7027,10.);
#2240=VECTOR('',#7028,10.);
#2241=VECTOR('',#7031,10.);
#2242=VECTOR('',#7032,10.);
#2243=VECTOR('',#7033,10.);
#2244=VECTOR('',#7036,10.);
#2245=VECTOR('',#7037,10.);
#2246=VECTOR('',#7040,10.);
#2247=VECTOR('',#7041,10.);
#2248=VECTOR('',#7042,10.);
#2249=VECTOR('',#7043,10.);
#2250=VECTOR('',#7046,10.);
#2251=VECTOR('',#7049,10.);
#2252=VECTOR('',#7050,10.);
#2253=VECTOR('',#7051,10.);
#2254=VECTOR('',#7054,10.);
#2255=VECTOR('',#7055,10.);
#2256=VECTOR('',#7056,10.);
#2257=VECTOR('',#7057,10.);
#2258=VECTOR('',#7058,10.);
#2259=VECTOR('',#7061,10.);
#2260=VECTOR('',#7062,10.);
#2261=VECTOR('',#7063,10.);
#2262=VECTOR('',#7064,10.);
#2263=VECTOR('',#7067,10.);
#2264=VECTOR('',#7068,10.);
#2265=VECTOR('',#7069,10.);
#2266=VECTOR('',#7070,10.);
#2267=VECTOR('',#7071,10.);
#2268=VECTOR('',#7074,10.);
#2269=VECTOR('',#7075,10.);
#2270=VECTOR('',#7076,10.);
#2271=VECTOR('',#7077,10.);
#2272=VECTOR('',#7080,10.);
#2273=VECTOR('',#7081,10.);
#2274=VECTOR('',#7082,10.);
#2275=VECTOR('',#7083,10.);
#2276=VECTOR('',#7084,10.);
#2277=VECTOR('',#7087,10.);
#2278=VECTOR('',#7088,10.);
#2279=VECTOR('',#7089,10.);
#2280=VECTOR('',#7090,10.);
#2281=VECTOR('',#7093,10.);
#2282=VECTOR('',#7094,10.);
#2283=VECTOR('',#7095,10.);
#2284=VECTOR('',#7096,10.);
#2285=VECTOR('',#7097,10.);
#2286=VECTOR('',#7100,10.);
#2287=VECTOR('',#7101,10.);
#2288=VECTOR('',#7104,10.);
#2289=VECTOR('',#7107,10.);
#2290=VECTOR('',#7108,10.);
#2291=VECTOR('',#7109,10.);
#2292=VECTOR('',#7112,10.);
#2293=VECTOR('',#7113,10.);
#2294=VECTOR('',#7116,10.);
#2295=VECTOR('',#7117,10.);
#2296=VECTOR('',#7118,10.);
#2297=VECTOR('',#7121,10.);
#2298=VECTOR('',#7122,10.);
#2299=VECTOR('',#7125,10.);
#2300=VECTOR('',#7126,10.);
#2301=VECTOR('',#7127,10.);
#2302=VECTOR('',#7130,10.);
#2303=VECTOR('',#7131,10.);
#2304=VECTOR('',#7134,10.);
#2305=VECTOR('',#7135,10.);
#2306=VECTOR('',#7136,10.);
#2307=VECTOR('',#7137,10.);
#2308=VECTOR('',#7138,10.);
#2309=VECTOR('',#7141,10.);
#2310=VECTOR('',#7142,10.);
#2311=VECTOR('',#7143,10.);
#2312=VECTOR('',#7144,10.);
#2313=VECTOR('',#7147,10.);
#2314=VECTOR('',#7148,10.);
#2315=VECTOR('',#7149,10.);
#2316=VECTOR('',#7150,10.);
#2317=VECTOR('',#7151,10.);
#2318=VECTOR('',#7154,10.);
#2319=VECTOR('',#7155,10.);
#2320=VECTOR('',#7156,10.);
#2321=VECTOR('',#7157,10.);
#2322=VECTOR('',#7160,10.);
#2323=VECTOR('',#7163,10.);
#2324=VECTOR('',#7164,10.);
#2325=VECTOR('',#7167,10.);
#2326=VECTOR('',#7168,10.);
#2327=VECTOR('',#7169,10.);
#2328=VECTOR('',#7172,10.);
#2329=VECTOR('',#7175,10.);
#2330=VECTOR('',#7178,10.);
#2331=VECTOR('',#7181,10.);
#2332=VECTOR('',#7186,10.);
#2333=VECTOR('',#7189,10.);
#2334=VECTOR('',#7190,10.);
#2335=VECTOR('',#7193,10.);
#2336=VECTOR('',#7196,10.);
#2337=VECTOR('',#7197,10.);
#2338=VECTOR('',#7200,10.);
#2339=VECTOR('',#7203,10.);
#2340=VECTOR('',#7204,10.);
#2341=VECTOR('',#7207,10.);
#2342=VECTOR('',#7212,10.);
#2343=VECTOR('',#7215,10.);
#2344=VECTOR('',#7218,10.);
#2345=VECTOR('',#7221,10.);
#2346=VECTOR('',#7224,10.);
#2347=VECTOR('',#7227,10.);
#2348=VECTOR('',#7230,10.);
#2349=VECTOR('',#7233,10.);
#2350=VECTOR('',#7236,10.);
#2351=VECTOR('',#7239,10.);
#2352=VECTOR('',#7242,10.);
#2353=VECTOR('',#7245,10.);
#2354=VECTOR('',#7246,10.);
#2355=VECTOR('',#7247,10.);
#2356=VECTOR('',#7250,10.);
#2357=VECTOR('',#7253,10.);
#2358=VECTOR('',#7254,10.);
#2359=VECTOR('',#7257,10.);
#2360=VECTOR('',#7260,10.);
#2361=VECTOR('',#7263,10.);
#2362=VECTOR('',#7266,10.);
#2363=VECTOR('',#7269,10.);
#2364=VECTOR('',#7270,10.);
#2365=VECTOR('',#7273,10.);
#2366=VECTOR('',#7276,10.);
#2367=VECTOR('',#7287,10.);
#2368=VECTOR('',#7290,10.);
#2369=VECTOR('',#7291,10.);
#2370=VECTOR('',#7298,10.);
#2371=VECTOR('',#7311,10.);
#2372=VECTOR('',#7324,10.);
#2373=VECTOR('',#7345,10.);
#2374=VECTOR('',#7346,10.);
#2375=VECTOR('',#7347,10.);
#2376=VECTOR('',#7348,10.);
#2377=VECTOR('',#7351,10.);
#2378=VECTOR('',#7352,10.);
#2379=VECTOR('',#7353,10.);
#2380=VECTOR('',#7356,10.);
#2381=VECTOR('',#7357,10.);
#2382=VECTOR('',#7358,10.);
#2383=VECTOR('',#7361,10.);
#2384=VECTOR('',#7364,10.);
#2385=VECTOR('',#7365,10.);
#2386=VECTOR('',#7366,10.);
#2387=VECTOR('',#7367,10.);
#2388=VECTOR('',#7368,10.);
#2389=VECTOR('',#7371,10.);
#2390=VECTOR('',#7372,10.);
#2391=VECTOR('',#7373,10.);
#2392=VECTOR('',#7374,10.);
#2393=VECTOR('',#7377,10.);
#2394=VECTOR('',#7378,10.);
#2395=VECTOR('',#7379,10.);
#2396=VECTOR('',#7380,10.);
#2397=VECTOR('',#7381,10.);
#2398=VECTOR('',#7384,10.);
#2399=VECTOR('',#7385,10.);
#2400=VECTOR('',#7386,10.);
#2401=VECTOR('',#7387,10.);
#2402=VECTOR('',#7390,10.);
#2403=VECTOR('',#7391,10.);
#2404=VECTOR('',#7392,10.);
#2405=VECTOR('',#7393,10.);
#2406=VECTOR('',#7394,10.);
#2407=VECTOR('',#7397,10.);
#2408=VECTOR('',#7398,10.);
#2409=VECTOR('',#7399,10.);
#2410=VECTOR('',#7400,10.);
#2411=VECTOR('',#7403,10.);
#2412=VECTOR('',#7404,10.);
#2413=VECTOR('',#7405,10.);
#2414=VECTOR('',#7406,10.);
#2415=VECTOR('',#7407,10.);
#2416=VECTOR('',#7410,10.);
#2417=VECTOR('',#7411,10.);
#2418=VECTOR('',#7412,10.);
#2419=VECTOR('',#7413,10.);
#2420=VECTOR('',#7416,10.);
#2421=VECTOR('',#7417,10.);
#2422=VECTOR('',#7418,10.);
#2423=VECTOR('',#7419,10.);
#2424=VECTOR('',#7422,10.);
#2425=VECTOR('',#7423,10.);
#2426=VECTOR('',#7424,10.);
#2427=VECTOR('',#7427,10.);
#2428=VECTOR('',#7428,10.);
#2429=VECTOR('',#7429,10.);
#2430=VECTOR('',#7430,10.);
#2431=VECTOR('',#7433,10.);
#2432=VECTOR('',#7434,10.);
#2433=VECTOR('',#7435,10.);
#2434=VECTOR('',#7436,10.);
#2435=VECTOR('',#7439,10.);
#2436=VECTOR('',#7440,10.);
#2437=VECTOR('',#7441,10.);
#2438=VECTOR('',#7444,10.);
#2439=VECTOR('',#7445,10.);
#2440=VECTOR('',#7446,10.);
#2441=VECTOR('',#7447,10.);
#2442=VECTOR('',#7450,10.);
#2443=VECTOR('',#7451,10.);
#2444=VECTOR('',#7452,10.);
#2445=VECTOR('',#7455,10.);
#2446=VECTOR('',#7456,10.);
#2447=VECTOR('',#7457,10.);
#2448=VECTOR('',#7458,10.);
#2449=VECTOR('',#7459,10.);
#2450=VECTOR('',#7462,10.);
#2451=VECTOR('',#7463,10.);
#2452=VECTOR('',#7464,10.);
#2453=VECTOR('',#7465,10.);
#2454=VECTOR('',#7468,10.);
#2455=VECTOR('',#7469,10.);
#2456=VECTOR('',#7470,10.);
#2457=VECTOR('',#7471,10.);
#2458=VECTOR('',#7472,10.);
#2459=VECTOR('',#7475,10.);
#2460=VECTOR('',#7476,10.);
#2461=VECTOR('',#7477,10.);
#2462=VECTOR('',#7478,10.);
#2463=VECTOR('',#7481,10.);
#2464=VECTOR('',#7482,10.);
#2465=VECTOR('',#7483,10.);
#2466=VECTOR('',#7484,10.);
#2467=VECTOR('',#7485,10.);
#2468=VECTOR('',#7488,10.);
#2469=VECTOR('',#7489,10.);
#2470=VECTOR('',#7490,10.);
#2471=VECTOR('',#7493,10.);
#2472=VECTOR('',#7494,10.);
#2473=VECTOR('',#7495,10.);
#2474=VECTOR('',#7496,10.);
#2475=VECTOR('',#7499,10.);
#2476=VECTOR('',#7500,10.);
#2477=VECTOR('',#7501,10.);
#2478=VECTOR('',#7502,10.);
#2479=VECTOR('',#7505,10.);
#2480=VECTOR('',#7506,10.);
#2481=VECTOR('',#7507,10.);
#2482=VECTOR('',#7510,10.);
#2483=VECTOR('',#7511,10.);
#2484=VECTOR('',#7512,10.);
#2485=VECTOR('',#7513,10.);
#2486=VECTOR('',#7516,10.);
#2487=VECTOR('',#7517,10.);
#2488=VECTOR('',#7518,10.);
#2489=VECTOR('',#7521,10.);
#2490=VECTOR('',#7522,10.);
#2491=VECTOR('',#7523,10.);
#2492=VECTOR('',#7526,10.);
#2493=VECTOR('',#7527,10.);
#2494=VECTOR('',#7528,10.);
#2495=VECTOR('',#7531,10.);
#2496=VECTOR('',#7532,10.);
#2497=VECTOR('',#7535,10.);
#2498=VECTOR('',#7536,10.);
#2499=VECTOR('',#7539,10.);
#2500=VECTOR('',#7540,10.);
#2501=VECTOR('',#7541,10.);
#2502=VECTOR('',#7542,10.);
#2503=VECTOR('',#7545,10.);
#2504=VECTOR('',#7546,10.);
#2505=VECTOR('',#7547,10.);
#2506=VECTOR('',#7548,10.);
#2507=VECTOR('',#7551,10.);
#2508=VECTOR('',#7552,10.);
#2509=VECTOR('',#7553,10.);
#2510=VECTOR('',#7554,10.);
#2511=VECTOR('',#7557,10.);
#2512=VECTOR('',#7558,10.);
#2513=VECTOR('',#7559,10.);
#2514=VECTOR('',#7560,10.);
#2515=VECTOR('',#7563,10.);
#2516=VECTOR('',#7564,10.);
#2517=VECTOR('',#7565,10.);
#2518=VECTOR('',#7566,10.);
#2519=VECTOR('',#7569,10.);
#2520=VECTOR('',#7570,10.);
#2521=VECTOR('',#7571,10.);
#2522=VECTOR('',#7572,10.);
#2523=VECTOR('',#7575,10.);
#2524=VECTOR('',#7576,10.);
#2525=VECTOR('',#7577,10.);
#2526=VECTOR('',#7578,10.);
#2527=VECTOR('',#7581,10.);
#2528=VECTOR('',#7582,10.);
#2529=VECTOR('',#7585,10.);
#2530=VECTOR('',#7586,10.);
#2531=VECTOR('',#7587,10.);
#2532=VECTOR('',#7588,10.);
#2533=VECTOR('',#7591,10.);
#2534=VECTOR('',#7592,10.);
#2535=VECTOR('',#7593,10.);
#2536=VECTOR('',#7594,10.);
#2537=VECTOR('',#7597,10.);
#2538=VECTOR('',#7598,10.);
#2539=VECTOR('',#7599,10.);
#2540=VECTOR('',#7602,10.);
#2541=VECTOR('',#7603,10.);
#2542=VECTOR('',#7604,10.);
#2543=VECTOR('',#7607,10.);
#2544=VECTOR('',#7608,10.);
#2545=VECTOR('',#7609,10.);
#2546=VECTOR('',#7612,10.);
#2547=VECTOR('',#7613,10.);
#2548=VECTOR('',#7614,10.);
#2549=VECTOR('',#7617,10.);
#2550=VECTOR('',#7618,10.);
#2551=VECTOR('',#7619,10.);
#2552=VECTOR('',#7622,10.);
#2553=VECTOR('',#7623,10.);
#2554=VECTOR('',#7624,10.);
#2555=VECTOR('',#7627,10.);
#2556=VECTOR('',#7628,10.);
#2557=VECTOR('',#7629,10.);
#2558=VECTOR('',#7632,10.);
#2559=VECTOR('',#7633,10.);
#2560=VECTOR('',#7634,10.);
#2561=VECTOR('',#7637,10.);
#2562=VECTOR('',#7638,10.);
#2563=VECTOR('',#7639,10.);
#2564=VECTOR('',#7640,10.);
#2565=VECTOR('',#7643,10.);
#2566=VECTOR('',#7644,10.);
#2567=VECTOR('',#7645,10.);
#2568=VECTOR('',#7648,10.);
#2569=VECTOR('',#7649,10.);
#2570=VECTOR('',#7650,10.);
#2571=VECTOR('',#7651,10.);
#2572=VECTOR('',#7654,10.);
#2573=VECTOR('',#7655,10.);
#2574=VECTOR('',#7656,10.);
#2575=VECTOR('',#7657,10.);
#2576=VECTOR('',#7660,10.);
#2577=VECTOR('',#7661,10.);
#2578=VECTOR('',#7662,10.);
#2579=VECTOR('',#7665,10.);
#2580=VECTOR('',#7666,10.);
#2581=VECTOR('',#7667,10.);
#2582=VECTOR('',#7670,10.);
#2583=VECTOR('',#7671,10.);
#2584=VECTOR('',#7672,10.);
#2585=VECTOR('',#7675,10.);
#2586=VECTOR('',#7676,10.);
#2587=VECTOR('',#7679,10.);
#2588=VECTOR('',#7680,10.);
#2589=VECTOR('',#7681,10.);
#2590=VECTOR('',#7684,10.);
#2591=VECTOR('',#7685,10.);
#2592=VECTOR('',#7688,10.);
#2593=VECTOR('',#7691,10.);
#2594=VECTOR('',#7694,10.);
#2595=VECTOR('',#7697,10.);
#2596=VECTOR('',#7698,10.);
#2597=VECTOR('',#7701,10.);
#2598=VECTOR('',#7704,10.);
#2599=VECTOR('',#7707,10.);
#2600=VECTOR('',#7708,10.);
#2601=VECTOR('',#7709,10.);
#2602=VECTOR('',#7710,10.);
#2603=VECTOR('',#7713,10.);
#2604=VECTOR('',#7714,10.);
#2605=VECTOR('',#7715,10.);
#2606=VECTOR('',#7718,10.);
#2607=VECTOR('',#7719,10.);
#2608=VECTOR('',#7720,10.);
#2609=VECTOR('',#7723,10.);
#2610=VECTOR('',#7724,10.);
#2611=VECTOR('',#7725,10.);
#2612=VECTOR('',#7728,10.);
#2613=VECTOR('',#7729,10.);
#2614=VECTOR('',#7732,10.);
#2615=VECTOR('',#7733,10.);
#2616=VECTOR('',#7736,10.);
#2617=VECTOR('',#7737,10.);
#2618=VECTOR('',#7740,10.);
#2619=VECTOR('',#7741,10.);
#2620=VECTOR('',#7744,10.);
#2621=VECTOR('',#7745,10.);
#2622=VECTOR('',#7748,10.);
#2623=VECTOR('',#7749,10.);
#2624=VECTOR('',#7752,10.);
#2625=VECTOR('',#7755,10.);
#2626=VECTOR('',#7756,10.);
#2627=VECTOR('',#7757,10.);
#2628=VECTOR('',#7758,10.);
#2629=VECTOR('',#7759,10.);
#2630=VECTOR('',#7762,10.);
#2631=VECTOR('',#7763,10.);
#2632=VECTOR('',#7764,10.);
#2633=VECTOR('',#7767,10.);
#2634=VECTOR('',#7768,10.);
#2635=VECTOR('',#7771,10.);
#2636=VECTOR('',#7772,10.);
#2637=VECTOR('',#7773,10.);
#2638=VECTOR('',#7776,10.);
#2639=VECTOR('',#7777,10.);
#2640=VECTOR('',#7778,10.);
#2641=VECTOR('',#7781,10.);
#2642=VECTOR('',#7782,10.);
#2643=VECTOR('',#7785,10.);
#2644=VECTOR('',#7786,10.);
#2645=VECTOR('',#7787,10.);
#2646=VECTOR('',#7790,10.);
#2647=VECTOR('',#7791,10.);
#2648=VECTOR('',#7794,10.);
#2649=VECTOR('',#7795,10.);
#2650=VECTOR('',#7796,10.);
#2651=VECTOR('',#7797,10.);
#2652=VECTOR('',#7800,10.);
#2653=VECTOR('',#7803,10.);
#2654=VECTOR('',#7804,10.);
#2655=VECTOR('',#7807,10.);
#2656=VECTOR('',#7808,10.);
#2657=VECTOR('',#7809,10.);
#2658=VECTOR('',#7810,10.);
#2659=VECTOR('',#7813,10.);
#2660=VECTOR('',#7814,10.);
#2661=VECTOR('',#7815,10.);
#2662=VECTOR('',#7818,10.);
#2663=VECTOR('',#7819,10.);
#2664=VECTOR('',#7820,10.);
#2665=VECTOR('',#7821,10.);
#2666=VECTOR('',#7824,10.);
#2667=VECTOR('',#7825,10.);
#2668=VECTOR('',#7826,10.);
#2669=VECTOR('',#7829,10.);
#2670=VECTOR('',#7830,10.);
#2671=VECTOR('',#7831,10.);
#2672=VECTOR('',#7832,10.);
#2673=VECTOR('',#7835,10.);
#2674=VECTOR('',#7836,10.);
#2675=VECTOR('',#7837,10.);
#2676=VECTOR('',#7840,10.);
#2677=VECTOR('',#7841,10.);
#2678=VECTOR('',#7842,10.);
#2679=VECTOR('',#7845,10.);
#2680=VECTOR('',#7846,10.);
#2681=VECTOR('',#7849,10.);
#2682=VECTOR('',#7852,10.);
#2683=VECTOR('',#7853,10.);
#2684=VECTOR('',#7854,10.);
#2685=VECTOR('',#7857,10.);
#2686=VECTOR('',#7858,10.);
#2687=VECTOR('',#7861,10.);
#2688=VECTOR('',#7862,10.);
#2689=VECTOR('',#7863,10.);
#2690=VECTOR('',#7866,10.);
#2691=VECTOR('',#7867,10.);
#2692=VECTOR('',#7870,10.);
#2693=VECTOR('',#7871,10.);
#2694=VECTOR('',#7872,10.);
#2695=VECTOR('',#7875,10.);
#2696=VECTOR('',#7876,10.);
#2697=VECTOR('',#7879,10.);
#2698=VECTOR('',#7880,10.);
#2699=VECTOR('',#7881,10.);
#2700=VECTOR('',#7882,10.);
#2701=VECTOR('',#7885,10.);
#2702=VECTOR('',#7886,10.);
#2703=VECTOR('',#7887,10.);
#2704=VECTOR('',#7890,10.);
#2705=VECTOR('',#7891,10.);
#2706=VECTOR('',#7892,10.);
#2707=VECTOR('',#7893,10.);
#2708=VECTOR('',#7896,10.);
#2709=VECTOR('',#7897,10.);
#2710=VECTOR('',#7898,10.);
#2711=VECTOR('',#7901,10.);
#2712=VECTOR('',#7904,10.);
#2713=VECTOR('',#7905,10.);
#2714=VECTOR('',#7908,10.);
#2715=VECTOR('',#7909,10.);
#2716=VECTOR('',#7910,10.);
#2717=VECTOR('',#7913,10.);
#2718=VECTOR('',#7918,10.);
#2719=VECTOR('',#7921,10.);
#2720=VECTOR('',#7924,10.);
#2721=VECTOR('',#7929,10.);
#2722=VECTOR('',#7932,10.);
#2723=VECTOR('',#7933,10.);
#2724=VECTOR('',#7936,10.);
#2725=VECTOR('',#7939,10.);
#2726=VECTOR('',#7940,10.);
#2727=VECTOR('',#7943,10.);
#2728=VECTOR('',#7946,10.);
#2729=VECTOR('',#7947,10.);
#2730=VECTOR('',#7950,10.);
#2731=VECTOR('',#7955,10.);
#2732=VECTOR('',#7958,10.);
#2733=VECTOR('',#7961,10.);
#2734=VECTOR('',#7964,10.);
#2735=VECTOR('',#7967,10.);
#2736=VECTOR('',#7970,10.);
#2737=VECTOR('',#7973,10.);
#2738=VECTOR('',#7976,10.);
#2739=VECTOR('',#7979,10.);
#2740=VECTOR('',#7982,10.);
#2741=VECTOR('',#7985,10.);
#2742=VECTOR('',#7988,10.);
#2743=VECTOR('',#7989,10.);
#2744=VECTOR('',#7990,10.);
#2745=VECTOR('',#7993,10.);
#2746=VECTOR('',#7996,10.);
#2747=VECTOR('',#7997,10.);
#2748=VECTOR('',#8000,10.);
#2749=VECTOR('',#8003,10.);
#2750=VECTOR('',#8006,10.);
#2751=VECTOR('',#8009,10.);
#2752=VECTOR('',#8012,10.);
#2753=VECTOR('',#8015,10.);
#2754=VECTOR('',#8018,10.);
#2755=VECTOR('',#8031,10.);
#2756=VECTOR('',#8036,10.);
#2757=VECTOR('',#8049,10.);
#2758=VECTOR('',#8062,10.);
#2759=VERTEX_POINT('',#8083);
#2760=VERTEX_POINT('',#8084);
#2761=VERTEX_POINT('',#8086);
#2762=VERTEX_POINT('',#8088);
#2763=VERTEX_POINT('',#8090);
#2764=VERTEX_POINT('',#8092);
#2765=VERTEX_POINT('',#8094);
#2766=VERTEX_POINT('',#8096);
#2767=VERTEX_POINT('',#8100);
#2768=VERTEX_POINT('',#8102);
#2769=VERTEX_POINT('',#8104);
#2770=VERTEX_POINT('',#8106);
#2771=VERTEX_POINT('',#8108);
#2772=VERTEX_POINT('',#8110);
#2773=VERTEX_POINT('',#8114);
#2774=VERTEX_POINT('',#8116);
#2775=VERTEX_POINT('',#8118);
#2776=VERTEX_POINT('',#8120);
#2777=VERTEX_POINT('',#8124);
#2778=VERTEX_POINT('',#8126);
#2779=VERTEX_POINT('',#8128);
#2780=VERTEX_POINT('',#8130);
#2781=VERTEX_POINT('',#8135);
#2782=VERTEX_POINT('',#8139);
#2783=VERTEX_POINT('',#8143);
#2784=VERTEX_POINT('',#8147);
#2785=VERTEX_POINT('',#8151);
#2786=VERTEX_POINT('',#8153);
#2787=VERTEX_POINT('',#8155);
#2788=VERTEX_POINT('',#8157);
#2789=VERTEX_POINT('',#8159);
#2790=VERTEX_POINT('',#8161);
#2791=VERTEX_POINT('',#8164);
#2792=VERTEX_POINT('',#8166);
#2793=VERTEX_POINT('',#8168);
#2794=VERTEX_POINT('',#8170);
#2795=VERTEX_POINT('',#8172);
#2796=VERTEX_POINT('',#8174);
#2797=VERTEX_POINT('',#8178);
#2798=VERTEX_POINT('',#8179);
#2799=VERTEX_POINT('',#8181);
#2800=VERTEX_POINT('',#8183);
#2801=VERTEX_POINT('',#8187);
#2802=VERTEX_POINT('',#8189);
#2803=VERTEX_POINT('',#8193);
#2804=VERTEX_POINT('',#8195);
#2805=VERTEX_POINT('',#8197);
#2806=VERTEX_POINT('',#8203);
#2807=VERTEX_POINT('',#8204);
#2808=VERTEX_POINT('',#8206);
#2809=VERTEX_POINT('',#8208);
#2810=VERTEX_POINT('',#8210);
#2811=VERTEX_POINT('',#8214);
#2812=VERTEX_POINT('',#8216);
#2813=VERTEX_POINT('',#8218);
#2814=VERTEX_POINT('',#8222);
#2815=VERTEX_POINT('',#8223);
#2816=VERTEX_POINT('',#8225);
#2817=VERTEX_POINT('',#8227);
#2818=VERTEX_POINT('',#8229);
#2819=VERTEX_POINT('',#8233);
#2820=VERTEX_POINT('',#8235);
#2821=VERTEX_POINT('',#8237);
#2822=VERTEX_POINT('',#8241);
#2823=VERTEX_POINT('',#8242);
#2824=VERTEX_POINT('',#8244);
#2825=VERTEX_POINT('',#8246);
#2826=VERTEX_POINT('',#8248);
#2827=VERTEX_POINT('',#8252);
#2828=VERTEX_POINT('',#8254);
#2829=VERTEX_POINT('',#8256);
#2830=VERTEX_POINT('',#8260);
#2831=VERTEX_POINT('',#8261);
#2832=VERTEX_POINT('',#8263);
#2833=VERTEX_POINT('',#8265);
#2834=VERTEX_POINT('',#8267);
#2835=VERTEX_POINT('',#8271);
#2836=VERTEX_POINT('',#8273);
#2837=VERTEX_POINT('',#8275);
#2838=VERTEX_POINT('',#8279);
#2839=VERTEX_POINT('',#8280);
#2840=VERTEX_POINT('',#8282);
#2841=VERTEX_POINT('',#8284);
#2842=VERTEX_POINT('',#8288);
#2843=VERTEX_POINT('',#8290);
#2844=VERTEX_POINT('',#8294);
#2845=VERTEX_POINT('',#8295);
#2846=VERTEX_POINT('',#8297);
#2847=VERTEX_POINT('',#8299);
#2848=VERTEX_POINT('',#8303);
#2849=VERTEX_POINT('',#8304);
#2850=VERTEX_POINT('',#8306);
#2851=VERTEX_POINT('',#8308);
#2852=VERTEX_POINT('',#8312);
#2853=VERTEX_POINT('',#8314);
#2854=VERTEX_POINT('',#8318);
#2855=VERTEX_POINT('',#8319);
#2856=VERTEX_POINT('',#8321);
#2857=VERTEX_POINT('',#8323);
#2858=VERTEX_POINT('',#8327);
#2859=VERTEX_POINT('',#8329);
#2860=VERTEX_POINT('',#8333);
#2861=VERTEX_POINT('',#8334);
#2862=VERTEX_POINT('',#8336);
#2863=VERTEX_POINT('',#8338);
#2864=VERTEX_POINT('',#8340);
#2865=VERTEX_POINT('',#8344);
#2866=VERTEX_POINT('',#8346);
#2867=VERTEX_POINT('',#8348);
#2868=VERTEX_POINT('',#8352);
#2869=VERTEX_POINT('',#8353);
#2870=VERTEX_POINT('',#8355);
#2871=VERTEX_POINT('',#8357);
#2872=VERTEX_POINT('',#8359);
#2873=VERTEX_POINT('',#8363);
#2874=VERTEX_POINT('',#8365);
#2875=VERTEX_POINT('',#8367);
#2876=VERTEX_POINT('',#8371);
#2877=VERTEX_POINT('',#8372);
#2878=VERTEX_POINT('',#8374);
#2879=VERTEX_POINT('',#8376);
#2880=VERTEX_POINT('',#8378);
#2881=VERTEX_POINT('',#8383);
#2882=VERTEX_POINT('',#8387);
#2883=VERTEX_POINT('',#8388);
#2884=VERTEX_POINT('',#8390);
#2885=VERTEX_POINT('',#8392);
#2886=VERTEX_POINT('',#8396);
#2887=VERTEX_POINT('',#8397);
#2888=VERTEX_POINT('',#8399);
#2889=VERTEX_POINT('',#8401);
#2890=VERTEX_POINT('',#8405);
#2891=VERTEX_POINT('',#8407);
#2892=VERTEX_POINT('',#8411);
#2893=VERTEX_POINT('',#8412);
#2894=VERTEX_POINT('',#8414);
#2895=VERTEX_POINT('',#8416);
#2896=VERTEX_POINT('',#8420);
#2897=VERTEX_POINT('',#8422);
#2898=VERTEX_POINT('',#8426);
#2899=VERTEX_POINT('',#8428);
#2900=VERTEX_POINT('',#8432);
#2901=VERTEX_POINT('',#8434);
#2902=VERTEX_POINT('',#8438);
#2903=VERTEX_POINT('',#8442);
#2904=VERTEX_POINT('',#8446);
#2905=VERTEX_POINT('',#8448);
#2906=VERTEX_POINT('',#8450);
#2907=VERTEX_POINT('',#8454);
#2908=VERTEX_POINT('',#8456);
#2909=VERTEX_POINT('',#8458);
#2910=VERTEX_POINT('',#8462);
#2911=VERTEX_POINT('',#8464);
#2912=VERTEX_POINT('',#8466);
#2913=VERTEX_POINT('',#8470);
#2914=VERTEX_POINT('',#8472);
#2915=VERTEX_POINT('',#8474);
#2916=VERTEX_POINT('',#8478);
#2917=VERTEX_POINT('',#8480);
#2918=VERTEX_POINT('',#8482);
#2919=VERTEX_POINT('',#8486);
#2920=VERTEX_POINT('',#8488);
#2921=VERTEX_POINT('',#8490);
#2922=VERTEX_POINT('',#8494);
#2923=VERTEX_POINT('',#8496);
#2924=VERTEX_POINT('',#8498);
#2925=VERTEX_POINT('',#8502);
#2926=VERTEX_POINT('',#8506);
#2927=VERTEX_POINT('',#8508);
#2928=VERTEX_POINT('',#8510);
#2929=VERTEX_POINT('',#8514);
#2930=VERTEX_POINT('',#8516);
#2931=VERTEX_POINT('',#8518);
#2932=VERTEX_POINT('',#8523);
#2933=VERTEX_POINT('',#8527);
#2934=VERTEX_POINT('',#8529);
#2935=VERTEX_POINT('',#8533);
#2936=VERTEX_POINT('',#8535);
#2937=VERTEX_POINT('',#8539);
#2938=VERTEX_POINT('',#8541);
#2939=VERTEX_POINT('',#8545);
#2940=VERTEX_POINT('',#8547);
#2941=VERTEX_POINT('',#8551);
#2942=VERTEX_POINT('',#8553);
#2943=VERTEX_POINT('',#8557);
#2944=VERTEX_POINT('',#8559);
#2945=VERTEX_POINT('',#8563);
#2946=VERTEX_POINT('',#8565);
#2947=VERTEX_POINT('',#8569);
#2948=VERTEX_POINT('',#8571);
#2949=VERTEX_POINT('',#8573);
#2950=VERTEX_POINT('',#8577);
#2951=VERTEX_POINT('',#8582);
#2952=VERTEX_POINT('',#8584);
#2953=VERTEX_POINT('',#8586);
#2954=VERTEX_POINT('',#8590);
#2955=VERTEX_POINT('',#8592);
#2956=VERTEX_POINT('',#8594);
#2957=VERTEX_POINT('',#8598);
#2958=VERTEX_POINT('',#8604);
#2959=VERTEX_POINT('',#8609);
#2960=VERTEX_POINT('',#8613);
#2961=VERTEX_POINT('',#8617);
#2962=VERTEX_POINT('',#8619);
#2963=VERTEX_POINT('',#8639);
#2964=VERTEX_POINT('',#8641);
#2965=VERTEX_POINT('',#8645);
#2966=VERTEX_POINT('',#8647);
#2967=VERTEX_POINT('',#8651);
#2968=VERTEX_POINT('',#8653);
#2969=VERTEX_POINT('',#8657);
#2970=VERTEX_POINT('',#8659);
#2971=VERTEX_POINT('',#8681);
#2972=VERTEX_POINT('',#8683);
#2973=VERTEX_POINT('',#8685);
#2974=VERTEX_POINT('',#8687);
#2975=VERTEX_POINT('',#8689);
#2976=VERTEX_POINT('',#8693);
#2977=VERTEX_POINT('',#8695);
#2978=VERTEX_POINT('',#8697);
#2979=VERTEX_POINT('',#8701);
#2980=VERTEX_POINT('',#8705);
#2981=VERTEX_POINT('',#8707);
#2982=VERTEX_POINT('',#8709);
#2983=VERTEX_POINT('',#8711);
#2984=VERTEX_POINT('',#8715);
#2985=VERTEX_POINT('',#8723);
#2986=VERTEX_POINT('',#8731);
#2987=VERTEX_POINT('',#8740);
#2988=VERTEX_POINT('',#8744);
#2989=VERTEX_POINT('',#8746);
#2990=VERTEX_POINT('',#8748);
#2991=VERTEX_POINT('',#8753);
#2992=VERTEX_POINT('',#8755);
#2993=VERTEX_POINT('',#8757);
#2994=VERTEX_POINT('',#8761);
#2995=VERTEX_POINT('',#8763);
#2996=VERTEX_POINT('',#8765);
#2997=VERTEX_POINT('',#8770);
#2998=VERTEX_POINT('',#8772);
#2999=VERTEX_POINT('',#8774);
#3000=VERTEX_POINT('',#8778);
#3001=VERTEX_POINT('',#8780);
#3002=VERTEX_POINT('',#8782);
#3003=VERTEX_POINT('',#8787);
#3004=VERTEX_POINT('',#8789);
#3005=VERTEX_POINT('',#8791);
#3006=VERTEX_POINT('',#8795);
#3007=VERTEX_POINT('',#8796);
#3008=VERTEX_POINT('',#8799);
#3009=VERTEX_POINT('',#8801);
#3010=VERTEX_POINT('',#8810);
#3011=VERTEX_POINT('',#8818);
#3012=VERTEX_POINT('',#8826);
#3013=VERTEX_POINT('',#8834);
#3014=VERTEX_POINT('',#8836);
#3015=VERTEX_POINT('',#8838);
#3016=VERTEX_POINT('',#8843);
#3017=VERTEX_POINT('',#8845);
#3018=VERTEX_POINT('',#8847);
#3019=VERTEX_POINT('',#8851);
#3020=VERTEX_POINT('',#8853);
#3021=VERTEX_POINT('',#8855);
#3022=VERTEX_POINT('',#8860);
#3023=VERTEX_POINT('',#8862);
#3024=VERTEX_POINT('',#8864);
#3025=VERTEX_POINT('',#8874);
#3026=VERTEX_POINT('',#8928);
#3027=VERTEX_POINT('',#8988);
#3028=VERTEX_POINT('',#8989);
#3029=VERTEX_POINT('',#8991);
#3030=VERTEX_POINT('',#8993);
#3031=VERTEX_POINT('',#8997);
#3032=VERTEX_POINT('',#8999);
#3033=VERTEX_POINT('',#9003);
#3034=VERTEX_POINT('',#9005);
#3035=VERTEX_POINT('',#9011);
#3036=VERTEX_POINT('',#9012);
#3037=VERTEX_POINT('',#9014);
#3038=VERTEX_POINT('',#9016);
#3039=VERTEX_POINT('',#9018);
#3040=VERTEX_POINT('',#9022);
#3041=VERTEX_POINT('',#9024);
#3042=VERTEX_POINT('',#9026);
#3043=VERTEX_POINT('',#9030);
#3044=VERTEX_POINT('',#9031);
#3045=VERTEX_POINT('',#9033);
#3046=VERTEX_POINT('',#9035);
#3047=VERTEX_POINT('',#9037);
#3048=VERTEX_POINT('',#9041);
#3049=VERTEX_POINT('',#9043);
#3050=VERTEX_POINT('',#9045);
#3051=VERTEX_POINT('',#9049);
#3052=VERTEX_POINT('',#9050);
#3053=VERTEX_POINT('',#9052);
#3054=VERTEX_POINT('',#9054);
#3055=VERTEX_POINT('',#9056);
#3056=VERTEX_POINT('',#9060);
#3057=VERTEX_POINT('',#9062);
#3058=VERTEX_POINT('',#9064);
#3059=VERTEX_POINT('',#9068);
#3060=VERTEX_POINT('',#9069);
#3061=VERTEX_POINT('',#9071);
#3062=VERTEX_POINT('',#9073);
#3063=VERTEX_POINT('',#9075);
#3064=VERTEX_POINT('',#9079);
#3065=VERTEX_POINT('',#9081);
#3066=VERTEX_POINT('',#9083);
#3067=VERTEX_POINT('',#9087);
#3068=VERTEX_POINT('',#9088);
#3069=VERTEX_POINT('',#9090);
#3070=VERTEX_POINT('',#9092);
#3071=VERTEX_POINT('',#9096);
#3072=VERTEX_POINT('',#9098);
#3073=VERTEX_POINT('',#9102);
#3074=VERTEX_POINT('',#9103);
#3075=VERTEX_POINT('',#9105);
#3076=VERTEX_POINT('',#9107);
#3077=VERTEX_POINT('',#9111);
#3078=VERTEX_POINT('',#9112);
#3079=VERTEX_POINT('',#9114);
#3080=VERTEX_POINT('',#9116);
#3081=VERTEX_POINT('',#9120);
#3082=VERTEX_POINT('',#9122);
#3083=VERTEX_POINT('',#9126);
#3084=VERTEX_POINT('',#9127);
#3085=VERTEX_POINT('',#9129);
#3086=VERTEX_POINT('',#9131);
#3087=VERTEX_POINT('',#9135);
#3088=VERTEX_POINT('',#9137);
#3089=VERTEX_POINT('',#9141);
#3090=VERTEX_POINT('',#9142);
#3091=VERTEX_POINT('',#9144);
#3092=VERTEX_POINT('',#9146);
#3093=VERTEX_POINT('',#9148);
#3094=VERTEX_POINT('',#9152);
#3095=VERTEX_POINT('',#9154);
#3096=VERTEX_POINT('',#9156);
#3097=VERTEX_POINT('',#9160);
#3098=VERTEX_POINT('',#9161);
#3099=VERTEX_POINT('',#9163);
#3100=VERTEX_POINT('',#9165);
#3101=VERTEX_POINT('',#9167);
#3102=VERTEX_POINT('',#9171);
#3103=VERTEX_POINT('',#9173);
#3104=VERTEX_POINT('',#9175);
#3105=VERTEX_POINT('',#9179);
#3106=VERTEX_POINT('',#9180);
#3107=VERTEX_POINT('',#9182);
#3108=VERTEX_POINT('',#9184);
#3109=VERTEX_POINT('',#9186);
#3110=VERTEX_POINT('',#9191);
#3111=VERTEX_POINT('',#9195);
#3112=VERTEX_POINT('',#9196);
#3113=VERTEX_POINT('',#9198);
#3114=VERTEX_POINT('',#9200);
#3115=VERTEX_POINT('',#9204);
#3116=VERTEX_POINT('',#9205);
#3117=VERTEX_POINT('',#9207);
#3118=VERTEX_POINT('',#9209);
#3119=VERTEX_POINT('',#9213);
#3120=VERTEX_POINT('',#9215);
#3121=VERTEX_POINT('',#9219);
#3122=VERTEX_POINT('',#9221);
#3123=VERTEX_POINT('',#9223);
#3124=VERTEX_POINT('',#9227);
#3125=VERTEX_POINT('',#9229);
#3126=VERTEX_POINT('',#9233);
#3127=VERTEX_POINT('',#9235);
#3128=VERTEX_POINT('',#9239);
#3129=VERTEX_POINT('',#9241);
#3130=VERTEX_POINT('',#9245);
#3131=VERTEX_POINT('',#9249);
#3132=VERTEX_POINT('',#9253);
#3133=VERTEX_POINT('',#9255);
#3134=VERTEX_POINT('',#9257);
#3135=VERTEX_POINT('',#9261);
#3136=VERTEX_POINT('',#9263);
#3137=VERTEX_POINT('',#9265);
#3138=VERTEX_POINT('',#9269);
#3139=VERTEX_POINT('',#9271);
#3140=VERTEX_POINT('',#9273);
#3141=VERTEX_POINT('',#9277);
#3142=VERTEX_POINT('',#9279);
#3143=VERTEX_POINT('',#9281);
#3144=VERTEX_POINT('',#9285);
#3145=VERTEX_POINT('',#9287);
#3146=VERTEX_POINT('',#9289);
#3147=VERTEX_POINT('',#9293);
#3148=VERTEX_POINT('',#9295);
#3149=VERTEX_POINT('',#9297);
#3150=VERTEX_POINT('',#9301);
#3151=VERTEX_POINT('',#9303);
#3152=VERTEX_POINT('',#9305);
#3153=VERTEX_POINT('',#9309);
#3154=VERTEX_POINT('',#9313);
#3155=VERTEX_POINT('',#9315);
#3156=VERTEX_POINT('',#9317);
#3157=VERTEX_POINT('',#9321);
#3158=VERTEX_POINT('',#9323);
#3159=VERTEX_POINT('',#9325);
#3160=VERTEX_POINT('',#9329);
#3161=VERTEX_POINT('',#9334);
#3162=VERTEX_POINT('',#9336);
#3163=VERTEX_POINT('',#9340);
#3164=VERTEX_POINT('',#9342);
#3165=VERTEX_POINT('',#9346);
#3166=VERTEX_POINT('',#9348);
#3167=VERTEX_POINT('',#9352);
#3168=VERTEX_POINT('',#9354);
#3169=VERTEX_POINT('',#9358);
#3170=VERTEX_POINT('',#9360);
#3171=VERTEX_POINT('',#9364);
#3172=VERTEX_POINT('',#9366);
#3173=VERTEX_POINT('',#9370);
#3174=VERTEX_POINT('',#9372);
#3175=VERTEX_POINT('',#9376);
#3176=VERTEX_POINT('',#9378);
#3177=VERTEX_POINT('',#9380);
#3178=VERTEX_POINT('',#9385);
#3179=VERTEX_POINT('',#9389);
#3180=VERTEX_POINT('',#9391);
#3181=VERTEX_POINT('',#9393);
#3182=VERTEX_POINT('',#9397);
#3183=VERTEX_POINT('',#9399);
#3184=VERTEX_POINT('',#9401);
#3185=VERTEX_POINT('',#9406);
#3186=VERTEX_POINT('',#9410);
#3187=VERTEX_POINT('',#9415);
#3188=VERTEX_POINT('',#9420);
#3189=VERTEX_POINT('',#9424);
#3190=VERTEX_POINT('',#9426);
#3191=VERTEX_POINT('',#9446);
#3192=VERTEX_POINT('',#9449);
#3193=VERTEX_POINT('',#9453);
#3194=VERTEX_POINT('',#9455);
#3195=VERTEX_POINT('',#9459);
#3196=VERTEX_POINT('',#9461);
#3197=VERTEX_POINT('',#9465);
#3198=VERTEX_POINT('',#9467);
#3199=VERTEX_POINT('',#9471);
#3200=VERTEX_POINT('',#9492);
#3201=VERTEX_POINT('',#9494);
#3202=VERTEX_POINT('',#9496);
#3203=VERTEX_POINT('',#9498);
#3204=VERTEX_POINT('',#9502);
#3205=VERTEX_POINT('',#9504);
#3206=VERTEX_POINT('',#9508);
#3207=VERTEX_POINT('',#9512);
#3208=VERTEX_POINT('',#9514);
#3209=VERTEX_POINT('',#9518);
#3210=VERTEX_POINT('',#9526);
#3211=VERTEX_POINT('',#9534);
#3212=VERTEX_POINT('',#9545);
#3213=VERTEX_POINT('',#9547);
#3214=VERTEX_POINT('',#9552);
#3215=VERTEX_POINT('',#9554);
#3216=VERTEX_POINT('',#9558);
#3217=VERTEX_POINT('',#9560);
#3218=VERTEX_POINT('',#9565);
#3219=VERTEX_POINT('',#9567);
#3220=VERTEX_POINT('',#9571);
#3221=VERTEX_POINT('',#9573);
#3222=VERTEX_POINT('',#9578);
#3223=VERTEX_POINT('',#9580);
#3224=VERTEX_POINT('',#9584);
#3225=VERTEX_POINT('',#9586);
#3226=VERTEX_POINT('',#9595);
#3227=VERTEX_POINT('',#9603);
#3228=VERTEX_POINT('',#9611);
#3229=VERTEX_POINT('',#9619);
#3230=VERTEX_POINT('',#9621);
#3231=VERTEX_POINT('',#9626);
#3232=VERTEX_POINT('',#9628);
#3233=VERTEX_POINT('',#9632);
#3234=VERTEX_POINT('',#9634);
#3235=VERTEX_POINT('',#9639);
#3236=VERTEX_POINT('',#9641);
#3237=VERTEX_POINT('',#9650);
#3238=VERTEX_POINT('',#9705);
#3239=EDGE_CURVE('',#2759,#2760,#1109,.T.);
#3240=EDGE_CURVE('',#2761,#2760,#1095,.T.);
#3241=EDGE_CURVE('',#2762,#2761,#1096,.T.);
#3242=EDGE_CURVE('',#2763,#2762,#1097,.T.);
#3243=EDGE_CURVE('',#2764,#2763,#1098,.T.);
#3244=EDGE_CURVE('',#2765,#2764,#1099,.T.);
#3245=EDGE_CURVE('',#2766,#2765,#1100,.T.);
#3246=EDGE_CURVE('',#2766,#2759,#1101,.T.);
#3247=EDGE_CURVE('',#2759,#2767,#1102,.T.);
#3248=EDGE_CURVE('',#2768,#2767,#1103,.T.);
#3249=EDGE_CURVE('',#2769,#2768,#1104,.T.);
#3250=EDGE_CURVE('',#2770,#2769,#1105,.T.);
#3251=EDGE_CURVE('',#2771,#2770,#1106,.T.);
#3252=EDGE_CURVE('',#2772,#2771,#1107,.T.);
#3253=EDGE_CURVE('',#2760,#2772,#1108,.T.);
#3254=EDGE_CURVE('',#2773,#2766,#1110,.T.);
#3255=EDGE_CURVE('',#2774,#2773,#1111,.F.);
#3256=EDGE_CURVE('',#2775,#2774,#1112,.F.);
#3257=EDGE_CURVE('',#2776,#2775,#1113,.F.);
#3258=EDGE_CURVE('',#2767,#2776,#1114,.T.);
#3259=EDGE_CURVE('',#2770,#2777,#1115,.T.);
#3260=EDGE_CURVE('',#2778,#2777,#1116,.T.);
#3261=EDGE_CURVE('',#2778,#2779,#1117,.T.);
#3262=EDGE_CURVE('',#2779,#2780,#1118,.T.);
#3263=EDGE_CURVE('',#2780,#2763,#1119,.T.);
#3264=EDGE_CURVE('',#2762,#2771,#1120,.T.);
#3265=EDGE_CURVE('',#2781,#2769,#1121,.T.);
#3266=EDGE_CURVE('',#2781,#2777,#1122,.T.);
#3267=EDGE_CURVE('',#2780,#2782,#1123,.T.);
#3268=EDGE_CURVE('',#2764,#2782,#1124,.T.);
#3269=EDGE_CURVE('',#2783,#2768,#1125,.T.);
#3270=EDGE_CURVE('',#2783,#2781,#1126,.T.);
#3271=EDGE_CURVE('',#2782,#2784,#1127,.T.);
#3272=EDGE_CURVE('',#2765,#2784,#1128,.T.);
#3273=EDGE_CURVE('',#2784,#2785,#1129,.T.);
#3274=EDGE_CURVE('',#2785,#2786,#1130,.T.);
#3275=EDGE_CURVE('',#2786,#2787,#1131,.T.);
#3276=EDGE_CURVE('',#2787,#2788,#1132,.T.);
#3277=EDGE_CURVE('',#2788,#2789,#1133,.T.);
#3278=EDGE_CURVE('',#2789,#2790,#1134,.T.);
#3279=EDGE_CURVE('',#2790,#2783,#1135,.T.);
#3280=EDGE_CURVE('',#2776,#2791,#1136,.T.);
#3281=EDGE_CURVE('',#2791,#2792,#1137,.T.);
#3282=EDGE_CURVE('',#2792,#2793,#1138,.T.);
#3283=EDGE_CURVE('',#2793,#2794,#1139,.T.);
#3284=EDGE_CURVE('',#2794,#2795,#1140,.T.);
#3285=EDGE_CURVE('',#2795,#2796,#1141,.T.);
#3286=EDGE_CURVE('',#2796,#2773,#1142,.T.);
#3287=EDGE_CURVE('',#2797,#2798,#1143,.F.);
#3288=EDGE_CURVE('',#2798,#2799,#1144,.T.);
#3289=EDGE_CURVE('',#2799,#2800,#1145,.F.);
#3290=EDGE_CURVE('',#2797,#2800,#1146,.F.);
#3291=EDGE_CURVE('',#2801,#2797,#1147,.F.);
#3292=EDGE_CURVE('',#2800,#2802,#1148,.F.);
#3293=EDGE_CURVE('',#2802,#2801,#1149,.T.);
#3294=EDGE_CURVE('',#2803,#2774,#1150,.F.);
#3295=EDGE_CURVE('',#2774,#2804,#1151,.T.);
#3296=EDGE_CURVE('',#2804,#2805,#1152,.F.);
#3297=EDGE_CURVE('',#2805,#2803,#1153,.T.);
#3298=EDGE_CURVE('',#2796,#2804,#1154,.F.);
#3299=EDGE_CURVE('',#2806,#2807,#1155,.F.);
#3300=EDGE_CURVE('',#2807,#2808,#1156,.T.);
#3301=EDGE_CURVE('',#2808,#2809,#1157,.T.);
#3302=EDGE_CURVE('',#2809,#2810,#1158,.F.);
#3303=EDGE_CURVE('',#2806,#2810,#1159,.F.);
#3304=EDGE_CURVE('',#2811,#2806,#1160,.F.);
#3305=EDGE_CURVE('',#2810,#2812,#1161,.F.);
#3306=EDGE_CURVE('',#2812,#2813,#1162,.F.);
#3307=EDGE_CURVE('',#2813,#2811,#1163,.T.);
#3308=EDGE_CURVE('',#2814,#2815,#1164,.F.);
#3309=EDGE_CURVE('',#2815,#2816,#1165,.T.);
#3310=EDGE_CURVE('',#2816,#2817,#1166,.T.);
#3311=EDGE_CURVE('',#2817,#2818,#1167,.F.);
#3312=EDGE_CURVE('',#2814,#2818,#1168,.F.);
#3313=EDGE_CURVE('',#2819,#2814,#1169,.F.);
#3314=EDGE_CURVE('',#2818,#2820,#1170,.F.);
#3315=EDGE_CURVE('',#2820,#2821,#1171,.F.);
#3316=EDGE_CURVE('',#2821,#2819,#1172,.T.);
#3317=EDGE_CURVE('',#2822,#2823,#1173,.F.);
#3318=EDGE_CURVE('',#2823,#2824,#1174,.T.);
#3319=EDGE_CURVE('',#2824,#2825,#1175,.T.);
#3320=EDGE_CURVE('',#2825,#2826,#1176,.F.);
#3321=EDGE_CURVE('',#2822,#2826,#1177,.F.);
#3322=EDGE_CURVE('',#2827,#2822,#1178,.F.);
#3323=EDGE_CURVE('',#2826,#2828,#1179,.F.);
#3324=EDGE_CURVE('',#2828,#2829,#1180,.F.);
#3325=EDGE_CURVE('',#2829,#2827,#1181,.T.);
#3326=EDGE_CURVE('',#2830,#2831,#1182,.F.);
#3327=EDGE_CURVE('',#2831,#2832,#1183,.T.);
#3328=EDGE_CURVE('',#2832,#2833,#1184,.T.);
#3329=EDGE_CURVE('',#2833,#2834,#1185,.F.);
#3330=EDGE_CURVE('',#2830,#2834,#1186,.F.);
#3331=EDGE_CURVE('',#2835,#2830,#1187,.F.);
#3332=EDGE_CURVE('',#2834,#2836,#1188,.F.);
#3333=EDGE_CURVE('',#2836,#2837,#1189,.F.);
#3334=EDGE_CURVE('',#2837,#2835,#1190,.T.);
#3335=EDGE_CURVE('',#2838,#2839,#1191,.F.);
#3336=EDGE_CURVE('',#2839,#2840,#1192,.T.);
#3337=EDGE_CURVE('',#2840,#2841,#1193,.F.);
#3338=EDGE_CURVE('',#2838,#2841,#1194,.F.);
#3339=EDGE_CURVE('',#2842,#2838,#1195,.F.);
#3340=EDGE_CURVE('',#2841,#2843,#1196,.F.);
#3341=EDGE_CURVE('',#2843,#2842,#1197,.T.);
#3342=EDGE_CURVE('',#2844,#2845,#1198,.F.);
#3343=EDGE_CURVE('',#2845,#2846,#1199,.T.);
#3344=EDGE_CURVE('',#2846,#2847,#1200,.F.);
#3345=EDGE_CURVE('',#2844,#2847,#1201,.T.);
#3346=EDGE_CURVE('',#2848,#2849,#1202,.F.);
#3347=EDGE_CURVE('',#2849,#2850,#1203,.T.);
#3348=EDGE_CURVE('',#2850,#2851,#1204,.F.);
#3349=EDGE_CURVE('',#2848,#2851,#1205,.F.);
#3350=EDGE_CURVE('',#2852,#2848,#1206,.F.);
#3351=EDGE_CURVE('',#2851,#2853,#1207,.F.);
#3352=EDGE_CURVE('',#2853,#2852,#1208,.T.);
#3353=EDGE_CURVE('',#2854,#2855,#1209,.F.);
#3354=EDGE_CURVE('',#2855,#2856,#1210,.T.);
#3355=EDGE_CURVE('',#2856,#2857,#1211,.F.);
#3356=EDGE_CURVE('',#2854,#2857,#1212,.F.);
#3357=EDGE_CURVE('',#2858,#2854,#1213,.F.);
#3358=EDGE_CURVE('',#2857,#2859,#1214,.F.);
#3359=EDGE_CURVE('',#2859,#2858,#1215,.T.);
#3360=EDGE_CURVE('',#2860,#2861,#1216,.F.);
#3361=EDGE_CURVE('',#2861,#2862,#1217,.T.);
#3362=EDGE_CURVE('',#2862,#2863,#1218,.T.);
#3363=EDGE_CURVE('',#2863,#2864,#1219,.F.);
#3364=EDGE_CURVE('',#2860,#2864,#1220,.F.);
#3365=EDGE_CURVE('',#2865,#2860,#1221,.F.);
#3366=EDGE_CURVE('',#2864,#2866,#1222,.F.);
#3367=EDGE_CURVE('',#2866,#2867,#1223,.F.);
#3368=EDGE_CURVE('',#2867,#2865,#1224,.T.);
#3369=EDGE_CURVE('',#2868,#2869,#1225,.F.);
#3370=EDGE_CURVE('',#2869,#2870,#1226,.T.);
#3371=EDGE_CURVE('',#2870,#2871,#1227,.T.);
#3372=EDGE_CURVE('',#2871,#2872,#1228,.F.);
#3373=EDGE_CURVE('',#2868,#2872,#1229,.F.);
#3374=EDGE_CURVE('',#2873,#2868,#1230,.F.);
#3375=EDGE_CURVE('',#2872,#2874,#1231,.F.);
#3376=EDGE_CURVE('',#2874,#2875,#1232,.F.);
#3377=EDGE_CURVE('',#2875,#2873,#1233,.T.);
#3378=EDGE_CURVE('',#2876,#2877,#1234,.F.);
#3379=EDGE_CURVE('',#2877,#2878,#1235,.T.);
#3380=EDGE_CURVE('',#2878,#2879,#1236,.T.);
#3381=EDGE_CURVE('',#2879,#2880,#1237,.F.);
#3382=EDGE_CURVE('',#2876,#2880,#1238,.F.);
#3383=EDGE_CURVE('',#2792,#2876,#1239,.F.);
#3384=EDGE_CURVE('',#2880,#2881,#1240,.F.);
#3385=EDGE_CURVE('',#2881,#2793,#1241,.F.);
#3386=EDGE_CURVE('',#2882,#2883,#1242,.F.);
#3387=EDGE_CURVE('',#2884,#2883,#1243,.T.);
#3388=EDGE_CURVE('',#2884,#2885,#1244,.F.);
#3389=EDGE_CURVE('',#2885,#2882,#1245,.T.);
#3390=EDGE_CURVE('',#2886,#2887,#1246,.F.);
#3391=EDGE_CURVE('',#2887,#2888,#1247,.T.);
#3392=EDGE_CURVE('',#2888,#2889,#1248,.F.);
#3393=EDGE_CURVE('',#2886,#2889,#1249,.F.);
#3394=EDGE_CURVE('',#2890,#2886,#1250,.F.);
#3395=EDGE_CURVE('',#2889,#2891,#1251,.F.);
#3396=EDGE_CURVE('',#2891,#2890,#1252,.T.);
#3397=EDGE_CURVE('',#2892,#2893,#1253,.F.);
#3398=EDGE_CURVE('',#2893,#2894,#1254,.T.);
#3399=EDGE_CURVE('',#2894,#2895,#1255,.F.);
#3400=EDGE_CURVE('',#2892,#2895,#1256,.F.);
#3401=EDGE_CURVE('',#2896,#2892,#1257,.F.);
#3402=EDGE_CURVE('',#2895,#2897,#1258,.F.);
#3403=EDGE_CURVE('',#2897,#2896,#1259,.T.);
#3404=EDGE_CURVE('',#2898,#2797,#1260,.F.);
#3405=EDGE_CURVE('',#2899,#2898,#1261,.T.);
#3406=EDGE_CURVE('',#2899,#2798,#1262,.T.);
#3407=EDGE_CURVE('',#2800,#2900,#1263,.T.);
#3408=EDGE_CURVE('',#2901,#2900,#1264,.T.);
#3409=EDGE_CURVE('',#2901,#2802,#1265,.T.);
#3410=EDGE_CURVE('',#2902,#2795,#1266,.T.);
#3411=EDGE_CURVE('',#2804,#2902,#1267,.F.);
#3412=EDGE_CURVE('',#2903,#2902,#1268,.T.);
#3413=EDGE_CURVE('',#2903,#2805,#1269,.T.);
#3414=EDGE_CURVE('',#2904,#2806,#1270,.F.);
#3415=EDGE_CURVE('',#2905,#2904,#1271,.T.);
#3416=EDGE_CURVE('',#2905,#2906,#1272,.T.);
#3417=EDGE_CURVE('',#2906,#2807,#1273,.T.);
#3418=EDGE_CURVE('',#2812,#2907,#1274,.T.);
#3419=EDGE_CURVE('',#2908,#2907,#1275,.T.);
#3420=EDGE_CURVE('',#2908,#2909,#1276,.T.);
#3421=EDGE_CURVE('',#2909,#2813,#1277,.T.);
#3422=EDGE_CURVE('',#2910,#2808,#1278,.T.);
#3423=EDGE_CURVE('',#2911,#2910,#1279,.F.);
#3424=EDGE_CURVE('',#2911,#2912,#1280,.F.);
#3425=EDGE_CURVE('',#2809,#2912,#1281,.F.);
#3426=EDGE_CURVE('',#2913,#2814,#1282,.F.);
#3427=EDGE_CURVE('',#2914,#2913,#1283,.T.);
#3428=EDGE_CURVE('',#2914,#2915,#1284,.T.);
#3429=EDGE_CURVE('',#2915,#2815,#1285,.T.);
#3430=EDGE_CURVE('',#2820,#2916,#1286,.T.);
#3431=EDGE_CURVE('',#2917,#2916,#1287,.T.);
#3432=EDGE_CURVE('',#2917,#2918,#1288,.T.);
#3433=EDGE_CURVE('',#2918,#2821,#1289,.T.);
#3434=EDGE_CURVE('',#2919,#2816,#1290,.T.);
#3435=EDGE_CURVE('',#2920,#2919,#1291,.F.);
#3436=EDGE_CURVE('',#2920,#2921,#1292,.F.);
#3437=EDGE_CURVE('',#2817,#2921,#1293,.F.);
#3438=EDGE_CURVE('',#2922,#2824,#1294,.T.);
#3439=EDGE_CURVE('',#2923,#2922,#1295,.F.);
#3440=EDGE_CURVE('',#2923,#2924,#1296,.F.);
#3441=EDGE_CURVE('',#2825,#2924,#1297,.F.);
#3442=EDGE_CURVE('',#2925,#2924,#1298,.T.);
#3443=EDGE_CURVE('',#2828,#2925,#1299,.F.);
#3444=EDGE_CURVE('',#2926,#2830,#1300,.F.);
#3445=EDGE_CURVE('',#2927,#2926,#1301,.T.);
#3446=EDGE_CURVE('',#2927,#2928,#1302,.T.);
#3447=EDGE_CURVE('',#2928,#2831,#1303,.T.);
#3448=EDGE_CURVE('',#2836,#2929,#1304,.T.);
#3449=EDGE_CURVE('',#2930,#2929,#1305,.T.);
#3450=EDGE_CURVE('',#2930,#2931,#1306,.T.);
#3451=EDGE_CURVE('',#2931,#2837,#1307,.T.);
#3452=EDGE_CURVE('',#2909,#2832,#1308,.T.);
#3453=EDGE_CURVE('',#2908,#2932,#1309,.F.);
#3454=EDGE_CURVE('',#2833,#2932,#1310,.F.);
#3455=EDGE_CURVE('',#2933,#2838,#1311,.F.);
#3456=EDGE_CURVE('',#2934,#2933,#1312,.T.);
#3457=EDGE_CURVE('',#2934,#2839,#1313,.T.);
#3458=EDGE_CURVE('',#2841,#2935,#1314,.T.);
#3459=EDGE_CURVE('',#2936,#2935,#1315,.T.);
#3460=EDGE_CURVE('',#2936,#2843,#1316,.T.);
#3461=EDGE_CURVE('',#2846,#2937,#1317,.T.);
#3462=EDGE_CURVE('',#2938,#2937,#1318,.T.);
#3463=EDGE_CURVE('',#2847,#2938,#1319,.T.);
#3464=EDGE_CURVE('',#2851,#2939,#1320,.T.);
#3465=EDGE_CURVE('',#2940,#2939,#1321,.T.);
#3466=EDGE_CURVE('',#2940,#2853,#1322,.T.);
#3467=EDGE_CURVE('',#2941,#2848,#1323,.F.);
#3468=EDGE_CURVE('',#2942,#2941,#1324,.T.);
#3469=EDGE_CURVE('',#2942,#2849,#1325,.T.);
#3470=EDGE_CURVE('',#2943,#2854,#1326,.F.);
#3471=EDGE_CURVE('',#2944,#2943,#1327,.T.);
#3472=EDGE_CURVE('',#2944,#2855,#1328,.T.);
#3473=EDGE_CURVE('',#2857,#2945,#1329,.T.);
#3474=EDGE_CURVE('',#2946,#2945,#1330,.T.);
#3475=EDGE_CURVE('',#2946,#2859,#1331,.T.);
#3476=EDGE_CURVE('',#2947,#2860,#1332,.F.);
#3477=EDGE_CURVE('',#2948,#2947,#1333,.T.);
#3478=EDGE_CURVE('',#2948,#2949,#1334,.T.);
#3479=EDGE_CURVE('',#2949,#2861,#1335,.T.);
#3480=EDGE_CURVE('',#2866,#2950,#1336,.T.);
#3481=EDGE_CURVE('',#2923,#2950,#1337,.T.);
#3482=EDGE_CURVE('',#2922,#2867,#1338,.T.);
#3483=EDGE_CURVE('',#2951,#2862,#1339,.T.);
#3484=EDGE_CURVE('',#2952,#2951,#1340,.F.);
#3485=EDGE_CURVE('',#2952,#2953,#1341,.F.);
#3486=EDGE_CURVE('',#2863,#2953,#1342,.F.);
#3487=EDGE_CURVE('',#2954,#2868,#1343,.F.);
#3488=EDGE_CURVE('',#2955,#2954,#1344,.T.);
#3489=EDGE_CURVE('',#2955,#2956,#1345,.T.);
#3490=EDGE_CURVE('',#2956,#2869,#1346,.T.);
#3491=EDGE_CURVE('',#2874,#2957,#1347,.T.);
#3492=EDGE_CURVE('',#2920,#2957,#1348,.T.);
#3493=EDGE_CURVE('',#2919,#2875,#1349,.T.);
#3494=EDGE_CURVE('',#2931,#2870,#1350,.T.);
#3495=EDGE_CURVE('',#2930,#2958,#1351,.F.);
#3496=EDGE_CURVE('',#2871,#2958,#1352,.F.);
#3497=EDGE_CURVE('',#2918,#2878,#1353,.T.);
#3498=EDGE_CURVE('',#2917,#2959,#1354,.F.);
#3499=EDGE_CURVE('',#2879,#2959,#1355,.F.);
#3500=EDGE_CURVE('',#2960,#2959,#1356,.T.);
#3501=EDGE_CURVE('',#2881,#2960,#1357,.F.);
#3502=EDGE_CURVE('',#2882,#2961,#1358,.T.);
#3503=EDGE_CURVE('',#2962,#2961,#1359,.T.);
#3504=EDGE_CURVE('',#2883,#2962,#1360,.T.);
#3505=EDGE_CURVE('',#2882,#2861,#1361,.T.);
#3506=EDGE_CURVE('',#2951,#2885,#1362,.F.);
#3507=EDGE_CURVE('',#2873,#2815,#1363,.T.);
#3508=EDGE_CURVE('',#2865,#2823,#1364,.T.);
#3509=EDGE_CURVE('',#2835,#2869,#1365,.T.);
#3510=EDGE_CURVE('',#2827,#2807,#1366,.T.);
#3511=EDGE_CURVE('',#2910,#2829,#1367,.F.);
#3512=EDGE_CURVE('',#2819,#2877,#1368,.T.);
#3513=EDGE_CURVE('',#2811,#2831,#1369,.T.);
#3514=EDGE_CURVE('',#2889,#2963,#1370,.T.);
#3515=EDGE_CURVE('',#2964,#2963,#1371,.T.);
#3516=EDGE_CURVE('',#2964,#2891,#1372,.T.);
#3517=EDGE_CURVE('',#2965,#2886,#1373,.F.);
#3518=EDGE_CURVE('',#2966,#2965,#1374,.T.);
#3519=EDGE_CURVE('',#2966,#2887,#1375,.T.);
#3520=EDGE_CURVE('',#2895,#2967,#1376,.T.);
#3521=EDGE_CURVE('',#2968,#2967,#1377,.T.);
#3522=EDGE_CURVE('',#2968,#2897,#1378,.T.);
#3523=EDGE_CURVE('',#2969,#2892,#1379,.F.);
#3524=EDGE_CURVE('',#2970,#2969,#1380,.T.);
#3525=EDGE_CURVE('',#2970,#2893,#1381,.T.);
#3526=EDGE_CURVE('',#2839,#2890,#1382,.F.);
#3527=EDGE_CURVE('',#2840,#2891,#1383,.T.);
#3528=EDGE_CURVE('',#2887,#2896,#1384,.F.);
#3529=EDGE_CURVE('',#2888,#2897,#1385,.T.);
#3530=EDGE_CURVE('',#2849,#2858,#1386,.F.);
#3531=EDGE_CURVE('',#2850,#2859,#1387,.T.);
#3532=EDGE_CURVE('',#2845,#2852,#1388,.F.);
#3533=EDGE_CURVE('',#2846,#2853,#1389,.T.);
#3534=EDGE_CURVE('',#2798,#2842,#1390,.F.);
#3535=EDGE_CURVE('',#2799,#2843,#1391,.T.);
#3536=EDGE_CURVE('',#2894,#2805,#1392,.T.);
#3537=EDGE_CURVE('',#2893,#2803,#1393,.F.);
#3538=EDGE_CURVE('',#2943,#2971,#1394,.F.);
#3539=EDGE_CURVE('',#2943,#2972,#1395,.F.);
#3540=EDGE_CURVE('',#2973,#2972,#1396,.T.);
#3541=EDGE_CURVE('',#2973,#2974,#1397,.T.);
#3542=EDGE_CURVE('',#2974,#2975,#1398,.F.);
#3543=EDGE_CURVE('',#2975,#2971,#1399,.F.);
#3544=EDGE_CURVE('',#2971,#2976,#1400,.F.);
#3545=EDGE_CURVE('',#2976,#2977,#1401,.T.);
#3546=EDGE_CURVE('',#2977,#2978,#1402,.T.);
#3547=EDGE_CURVE('',#2944,#2978,#1403,.T.);
#3548=EDGE_CURVE('',#2775,#2979,#1404,.T.);
#3549=EDGE_CURVE('',#2979,#2791,#1405,.F.);
#3550=EDGE_CURVE('',#2775,#2980,#1406,.F.);
#3551=EDGE_CURVE('',#2981,#2980,#1407,.T.);
#3552=EDGE_CURVE('',#2981,#2982,#1408,.T.);
#3553=EDGE_CURVE('',#2982,#2983,#1409,.F.);
#3554=EDGE_CURVE('',#2983,#2979,#1410,.F.);
#3555=EDGE_CURVE('',#2967,#2984,#1411,.F.);
#3556=EDGE_CURVE('',#2984,#2917,#1412,.T.);
#3557=EDGE_CURVE('',#2967,#2916,#1413,.F.);
#3558=EDGE_CURVE('',#2916,#2921,#1414,.F.);
#3559=EDGE_CURVE('',#2921,#2968,#1415,.T.);
#3560=EDGE_CURVE('',#2963,#2985,#1416,.F.);
#3561=EDGE_CURVE('',#2985,#2920,#1417,.T.);
#3562=EDGE_CURVE('',#2963,#2957,#1418,.F.);
#3563=EDGE_CURVE('',#2957,#2958,#1419,.F.);
#3564=EDGE_CURVE('',#2958,#2964,#1420,.T.);
#3565=EDGE_CURVE('',#2945,#2986,#1421,.F.);
#3566=EDGE_CURVE('',#2986,#2911,#1422,.T.);
#3567=EDGE_CURVE('',#2911,#2925,#1423,.F.);
#3568=EDGE_CURVE('',#2945,#2925,#1424,.F.);
#3569=EDGE_CURVE('',#2924,#2946,#1425,.T.);
#3570=EDGE_CURVE('',#2937,#2952,#1426,.T.);
#3571=EDGE_CURVE('',#2952,#2987,#1427,.F.);
#3572=EDGE_CURVE('',#2938,#2987,#1428,.T.);
#3573=EDGE_CURVE('',#2898,#2988,#1429,.F.);
#3574=EDGE_CURVE('',#2898,#2989,#1430,.F.);
#3575=EDGE_CURVE('',#2990,#2989,#1431,.T.);
#3576=EDGE_CURVE('',#2990,#2905,#1432,.T.);
#3577=EDGE_CURVE('',#2904,#2988,#1433,.F.);
#3578=EDGE_CURVE('',#2988,#2991,#1434,.F.);
#3579=EDGE_CURVE('',#2991,#2992,#1435,.T.);
#3580=EDGE_CURVE('',#2992,#2993,#1436,.T.);
#3581=EDGE_CURVE('',#2899,#2993,#1437,.T.);
#3582=EDGE_CURVE('',#2933,#2994,#1438,.F.);
#3583=EDGE_CURVE('',#2933,#2995,#1439,.F.);
#3584=EDGE_CURVE('',#2996,#2995,#1440,.T.);
#3585=EDGE_CURVE('',#2996,#2927,#1441,.T.);
#3586=EDGE_CURVE('',#2926,#2994,#1442,.F.);
#3587=EDGE_CURVE('',#2994,#2997,#1443,.F.);
#3588=EDGE_CURVE('',#2997,#2998,#1444,.T.);
#3589=EDGE_CURVE('',#2998,#2999,#1445,.T.);
#3590=EDGE_CURVE('',#2934,#2999,#1446,.T.);
#3591=EDGE_CURVE('',#2965,#3000,#1447,.F.);
#3592=EDGE_CURVE('',#2965,#3001,#1448,.F.);
#3593=EDGE_CURVE('',#3002,#3001,#1449,.T.);
#3594=EDGE_CURVE('',#3002,#2955,#1450,.T.);
#3595=EDGE_CURVE('',#2954,#3000,#1451,.F.);
#3596=EDGE_CURVE('',#3000,#3003,#1452,.F.);
#3597=EDGE_CURVE('',#3003,#3004,#1453,.T.);
#3598=EDGE_CURVE('',#3004,#3005,#1454,.T.);
#3599=EDGE_CURVE('',#2966,#3005,#1455,.T.);
#3600=EDGE_CURVE('',#3006,#3007,#1456,.F.);
#3601=EDGE_CURVE('',#2962,#3007,#1457,.T.);
#3602=EDGE_CURVE('',#2961,#3008,#1458,.T.);
#3603=EDGE_CURVE('',#3008,#3009,#1459,.T.);
#3604=EDGE_CURVE('',#3006,#3009,#1460,.T.);
#3605=EDGE_CURVE('',#2794,#2960,#1461,.F.);
#3606=EDGE_CURVE('',#2902,#2960,#1462,.F.);
#3607=EDGE_CURVE('',#2959,#2903,#1463,.T.);
#3608=EDGE_CURVE('',#2939,#3010,#1464,.F.);
#3609=EDGE_CURVE('',#3010,#2923,#1465,.T.);
#3610=EDGE_CURVE('',#2939,#2950,#1466,.F.);
#3611=EDGE_CURVE('',#2950,#2953,#1467,.F.);
#3612=EDGE_CURVE('',#2953,#2940,#1468,.T.);
#3613=EDGE_CURVE('',#2935,#3011,#1469,.F.);
#3614=EDGE_CURVE('',#3011,#2930,#1470,.T.);
#3615=EDGE_CURVE('',#2935,#2929,#1471,.F.);
#3616=EDGE_CURVE('',#2929,#2932,#1472,.F.);
#3617=EDGE_CURVE('',#2932,#2936,#1473,.T.);
#3618=EDGE_CURVE('',#2900,#3012,#1474,.F.);
#3619=EDGE_CURVE('',#3012,#2908,#1475,.T.);
#3620=EDGE_CURVE('',#2900,#2907,#1476,.F.);
#3621=EDGE_CURVE('',#2907,#2912,#1477,.F.);
#3622=EDGE_CURVE('',#2912,#2901,#1478,.T.);
#3623=EDGE_CURVE('',#2969,#3013,#1479,.F.);
#3624=EDGE_CURVE('',#2969,#3014,#1480,.F.);
#3625=EDGE_CURVE('',#3015,#3014,#1481,.T.);
#3626=EDGE_CURVE('',#3015,#2914,#1482,.T.);
#3627=EDGE_CURVE('',#2913,#3013,#1483,.F.);
#3628=EDGE_CURVE('',#3013,#3016,#1484,.F.);
#3629=EDGE_CURVE('',#3016,#3017,#1485,.T.);
#3630=EDGE_CURVE('',#3017,#3018,#1486,.T.);
#3631=EDGE_CURVE('',#2970,#3018,#1487,.T.);
#3632=EDGE_CURVE('',#2941,#3019,#1488,.F.);
#3633=EDGE_CURVE('',#2941,#3020,#1489,.F.);
#3634=EDGE_CURVE('',#3021,#3020,#1490,.T.);
#3635=EDGE_CURVE('',#3021,#2948,#1491,.T.);
#3636=EDGE_CURVE('',#2947,#3019,#1492,.F.);
#3637=EDGE_CURVE('',#3019,#3022,#1493,.F.);
#3638=EDGE_CURVE('',#3022,#3023,#1494,.T.);
#3639=EDGE_CURVE('',#3023,#3024,#1495,.T.);
#3640=EDGE_CURVE('',#2942,#3024,#1496,.T.);
#3641=EDGE_CURVE('',#2858,#2972,#1497,.T.);
#3642=EDGE_CURVE('',#2827,#2976,#1498,.F.);
#3643=EDGE_CURVE('',#2977,#2906,#1499,.T.);
#3644=EDGE_CURVE('',#2975,#2822,#1500,.F.);
#3645=EDGE_CURVE('',#2974,#3025,#1501,.T.);
#3646=EDGE_CURVE('',#3025,#2823,#1502,.T.);
#3647=EDGE_CURVE('',#2803,#2980,#1503,.T.);
#3648=EDGE_CURVE('',#2894,#2984,#1504,.T.);
#3649=EDGE_CURVE('',#2888,#2985,#1505,.T.);
#3650=EDGE_CURVE('',#2856,#2986,#1506,.T.);
#3651=EDGE_CURVE('',#2801,#2989,#1507,.T.);
#3652=EDGE_CURVE('',#2811,#2991,#1508,.F.);
#3653=EDGE_CURVE('',#2992,#2928,#1509,.T.);
#3654=EDGE_CURVE('',#2842,#2995,#1510,.T.);
#3655=EDGE_CURVE('',#2835,#2997,#1511,.F.);
#3656=EDGE_CURVE('',#2998,#2956,#1512,.T.);
#3657=EDGE_CURVE('',#2890,#3001,#1513,.T.);
#3658=EDGE_CURVE('',#2873,#3003,#1514,.F.);
#3659=EDGE_CURVE('',#3004,#2915,#1515,.T.);
#3660=EDGE_CURVE('',#3008,#2949,#1516,.T.);
#3661=EDGE_CURVE('',#2850,#3010,#1517,.T.);
#3662=EDGE_CURVE('',#2840,#3011,#1518,.T.);
#3663=EDGE_CURVE('',#2799,#3012,#1519,.T.);
#3664=EDGE_CURVE('',#2937,#2940,#1520,.F.);
#3665=EDGE_CURVE('',#3012,#2936,#1521,.F.);
#3666=EDGE_CURVE('',#3011,#2964,#1522,.F.);
#3667=EDGE_CURVE('',#2986,#2901,#1523,.F.);
#3668=EDGE_CURVE('',#3010,#2946,#1524,.F.);
#3669=EDGE_CURVE('',#2985,#2968,#1525,.F.);
#3670=EDGE_CURVE('',#2984,#2903,#1526,.F.);
#3671=EDGE_CURVE('',#2896,#3014,#1527,.T.);
#3672=EDGE_CURVE('',#2819,#3016,#1528,.F.);
#3673=EDGE_CURVE('',#3026,#2877,#1529,.F.);
#3674=EDGE_CURVE('',#3017,#3026,#1530,.T.);
#3675=EDGE_CURVE('',#2852,#3020,#1531,.T.);
#3676=EDGE_CURVE('',#3024,#2973,#1532,.T.);
#3677=EDGE_CURVE('',#3023,#3025,#1533,.F.);
#3678=EDGE_CURVE('',#3009,#3021,#1534,.T.);
#3679=EDGE_CURVE('',#3005,#3015,#1535,.T.);
#3680=EDGE_CURVE('',#2999,#3002,#1536,.T.);
#3681=EDGE_CURVE('',#2993,#2996,#1537,.T.);
#3682=EDGE_CURVE('',#2982,#3026,#1538,.F.);
#3683=EDGE_CURVE('',#3018,#2981,#1539,.T.);
#3684=EDGE_CURVE('',#2978,#2990,#1540,.T.);
#3685=EDGE_CURVE('',#2865,#3022,#1541,.F.);
#3686=EDGE_CURVE('',#2987,#2884,#1542,.T.);
#3687=EDGE_CURVE('',#3007,#2844,#1543,.T.);
#3688=EDGE_CURVE('',#3006,#2845,#1544,.T.);
#3689=EDGE_CURVE('',#2855,#2801,#1545,.T.);
#3690=EDGE_CURVE('',#2856,#2802,#1546,.T.);
#3691=EDGE_CURVE('',#2983,#2876,#1547,.T.);
#3692=EDGE_CURVE('',#3027,#3028,#1548,.T.);
#3693=EDGE_CURVE('',#3027,#3029,#1549,.T.);
#3694=EDGE_CURVE('',#3030,#3029,#1550,.T.);
#3695=EDGE_CURVE('',#3028,#3030,#1551,.T.);
#3696=EDGE_CURVE('',#3031,#3027,#1552,.T.);
#3697=EDGE_CURVE('',#3032,#3031,#1553,.T.);
#3698=EDGE_CURVE('',#3029,#3032,#1554,.T.);
#3699=EDGE_CURVE('',#3033,#2780,#1555,.T.);
#3700=EDGE_CURVE('',#3034,#3033,#1556,.T.);
#3701=EDGE_CURVE('',#2782,#3034,#1557,.T.);
#3702=EDGE_CURVE('',#2785,#3034,#1558,.T.);
#3703=EDGE_CURVE('',#3035,#3036,#1559,.T.);
#3704=EDGE_CURVE('',#3035,#3037,#1560,.T.);
#3705=EDGE_CURVE('',#3038,#3037,#1561,.T.);
#3706=EDGE_CURVE('',#3039,#3038,#1562,.T.);
#3707=EDGE_CURVE('',#3036,#3039,#1563,.T.);
#3708=EDGE_CURVE('',#3040,#3035,#1564,.T.);
#3709=EDGE_CURVE('',#3041,#3040,#1565,.T.);
#3710=EDGE_CURVE('',#3042,#3041,#1566,.T.);
#3711=EDGE_CURVE('',#3037,#3042,#1567,.T.);
#3712=EDGE_CURVE('',#3043,#3044,#1568,.T.);
#3713=EDGE_CURVE('',#3043,#3045,#1569,.T.);
#3714=EDGE_CURVE('',#3046,#3045,#1570,.T.);
#3715=EDGE_CURVE('',#3047,#3046,#1571,.T.);
#3716=EDGE_CURVE('',#3044,#3047,#1572,.T.);
#3717=EDGE_CURVE('',#3048,#3043,#1573,.T.);
#3718=EDGE_CURVE('',#3049,#3048,#1574,.T.);
#3719=EDGE_CURVE('',#3050,#3049,#1575,.T.);
#3720=EDGE_CURVE('',#3045,#3050,#1576,.T.);
#3721=EDGE_CURVE('',#3051,#3052,#1577,.T.);
#3722=EDGE_CURVE('',#3051,#3053,#1578,.T.);
#3723=EDGE_CURVE('',#3054,#3053,#1579,.T.);
#3724=EDGE_CURVE('',#3055,#3054,#1580,.T.);
#3725=EDGE_CURVE('',#3052,#3055,#1581,.T.);
#3726=EDGE_CURVE('',#3056,#3051,#1582,.T.);
#3727=EDGE_CURVE('',#3057,#3056,#1583,.T.);
#3728=EDGE_CURVE('',#3058,#3057,#1584,.T.);
#3729=EDGE_CURVE('',#3053,#3058,#1585,.T.);
#3730=EDGE_CURVE('',#3059,#3060,#1586,.T.);
#3731=EDGE_CURVE('',#3059,#3061,#1587,.T.);
#3732=EDGE_CURVE('',#3062,#3061,#1588,.T.);
#3733=EDGE_CURVE('',#3063,#3062,#1589,.T.);
#3734=EDGE_CURVE('',#3060,#3063,#1590,.T.);
#3735=EDGE_CURVE('',#3064,#3059,#1591,.T.);
#3736=EDGE_CURVE('',#3065,#3064,#1592,.T.);
#3737=EDGE_CURVE('',#3066,#3065,#1593,.T.);
#3738=EDGE_CURVE('',#3061,#3066,#1594,.T.);
#3739=EDGE_CURVE('',#3067,#3068,#1595,.T.);
#3740=EDGE_CURVE('',#3067,#3069,#1596,.T.);
#3741=EDGE_CURVE('',#3070,#3069,#1597,.T.);
#3742=EDGE_CURVE('',#3068,#3070,#1598,.T.);
#3743=EDGE_CURVE('',#3071,#3067,#1599,.T.);
#3744=EDGE_CURVE('',#3072,#3071,#1600,.T.);
#3745=EDGE_CURVE('',#3069,#3072,#1601,.T.);
#3746=EDGE_CURVE('',#3073,#3074,#1602,.T.);
#3747=EDGE_CURVE('',#3075,#3073,#1603,.T.);
#3748=EDGE_CURVE('',#3076,#3075,#1604,.T.);
#3749=EDGE_CURVE('',#3074,#3076,#1605,.T.);
#3750=EDGE_CURVE('',#3077,#3078,#1606,.T.);
#3751=EDGE_CURVE('',#3077,#3079,#1607,.T.);
#3752=EDGE_CURVE('',#3080,#3079,#1608,.T.);
#3753=EDGE_CURVE('',#3078,#3080,#1609,.T.);
#3754=EDGE_CURVE('',#3081,#3077,#1610,.T.);
#3755=EDGE_CURVE('',#3082,#3081,#1611,.T.);
#3756=EDGE_CURVE('',#3079,#3082,#1612,.T.);
#3757=EDGE_CURVE('',#3083,#3084,#1613,.T.);
#3758=EDGE_CURVE('',#3083,#3085,#1614,.T.);
#3759=EDGE_CURVE('',#3086,#3085,#1615,.T.);
#3760=EDGE_CURVE('',#3084,#3086,#1616,.T.);
#3761=EDGE_CURVE('',#3087,#3083,#1617,.T.);
#3762=EDGE_CURVE('',#3088,#3087,#1618,.T.);
#3763=EDGE_CURVE('',#3085,#3088,#1619,.T.);
#3764=EDGE_CURVE('',#3089,#3090,#1620,.T.);
#3765=EDGE_CURVE('',#3089,#3091,#1621,.T.);
#3766=EDGE_CURVE('',#3092,#3091,#1622,.T.);
#3767=EDGE_CURVE('',#3093,#3092,#1623,.T.);
#3768=EDGE_CURVE('',#3090,#3093,#1624,.T.);
#3769=EDGE_CURVE('',#3094,#3089,#1625,.T.);
#3770=EDGE_CURVE('',#3095,#3094,#1626,.T.);
#3771=EDGE_CURVE('',#3096,#3095,#1627,.T.);
#3772=EDGE_CURVE('',#3091,#3096,#1628,.T.);
#3773=EDGE_CURVE('',#3097,#3098,#1629,.T.);
#3774=EDGE_CURVE('',#3097,#3099,#1630,.T.);
#3775=EDGE_CURVE('',#3100,#3099,#1631,.T.);
#3776=EDGE_CURVE('',#3101,#3100,#1632,.T.);
#3777=EDGE_CURVE('',#3098,#3101,#1633,.T.);
#3778=EDGE_CURVE('',#3102,#3097,#1634,.T.);
#3779=EDGE_CURVE('',#3103,#3102,#1635,.T.);
#3780=EDGE_CURVE('',#3104,#3103,#1636,.T.);
#3781=EDGE_CURVE('',#3099,#3104,#1637,.T.);
#3782=EDGE_CURVE('',#3105,#3106,#1638,.T.);
#3783=EDGE_CURVE('',#3105,#3107,#1639,.T.);
#3784=EDGE_CURVE('',#3108,#3107,#1640,.T.);
#3785=EDGE_CURVE('',#3109,#3108,#1641,.T.);
#3786=EDGE_CURVE('',#3106,#3109,#1642,.T.);
#3787=EDGE_CURVE('',#2789,#3105,#1643,.T.);
#3788=EDGE_CURVE('',#3110,#2788,#1644,.T.);
#3789=EDGE_CURVE('',#3107,#3110,#1645,.T.);
#3790=EDGE_CURVE('',#3111,#3112,#1646,.T.);
#3791=EDGE_CURVE('',#3113,#3111,#1647,.T.);
#3792=EDGE_CURVE('',#3114,#3113,#1648,.T.);
#3793=EDGE_CURVE('',#3112,#3114,#1649,.T.);
#3794=EDGE_CURVE('',#3115,#3116,#1650,.T.);
#3795=EDGE_CURVE('',#3115,#3117,#1651,.T.);
#3796=EDGE_CURVE('',#3118,#3117,#1652,.T.);
#3797=EDGE_CURVE('',#3116,#3118,#1653,.T.);
#3798=EDGE_CURVE('',#3119,#3115,#1654,.T.);
#3799=EDGE_CURVE('',#3120,#3119,#1655,.T.);
#3800=EDGE_CURVE('',#3117,#3120,#1656,.T.);
#3801=EDGE_CURVE('',#3121,#2779,#1657,.T.);
#3802=EDGE_CURVE('',#3121,#3122,#1658,.T.);
#3803=EDGE_CURVE('',#3123,#3122,#1659,.T.);
#3804=EDGE_CURVE('',#2779,#3123,#1660,.T.);
#3805=EDGE_CURVE('',#3124,#3121,#1661,.T.);
#3806=EDGE_CURVE('',#3125,#3124,#1662,.T.);
#3807=EDGE_CURVE('',#3122,#3125,#1663,.T.);
#3808=EDGE_CURVE('',#3126,#3028,#1664,.T.);
#3809=EDGE_CURVE('',#3126,#3127,#1665,.T.);
#3810=EDGE_CURVE('',#3127,#3027,#1666,.T.);
#3811=EDGE_CURVE('',#3128,#3032,#1667,.T.);
#3812=EDGE_CURVE('',#3128,#3129,#1668,.T.);
#3813=EDGE_CURVE('',#3029,#3129,#1669,.T.);
#3814=EDGE_CURVE('',#3034,#3130,#1670,.T.);
#3815=EDGE_CURVE('',#3130,#2786,#1671,.T.);
#3816=EDGE_CURVE('',#3131,#3033,#1672,.T.);
#3817=EDGE_CURVE('',#3131,#3130,#1673,.T.);
#3818=EDGE_CURVE('',#3132,#3036,#1674,.T.);
#3819=EDGE_CURVE('',#3133,#3132,#1675,.T.);
#3820=EDGE_CURVE('',#3133,#3134,#1676,.T.);
#3821=EDGE_CURVE('',#3134,#3035,#1677,.T.);
#3822=EDGE_CURVE('',#3135,#3041,#1678,.T.);
#3823=EDGE_CURVE('',#3136,#3135,#1679,.T.);
#3824=EDGE_CURVE('',#3136,#3137,#1680,.T.);
#3825=EDGE_CURVE('',#3042,#3137,#1681,.T.);
#3826=EDGE_CURVE('',#3038,#3138,#1682,.T.);
#3827=EDGE_CURVE('',#3139,#3138,#1683,.T.);
#3828=EDGE_CURVE('',#3139,#3140,#1684,.T.);
#3829=EDGE_CURVE('',#3140,#3039,#1685,.T.);
#3830=EDGE_CURVE('',#3141,#3044,#1686,.T.);
#3831=EDGE_CURVE('',#3142,#3141,#1687,.T.);
#3832=EDGE_CURVE('',#3142,#3143,#1688,.T.);
#3833=EDGE_CURVE('',#3143,#3043,#1689,.T.);
#3834=EDGE_CURVE('',#3144,#3049,#1690,.T.);
#3835=EDGE_CURVE('',#3145,#3144,#1691,.T.);
#3836=EDGE_CURVE('',#3145,#3146,#1692,.T.);
#3837=EDGE_CURVE('',#3050,#3146,#1693,.T.);
#3838=EDGE_CURVE('',#3046,#3147,#1694,.T.);
#3839=EDGE_CURVE('',#3148,#3147,#1695,.T.);
#3840=EDGE_CURVE('',#3148,#3149,#1696,.T.);
#3841=EDGE_CURVE('',#3149,#3047,#1697,.T.);
#3842=EDGE_CURVE('',#3054,#3150,#1698,.T.);
#3843=EDGE_CURVE('',#3151,#3150,#1699,.T.);
#3844=EDGE_CURVE('',#3151,#3152,#1700,.T.);
#3845=EDGE_CURVE('',#3152,#3055,#1701,.T.);
#3846=EDGE_CURVE('',#3058,#3153,#1702,.T.);
#3847=EDGE_CURVE('',#3153,#3150,#1703,.T.);
#3848=EDGE_CURVE('',#3154,#3060,#1704,.T.);
#3849=EDGE_CURVE('',#3155,#3154,#1705,.T.);
#3850=EDGE_CURVE('',#3155,#3156,#1706,.T.);
#3851=EDGE_CURVE('',#3156,#3059,#1707,.T.);
#3852=EDGE_CURVE('',#3157,#3065,#1708,.T.);
#3853=EDGE_CURVE('',#3158,#3157,#1709,.T.);
#3854=EDGE_CURVE('',#3158,#3159,#1710,.T.);
#3855=EDGE_CURVE('',#3066,#3159,#1711,.T.);
#3856=EDGE_CURVE('',#3062,#3160,#1712,.T.);
#3857=EDGE_CURVE('',#3136,#3160,#1713,.T.);
#3858=EDGE_CURVE('',#3135,#3063,#1714,.T.);
#3859=EDGE_CURVE('',#3161,#3068,#1715,.T.);
#3860=EDGE_CURVE('',#3161,#3162,#1716,.T.);
#3861=EDGE_CURVE('',#3162,#3067,#1717,.T.);
#3862=EDGE_CURVE('',#3163,#3072,#1718,.T.);
#3863=EDGE_CURVE('',#3163,#3164,#1719,.T.);
#3864=EDGE_CURVE('',#3069,#3164,#1720,.T.);
#3865=EDGE_CURVE('',#3165,#3075,#1721,.T.);
#3866=EDGE_CURVE('',#3165,#3166,#1722,.T.);
#3867=EDGE_CURVE('',#3076,#3166,#1723,.T.);
#3868=EDGE_CURVE('',#3167,#3082,#1724,.T.);
#3869=EDGE_CURVE('',#3167,#3168,#1725,.T.);
#3870=EDGE_CURVE('',#3079,#3168,#1726,.T.);
#3871=EDGE_CURVE('',#3169,#3078,#1727,.T.);
#3872=EDGE_CURVE('',#3169,#3170,#1728,.T.);
#3873=EDGE_CURVE('',#3170,#3077,#1729,.T.);
#3874=EDGE_CURVE('',#3171,#3084,#1730,.T.);
#3875=EDGE_CURVE('',#3171,#3172,#1731,.T.);
#3876=EDGE_CURVE('',#3172,#3083,#1732,.T.);
#3877=EDGE_CURVE('',#3173,#3088,#1733,.T.);
#3878=EDGE_CURVE('',#3173,#3174,#1734,.T.);
#3879=EDGE_CURVE('',#3085,#3174,#1735,.T.);
#3880=EDGE_CURVE('',#3175,#3090,#1736,.T.);
#3881=EDGE_CURVE('',#3176,#3175,#1737,.T.);
#3882=EDGE_CURVE('',#3176,#3177,#1738,.T.);
#3883=EDGE_CURVE('',#3177,#3089,#1739,.T.);
#3884=EDGE_CURVE('',#3152,#3095,#1740,.T.);
#3885=EDGE_CURVE('',#3151,#3178,#1741,.T.);
#3886=EDGE_CURVE('',#3096,#3178,#1742,.T.);
#3887=EDGE_CURVE('',#3092,#3179,#1743,.T.);
#3888=EDGE_CURVE('',#3180,#3179,#1744,.T.);
#3889=EDGE_CURVE('',#3180,#3181,#1745,.T.);
#3890=EDGE_CURVE('',#3181,#3093,#1746,.T.);
#3891=EDGE_CURVE('',#3182,#3098,#1747,.T.);
#3892=EDGE_CURVE('',#3183,#3182,#1748,.T.);
#3893=EDGE_CURVE('',#3183,#3184,#1749,.T.);
#3894=EDGE_CURVE('',#3184,#3097,#1750,.T.);
#3895=EDGE_CURVE('',#3149,#3103,#1751,.T.);
#3896=EDGE_CURVE('',#3148,#3185,#1752,.T.);
#3897=EDGE_CURVE('',#3104,#3185,#1753,.T.);
#3898=EDGE_CURVE('',#3100,#3186,#1754,.T.);
#3899=EDGE_CURVE('',#3158,#3186,#1755,.T.);
#3900=EDGE_CURVE('',#3157,#3101,#1756,.T.);
#3901=EDGE_CURVE('',#3108,#3187,#1757,.T.);
#3902=EDGE_CURVE('',#3145,#3187,#1758,.T.);
#3903=EDGE_CURVE('',#3144,#3109,#1759,.T.);
#3904=EDGE_CURVE('',#3110,#3188,#1760,.T.);
#3905=EDGE_CURVE('',#3188,#3187,#1761,.T.);
#3906=EDGE_CURVE('',#3189,#3112,#1762,.T.);
#3907=EDGE_CURVE('',#3189,#3190,#1763,.T.);
#3908=EDGE_CURVE('',#3111,#3190,#1764,.T.);
#3909=EDGE_CURVE('',#3181,#3113,#1765,.T.);
#3910=EDGE_CURVE('',#3111,#3090,#1766,.T.);
#3911=EDGE_CURVE('',#3102,#3044,#1767,.T.);
#3912=EDGE_CURVE('',#3094,#3052,#1768,.T.);
#3913=EDGE_CURVE('',#3064,#3098,#1769,.T.);
#3914=EDGE_CURVE('',#3140,#3057,#1770,.T.);
#3915=EDGE_CURVE('',#3056,#3036,#1771,.T.);
#3916=EDGE_CURVE('',#3048,#3106,#1772,.T.);
#3917=EDGE_CURVE('',#3040,#3060,#1773,.T.);
#3918=EDGE_CURVE('',#3073,#3191,#1774,.T.);
#3919=EDGE_CURVE('',#3191,#3189,#1775,.T.);
#3920=EDGE_CURVE('',#3114,#3192,#1776,.T.);
#3921=EDGE_CURVE('',#3192,#3165,#1777,.T.);
#3922=EDGE_CURVE('',#3193,#3120,#1778,.T.);
#3923=EDGE_CURVE('',#3193,#3194,#1779,.T.);
#3924=EDGE_CURVE('',#3117,#3194,#1780,.T.);
#3925=EDGE_CURVE('',#3195,#3116,#1781,.T.);
#3926=EDGE_CURVE('',#3195,#3196,#1782,.T.);
#3927=EDGE_CURVE('',#3196,#3115,#1783,.T.);
#3928=EDGE_CURVE('',#3197,#3125,#1784,.T.);
#3929=EDGE_CURVE('',#3197,#3198,#1785,.T.);
#3930=EDGE_CURVE('',#3122,#3198,#1786,.T.);
#3931=EDGE_CURVE('',#2778,#3199,#1787,.T.);
#3932=EDGE_CURVE('',#3199,#3121,#1788,.T.);
#3933=EDGE_CURVE('',#3070,#3120,#1789,.T.);
#3934=EDGE_CURVE('',#3068,#3119,#1790,.T.);
#3935=EDGE_CURVE('',#3118,#3125,#1791,.T.);
#3936=EDGE_CURVE('',#3116,#3124,#1792,.T.);
#3937=EDGE_CURVE('',#3080,#3088,#1793,.T.);
#3938=EDGE_CURVE('',#3078,#3087,#1794,.T.);
#3939=EDGE_CURVE('',#3076,#3082,#1795,.T.);
#3940=EDGE_CURVE('',#3074,#3081,#1796,.T.);
#3941=EDGE_CURVE('',#3030,#3072,#1797,.T.);
#3942=EDGE_CURVE('',#3028,#3071,#1798,.T.);
#3943=EDGE_CURVE('',#3123,#3033,#1799,.T.);
#3944=EDGE_CURVE('',#3172,#3200,#1800,.T.);
#3945=EDGE_CURVE('',#3172,#3201,#1801,.T.);
#3946=EDGE_CURVE('',#3202,#3201,#1802,.T.);
#3947=EDGE_CURVE('',#3203,#3202,#1803,.T.);
#3948=EDGE_CURVE('',#3200,#3203,#1804,.T.);
#3949=EDGE_CURVE('',#3204,#3171,#1805,.T.);
#3950=EDGE_CURVE('',#3205,#3204,#1806,.T.);
#3951=EDGE_CURVE('',#3201,#3205,#1807,.T.);
#3952=EDGE_CURVE('',#3206,#2790,#1808,.T.);
#3953=EDGE_CURVE('',#2781,#3206,#1809,.T.);
#3954=EDGE_CURVE('',#3207,#3206,#1810,.T.);
#3955=EDGE_CURVE('',#3208,#3207,#1811,.T.);
#3956=EDGE_CURVE('',#2777,#3208,#1812,.T.);
#3957=EDGE_CURVE('',#3198,#3209,#1813,.T.);
#3958=EDGE_CURVE('',#3198,#3146,#1814,.T.);
#3959=EDGE_CURVE('',#3209,#3145,#1815,.T.);
#3960=EDGE_CURVE('',#3147,#3197,#1816,.T.);
#3961=EDGE_CURVE('',#3146,#3147,#1817,.T.);
#3962=EDGE_CURVE('',#3194,#3210,#1818,.T.);
#3963=EDGE_CURVE('',#3194,#3185,#1819,.T.);
#3964=EDGE_CURVE('',#3210,#3148,#1820,.T.);
#3965=EDGE_CURVE('',#3186,#3193,#1821,.T.);
#3966=EDGE_CURVE('',#3185,#3186,#1822,.T.);
#3967=EDGE_CURVE('',#3174,#3211,#1823,.T.);
#3968=EDGE_CURVE('',#3174,#3153,#1824,.T.);
#3969=EDGE_CURVE('',#3139,#3153,#1825,.T.);
#3970=EDGE_CURVE('',#3211,#3139,#1826,.T.);
#3971=EDGE_CURVE('',#3150,#3173,#1827,.T.);
#3972=EDGE_CURVE('',#3180,#3192,#1828,.T.);
#3973=EDGE_CURVE('',#3166,#3180,#1829,.T.);
#3974=EDGE_CURVE('',#3127,#3212,#1830,.T.);
#3975=EDGE_CURVE('',#3127,#3213,#1831,.T.);
#3976=EDGE_CURVE('',#3134,#3213,#1832,.T.);
#3977=EDGE_CURVE('',#3212,#3133,#1833,.T.);
#3978=EDGE_CURVE('',#3214,#3126,#1834,.T.);
#3979=EDGE_CURVE('',#3215,#3214,#1835,.T.);
#3980=EDGE_CURVE('',#3213,#3215,#1836,.T.);
#3981=EDGE_CURVE('',#3162,#3216,#1837,.T.);
#3982=EDGE_CURVE('',#3162,#3217,#1838,.T.);
#3983=EDGE_CURVE('',#3156,#3217,#1839,.T.);
#3984=EDGE_CURVE('',#3216,#3155,#1840,.T.);
#3985=EDGE_CURVE('',#3218,#3161,#1841,.T.);
#3986=EDGE_CURVE('',#3219,#3218,#1842,.T.);
#3987=EDGE_CURVE('',#3217,#3219,#1843,.T.);
#3988=EDGE_CURVE('',#3196,#3220,#1844,.T.);
#3989=EDGE_CURVE('',#3196,#3221,#1845,.T.);
#3990=EDGE_CURVE('',#3184,#3221,#1846,.T.);
#3991=EDGE_CURVE('',#3220,#3183,#1847,.T.);
#3992=EDGE_CURVE('',#3222,#3195,#1848,.T.);
#3993=EDGE_CURVE('',#3223,#3222,#1849,.T.);
#3994=EDGE_CURVE('',#3221,#3223,#1850,.T.);
#3995=EDGE_CURVE('',#3224,#3191,#1851,.T.);
#3996=EDGE_CURVE('',#3225,#3224,#1852,.T.);
#3997=EDGE_CURVE('',#3190,#3225,#1853,.T.);
#3998=EDGE_CURVE('',#3130,#3188,#1854,.T.);
#3999=EDGE_CURVE('',#2787,#3188,#1855,.T.);
#4000=EDGE_CURVE('',#3187,#3131,#1856,.T.);
#4001=EDGE_CURVE('',#3168,#3226,#1857,.T.);
#4002=EDGE_CURVE('',#3168,#3178,#1858,.T.);
#4003=EDGE_CURVE('',#3226,#3151,#1859,.T.);
#4004=EDGE_CURVE('',#3179,#3167,#1860,.T.);
#4005=EDGE_CURVE('',#3178,#3179,#1861,.T.);
#4006=EDGE_CURVE('',#3164,#3227,#1862,.T.);
#4007=EDGE_CURVE('',#3164,#3159,#1863,.T.);
#4008=EDGE_CURVE('',#3227,#3158,#1864,.T.);
#4009=EDGE_CURVE('',#3160,#3163,#1865,.T.);
#4010=EDGE_CURVE('',#3159,#3160,#1866,.T.);
#4011=EDGE_CURVE('',#3129,#3228,#1867,.T.);
#4012=EDGE_CURVE('',#3129,#3137,#1868,.T.);
#4013=EDGE_CURVE('',#3228,#3136,#1869,.T.);
#4014=EDGE_CURVE('',#3138,#3128,#1870,.T.);
#4015=EDGE_CURVE('',#3137,#3138,#1871,.T.);
#4016=EDGE_CURVE('',#3199,#3229,#1872,.T.);
#4017=EDGE_CURVE('',#3199,#3230,#1873,.T.);
#4018=EDGE_CURVE('',#3143,#3230,#1874,.T.);
#4019=EDGE_CURVE('',#3229,#3142,#1875,.T.);
#4020=EDGE_CURVE('',#3231,#2778,#1876,.T.);
#4021=EDGE_CURVE('',#3232,#3231,#1877,.T.);
#4022=EDGE_CURVE('',#3230,#3232,#1878,.T.);
#4023=EDGE_CURVE('',#3170,#3233,#1879,.T.);
#4024=EDGE_CURVE('',#3170,#3234,#1880,.T.);
#4025=EDGE_CURVE('',#3177,#3234,#1881,.T.);
#4026=EDGE_CURVE('',#3233,#3176,#1882,.T.);
#4027=EDGE_CURVE('',#3235,#3169,#1883,.T.);
#4028=EDGE_CURVE('',#3236,#3235,#1884,.T.);
#4029=EDGE_CURVE('',#3234,#3236,#1885,.T.);
#4030=EDGE_CURVE('',#3087,#3200,#1886,.T.);
#4031=EDGE_CURVE('',#3204,#3132,#1887,.T.);
#4032=EDGE_CURVE('',#3056,#3205,#1888,.T.);
#4033=EDGE_CURVE('',#3237,#3052,#1889,.T.);
#4034=EDGE_CURVE('',#3203,#3237,#1890,.T.);
#4035=EDGE_CURVE('',#3202,#3051,#1891,.T.);
#4036=EDGE_CURVE('',#2772,#2761,#1892,.T.);
#4037=EDGE_CURVE('',#3123,#3209,#1893,.T.);
#4038=EDGE_CURVE('',#3118,#3210,#1894,.T.);
#4039=EDGE_CURVE('',#3086,#3211,#1895,.T.);
#4040=EDGE_CURVE('',#3031,#3212,#1896,.T.);
#4041=EDGE_CURVE('',#3214,#3154,#1897,.T.);
#4042=EDGE_CURVE('',#3040,#3215,#1898,.T.);
#4043=EDGE_CURVE('',#3071,#3216,#1899,.T.);
#4044=EDGE_CURVE('',#3218,#3182,#1900,.T.);
#4045=EDGE_CURVE('',#3064,#3219,#1901,.T.);
#4046=EDGE_CURVE('',#3119,#3220,#1902,.T.);
#4047=EDGE_CURVE('',#3222,#3141,#1903,.T.);
#4048=EDGE_CURVE('',#3102,#3223,#1904,.T.);
#4049=EDGE_CURVE('',#3225,#3175,#1905,.T.);
#4050=EDGE_CURVE('',#3080,#3226,#1906,.T.);
#4051=EDGE_CURVE('',#3070,#3227,#1907,.T.);
#4052=EDGE_CURVE('',#3030,#3228,#1908,.T.);
#4053=EDGE_CURVE('',#3166,#3167,#1909,.T.);
#4054=EDGE_CURVE('',#3228,#3163,#1910,.T.);
#4055=EDGE_CURVE('',#3227,#3193,#1911,.T.);
#4056=EDGE_CURVE('',#3211,#3128,#1912,.T.);
#4057=EDGE_CURVE('',#3226,#3173,#1913,.T.);
#4058=EDGE_CURVE('',#3210,#3197,#1914,.T.);
#4059=EDGE_CURVE('',#3209,#3131,#1915,.T.);
#4060=EDGE_CURVE('',#3124,#3229,#1916,.T.);
#4061=EDGE_CURVE('',#3231,#3238,#1917,.T.);
#4062=EDGE_CURVE('',#3238,#3106,#1918,.T.);
#4063=EDGE_CURVE('',#3048,#3232,#1919,.T.);
#4064=EDGE_CURVE('',#3081,#3233,#1920,.T.);
#4065=EDGE_CURVE('',#3235,#3237,#1921,.T.);
#4066=EDGE_CURVE('',#3169,#3200,#1922,.T.);
#4067=EDGE_CURVE('',#3224,#3233,#1923,.T.);
#4068=EDGE_CURVE('',#3195,#3229,#1924,.T.);
#4069=EDGE_CURVE('',#3161,#3220,#1925,.T.);
#4070=EDGE_CURVE('',#3126,#3216,#1926,.T.);
#4071=EDGE_CURVE('',#3208,#3238,#1927,.T.);
#4072=EDGE_CURVE('',#3171,#3212,#1928,.T.);
#4073=EDGE_CURVE('',#3094,#3236,#1929,.T.);
#4074=EDGE_CURVE('',#3224,#3074,#1930,.T.);
#4075=EDGE_CURVE('',#3084,#3031,#1931,.T.);
#4076=EDGE_CURVE('',#3086,#3032,#1932,.T.);
#4077=EDGE_CURVE('',#3207,#3105,#1933,.T.);
#4078=ORIENTED_EDGE('',*,*,#3239,.T.);
#4079=ORIENTED_EDGE('',*,*,#3240,.F.);
#4080=ORIENTED_EDGE('',*,*,#3241,.F.);
#4081=ORIENTED_EDGE('',*,*,#3242,.F.);
#4082=ORIENTED_EDGE('',*,*,#3243,.F.);
#4083=ORIENTED_EDGE('',*,*,#3244,.F.);
#4084=ORIENTED_EDGE('',*,*,#3245,.F.);
#4085=ORIENTED_EDGE('',*,*,#3246,.T.);
#4086=ORIENTED_EDGE('',*,*,#3239,.F.);
#4087=ORIENTED_EDGE('',*,*,#3247,.T.);
#4088=ORIENTED_EDGE('',*,*,#3248,.F.);
#4089=ORIENTED_EDGE('',*,*,#3249,.F.);
#4090=ORIENTED_EDGE('',*,*,#3250,.F.);
#4091=ORIENTED_EDGE('',*,*,#3251,.F.);
#4092=ORIENTED_EDGE('',*,*,#3252,.F.);
#4093=ORIENTED_EDGE('',*,*,#3253,.F.);
#4094=ORIENTED_EDGE('',*,*,#3246,.F.);
#4095=ORIENTED_EDGE('',*,*,#3254,.F.);
#4096=ORIENTED_EDGE('',*,*,#3255,.F.);
#4097=ORIENTED_EDGE('',*,*,#3256,.F.);
#4098=ORIENTED_EDGE('',*,*,#3257,.F.);
#4099=ORIENTED_EDGE('',*,*,#3258,.F.);
#4100=ORIENTED_EDGE('',*,*,#3247,.F.);
#4101=ORIENTED_EDGE('',*,*,#3251,.T.);
#4102=ORIENTED_EDGE('',*,*,#3259,.T.);
#4103=ORIENTED_EDGE('',*,*,#3260,.F.);
#4104=ORIENTED_EDGE('',*,*,#3261,.T.);
#4105=ORIENTED_EDGE('',*,*,#3262,.T.);
#4106=ORIENTED_EDGE('',*,*,#3263,.T.);
#4107=ORIENTED_EDGE('',*,*,#3242,.T.);
#4108=ORIENTED_EDGE('',*,*,#3264,.T.);
#4109=ORIENTED_EDGE('',*,*,#3250,.T.);
#4110=ORIENTED_EDGE('',*,*,#3265,.F.);
#4111=ORIENTED_EDGE('',*,*,#3266,.T.);
#4112=ORIENTED_EDGE('',*,*,#3259,.F.);
#4113=ORIENTED_EDGE('',*,*,#3243,.T.);
#4114=ORIENTED_EDGE('',*,*,#3263,.F.);
#4115=ORIENTED_EDGE('',*,*,#3267,.T.);
#4116=ORIENTED_EDGE('',*,*,#3268,.F.);
#4117=ORIENTED_EDGE('',*,*,#3249,.T.);
#4118=ORIENTED_EDGE('',*,*,#3269,.F.);
#4119=ORIENTED_EDGE('',*,*,#3270,.T.);
#4120=ORIENTED_EDGE('',*,*,#3265,.T.);
#4121=ORIENTED_EDGE('',*,*,#3244,.T.);
#4122=ORIENTED_EDGE('',*,*,#3268,.T.);
#4123=ORIENTED_EDGE('',*,*,#3271,.T.);
#4124=ORIENTED_EDGE('',*,*,#3272,.F.);
#4125=ORIENTED_EDGE('',*,*,#3245,.T.);
#4126=ORIENTED_EDGE('',*,*,#3272,.T.);
#4127=ORIENTED_EDGE('',*,*,#3273,.T.);
#4128=ORIENTED_EDGE('',*,*,#3274,.T.);
#4129=ORIENTED_EDGE('',*,*,#3275,.T.);
#4130=ORIENTED_EDGE('',*,*,#3276,.T.);
#4131=ORIENTED_EDGE('',*,*,#3277,.T.);
#4132=ORIENTED_EDGE('',*,*,#3278,.T.);
#4133=ORIENTED_EDGE('',*,*,#3279,.T.);
#4134=ORIENTED_EDGE('',*,*,#3269,.T.);
#4135=ORIENTED_EDGE('',*,*,#3248,.T.);
#4136=ORIENTED_EDGE('',*,*,#3258,.T.);
#4137=ORIENTED_EDGE('',*,*,#3280,.T.);
#4138=ORIENTED_EDGE('',*,*,#3281,.T.);
#4139=ORIENTED_EDGE('',*,*,#3282,.T.);
#4140=ORIENTED_EDGE('',*,*,#3283,.T.);
#4141=ORIENTED_EDGE('',*,*,#3284,.T.);
#4142=ORIENTED_EDGE('',*,*,#3285,.T.);
#4143=ORIENTED_EDGE('',*,*,#3286,.T.);
#4144=ORIENTED_EDGE('',*,*,#3254,.T.);
#4145=ORIENTED_EDGE('',*,*,#3287,.T.);
#4146=ORIENTED_EDGE('',*,*,#3288,.T.);
#4147=ORIENTED_EDGE('',*,*,#3289,.T.);
#4148=ORIENTED_EDGE('',*,*,#3290,.F.);
#4149=ORIENTED_EDGE('',*,*,#3291,.T.);
#4150=ORIENTED_EDGE('',*,*,#3290,.T.);
#4151=ORIENTED_EDGE('',*,*,#3292,.T.);
#4152=ORIENTED_EDGE('',*,*,#3293,.T.);
#4153=ORIENTED_EDGE('',*,*,#3294,.T.);
#4154=ORIENTED_EDGE('',*,*,#3295,.T.);
#4155=ORIENTED_EDGE('',*,*,#3296,.T.);
#4156=ORIENTED_EDGE('',*,*,#3297,.T.);
#4157=ORIENTED_EDGE('',*,*,#3255,.T.);
#4158=ORIENTED_EDGE('',*,*,#3286,.F.);
#4159=ORIENTED_EDGE('',*,*,#3298,.T.);
#4160=ORIENTED_EDGE('',*,*,#3295,.F.);
#4161=ORIENTED_EDGE('',*,*,#3299,.T.);
#4162=ORIENTED_EDGE('',*,*,#3300,.T.);
#4163=ORIENTED_EDGE('',*,*,#3301,.T.);
#4164=ORIENTED_EDGE('',*,*,#3302,.T.);
#4165=ORIENTED_EDGE('',*,*,#3303,.F.);
#4166=ORIENTED_EDGE('',*,*,#3304,.T.);
#4167=ORIENTED_EDGE('',*,*,#3303,.T.);
#4168=ORIENTED_EDGE('',*,*,#3305,.T.);
#4169=ORIENTED_EDGE('',*,*,#3306,.T.);
#4170=ORIENTED_EDGE('',*,*,#3307,.T.);
#4171=ORIENTED_EDGE('',*,*,#3308,.T.);
#4172=ORIENTED_EDGE('',*,*,#3309,.T.);
#4173=ORIENTED_EDGE('',*,*,#3310,.T.);
#4174=ORIENTED_EDGE('',*,*,#3311,.T.);
#4175=ORIENTED_EDGE('',*,*,#3312,.F.);
#4176=ORIENTED_EDGE('',*,*,#3313,.T.);
#4177=ORIENTED_EDGE('',*,*,#3312,.T.);
#4178=ORIENTED_EDGE('',*,*,#3314,.T.);
#4179=ORIENTED_EDGE('',*,*,#3315,.T.);
#4180=ORIENTED_EDGE('',*,*,#3316,.T.);
#4181=ORIENTED_EDGE('',*,*,#3317,.T.);
#4182=ORIENTED_EDGE('',*,*,#3318,.T.);
#4183=ORIENTED_EDGE('',*,*,#3319,.T.);
#4184=ORIENTED_EDGE('',*,*,#3320,.T.);
#4185=ORIENTED_EDGE('',*,*,#3321,.F.);
#4186=ORIENTED_EDGE('',*,*,#3322,.T.);
#4187=ORIENTED_EDGE('',*,*,#3321,.T.);
#4188=ORIENTED_EDGE('',*,*,#3323,.T.);
#4189=ORIENTED_EDGE('',*,*,#3324,.T.);
#4190=ORIENTED_EDGE('',*,*,#3325,.T.);
#4191=ORIENTED_EDGE('',*,*,#3326,.T.);
#4192=ORIENTED_EDGE('',*,*,#3327,.T.);
#4193=ORIENTED_EDGE('',*,*,#3328,.T.);
#4194=ORIENTED_EDGE('',*,*,#3329,.T.);
#4195=ORIENTED_EDGE('',*,*,#3330,.F.);
#4196=ORIENTED_EDGE('',*,*,#3331,.T.);
#4197=ORIENTED_EDGE('',*,*,#3330,.T.);
#4198=ORIENTED_EDGE('',*,*,#3332,.T.);
#4199=ORIENTED_EDGE('',*,*,#3333,.T.);
#4200=ORIENTED_EDGE('',*,*,#3334,.T.);
#4201=ORIENTED_EDGE('',*,*,#3335,.T.);
#4202=ORIENTED_EDGE('',*,*,#3336,.T.);
#4203=ORIENTED_EDGE('',*,*,#3337,.T.);
#4204=ORIENTED_EDGE('',*,*,#3338,.F.);
#4205=ORIENTED_EDGE('',*,*,#3339,.T.);
#4206=ORIENTED_EDGE('',*,*,#3338,.T.);
#4207=ORIENTED_EDGE('',*,*,#3340,.T.);
#4208=ORIENTED_EDGE('',*,*,#3341,.T.);
#4209=ORIENTED_EDGE('',*,*,#3342,.T.);
#4210=ORIENTED_EDGE('',*,*,#3343,.T.);
#4211=ORIENTED_EDGE('',*,*,#3344,.T.);
#4212=ORIENTED_EDGE('',*,*,#3345,.F.);
#4213=ORIENTED_EDGE('',*,*,#3346,.T.);
#4214=ORIENTED_EDGE('',*,*,#3347,.T.);
#4215=ORIENTED_EDGE('',*,*,#3348,.T.);
#4216=ORIENTED_EDGE('',*,*,#3349,.F.);
#4217=ORIENTED_EDGE('',*,*,#3350,.T.);
#4218=ORIENTED_EDGE('',*,*,#3349,.T.);
#4219=ORIENTED_EDGE('',*,*,#3351,.T.);
#4220=ORIENTED_EDGE('',*,*,#3352,.T.);
#4221=ORIENTED_EDGE('',*,*,#3353,.T.);
#4222=ORIENTED_EDGE('',*,*,#3354,.T.);
#4223=ORIENTED_EDGE('',*,*,#3355,.T.);
#4224=ORIENTED_EDGE('',*,*,#3356,.F.);
#4225=ORIENTED_EDGE('',*,*,#3357,.T.);
#4226=ORIENTED_EDGE('',*,*,#3356,.T.);
#4227=ORIENTED_EDGE('',*,*,#3358,.T.);
#4228=ORIENTED_EDGE('',*,*,#3359,.T.);
#4229=ORIENTED_EDGE('',*,*,#3360,.T.);
#4230=ORIENTED_EDGE('',*,*,#3361,.T.);
#4231=ORIENTED_EDGE('',*,*,#3362,.T.);
#4232=ORIENTED_EDGE('',*,*,#3363,.T.);
#4233=ORIENTED_EDGE('',*,*,#3364,.F.);
#4234=ORIENTED_EDGE('',*,*,#3365,.T.);
#4235=ORIENTED_EDGE('',*,*,#3364,.T.);
#4236=ORIENTED_EDGE('',*,*,#3366,.T.);
#4237=ORIENTED_EDGE('',*,*,#3367,.T.);
#4238=ORIENTED_EDGE('',*,*,#3368,.T.);
#4239=ORIENTED_EDGE('',*,*,#3369,.T.);
#4240=ORIENTED_EDGE('',*,*,#3370,.T.);
#4241=ORIENTED_EDGE('',*,*,#3371,.T.);
#4242=ORIENTED_EDGE('',*,*,#3372,.T.);
#4243=ORIENTED_EDGE('',*,*,#3373,.F.);
#4244=ORIENTED_EDGE('',*,*,#3374,.T.);
#4245=ORIENTED_EDGE('',*,*,#3373,.T.);
#4246=ORIENTED_EDGE('',*,*,#3375,.T.);
#4247=ORIENTED_EDGE('',*,*,#3376,.T.);
#4248=ORIENTED_EDGE('',*,*,#3377,.T.);
#4249=ORIENTED_EDGE('',*,*,#3378,.T.);
#4250=ORIENTED_EDGE('',*,*,#3379,.T.);
#4251=ORIENTED_EDGE('',*,*,#3380,.T.);
#4252=ORIENTED_EDGE('',*,*,#3381,.T.);
#4253=ORIENTED_EDGE('',*,*,#3382,.F.);
#4254=ORIENTED_EDGE('',*,*,#3383,.T.);
#4255=ORIENTED_EDGE('',*,*,#3382,.T.);
#4256=ORIENTED_EDGE('',*,*,#3384,.T.);
#4257=ORIENTED_EDGE('',*,*,#3385,.T.);
#4258=ORIENTED_EDGE('',*,*,#3282,.F.);
#4259=ORIENTED_EDGE('',*,*,#3386,.T.);
#4260=ORIENTED_EDGE('',*,*,#3387,.F.);
#4261=ORIENTED_EDGE('',*,*,#3388,.T.);
#4262=ORIENTED_EDGE('',*,*,#3389,.T.);
#4263=ORIENTED_EDGE('',*,*,#3390,.T.);
#4264=ORIENTED_EDGE('',*,*,#3391,.T.);
#4265=ORIENTED_EDGE('',*,*,#3392,.T.);
#4266=ORIENTED_EDGE('',*,*,#3393,.F.);
#4267=ORIENTED_EDGE('',*,*,#3394,.T.);
#4268=ORIENTED_EDGE('',*,*,#3393,.T.);
#4269=ORIENTED_EDGE('',*,*,#3395,.T.);
#4270=ORIENTED_EDGE('',*,*,#3396,.T.);
#4271=ORIENTED_EDGE('',*,*,#3397,.T.);
#4272=ORIENTED_EDGE('',*,*,#3398,.T.);
#4273=ORIENTED_EDGE('',*,*,#3399,.T.);
#4274=ORIENTED_EDGE('',*,*,#3400,.F.);
#4275=ORIENTED_EDGE('',*,*,#3401,.T.);
#4276=ORIENTED_EDGE('',*,*,#3400,.T.);
#4277=ORIENTED_EDGE('',*,*,#3402,.T.);
#4278=ORIENTED_EDGE('',*,*,#3403,.T.);
#4279=ORIENTED_EDGE('',*,*,#3287,.F.);
#4280=ORIENTED_EDGE('',*,*,#3404,.F.);
#4281=ORIENTED_EDGE('',*,*,#3405,.F.);
#4282=ORIENTED_EDGE('',*,*,#3406,.T.);
#4283=ORIENTED_EDGE('',*,*,#3292,.F.);
#4284=ORIENTED_EDGE('',*,*,#3407,.T.);
#4285=ORIENTED_EDGE('',*,*,#3408,.F.);
#4286=ORIENTED_EDGE('',*,*,#3409,.T.);
#4287=ORIENTED_EDGE('',*,*,#3298,.F.);
#4288=ORIENTED_EDGE('',*,*,#3285,.F.);
#4289=ORIENTED_EDGE('',*,*,#3410,.F.);
#4290=ORIENTED_EDGE('',*,*,#3411,.F.);
#4291=ORIENTED_EDGE('',*,*,#3296,.F.);
#4292=ORIENTED_EDGE('',*,*,#3411,.T.);
#4293=ORIENTED_EDGE('',*,*,#3412,.F.);
#4294=ORIENTED_EDGE('',*,*,#3413,.T.);
#4295=ORIENTED_EDGE('',*,*,#3299,.F.);
#4296=ORIENTED_EDGE('',*,*,#3414,.F.);
#4297=ORIENTED_EDGE('',*,*,#3415,.F.);
#4298=ORIENTED_EDGE('',*,*,#3416,.T.);
#4299=ORIENTED_EDGE('',*,*,#3417,.T.);
#4300=ORIENTED_EDGE('',*,*,#3306,.F.);
#4301=ORIENTED_EDGE('',*,*,#3418,.T.);
#4302=ORIENTED_EDGE('',*,*,#3419,.F.);
#4303=ORIENTED_EDGE('',*,*,#3420,.T.);
#4304=ORIENTED_EDGE('',*,*,#3421,.T.);
#4305=ORIENTED_EDGE('',*,*,#3301,.F.);
#4306=ORIENTED_EDGE('',*,*,#3422,.F.);
#4307=ORIENTED_EDGE('',*,*,#3423,.F.);
#4308=ORIENTED_EDGE('',*,*,#3424,.T.);
#4309=ORIENTED_EDGE('',*,*,#3425,.F.);
#4310=ORIENTED_EDGE('',*,*,#3308,.F.);
#4311=ORIENTED_EDGE('',*,*,#3426,.F.);
#4312=ORIENTED_EDGE('',*,*,#3427,.F.);
#4313=ORIENTED_EDGE('',*,*,#3428,.T.);
#4314=ORIENTED_EDGE('',*,*,#3429,.T.);
#4315=ORIENTED_EDGE('',*,*,#3315,.F.);
#4316=ORIENTED_EDGE('',*,*,#3430,.T.);
#4317=ORIENTED_EDGE('',*,*,#3431,.F.);
#4318=ORIENTED_EDGE('',*,*,#3432,.T.);
#4319=ORIENTED_EDGE('',*,*,#3433,.T.);
#4320=ORIENTED_EDGE('',*,*,#3310,.F.);
#4321=ORIENTED_EDGE('',*,*,#3434,.F.);
#4322=ORIENTED_EDGE('',*,*,#3435,.F.);
#4323=ORIENTED_EDGE('',*,*,#3436,.T.);
#4324=ORIENTED_EDGE('',*,*,#3437,.F.);
#4325=ORIENTED_EDGE('',*,*,#3319,.F.);
#4326=ORIENTED_EDGE('',*,*,#3438,.F.);
#4327=ORIENTED_EDGE('',*,*,#3439,.F.);
#4328=ORIENTED_EDGE('',*,*,#3440,.T.);
#4329=ORIENTED_EDGE('',*,*,#3441,.F.);
#4330=ORIENTED_EDGE('',*,*,#3320,.F.);
#4331=ORIENTED_EDGE('',*,*,#3441,.T.);
#4332=ORIENTED_EDGE('',*,*,#3442,.F.);
#4333=ORIENTED_EDGE('',*,*,#3443,.F.);
#4334=ORIENTED_EDGE('',*,*,#3323,.F.);
#4335=ORIENTED_EDGE('',*,*,#3326,.F.);
#4336=ORIENTED_EDGE('',*,*,#3444,.F.);
#4337=ORIENTED_EDGE('',*,*,#3445,.F.);
#4338=ORIENTED_EDGE('',*,*,#3446,.T.);
#4339=ORIENTED_EDGE('',*,*,#3447,.T.);
#4340=ORIENTED_EDGE('',*,*,#3333,.F.);
#4341=ORIENTED_EDGE('',*,*,#3448,.T.);
#4342=ORIENTED_EDGE('',*,*,#3449,.F.);
#4343=ORIENTED_EDGE('',*,*,#3450,.T.);
#4344=ORIENTED_EDGE('',*,*,#3451,.T.);
#4345=ORIENTED_EDGE('',*,*,#3328,.F.);
#4346=ORIENTED_EDGE('',*,*,#3452,.F.);
#4347=ORIENTED_EDGE('',*,*,#3420,.F.);
#4348=ORIENTED_EDGE('',*,*,#3453,.T.);
#4349=ORIENTED_EDGE('',*,*,#3454,.F.);
#4350=ORIENTED_EDGE('',*,*,#3335,.F.);
#4351=ORIENTED_EDGE('',*,*,#3455,.F.);
#4352=ORIENTED_EDGE('',*,*,#3456,.F.);
#4353=ORIENTED_EDGE('',*,*,#3457,.T.);
#4354=ORIENTED_EDGE('',*,*,#3340,.F.);
#4355=ORIENTED_EDGE('',*,*,#3458,.T.);
#4356=ORIENTED_EDGE('',*,*,#3459,.F.);
#4357=ORIENTED_EDGE('',*,*,#3460,.T.);
#4358=ORIENTED_EDGE('',*,*,#3344,.F.);
#4359=ORIENTED_EDGE('',*,*,#3461,.T.);
#4360=ORIENTED_EDGE('',*,*,#3462,.F.);
#4361=ORIENTED_EDGE('',*,*,#3463,.F.);
#4362=ORIENTED_EDGE('',*,*,#3351,.F.);
#4363=ORIENTED_EDGE('',*,*,#3464,.T.);
#4364=ORIENTED_EDGE('',*,*,#3465,.F.);
#4365=ORIENTED_EDGE('',*,*,#3466,.T.);
#4366=ORIENTED_EDGE('',*,*,#3346,.F.);
#4367=ORIENTED_EDGE('',*,*,#3467,.F.);
#4368=ORIENTED_EDGE('',*,*,#3468,.F.);
#4369=ORIENTED_EDGE('',*,*,#3469,.T.);
#4370=ORIENTED_EDGE('',*,*,#3353,.F.);
#4371=ORIENTED_EDGE('',*,*,#3470,.F.);
#4372=ORIENTED_EDGE('',*,*,#3471,.F.);
#4373=ORIENTED_EDGE('',*,*,#3472,.T.);
#4374=ORIENTED_EDGE('',*,*,#3358,.F.);
#4375=ORIENTED_EDGE('',*,*,#3473,.T.);
#4376=ORIENTED_EDGE('',*,*,#3474,.F.);
#4377=ORIENTED_EDGE('',*,*,#3475,.T.);
#4378=ORIENTED_EDGE('',*,*,#3360,.F.);
#4379=ORIENTED_EDGE('',*,*,#3476,.F.);
#4380=ORIENTED_EDGE('',*,*,#3477,.F.);
#4381=ORIENTED_EDGE('',*,*,#3478,.T.);
#4382=ORIENTED_EDGE('',*,*,#3479,.T.);
#4383=ORIENTED_EDGE('',*,*,#3367,.F.);
#4384=ORIENTED_EDGE('',*,*,#3480,.T.);
#4385=ORIENTED_EDGE('',*,*,#3481,.F.);
#4386=ORIENTED_EDGE('',*,*,#3439,.T.);
#4387=ORIENTED_EDGE('',*,*,#3482,.T.);
#4388=ORIENTED_EDGE('',*,*,#3362,.F.);
#4389=ORIENTED_EDGE('',*,*,#3483,.F.);
#4390=ORIENTED_EDGE('',*,*,#3484,.F.);
#4391=ORIENTED_EDGE('',*,*,#3485,.T.);
#4392=ORIENTED_EDGE('',*,*,#3486,.F.);
#4393=ORIENTED_EDGE('',*,*,#3369,.F.);
#4394=ORIENTED_EDGE('',*,*,#3487,.F.);
#4395=ORIENTED_EDGE('',*,*,#3488,.F.);
#4396=ORIENTED_EDGE('',*,*,#3489,.T.);
#4397=ORIENTED_EDGE('',*,*,#3490,.T.);
#4398=ORIENTED_EDGE('',*,*,#3376,.F.);
#4399=ORIENTED_EDGE('',*,*,#3491,.T.);
#4400=ORIENTED_EDGE('',*,*,#3492,.F.);
#4401=ORIENTED_EDGE('',*,*,#3435,.T.);
#4402=ORIENTED_EDGE('',*,*,#3493,.T.);
#4403=ORIENTED_EDGE('',*,*,#3371,.F.);
#4404=ORIENTED_EDGE('',*,*,#3494,.F.);
#4405=ORIENTED_EDGE('',*,*,#3450,.F.);
#4406=ORIENTED_EDGE('',*,*,#3495,.T.);
#4407=ORIENTED_EDGE('',*,*,#3496,.F.);
#4408=ORIENTED_EDGE('',*,*,#3380,.F.);
#4409=ORIENTED_EDGE('',*,*,#3497,.F.);
#4410=ORIENTED_EDGE('',*,*,#3432,.F.);
#4411=ORIENTED_EDGE('',*,*,#3498,.T.);
#4412=ORIENTED_EDGE('',*,*,#3499,.F.);
#4413=ORIENTED_EDGE('',*,*,#3381,.F.);
#4414=ORIENTED_EDGE('',*,*,#3499,.T.);
#4415=ORIENTED_EDGE('',*,*,#3500,.F.);
#4416=ORIENTED_EDGE('',*,*,#3501,.F.);
#4417=ORIENTED_EDGE('',*,*,#3384,.F.);
#4418=ORIENTED_EDGE('',*,*,#3386,.F.);
#4419=ORIENTED_EDGE('',*,*,#3502,.T.);
#4420=ORIENTED_EDGE('',*,*,#3503,.F.);
#4421=ORIENTED_EDGE('',*,*,#3504,.F.);
#4422=ORIENTED_EDGE('',*,*,#3361,.F.);
#4423=ORIENTED_EDGE('',*,*,#3505,.F.);
#4424=ORIENTED_EDGE('',*,*,#3389,.F.);
#4425=ORIENTED_EDGE('',*,*,#3506,.F.);
#4426=ORIENTED_EDGE('',*,*,#3483,.T.);
#4427=ORIENTED_EDGE('',*,*,#3309,.F.);
#4428=ORIENTED_EDGE('',*,*,#3507,.F.);
#4429=ORIENTED_EDGE('',*,*,#3377,.F.);
#4430=ORIENTED_EDGE('',*,*,#3493,.F.);
#4431=ORIENTED_EDGE('',*,*,#3434,.T.);
#4432=ORIENTED_EDGE('',*,*,#3318,.F.);
#4433=ORIENTED_EDGE('',*,*,#3508,.F.);
#4434=ORIENTED_EDGE('',*,*,#3368,.F.);
#4435=ORIENTED_EDGE('',*,*,#3482,.F.);
#4436=ORIENTED_EDGE('',*,*,#3438,.T.);
#4437=ORIENTED_EDGE('',*,*,#3334,.F.);
#4438=ORIENTED_EDGE('',*,*,#3451,.F.);
#4439=ORIENTED_EDGE('',*,*,#3494,.T.);
#4440=ORIENTED_EDGE('',*,*,#3370,.F.);
#4441=ORIENTED_EDGE('',*,*,#3509,.F.);
#4442=ORIENTED_EDGE('',*,*,#3300,.F.);
#4443=ORIENTED_EDGE('',*,*,#3510,.F.);
#4444=ORIENTED_EDGE('',*,*,#3325,.F.);
#4445=ORIENTED_EDGE('',*,*,#3511,.F.);
#4446=ORIENTED_EDGE('',*,*,#3422,.T.);
#4447=ORIENTED_EDGE('',*,*,#3316,.F.);
#4448=ORIENTED_EDGE('',*,*,#3433,.F.);
#4449=ORIENTED_EDGE('',*,*,#3497,.T.);
#4450=ORIENTED_EDGE('',*,*,#3379,.F.);
#4451=ORIENTED_EDGE('',*,*,#3512,.F.);
#4452=ORIENTED_EDGE('',*,*,#3307,.F.);
#4453=ORIENTED_EDGE('',*,*,#3421,.F.);
#4454=ORIENTED_EDGE('',*,*,#3452,.T.);
#4455=ORIENTED_EDGE('',*,*,#3327,.F.);
#4456=ORIENTED_EDGE('',*,*,#3513,.F.);
#4457=ORIENTED_EDGE('',*,*,#3395,.F.);
#4458=ORIENTED_EDGE('',*,*,#3514,.T.);
#4459=ORIENTED_EDGE('',*,*,#3515,.F.);
#4460=ORIENTED_EDGE('',*,*,#3516,.T.);
#4461=ORIENTED_EDGE('',*,*,#3390,.F.);
#4462=ORIENTED_EDGE('',*,*,#3517,.F.);
#4463=ORIENTED_EDGE('',*,*,#3518,.F.);
#4464=ORIENTED_EDGE('',*,*,#3519,.T.);
#4465=ORIENTED_EDGE('',*,*,#3402,.F.);
#4466=ORIENTED_EDGE('',*,*,#3520,.T.);
#4467=ORIENTED_EDGE('',*,*,#3521,.F.);
#4468=ORIENTED_EDGE('',*,*,#3522,.T.);
#4469=ORIENTED_EDGE('',*,*,#3397,.F.);
#4470=ORIENTED_EDGE('',*,*,#3523,.F.);
#4471=ORIENTED_EDGE('',*,*,#3524,.F.);
#4472=ORIENTED_EDGE('',*,*,#3525,.T.);
#4473=ORIENTED_EDGE('',*,*,#3336,.F.);
#4474=ORIENTED_EDGE('',*,*,#3526,.T.);
#4475=ORIENTED_EDGE('',*,*,#3396,.F.);
#4476=ORIENTED_EDGE('',*,*,#3527,.F.);
#4477=ORIENTED_EDGE('',*,*,#3391,.F.);
#4478=ORIENTED_EDGE('',*,*,#3528,.T.);
#4479=ORIENTED_EDGE('',*,*,#3403,.F.);
#4480=ORIENTED_EDGE('',*,*,#3529,.F.);
#4481=ORIENTED_EDGE('',*,*,#3347,.F.);
#4482=ORIENTED_EDGE('',*,*,#3530,.T.);
#4483=ORIENTED_EDGE('',*,*,#3359,.F.);
#4484=ORIENTED_EDGE('',*,*,#3531,.F.);
#4485=ORIENTED_EDGE('',*,*,#3343,.F.);
#4486=ORIENTED_EDGE('',*,*,#3532,.T.);
#4487=ORIENTED_EDGE('',*,*,#3352,.F.);
#4488=ORIENTED_EDGE('',*,*,#3533,.F.);
#4489=ORIENTED_EDGE('',*,*,#3288,.F.);
#4490=ORIENTED_EDGE('',*,*,#3534,.T.);
#4491=ORIENTED_EDGE('',*,*,#3341,.F.);
#4492=ORIENTED_EDGE('',*,*,#3535,.F.);
#4493=ORIENTED_EDGE('',*,*,#3297,.F.);
#4494=ORIENTED_EDGE('',*,*,#3536,.F.);
#4495=ORIENTED_EDGE('',*,*,#3398,.F.);
#4496=ORIENTED_EDGE('',*,*,#3537,.T.);
#4497=ORIENTED_EDGE('',*,*,#3538,.F.);
#4498=ORIENTED_EDGE('',*,*,#3539,.T.);
#4499=ORIENTED_EDGE('',*,*,#3540,.F.);
#4500=ORIENTED_EDGE('',*,*,#3541,.T.);
#4501=ORIENTED_EDGE('',*,*,#3542,.T.);
#4502=ORIENTED_EDGE('',*,*,#3543,.T.);
#4503=ORIENTED_EDGE('',*,*,#3471,.T.);
#4504=ORIENTED_EDGE('',*,*,#3538,.T.);
#4505=ORIENTED_EDGE('',*,*,#3544,.T.);
#4506=ORIENTED_EDGE('',*,*,#3545,.T.);
#4507=ORIENTED_EDGE('',*,*,#3546,.T.);
#4508=ORIENTED_EDGE('',*,*,#3547,.F.);
#4509=ORIENTED_EDGE('',*,*,#3257,.T.);
#4510=ORIENTED_EDGE('',*,*,#3548,.T.);
#4511=ORIENTED_EDGE('',*,*,#3549,.T.);
#4512=ORIENTED_EDGE('',*,*,#3280,.F.);
#4513=ORIENTED_EDGE('',*,*,#3548,.F.);
#4514=ORIENTED_EDGE('',*,*,#3550,.T.);
#4515=ORIENTED_EDGE('',*,*,#3551,.F.);
#4516=ORIENTED_EDGE('',*,*,#3552,.T.);
#4517=ORIENTED_EDGE('',*,*,#3553,.T.);
#4518=ORIENTED_EDGE('',*,*,#3554,.T.);
#4519=ORIENTED_EDGE('',*,*,#3555,.T.);
#4520=ORIENTED_EDGE('',*,*,#3556,.T.);
#4521=ORIENTED_EDGE('',*,*,#3431,.T.);
#4522=ORIENTED_EDGE('',*,*,#3557,.F.);
#4523=ORIENTED_EDGE('',*,*,#3521,.T.);
#4524=ORIENTED_EDGE('',*,*,#3557,.T.);
#4525=ORIENTED_EDGE('',*,*,#3558,.T.);
#4526=ORIENTED_EDGE('',*,*,#3559,.T.);
#4527=ORIENTED_EDGE('',*,*,#3560,.T.);
#4528=ORIENTED_EDGE('',*,*,#3561,.T.);
#4529=ORIENTED_EDGE('',*,*,#3492,.T.);
#4530=ORIENTED_EDGE('',*,*,#3562,.F.);
#4531=ORIENTED_EDGE('',*,*,#3515,.T.);
#4532=ORIENTED_EDGE('',*,*,#3562,.T.);
#4533=ORIENTED_EDGE('',*,*,#3563,.T.);
#4534=ORIENTED_EDGE('',*,*,#3564,.T.);
#4535=ORIENTED_EDGE('',*,*,#3565,.T.);
#4536=ORIENTED_EDGE('',*,*,#3566,.T.);
#4537=ORIENTED_EDGE('',*,*,#3567,.T.);
#4538=ORIENTED_EDGE('',*,*,#3568,.F.);
#4539=ORIENTED_EDGE('',*,*,#3474,.T.);
#4540=ORIENTED_EDGE('',*,*,#3568,.T.);
#4541=ORIENTED_EDGE('',*,*,#3442,.T.);
#4542=ORIENTED_EDGE('',*,*,#3569,.T.);
#4543=ORIENTED_EDGE('',*,*,#3462,.T.);
#4544=ORIENTED_EDGE('',*,*,#3570,.T.);
#4545=ORIENTED_EDGE('',*,*,#3571,.T.);
#4546=ORIENTED_EDGE('',*,*,#3572,.F.);
#4547=ORIENTED_EDGE('',*,*,#3573,.F.);
#4548=ORIENTED_EDGE('',*,*,#3574,.T.);
#4549=ORIENTED_EDGE('',*,*,#3575,.F.);
#4550=ORIENTED_EDGE('',*,*,#3576,.T.);
#4551=ORIENTED_EDGE('',*,*,#3415,.T.);
#4552=ORIENTED_EDGE('',*,*,#3577,.T.);
#4553=ORIENTED_EDGE('',*,*,#3405,.T.);
#4554=ORIENTED_EDGE('',*,*,#3573,.T.);
#4555=ORIENTED_EDGE('',*,*,#3578,.T.);
#4556=ORIENTED_EDGE('',*,*,#3579,.T.);
#4557=ORIENTED_EDGE('',*,*,#3580,.T.);
#4558=ORIENTED_EDGE('',*,*,#3581,.F.);
#4559=ORIENTED_EDGE('',*,*,#3582,.F.);
#4560=ORIENTED_EDGE('',*,*,#3583,.T.);
#4561=ORIENTED_EDGE('',*,*,#3584,.F.);
#4562=ORIENTED_EDGE('',*,*,#3585,.T.);
#4563=ORIENTED_EDGE('',*,*,#3445,.T.);
#4564=ORIENTED_EDGE('',*,*,#3586,.T.);
#4565=ORIENTED_EDGE('',*,*,#3456,.T.);
#4566=ORIENTED_EDGE('',*,*,#3582,.T.);
#4567=ORIENTED_EDGE('',*,*,#3587,.T.);
#4568=ORIENTED_EDGE('',*,*,#3588,.T.);
#4569=ORIENTED_EDGE('',*,*,#3589,.T.);
#4570=ORIENTED_EDGE('',*,*,#3590,.F.);
#4571=ORIENTED_EDGE('',*,*,#3591,.F.);
#4572=ORIENTED_EDGE('',*,*,#3592,.T.);
#4573=ORIENTED_EDGE('',*,*,#3593,.F.);
#4574=ORIENTED_EDGE('',*,*,#3594,.T.);
#4575=ORIENTED_EDGE('',*,*,#3488,.T.);
#4576=ORIENTED_EDGE('',*,*,#3595,.T.);
#4577=ORIENTED_EDGE('',*,*,#3518,.T.);
#4578=ORIENTED_EDGE('',*,*,#3591,.T.);
#4579=ORIENTED_EDGE('',*,*,#3596,.T.);
#4580=ORIENTED_EDGE('',*,*,#3597,.T.);
#4581=ORIENTED_EDGE('',*,*,#3598,.T.);
#4582=ORIENTED_EDGE('',*,*,#3599,.F.);
#4583=ORIENTED_EDGE('',*,*,#3600,.T.);
#4584=ORIENTED_EDGE('',*,*,#3601,.F.);
#4585=ORIENTED_EDGE('',*,*,#3503,.T.);
#4586=ORIENTED_EDGE('',*,*,#3602,.T.);
#4587=ORIENTED_EDGE('',*,*,#3603,.T.);
#4588=ORIENTED_EDGE('',*,*,#3604,.F.);
#4589=ORIENTED_EDGE('',*,*,#3410,.T.);
#4590=ORIENTED_EDGE('',*,*,#3284,.F.);
#4591=ORIENTED_EDGE('',*,*,#3605,.T.);
#4592=ORIENTED_EDGE('',*,*,#3606,.F.);
#4593=ORIENTED_EDGE('',*,*,#3412,.T.);
#4594=ORIENTED_EDGE('',*,*,#3606,.T.);
#4595=ORIENTED_EDGE('',*,*,#3500,.T.);
#4596=ORIENTED_EDGE('',*,*,#3607,.T.);
#4597=ORIENTED_EDGE('',*,*,#3608,.T.);
#4598=ORIENTED_EDGE('',*,*,#3609,.T.);
#4599=ORIENTED_EDGE('',*,*,#3481,.T.);
#4600=ORIENTED_EDGE('',*,*,#3610,.F.);
#4601=ORIENTED_EDGE('',*,*,#3465,.T.);
#4602=ORIENTED_EDGE('',*,*,#3610,.T.);
#4603=ORIENTED_EDGE('',*,*,#3611,.T.);
#4604=ORIENTED_EDGE('',*,*,#3612,.T.);
#4605=ORIENTED_EDGE('',*,*,#3613,.T.);
#4606=ORIENTED_EDGE('',*,*,#3614,.T.);
#4607=ORIENTED_EDGE('',*,*,#3449,.T.);
#4608=ORIENTED_EDGE('',*,*,#3615,.F.);
#4609=ORIENTED_EDGE('',*,*,#3459,.T.);
#4610=ORIENTED_EDGE('',*,*,#3615,.T.);
#4611=ORIENTED_EDGE('',*,*,#3616,.T.);
#4612=ORIENTED_EDGE('',*,*,#3617,.T.);
#4613=ORIENTED_EDGE('',*,*,#3618,.T.);
#4614=ORIENTED_EDGE('',*,*,#3619,.T.);
#4615=ORIENTED_EDGE('',*,*,#3419,.T.);
#4616=ORIENTED_EDGE('',*,*,#3620,.F.);
#4617=ORIENTED_EDGE('',*,*,#3408,.T.);
#4618=ORIENTED_EDGE('',*,*,#3620,.T.);
#4619=ORIENTED_EDGE('',*,*,#3621,.T.);
#4620=ORIENTED_EDGE('',*,*,#3622,.T.);
#4621=ORIENTED_EDGE('',*,*,#3623,.F.);
#4622=ORIENTED_EDGE('',*,*,#3624,.T.);
#4623=ORIENTED_EDGE('',*,*,#3625,.F.);
#4624=ORIENTED_EDGE('',*,*,#3626,.T.);
#4625=ORIENTED_EDGE('',*,*,#3427,.T.);
#4626=ORIENTED_EDGE('',*,*,#3627,.T.);
#4627=ORIENTED_EDGE('',*,*,#3524,.T.);
#4628=ORIENTED_EDGE('',*,*,#3623,.T.);
#4629=ORIENTED_EDGE('',*,*,#3628,.T.);
#4630=ORIENTED_EDGE('',*,*,#3629,.T.);
#4631=ORIENTED_EDGE('',*,*,#3630,.T.);
#4632=ORIENTED_EDGE('',*,*,#3631,.F.);
#4633=ORIENTED_EDGE('',*,*,#3632,.F.);
#4634=ORIENTED_EDGE('',*,*,#3633,.T.);
#4635=ORIENTED_EDGE('',*,*,#3634,.F.);
#4636=ORIENTED_EDGE('',*,*,#3635,.T.);
#4637=ORIENTED_EDGE('',*,*,#3477,.T.);
#4638=ORIENTED_EDGE('',*,*,#3636,.T.);
#4639=ORIENTED_EDGE('',*,*,#3468,.T.);
#4640=ORIENTED_EDGE('',*,*,#3632,.T.);
#4641=ORIENTED_EDGE('',*,*,#3637,.T.);
#4642=ORIENTED_EDGE('',*,*,#3638,.T.);
#4643=ORIENTED_EDGE('',*,*,#3639,.T.);
#4644=ORIENTED_EDGE('',*,*,#3640,.F.);
#4645=ORIENTED_EDGE('',*,*,#3357,.F.);
#4646=ORIENTED_EDGE('',*,*,#3641,.T.);
#4647=ORIENTED_EDGE('',*,*,#3539,.F.);
#4648=ORIENTED_EDGE('',*,*,#3470,.T.);
#4649=ORIENTED_EDGE('',*,*,#3545,.F.);
#4650=ORIENTED_EDGE('',*,*,#3642,.F.);
#4651=ORIENTED_EDGE('',*,*,#3510,.T.);
#4652=ORIENTED_EDGE('',*,*,#3417,.F.);
#4653=ORIENTED_EDGE('',*,*,#3643,.F.);
#4654=ORIENTED_EDGE('',*,*,#3317,.F.);
#4655=ORIENTED_EDGE('',*,*,#3644,.F.);
#4656=ORIENTED_EDGE('',*,*,#3542,.F.);
#4657=ORIENTED_EDGE('',*,*,#3645,.T.);
#4658=ORIENTED_EDGE('',*,*,#3646,.T.);
#4659=ORIENTED_EDGE('',*,*,#3294,.F.);
#4660=ORIENTED_EDGE('',*,*,#3647,.T.);
#4661=ORIENTED_EDGE('',*,*,#3550,.F.);
#4662=ORIENTED_EDGE('',*,*,#3256,.T.);
#4663=ORIENTED_EDGE('',*,*,#3399,.F.);
#4664=ORIENTED_EDGE('',*,*,#3648,.T.);
#4665=ORIENTED_EDGE('',*,*,#3555,.F.);
#4666=ORIENTED_EDGE('',*,*,#3520,.F.);
#4667=ORIENTED_EDGE('',*,*,#3392,.F.);
#4668=ORIENTED_EDGE('',*,*,#3649,.T.);
#4669=ORIENTED_EDGE('',*,*,#3560,.F.);
#4670=ORIENTED_EDGE('',*,*,#3514,.F.);
#4671=ORIENTED_EDGE('',*,*,#3355,.F.);
#4672=ORIENTED_EDGE('',*,*,#3650,.T.);
#4673=ORIENTED_EDGE('',*,*,#3565,.F.);
#4674=ORIENTED_EDGE('',*,*,#3473,.F.);
#4675=ORIENTED_EDGE('',*,*,#3324,.F.);
#4676=ORIENTED_EDGE('',*,*,#3443,.T.);
#4677=ORIENTED_EDGE('',*,*,#3567,.F.);
#4678=ORIENTED_EDGE('',*,*,#3423,.T.);
#4679=ORIENTED_EDGE('',*,*,#3511,.T.);
#4680=ORIENTED_EDGE('',*,*,#3291,.F.);
#4681=ORIENTED_EDGE('',*,*,#3651,.T.);
#4682=ORIENTED_EDGE('',*,*,#3574,.F.);
#4683=ORIENTED_EDGE('',*,*,#3404,.T.);
#4684=ORIENTED_EDGE('',*,*,#3579,.F.);
#4685=ORIENTED_EDGE('',*,*,#3652,.F.);
#4686=ORIENTED_EDGE('',*,*,#3513,.T.);
#4687=ORIENTED_EDGE('',*,*,#3447,.F.);
#4688=ORIENTED_EDGE('',*,*,#3653,.F.);
#4689=ORIENTED_EDGE('',*,*,#3339,.F.);
#4690=ORIENTED_EDGE('',*,*,#3654,.T.);
#4691=ORIENTED_EDGE('',*,*,#3583,.F.);
#4692=ORIENTED_EDGE('',*,*,#3455,.T.);
#4693=ORIENTED_EDGE('',*,*,#3588,.F.);
#4694=ORIENTED_EDGE('',*,*,#3655,.F.);
#4695=ORIENTED_EDGE('',*,*,#3509,.T.);
#4696=ORIENTED_EDGE('',*,*,#3490,.F.);
#4697=ORIENTED_EDGE('',*,*,#3656,.F.);
#4698=ORIENTED_EDGE('',*,*,#3394,.F.);
#4699=ORIENTED_EDGE('',*,*,#3657,.T.);
#4700=ORIENTED_EDGE('',*,*,#3592,.F.);
#4701=ORIENTED_EDGE('',*,*,#3517,.T.);
#4702=ORIENTED_EDGE('',*,*,#3597,.F.);
#4703=ORIENTED_EDGE('',*,*,#3658,.F.);
#4704=ORIENTED_EDGE('',*,*,#3507,.T.);
#4705=ORIENTED_EDGE('',*,*,#3429,.F.);
#4706=ORIENTED_EDGE('',*,*,#3659,.F.);
#4707=ORIENTED_EDGE('',*,*,#3602,.F.);
#4708=ORIENTED_EDGE('',*,*,#3502,.F.);
#4709=ORIENTED_EDGE('',*,*,#3505,.T.);
#4710=ORIENTED_EDGE('',*,*,#3479,.F.);
#4711=ORIENTED_EDGE('',*,*,#3660,.F.);
#4712=ORIENTED_EDGE('',*,*,#3385,.F.);
#4713=ORIENTED_EDGE('',*,*,#3501,.T.);
#4714=ORIENTED_EDGE('',*,*,#3605,.F.);
#4715=ORIENTED_EDGE('',*,*,#3283,.F.);
#4716=ORIENTED_EDGE('',*,*,#3348,.F.);
#4717=ORIENTED_EDGE('',*,*,#3661,.T.);
#4718=ORIENTED_EDGE('',*,*,#3608,.F.);
#4719=ORIENTED_EDGE('',*,*,#3464,.F.);
#4720=ORIENTED_EDGE('',*,*,#3337,.F.);
#4721=ORIENTED_EDGE('',*,*,#3662,.T.);
#4722=ORIENTED_EDGE('',*,*,#3613,.F.);
#4723=ORIENTED_EDGE('',*,*,#3458,.F.);
#4724=ORIENTED_EDGE('',*,*,#3289,.F.);
#4725=ORIENTED_EDGE('',*,*,#3663,.T.);
#4726=ORIENTED_EDGE('',*,*,#3618,.F.);
#4727=ORIENTED_EDGE('',*,*,#3407,.F.);
#4728=ORIENTED_EDGE('',*,*,#3570,.F.);
#4729=ORIENTED_EDGE('',*,*,#3664,.T.);
#4730=ORIENTED_EDGE('',*,*,#3612,.F.);
#4731=ORIENTED_EDGE('',*,*,#3485,.F.);
#4732=ORIENTED_EDGE('',*,*,#3617,.F.);
#4733=ORIENTED_EDGE('',*,*,#3453,.F.);
#4734=ORIENTED_EDGE('',*,*,#3619,.F.);
#4735=ORIENTED_EDGE('',*,*,#3665,.T.);
#4736=ORIENTED_EDGE('',*,*,#3564,.F.);
#4737=ORIENTED_EDGE('',*,*,#3495,.F.);
#4738=ORIENTED_EDGE('',*,*,#3614,.F.);
#4739=ORIENTED_EDGE('',*,*,#3666,.T.);
#4740=ORIENTED_EDGE('',*,*,#3566,.F.);
#4741=ORIENTED_EDGE('',*,*,#3667,.T.);
#4742=ORIENTED_EDGE('',*,*,#3622,.F.);
#4743=ORIENTED_EDGE('',*,*,#3424,.F.);
#4744=ORIENTED_EDGE('',*,*,#3569,.F.);
#4745=ORIENTED_EDGE('',*,*,#3440,.F.);
#4746=ORIENTED_EDGE('',*,*,#3609,.F.);
#4747=ORIENTED_EDGE('',*,*,#3668,.T.);
#4748=ORIENTED_EDGE('',*,*,#3559,.F.);
#4749=ORIENTED_EDGE('',*,*,#3436,.F.);
#4750=ORIENTED_EDGE('',*,*,#3561,.F.);
#4751=ORIENTED_EDGE('',*,*,#3669,.T.);
#4752=ORIENTED_EDGE('',*,*,#3556,.F.);
#4753=ORIENTED_EDGE('',*,*,#3670,.T.);
#4754=ORIENTED_EDGE('',*,*,#3607,.F.);
#4755=ORIENTED_EDGE('',*,*,#3498,.F.);
#4756=ORIENTED_EDGE('',*,*,#3401,.F.);
#4757=ORIENTED_EDGE('',*,*,#3671,.T.);
#4758=ORIENTED_EDGE('',*,*,#3624,.F.);
#4759=ORIENTED_EDGE('',*,*,#3523,.T.);
#4760=ORIENTED_EDGE('',*,*,#3629,.F.);
#4761=ORIENTED_EDGE('',*,*,#3672,.F.);
#4762=ORIENTED_EDGE('',*,*,#3512,.T.);
#4763=ORIENTED_EDGE('',*,*,#3673,.F.);
#4764=ORIENTED_EDGE('',*,*,#3674,.F.);
#4765=ORIENTED_EDGE('',*,*,#3350,.F.);
#4766=ORIENTED_EDGE('',*,*,#3675,.T.);
#4767=ORIENTED_EDGE('',*,*,#3633,.F.);
#4768=ORIENTED_EDGE('',*,*,#3467,.T.);
#4769=ORIENTED_EDGE('',*,*,#3645,.F.);
#4770=ORIENTED_EDGE('',*,*,#3541,.F.);
#4771=ORIENTED_EDGE('',*,*,#3676,.F.);
#4772=ORIENTED_EDGE('',*,*,#3639,.F.);
#4773=ORIENTED_EDGE('',*,*,#3677,.T.);
#4774=ORIENTED_EDGE('',*,*,#3603,.F.);
#4775=ORIENTED_EDGE('',*,*,#3660,.T.);
#4776=ORIENTED_EDGE('',*,*,#3478,.F.);
#4777=ORIENTED_EDGE('',*,*,#3635,.F.);
#4778=ORIENTED_EDGE('',*,*,#3678,.F.);
#4779=ORIENTED_EDGE('',*,*,#3598,.F.);
#4780=ORIENTED_EDGE('',*,*,#3659,.T.);
#4781=ORIENTED_EDGE('',*,*,#3428,.F.);
#4782=ORIENTED_EDGE('',*,*,#3626,.F.);
#4783=ORIENTED_EDGE('',*,*,#3679,.F.);
#4784=ORIENTED_EDGE('',*,*,#3589,.F.);
#4785=ORIENTED_EDGE('',*,*,#3656,.T.);
#4786=ORIENTED_EDGE('',*,*,#3489,.F.);
#4787=ORIENTED_EDGE('',*,*,#3594,.F.);
#4788=ORIENTED_EDGE('',*,*,#3680,.F.);
#4789=ORIENTED_EDGE('',*,*,#3580,.F.);
#4790=ORIENTED_EDGE('',*,*,#3653,.T.);
#4791=ORIENTED_EDGE('',*,*,#3446,.F.);
#4792=ORIENTED_EDGE('',*,*,#3585,.F.);
#4793=ORIENTED_EDGE('',*,*,#3681,.F.);
#4794=ORIENTED_EDGE('',*,*,#3682,.F.);
#4795=ORIENTED_EDGE('',*,*,#3552,.F.);
#4796=ORIENTED_EDGE('',*,*,#3683,.F.);
#4797=ORIENTED_EDGE('',*,*,#3630,.F.);
#4798=ORIENTED_EDGE('',*,*,#3674,.T.);
#4799=ORIENTED_EDGE('',*,*,#3546,.F.);
#4800=ORIENTED_EDGE('',*,*,#3643,.T.);
#4801=ORIENTED_EDGE('',*,*,#3416,.F.);
#4802=ORIENTED_EDGE('',*,*,#3576,.F.);
#4803=ORIENTED_EDGE('',*,*,#3684,.F.);
#4804=ORIENTED_EDGE('',*,*,#3638,.F.);
#4805=ORIENTED_EDGE('',*,*,#3685,.F.);
#4806=ORIENTED_EDGE('',*,*,#3508,.T.);
#4807=ORIENTED_EDGE('',*,*,#3646,.F.);
#4808=ORIENTED_EDGE('',*,*,#3677,.F.);
#4809=ORIENTED_EDGE('',*,*,#3375,.F.);
#4810=ORIENTED_EDGE('',*,*,#3372,.F.);
#4811=ORIENTED_EDGE('',*,*,#3496,.T.);
#4812=ORIENTED_EDGE('',*,*,#3563,.F.);
#4813=ORIENTED_EDGE('',*,*,#3491,.F.);
#4814=ORIENTED_EDGE('',*,*,#3366,.F.);
#4815=ORIENTED_EDGE('',*,*,#3363,.F.);
#4816=ORIENTED_EDGE('',*,*,#3486,.T.);
#4817=ORIENTED_EDGE('',*,*,#3611,.F.);
#4818=ORIENTED_EDGE('',*,*,#3480,.F.);
#4819=ORIENTED_EDGE('',*,*,#3314,.F.);
#4820=ORIENTED_EDGE('',*,*,#3311,.F.);
#4821=ORIENTED_EDGE('',*,*,#3437,.T.);
#4822=ORIENTED_EDGE('',*,*,#3558,.F.);
#4823=ORIENTED_EDGE('',*,*,#3430,.F.);
#4824=ORIENTED_EDGE('',*,*,#3332,.F.);
#4825=ORIENTED_EDGE('',*,*,#3329,.F.);
#4826=ORIENTED_EDGE('',*,*,#3454,.T.);
#4827=ORIENTED_EDGE('',*,*,#3616,.F.);
#4828=ORIENTED_EDGE('',*,*,#3448,.F.);
#4829=ORIENTED_EDGE('',*,*,#3388,.F.);
#4830=ORIENTED_EDGE('',*,*,#3686,.F.);
#4831=ORIENTED_EDGE('',*,*,#3571,.F.);
#4832=ORIENTED_EDGE('',*,*,#3484,.T.);
#4833=ORIENTED_EDGE('',*,*,#3506,.T.);
#4834=ORIENTED_EDGE('',*,*,#3342,.F.);
#4835=ORIENTED_EDGE('',*,*,#3687,.F.);
#4836=ORIENTED_EDGE('',*,*,#3600,.F.);
#4837=ORIENTED_EDGE('',*,*,#3688,.T.);
#4838=ORIENTED_EDGE('',*,*,#3305,.F.);
#4839=ORIENTED_EDGE('',*,*,#3302,.F.);
#4840=ORIENTED_EDGE('',*,*,#3425,.T.);
#4841=ORIENTED_EDGE('',*,*,#3621,.F.);
#4842=ORIENTED_EDGE('',*,*,#3418,.F.);
#4843=ORIENTED_EDGE('',*,*,#3537,.F.);
#4844=ORIENTED_EDGE('',*,*,#3525,.F.);
#4845=ORIENTED_EDGE('',*,*,#3631,.T.);
#4846=ORIENTED_EDGE('',*,*,#3683,.T.);
#4847=ORIENTED_EDGE('',*,*,#3551,.T.);
#4848=ORIENTED_EDGE('',*,*,#3647,.F.);
#4849=ORIENTED_EDGE('',*,*,#3689,.F.);
#4850=ORIENTED_EDGE('',*,*,#3472,.F.);
#4851=ORIENTED_EDGE('',*,*,#3547,.T.);
#4852=ORIENTED_EDGE('',*,*,#3684,.T.);
#4853=ORIENTED_EDGE('',*,*,#3575,.T.);
#4854=ORIENTED_EDGE('',*,*,#3651,.F.);
#4855=ORIENTED_EDGE('',*,*,#3654,.F.);
#4856=ORIENTED_EDGE('',*,*,#3534,.F.);
#4857=ORIENTED_EDGE('',*,*,#3406,.F.);
#4858=ORIENTED_EDGE('',*,*,#3581,.T.);
#4859=ORIENTED_EDGE('',*,*,#3681,.T.);
#4860=ORIENTED_EDGE('',*,*,#3584,.T.);
#4861=ORIENTED_EDGE('',*,*,#3528,.F.);
#4862=ORIENTED_EDGE('',*,*,#3519,.F.);
#4863=ORIENTED_EDGE('',*,*,#3599,.T.);
#4864=ORIENTED_EDGE('',*,*,#3679,.T.);
#4865=ORIENTED_EDGE('',*,*,#3625,.T.);
#4866=ORIENTED_EDGE('',*,*,#3671,.F.);
#4867=ORIENTED_EDGE('',*,*,#3530,.F.);
#4868=ORIENTED_EDGE('',*,*,#3469,.F.);
#4869=ORIENTED_EDGE('',*,*,#3640,.T.);
#4870=ORIENTED_EDGE('',*,*,#3676,.T.);
#4871=ORIENTED_EDGE('',*,*,#3540,.T.);
#4872=ORIENTED_EDGE('',*,*,#3641,.F.);
#4873=ORIENTED_EDGE('',*,*,#3675,.F.);
#4874=ORIENTED_EDGE('',*,*,#3532,.F.);
#4875=ORIENTED_EDGE('',*,*,#3688,.F.);
#4876=ORIENTED_EDGE('',*,*,#3604,.T.);
#4877=ORIENTED_EDGE('',*,*,#3678,.T.);
#4878=ORIENTED_EDGE('',*,*,#3634,.T.);
#4879=ORIENTED_EDGE('',*,*,#3657,.F.);
#4880=ORIENTED_EDGE('',*,*,#3526,.F.);
#4881=ORIENTED_EDGE('',*,*,#3457,.F.);
#4882=ORIENTED_EDGE('',*,*,#3590,.T.);
#4883=ORIENTED_EDGE('',*,*,#3680,.T.);
#4884=ORIENTED_EDGE('',*,*,#3593,.T.);
#4885=ORIENTED_EDGE('',*,*,#3293,.F.);
#4886=ORIENTED_EDGE('',*,*,#3690,.F.);
#4887=ORIENTED_EDGE('',*,*,#3354,.F.);
#4888=ORIENTED_EDGE('',*,*,#3689,.T.);
#4889=ORIENTED_EDGE('',*,*,#3322,.F.);
#4890=ORIENTED_EDGE('',*,*,#3642,.T.);
#4891=ORIENTED_EDGE('',*,*,#3544,.F.);
#4892=ORIENTED_EDGE('',*,*,#3543,.F.);
#4893=ORIENTED_EDGE('',*,*,#3644,.T.);
#4894=ORIENTED_EDGE('',*,*,#3313,.F.);
#4895=ORIENTED_EDGE('',*,*,#3672,.T.);
#4896=ORIENTED_EDGE('',*,*,#3628,.F.);
#4897=ORIENTED_EDGE('',*,*,#3627,.F.);
#4898=ORIENTED_EDGE('',*,*,#3426,.T.);
#4899=ORIENTED_EDGE('',*,*,#3374,.F.);
#4900=ORIENTED_EDGE('',*,*,#3658,.T.);
#4901=ORIENTED_EDGE('',*,*,#3596,.F.);
#4902=ORIENTED_EDGE('',*,*,#3595,.F.);
#4903=ORIENTED_EDGE('',*,*,#3487,.T.);
#4904=ORIENTED_EDGE('',*,*,#3365,.F.);
#4905=ORIENTED_EDGE('',*,*,#3685,.T.);
#4906=ORIENTED_EDGE('',*,*,#3637,.F.);
#4907=ORIENTED_EDGE('',*,*,#3636,.F.);
#4908=ORIENTED_EDGE('',*,*,#3476,.T.);
#4909=ORIENTED_EDGE('',*,*,#3304,.F.);
#4910=ORIENTED_EDGE('',*,*,#3652,.T.);
#4911=ORIENTED_EDGE('',*,*,#3578,.F.);
#4912=ORIENTED_EDGE('',*,*,#3577,.F.);
#4913=ORIENTED_EDGE('',*,*,#3414,.T.);
#4914=ORIENTED_EDGE('',*,*,#3383,.F.);
#4915=ORIENTED_EDGE('',*,*,#3281,.F.);
#4916=ORIENTED_EDGE('',*,*,#3549,.F.);
#4917=ORIENTED_EDGE('',*,*,#3554,.F.);
#4918=ORIENTED_EDGE('',*,*,#3691,.T.);
#4919=ORIENTED_EDGE('',*,*,#3378,.F.);
#4920=ORIENTED_EDGE('',*,*,#3691,.F.);
#4921=ORIENTED_EDGE('',*,*,#3553,.F.);
#4922=ORIENTED_EDGE('',*,*,#3682,.T.);
#4923=ORIENTED_EDGE('',*,*,#3673,.T.);
#4924=ORIENTED_EDGE('',*,*,#3331,.F.);
#4925=ORIENTED_EDGE('',*,*,#3655,.T.);
#4926=ORIENTED_EDGE('',*,*,#3587,.F.);
#4927=ORIENTED_EDGE('',*,*,#3586,.F.);
#4928=ORIENTED_EDGE('',*,*,#3444,.T.);
#4929=ORIENTED_EDGE('',*,*,#3648,.F.);
#4930=ORIENTED_EDGE('',*,*,#3536,.T.);
#4931=ORIENTED_EDGE('',*,*,#3413,.F.);
#4932=ORIENTED_EDGE('',*,*,#3670,.F.);
#4933=ORIENTED_EDGE('',*,*,#3661,.F.);
#4934=ORIENTED_EDGE('',*,*,#3531,.T.);
#4935=ORIENTED_EDGE('',*,*,#3475,.F.);
#4936=ORIENTED_EDGE('',*,*,#3668,.F.);
#4937=ORIENTED_EDGE('',*,*,#3461,.F.);
#4938=ORIENTED_EDGE('',*,*,#3533,.T.);
#4939=ORIENTED_EDGE('',*,*,#3466,.F.);
#4940=ORIENTED_EDGE('',*,*,#3664,.F.);
#4941=ORIENTED_EDGE('',*,*,#3409,.F.);
#4942=ORIENTED_EDGE('',*,*,#3667,.F.);
#4943=ORIENTED_EDGE('',*,*,#3650,.F.);
#4944=ORIENTED_EDGE('',*,*,#3690,.T.);
#4945=ORIENTED_EDGE('',*,*,#3662,.F.);
#4946=ORIENTED_EDGE('',*,*,#3527,.T.);
#4947=ORIENTED_EDGE('',*,*,#3516,.F.);
#4948=ORIENTED_EDGE('',*,*,#3666,.F.);
#4949=ORIENTED_EDGE('',*,*,#3522,.F.);
#4950=ORIENTED_EDGE('',*,*,#3669,.F.);
#4951=ORIENTED_EDGE('',*,*,#3649,.F.);
#4952=ORIENTED_EDGE('',*,*,#3529,.T.);
#4953=ORIENTED_EDGE('',*,*,#3460,.F.);
#4954=ORIENTED_EDGE('',*,*,#3665,.F.);
#4955=ORIENTED_EDGE('',*,*,#3663,.F.);
#4956=ORIENTED_EDGE('',*,*,#3535,.T.);
#4957=ORIENTED_EDGE('',*,*,#3692,.F.);
#4958=ORIENTED_EDGE('',*,*,#3693,.T.);
#4959=ORIENTED_EDGE('',*,*,#3694,.F.);
#4960=ORIENTED_EDGE('',*,*,#3695,.F.);
#4961=ORIENTED_EDGE('',*,*,#3696,.F.);
#4962=ORIENTED_EDGE('',*,*,#3697,.F.);
#4963=ORIENTED_EDGE('',*,*,#3698,.F.);
#4964=ORIENTED_EDGE('',*,*,#3693,.F.);
#4965=ORIENTED_EDGE('',*,*,#3267,.F.);
#4966=ORIENTED_EDGE('',*,*,#3699,.F.);
#4967=ORIENTED_EDGE('',*,*,#3700,.F.);
#4968=ORIENTED_EDGE('',*,*,#3701,.F.);
#4969=ORIENTED_EDGE('',*,*,#3271,.F.);
#4970=ORIENTED_EDGE('',*,*,#3701,.T.);
#4971=ORIENTED_EDGE('',*,*,#3702,.F.);
#4972=ORIENTED_EDGE('',*,*,#3273,.F.);
#4973=ORIENTED_EDGE('',*,*,#3703,.F.);
#4974=ORIENTED_EDGE('',*,*,#3704,.T.);
#4975=ORIENTED_EDGE('',*,*,#3705,.F.);
#4976=ORIENTED_EDGE('',*,*,#3706,.F.);
#4977=ORIENTED_EDGE('',*,*,#3707,.F.);
#4978=ORIENTED_EDGE('',*,*,#3708,.F.);
#4979=ORIENTED_EDGE('',*,*,#3709,.F.);
#4980=ORIENTED_EDGE('',*,*,#3710,.F.);
#4981=ORIENTED_EDGE('',*,*,#3711,.F.);
#4982=ORIENTED_EDGE('',*,*,#3704,.F.);
#4983=ORIENTED_EDGE('',*,*,#3712,.F.);
#4984=ORIENTED_EDGE('',*,*,#3713,.T.);
#4985=ORIENTED_EDGE('',*,*,#3714,.F.);
#4986=ORIENTED_EDGE('',*,*,#3715,.F.);
#4987=ORIENTED_EDGE('',*,*,#3716,.F.);
#4988=ORIENTED_EDGE('',*,*,#3717,.F.);
#4989=ORIENTED_EDGE('',*,*,#3718,.F.);
#4990=ORIENTED_EDGE('',*,*,#3719,.F.);
#4991=ORIENTED_EDGE('',*,*,#3720,.F.);
#4992=ORIENTED_EDGE('',*,*,#3713,.F.);
#4993=ORIENTED_EDGE('',*,*,#3721,.F.);
#4994=ORIENTED_EDGE('',*,*,#3722,.T.);
#4995=ORIENTED_EDGE('',*,*,#3723,.F.);
#4996=ORIENTED_EDGE('',*,*,#3724,.F.);
#4997=ORIENTED_EDGE('',*,*,#3725,.F.);
#4998=ORIENTED_EDGE('',*,*,#3726,.F.);
#4999=ORIENTED_EDGE('',*,*,#3727,.F.);
#5000=ORIENTED_EDGE('',*,*,#3728,.F.);
#5001=ORIENTED_EDGE('',*,*,#3729,.F.);
#5002=ORIENTED_EDGE('',*,*,#3722,.F.);
#5003=ORIENTED_EDGE('',*,*,#3730,.F.);
#5004=ORIENTED_EDGE('',*,*,#3731,.T.);
#5005=ORIENTED_EDGE('',*,*,#3732,.F.);
#5006=ORIENTED_EDGE('',*,*,#3733,.F.);
#5007=ORIENTED_EDGE('',*,*,#3734,.F.);
#5008=ORIENTED_EDGE('',*,*,#3735,.F.);
#5009=ORIENTED_EDGE('',*,*,#3736,.F.);
#5010=ORIENTED_EDGE('',*,*,#3737,.F.);
#5011=ORIENTED_EDGE('',*,*,#3738,.F.);
#5012=ORIENTED_EDGE('',*,*,#3731,.F.);
#5013=ORIENTED_EDGE('',*,*,#3739,.F.);
#5014=ORIENTED_EDGE('',*,*,#3740,.T.);
#5015=ORIENTED_EDGE('',*,*,#3741,.F.);
#5016=ORIENTED_EDGE('',*,*,#3742,.F.);
#5017=ORIENTED_EDGE('',*,*,#3743,.F.);
#5018=ORIENTED_EDGE('',*,*,#3744,.F.);
#5019=ORIENTED_EDGE('',*,*,#3745,.F.);
#5020=ORIENTED_EDGE('',*,*,#3740,.F.);
#5021=ORIENTED_EDGE('',*,*,#3746,.F.);
#5022=ORIENTED_EDGE('',*,*,#3747,.F.);
#5023=ORIENTED_EDGE('',*,*,#3748,.F.);
#5024=ORIENTED_EDGE('',*,*,#3749,.F.);
#5025=ORIENTED_EDGE('',*,*,#3750,.F.);
#5026=ORIENTED_EDGE('',*,*,#3751,.T.);
#5027=ORIENTED_EDGE('',*,*,#3752,.F.);
#5028=ORIENTED_EDGE('',*,*,#3753,.F.);
#5029=ORIENTED_EDGE('',*,*,#3754,.F.);
#5030=ORIENTED_EDGE('',*,*,#3755,.F.);
#5031=ORIENTED_EDGE('',*,*,#3756,.F.);
#5032=ORIENTED_EDGE('',*,*,#3751,.F.);
#5033=ORIENTED_EDGE('',*,*,#3757,.F.);
#5034=ORIENTED_EDGE('',*,*,#3758,.T.);
#5035=ORIENTED_EDGE('',*,*,#3759,.F.);
#5036=ORIENTED_EDGE('',*,*,#3760,.F.);
#5037=ORIENTED_EDGE('',*,*,#3761,.F.);
#5038=ORIENTED_EDGE('',*,*,#3762,.F.);
#5039=ORIENTED_EDGE('',*,*,#3763,.F.);
#5040=ORIENTED_EDGE('',*,*,#3758,.F.);
#5041=ORIENTED_EDGE('',*,*,#3764,.F.);
#5042=ORIENTED_EDGE('',*,*,#3765,.T.);
#5043=ORIENTED_EDGE('',*,*,#3766,.F.);
#5044=ORIENTED_EDGE('',*,*,#3767,.F.);
#5045=ORIENTED_EDGE('',*,*,#3768,.F.);
#5046=ORIENTED_EDGE('',*,*,#3769,.F.);
#5047=ORIENTED_EDGE('',*,*,#3770,.F.);
#5048=ORIENTED_EDGE('',*,*,#3771,.F.);
#5049=ORIENTED_EDGE('',*,*,#3772,.F.);
#5050=ORIENTED_EDGE('',*,*,#3765,.F.);
#5051=ORIENTED_EDGE('',*,*,#3773,.F.);
#5052=ORIENTED_EDGE('',*,*,#3774,.T.);
#5053=ORIENTED_EDGE('',*,*,#3775,.F.);
#5054=ORIENTED_EDGE('',*,*,#3776,.F.);
#5055=ORIENTED_EDGE('',*,*,#3777,.F.);
#5056=ORIENTED_EDGE('',*,*,#3778,.F.);
#5057=ORIENTED_EDGE('',*,*,#3779,.F.);
#5058=ORIENTED_EDGE('',*,*,#3780,.F.);
#5059=ORIENTED_EDGE('',*,*,#3781,.F.);
#5060=ORIENTED_EDGE('',*,*,#3774,.F.);
#5061=ORIENTED_EDGE('',*,*,#3782,.F.);
#5062=ORIENTED_EDGE('',*,*,#3783,.T.);
#5063=ORIENTED_EDGE('',*,*,#3784,.F.);
#5064=ORIENTED_EDGE('',*,*,#3785,.F.);
#5065=ORIENTED_EDGE('',*,*,#3786,.F.);
#5066=ORIENTED_EDGE('',*,*,#3787,.F.);
#5067=ORIENTED_EDGE('',*,*,#3277,.F.);
#5068=ORIENTED_EDGE('',*,*,#3788,.F.);
#5069=ORIENTED_EDGE('',*,*,#3789,.F.);
#5070=ORIENTED_EDGE('',*,*,#3783,.F.);
#5071=ORIENTED_EDGE('',*,*,#3790,.F.);
#5072=ORIENTED_EDGE('',*,*,#3791,.F.);
#5073=ORIENTED_EDGE('',*,*,#3792,.F.);
#5074=ORIENTED_EDGE('',*,*,#3793,.F.);
#5075=ORIENTED_EDGE('',*,*,#3794,.F.);
#5076=ORIENTED_EDGE('',*,*,#3795,.T.);
#5077=ORIENTED_EDGE('',*,*,#3796,.F.);
#5078=ORIENTED_EDGE('',*,*,#3797,.F.);
#5079=ORIENTED_EDGE('',*,*,#3798,.F.);
#5080=ORIENTED_EDGE('',*,*,#3799,.F.);
#5081=ORIENTED_EDGE('',*,*,#3800,.F.);
#5082=ORIENTED_EDGE('',*,*,#3795,.F.);
#5083=ORIENTED_EDGE('',*,*,#3801,.F.);
#5084=ORIENTED_EDGE('',*,*,#3802,.T.);
#5085=ORIENTED_EDGE('',*,*,#3803,.F.);
#5086=ORIENTED_EDGE('',*,*,#3804,.F.);
#5087=ORIENTED_EDGE('',*,*,#3805,.F.);
#5088=ORIENTED_EDGE('',*,*,#3806,.F.);
#5089=ORIENTED_EDGE('',*,*,#3807,.F.);
#5090=ORIENTED_EDGE('',*,*,#3802,.F.);
#5091=ORIENTED_EDGE('',*,*,#3692,.T.);
#5092=ORIENTED_EDGE('',*,*,#3808,.F.);
#5093=ORIENTED_EDGE('',*,*,#3809,.T.);
#5094=ORIENTED_EDGE('',*,*,#3810,.T.);
#5095=ORIENTED_EDGE('',*,*,#3698,.T.);
#5096=ORIENTED_EDGE('',*,*,#3811,.F.);
#5097=ORIENTED_EDGE('',*,*,#3812,.T.);
#5098=ORIENTED_EDGE('',*,*,#3813,.F.);
#5099=ORIENTED_EDGE('',*,*,#3702,.T.);
#5100=ORIENTED_EDGE('',*,*,#3814,.T.);
#5101=ORIENTED_EDGE('',*,*,#3815,.T.);
#5102=ORIENTED_EDGE('',*,*,#3274,.F.);
#5103=ORIENTED_EDGE('',*,*,#3700,.T.);
#5104=ORIENTED_EDGE('',*,*,#3816,.F.);
#5105=ORIENTED_EDGE('',*,*,#3817,.T.);
#5106=ORIENTED_EDGE('',*,*,#3814,.F.);
#5107=ORIENTED_EDGE('',*,*,#3703,.T.);
#5108=ORIENTED_EDGE('',*,*,#3818,.F.);
#5109=ORIENTED_EDGE('',*,*,#3819,.F.);
#5110=ORIENTED_EDGE('',*,*,#3820,.T.);
#5111=ORIENTED_EDGE('',*,*,#3821,.T.);
#5112=ORIENTED_EDGE('',*,*,#3710,.T.);
#5113=ORIENTED_EDGE('',*,*,#3822,.F.);
#5114=ORIENTED_EDGE('',*,*,#3823,.F.);
#5115=ORIENTED_EDGE('',*,*,#3824,.T.);
#5116=ORIENTED_EDGE('',*,*,#3825,.F.);
#5117=ORIENTED_EDGE('',*,*,#3706,.T.);
#5118=ORIENTED_EDGE('',*,*,#3826,.T.);
#5119=ORIENTED_EDGE('',*,*,#3827,.F.);
#5120=ORIENTED_EDGE('',*,*,#3828,.T.);
#5121=ORIENTED_EDGE('',*,*,#3829,.T.);
#5122=ORIENTED_EDGE('',*,*,#3712,.T.);
#5123=ORIENTED_EDGE('',*,*,#3830,.F.);
#5124=ORIENTED_EDGE('',*,*,#3831,.F.);
#5125=ORIENTED_EDGE('',*,*,#3832,.T.);
#5126=ORIENTED_EDGE('',*,*,#3833,.T.);
#5127=ORIENTED_EDGE('',*,*,#3719,.T.);
#5128=ORIENTED_EDGE('',*,*,#3834,.F.);
#5129=ORIENTED_EDGE('',*,*,#3835,.F.);
#5130=ORIENTED_EDGE('',*,*,#3836,.T.);
#5131=ORIENTED_EDGE('',*,*,#3837,.F.);
#5132=ORIENTED_EDGE('',*,*,#3715,.T.);
#5133=ORIENTED_EDGE('',*,*,#3838,.T.);
#5134=ORIENTED_EDGE('',*,*,#3839,.F.);
#5135=ORIENTED_EDGE('',*,*,#3840,.T.);
#5136=ORIENTED_EDGE('',*,*,#3841,.T.);
#5137=ORIENTED_EDGE('',*,*,#3724,.T.);
#5138=ORIENTED_EDGE('',*,*,#3842,.T.);
#5139=ORIENTED_EDGE('',*,*,#3843,.F.);
#5140=ORIENTED_EDGE('',*,*,#3844,.T.);
#5141=ORIENTED_EDGE('',*,*,#3845,.T.);
#5142=ORIENTED_EDGE('',*,*,#3723,.T.);
#5143=ORIENTED_EDGE('',*,*,#3729,.T.);
#5144=ORIENTED_EDGE('',*,*,#3846,.T.);
#5145=ORIENTED_EDGE('',*,*,#3847,.T.);
#5146=ORIENTED_EDGE('',*,*,#3842,.F.);
#5147=ORIENTED_EDGE('',*,*,#3730,.T.);
#5148=ORIENTED_EDGE('',*,*,#3848,.F.);
#5149=ORIENTED_EDGE('',*,*,#3849,.F.);
#5150=ORIENTED_EDGE('',*,*,#3850,.T.);
#5151=ORIENTED_EDGE('',*,*,#3851,.T.);
#5152=ORIENTED_EDGE('',*,*,#3737,.T.);
#5153=ORIENTED_EDGE('',*,*,#3852,.F.);
#5154=ORIENTED_EDGE('',*,*,#3853,.F.);
#5155=ORIENTED_EDGE('',*,*,#3854,.T.);
#5156=ORIENTED_EDGE('',*,*,#3855,.F.);
#5157=ORIENTED_EDGE('',*,*,#3733,.T.);
#5158=ORIENTED_EDGE('',*,*,#3856,.T.);
#5159=ORIENTED_EDGE('',*,*,#3857,.F.);
#5160=ORIENTED_EDGE('',*,*,#3823,.T.);
#5161=ORIENTED_EDGE('',*,*,#3858,.T.);
#5162=ORIENTED_EDGE('',*,*,#3739,.T.);
#5163=ORIENTED_EDGE('',*,*,#3859,.F.);
#5164=ORIENTED_EDGE('',*,*,#3860,.T.);
#5165=ORIENTED_EDGE('',*,*,#3861,.T.);
#5166=ORIENTED_EDGE('',*,*,#3745,.T.);
#5167=ORIENTED_EDGE('',*,*,#3862,.F.);
#5168=ORIENTED_EDGE('',*,*,#3863,.T.);
#5169=ORIENTED_EDGE('',*,*,#3864,.F.);
#5170=ORIENTED_EDGE('',*,*,#3748,.T.);
#5171=ORIENTED_EDGE('',*,*,#3865,.F.);
#5172=ORIENTED_EDGE('',*,*,#3866,.T.);
#5173=ORIENTED_EDGE('',*,*,#3867,.F.);
#5174=ORIENTED_EDGE('',*,*,#3756,.T.);
#5175=ORIENTED_EDGE('',*,*,#3868,.F.);
#5176=ORIENTED_EDGE('',*,*,#3869,.T.);
#5177=ORIENTED_EDGE('',*,*,#3870,.F.);
#5178=ORIENTED_EDGE('',*,*,#3750,.T.);
#5179=ORIENTED_EDGE('',*,*,#3871,.F.);
#5180=ORIENTED_EDGE('',*,*,#3872,.T.);
#5181=ORIENTED_EDGE('',*,*,#3873,.T.);
#5182=ORIENTED_EDGE('',*,*,#3757,.T.);
#5183=ORIENTED_EDGE('',*,*,#3874,.F.);
#5184=ORIENTED_EDGE('',*,*,#3875,.T.);
#5185=ORIENTED_EDGE('',*,*,#3876,.T.);
#5186=ORIENTED_EDGE('',*,*,#3763,.T.);
#5187=ORIENTED_EDGE('',*,*,#3877,.F.);
#5188=ORIENTED_EDGE('',*,*,#3878,.T.);
#5189=ORIENTED_EDGE('',*,*,#3879,.F.);
#5190=ORIENTED_EDGE('',*,*,#3764,.T.);
#5191=ORIENTED_EDGE('',*,*,#3880,.F.);
#5192=ORIENTED_EDGE('',*,*,#3881,.F.);
#5193=ORIENTED_EDGE('',*,*,#3882,.T.);
#5194=ORIENTED_EDGE('',*,*,#3883,.T.);
#5195=ORIENTED_EDGE('',*,*,#3771,.T.);
#5196=ORIENTED_EDGE('',*,*,#3884,.F.);
#5197=ORIENTED_EDGE('',*,*,#3844,.F.);
#5198=ORIENTED_EDGE('',*,*,#3885,.T.);
#5199=ORIENTED_EDGE('',*,*,#3886,.F.);
#5200=ORIENTED_EDGE('',*,*,#3767,.T.);
#5201=ORIENTED_EDGE('',*,*,#3887,.T.);
#5202=ORIENTED_EDGE('',*,*,#3888,.F.);
#5203=ORIENTED_EDGE('',*,*,#3889,.T.);
#5204=ORIENTED_EDGE('',*,*,#3890,.T.);
#5205=ORIENTED_EDGE('',*,*,#3773,.T.);
#5206=ORIENTED_EDGE('',*,*,#3891,.F.);
#5207=ORIENTED_EDGE('',*,*,#3892,.F.);
#5208=ORIENTED_EDGE('',*,*,#3893,.T.);
#5209=ORIENTED_EDGE('',*,*,#3894,.T.);
#5210=ORIENTED_EDGE('',*,*,#3780,.T.);
#5211=ORIENTED_EDGE('',*,*,#3895,.F.);
#5212=ORIENTED_EDGE('',*,*,#3840,.F.);
#5213=ORIENTED_EDGE('',*,*,#3896,.T.);
#5214=ORIENTED_EDGE('',*,*,#3897,.F.);
#5215=ORIENTED_EDGE('',*,*,#3776,.T.);
#5216=ORIENTED_EDGE('',*,*,#3898,.T.);
#5217=ORIENTED_EDGE('',*,*,#3899,.F.);
#5218=ORIENTED_EDGE('',*,*,#3853,.T.);
#5219=ORIENTED_EDGE('',*,*,#3900,.T.);
#5220=ORIENTED_EDGE('',*,*,#3785,.T.);
#5221=ORIENTED_EDGE('',*,*,#3901,.T.);
#5222=ORIENTED_EDGE('',*,*,#3902,.F.);
#5223=ORIENTED_EDGE('',*,*,#3835,.T.);
#5224=ORIENTED_EDGE('',*,*,#3903,.T.);
#5225=ORIENTED_EDGE('',*,*,#3784,.T.);
#5226=ORIENTED_EDGE('',*,*,#3789,.T.);
#5227=ORIENTED_EDGE('',*,*,#3904,.T.);
#5228=ORIENTED_EDGE('',*,*,#3905,.T.);
#5229=ORIENTED_EDGE('',*,*,#3901,.F.);
#5230=ORIENTED_EDGE('',*,*,#3790,.T.);
#5231=ORIENTED_EDGE('',*,*,#3906,.F.);
#5232=ORIENTED_EDGE('',*,*,#3907,.T.);
#5233=ORIENTED_EDGE('',*,*,#3908,.F.);
#5234=ORIENTED_EDGE('',*,*,#3768,.T.);
#5235=ORIENTED_EDGE('',*,*,#3890,.F.);
#5236=ORIENTED_EDGE('',*,*,#3909,.T.);
#5237=ORIENTED_EDGE('',*,*,#3791,.T.);
#5238=ORIENTED_EDGE('',*,*,#3910,.T.);
#5239=ORIENTED_EDGE('',*,*,#3716,.T.);
#5240=ORIENTED_EDGE('',*,*,#3841,.F.);
#5241=ORIENTED_EDGE('',*,*,#3895,.T.);
#5242=ORIENTED_EDGE('',*,*,#3779,.T.);
#5243=ORIENTED_EDGE('',*,*,#3911,.T.);
#5244=ORIENTED_EDGE('',*,*,#3725,.T.);
#5245=ORIENTED_EDGE('',*,*,#3845,.F.);
#5246=ORIENTED_EDGE('',*,*,#3884,.T.);
#5247=ORIENTED_EDGE('',*,*,#3770,.T.);
#5248=ORIENTED_EDGE('',*,*,#3912,.T.);
#5249=ORIENTED_EDGE('',*,*,#3736,.T.);
#5250=ORIENTED_EDGE('',*,*,#3913,.T.);
#5251=ORIENTED_EDGE('',*,*,#3777,.T.);
#5252=ORIENTED_EDGE('',*,*,#3900,.F.);
#5253=ORIENTED_EDGE('',*,*,#3852,.T.);
#5254=ORIENTED_EDGE('',*,*,#3707,.T.);
#5255=ORIENTED_EDGE('',*,*,#3829,.F.);
#5256=ORIENTED_EDGE('',*,*,#3914,.T.);
#5257=ORIENTED_EDGE('',*,*,#3727,.T.);
#5258=ORIENTED_EDGE('',*,*,#3915,.T.);
#5259=ORIENTED_EDGE('',*,*,#3718,.T.);
#5260=ORIENTED_EDGE('',*,*,#3916,.T.);
#5261=ORIENTED_EDGE('',*,*,#3786,.T.);
#5262=ORIENTED_EDGE('',*,*,#3903,.F.);
#5263=ORIENTED_EDGE('',*,*,#3834,.T.);
#5264=ORIENTED_EDGE('',*,*,#3709,.T.);
#5265=ORIENTED_EDGE('',*,*,#3917,.T.);
#5266=ORIENTED_EDGE('',*,*,#3734,.T.);
#5267=ORIENTED_EDGE('',*,*,#3858,.F.);
#5268=ORIENTED_EDGE('',*,*,#3822,.T.);
#5269=ORIENTED_EDGE('',*,*,#3747,.T.);
#5270=ORIENTED_EDGE('',*,*,#3918,.T.);
#5271=ORIENTED_EDGE('',*,*,#3919,.T.);
#5272=ORIENTED_EDGE('',*,*,#3906,.T.);
#5273=ORIENTED_EDGE('',*,*,#3793,.T.);
#5274=ORIENTED_EDGE('',*,*,#3920,.T.);
#5275=ORIENTED_EDGE('',*,*,#3921,.T.);
#5276=ORIENTED_EDGE('',*,*,#3865,.T.);
#5277=ORIENTED_EDGE('',*,*,#3387,.T.);
#5278=ORIENTED_EDGE('',*,*,#3504,.T.);
#5279=ORIENTED_EDGE('',*,*,#3601,.T.);
#5280=ORIENTED_EDGE('',*,*,#3687,.T.);
#5281=ORIENTED_EDGE('',*,*,#3345,.T.);
#5282=ORIENTED_EDGE('',*,*,#3463,.T.);
#5283=ORIENTED_EDGE('',*,*,#3572,.T.);
#5284=ORIENTED_EDGE('',*,*,#3686,.T.);
#5285=ORIENTED_EDGE('',*,*,#3800,.T.);
#5286=ORIENTED_EDGE('',*,*,#3922,.F.);
#5287=ORIENTED_EDGE('',*,*,#3923,.T.);
#5288=ORIENTED_EDGE('',*,*,#3924,.F.);
#5289=ORIENTED_EDGE('',*,*,#3794,.T.);
#5290=ORIENTED_EDGE('',*,*,#3925,.F.);
#5291=ORIENTED_EDGE('',*,*,#3926,.T.);
#5292=ORIENTED_EDGE('',*,*,#3927,.T.);
#5293=ORIENTED_EDGE('',*,*,#3807,.T.);
#5294=ORIENTED_EDGE('',*,*,#3928,.F.);
#5295=ORIENTED_EDGE('',*,*,#3929,.T.);
#5296=ORIENTED_EDGE('',*,*,#3930,.F.);
#5297=ORIENTED_EDGE('',*,*,#3801,.T.);
#5298=ORIENTED_EDGE('',*,*,#3261,.F.);
#5299=ORIENTED_EDGE('',*,*,#3931,.T.);
#5300=ORIENTED_EDGE('',*,*,#3932,.T.);
#5301=ORIENTED_EDGE('',*,*,#3742,.T.);
#5302=ORIENTED_EDGE('',*,*,#3933,.T.);
#5303=ORIENTED_EDGE('',*,*,#3799,.T.);
#5304=ORIENTED_EDGE('',*,*,#3934,.F.);
#5305=ORIENTED_EDGE('',*,*,#3797,.T.);
#5306=ORIENTED_EDGE('',*,*,#3935,.T.);
#5307=ORIENTED_EDGE('',*,*,#3806,.T.);
#5308=ORIENTED_EDGE('',*,*,#3936,.F.);
#5309=ORIENTED_EDGE('',*,*,#3753,.T.);
#5310=ORIENTED_EDGE('',*,*,#3937,.T.);
#5311=ORIENTED_EDGE('',*,*,#3762,.T.);
#5312=ORIENTED_EDGE('',*,*,#3938,.F.);
#5313=ORIENTED_EDGE('',*,*,#3749,.T.);
#5314=ORIENTED_EDGE('',*,*,#3939,.T.);
#5315=ORIENTED_EDGE('',*,*,#3755,.T.);
#5316=ORIENTED_EDGE('',*,*,#3940,.F.);
#5317=ORIENTED_EDGE('',*,*,#3695,.T.);
#5318=ORIENTED_EDGE('',*,*,#3941,.T.);
#5319=ORIENTED_EDGE('',*,*,#3744,.T.);
#5320=ORIENTED_EDGE('',*,*,#3942,.F.);
#5321=ORIENTED_EDGE('',*,*,#3699,.T.);
#5322=ORIENTED_EDGE('',*,*,#3262,.F.);
#5323=ORIENTED_EDGE('',*,*,#3804,.T.);
#5324=ORIENTED_EDGE('',*,*,#3943,.T.);
#5325=ORIENTED_EDGE('',*,*,#3944,.F.);
#5326=ORIENTED_EDGE('',*,*,#3945,.T.);
#5327=ORIENTED_EDGE('',*,*,#3946,.F.);
#5328=ORIENTED_EDGE('',*,*,#3947,.F.);
#5329=ORIENTED_EDGE('',*,*,#3948,.F.);
#5330=ORIENTED_EDGE('',*,*,#3875,.F.);
#5331=ORIENTED_EDGE('',*,*,#3949,.F.);
#5332=ORIENTED_EDGE('',*,*,#3950,.F.);
#5333=ORIENTED_EDGE('',*,*,#3951,.F.);
#5334=ORIENTED_EDGE('',*,*,#3945,.F.);
#5335=ORIENTED_EDGE('',*,*,#3270,.F.);
#5336=ORIENTED_EDGE('',*,*,#3279,.F.);
#5337=ORIENTED_EDGE('',*,*,#3952,.F.);
#5338=ORIENTED_EDGE('',*,*,#3953,.F.);
#5339=ORIENTED_EDGE('',*,*,#3266,.F.);
#5340=ORIENTED_EDGE('',*,*,#3953,.T.);
#5341=ORIENTED_EDGE('',*,*,#3954,.F.);
#5342=ORIENTED_EDGE('',*,*,#3955,.F.);
#5343=ORIENTED_EDGE('',*,*,#3956,.F.);
#5344=ORIENTED_EDGE('',*,*,#3957,.F.);
#5345=ORIENTED_EDGE('',*,*,#3958,.T.);
#5346=ORIENTED_EDGE('',*,*,#3836,.F.);
#5347=ORIENTED_EDGE('',*,*,#3959,.F.);
#5348=ORIENTED_EDGE('',*,*,#3929,.F.);
#5349=ORIENTED_EDGE('',*,*,#3960,.F.);
#5350=ORIENTED_EDGE('',*,*,#3961,.F.);
#5351=ORIENTED_EDGE('',*,*,#3958,.F.);
#5352=ORIENTED_EDGE('',*,*,#3962,.F.);
#5353=ORIENTED_EDGE('',*,*,#3963,.T.);
#5354=ORIENTED_EDGE('',*,*,#3896,.F.);
#5355=ORIENTED_EDGE('',*,*,#3964,.F.);
#5356=ORIENTED_EDGE('',*,*,#3923,.F.);
#5357=ORIENTED_EDGE('',*,*,#3965,.F.);
#5358=ORIENTED_EDGE('',*,*,#3966,.F.);
#5359=ORIENTED_EDGE('',*,*,#3963,.F.);
#5360=ORIENTED_EDGE('',*,*,#3967,.F.);
#5361=ORIENTED_EDGE('',*,*,#3968,.T.);
#5362=ORIENTED_EDGE('',*,*,#3969,.F.);
#5363=ORIENTED_EDGE('',*,*,#3970,.F.);
#5364=ORIENTED_EDGE('',*,*,#3878,.F.);
#5365=ORIENTED_EDGE('',*,*,#3971,.F.);
#5366=ORIENTED_EDGE('',*,*,#3847,.F.);
#5367=ORIENTED_EDGE('',*,*,#3968,.F.);
#5368=ORIENTED_EDGE('',*,*,#3866,.F.);
#5369=ORIENTED_EDGE('',*,*,#3921,.F.);
#5370=ORIENTED_EDGE('',*,*,#3972,.F.);
#5371=ORIENTED_EDGE('',*,*,#3973,.F.);
#5372=ORIENTED_EDGE('',*,*,#3974,.F.);
#5373=ORIENTED_EDGE('',*,*,#3975,.T.);
#5374=ORIENTED_EDGE('',*,*,#3976,.F.);
#5375=ORIENTED_EDGE('',*,*,#3820,.F.);
#5376=ORIENTED_EDGE('',*,*,#3977,.F.);
#5377=ORIENTED_EDGE('',*,*,#3809,.F.);
#5378=ORIENTED_EDGE('',*,*,#3978,.F.);
#5379=ORIENTED_EDGE('',*,*,#3979,.F.);
#5380=ORIENTED_EDGE('',*,*,#3980,.F.);
#5381=ORIENTED_EDGE('',*,*,#3975,.F.);
#5382=ORIENTED_EDGE('',*,*,#3981,.F.);
#5383=ORIENTED_EDGE('',*,*,#3982,.T.);
#5384=ORIENTED_EDGE('',*,*,#3983,.F.);
#5385=ORIENTED_EDGE('',*,*,#3850,.F.);
#5386=ORIENTED_EDGE('',*,*,#3984,.F.);
#5387=ORIENTED_EDGE('',*,*,#3860,.F.);
#5388=ORIENTED_EDGE('',*,*,#3985,.F.);
#5389=ORIENTED_EDGE('',*,*,#3986,.F.);
#5390=ORIENTED_EDGE('',*,*,#3987,.F.);
#5391=ORIENTED_EDGE('',*,*,#3982,.F.);
#5392=ORIENTED_EDGE('',*,*,#3988,.F.);
#5393=ORIENTED_EDGE('',*,*,#3989,.T.);
#5394=ORIENTED_EDGE('',*,*,#3990,.F.);
#5395=ORIENTED_EDGE('',*,*,#3893,.F.);
#5396=ORIENTED_EDGE('',*,*,#3991,.F.);
#5397=ORIENTED_EDGE('',*,*,#3926,.F.);
#5398=ORIENTED_EDGE('',*,*,#3992,.F.);
#5399=ORIENTED_EDGE('',*,*,#3993,.F.);
#5400=ORIENTED_EDGE('',*,*,#3994,.F.);
#5401=ORIENTED_EDGE('',*,*,#3989,.F.);
#5402=ORIENTED_EDGE('',*,*,#3995,.F.);
#5403=ORIENTED_EDGE('',*,*,#3996,.F.);
#5404=ORIENTED_EDGE('',*,*,#3997,.F.);
#5405=ORIENTED_EDGE('',*,*,#3907,.F.);
#5406=ORIENTED_EDGE('',*,*,#3919,.F.);
#5407=ORIENTED_EDGE('',*,*,#3815,.F.);
#5408=ORIENTED_EDGE('',*,*,#3998,.T.);
#5409=ORIENTED_EDGE('',*,*,#3999,.F.);
#5410=ORIENTED_EDGE('',*,*,#3275,.F.);
#5411=ORIENTED_EDGE('',*,*,#3817,.F.);
#5412=ORIENTED_EDGE('',*,*,#4000,.F.);
#5413=ORIENTED_EDGE('',*,*,#3905,.F.);
#5414=ORIENTED_EDGE('',*,*,#3998,.F.);
#5415=ORIENTED_EDGE('',*,*,#4001,.F.);
#5416=ORIENTED_EDGE('',*,*,#4002,.T.);
#5417=ORIENTED_EDGE('',*,*,#3885,.F.);
#5418=ORIENTED_EDGE('',*,*,#4003,.F.);
#5419=ORIENTED_EDGE('',*,*,#3869,.F.);
#5420=ORIENTED_EDGE('',*,*,#4004,.F.);
#5421=ORIENTED_EDGE('',*,*,#4005,.F.);
#5422=ORIENTED_EDGE('',*,*,#4002,.F.);
#5423=ORIENTED_EDGE('',*,*,#4006,.F.);
#5424=ORIENTED_EDGE('',*,*,#4007,.T.);
#5425=ORIENTED_EDGE('',*,*,#3854,.F.);
#5426=ORIENTED_EDGE('',*,*,#4008,.F.);
#5427=ORIENTED_EDGE('',*,*,#3863,.F.);
#5428=ORIENTED_EDGE('',*,*,#4009,.F.);
#5429=ORIENTED_EDGE('',*,*,#4010,.F.);
#5430=ORIENTED_EDGE('',*,*,#4007,.F.);
#5431=ORIENTED_EDGE('',*,*,#4011,.F.);
#5432=ORIENTED_EDGE('',*,*,#4012,.T.);
#5433=ORIENTED_EDGE('',*,*,#3824,.F.);
#5434=ORIENTED_EDGE('',*,*,#4013,.F.);
#5435=ORIENTED_EDGE('',*,*,#3812,.F.);
#5436=ORIENTED_EDGE('',*,*,#4014,.F.);
#5437=ORIENTED_EDGE('',*,*,#4015,.F.);
#5438=ORIENTED_EDGE('',*,*,#4012,.F.);
#5439=ORIENTED_EDGE('',*,*,#4016,.F.);
#5440=ORIENTED_EDGE('',*,*,#4017,.T.);
#5441=ORIENTED_EDGE('',*,*,#4018,.F.);
#5442=ORIENTED_EDGE('',*,*,#3832,.F.);
#5443=ORIENTED_EDGE('',*,*,#4019,.F.);
#5444=ORIENTED_EDGE('',*,*,#3931,.F.);
#5445=ORIENTED_EDGE('',*,*,#4020,.F.);
#5446=ORIENTED_EDGE('',*,*,#4021,.F.);
#5447=ORIENTED_EDGE('',*,*,#4022,.F.);
#5448=ORIENTED_EDGE('',*,*,#4017,.F.);
#5449=ORIENTED_EDGE('',*,*,#4023,.F.);
#5450=ORIENTED_EDGE('',*,*,#4024,.T.);
#5451=ORIENTED_EDGE('',*,*,#4025,.F.);
#5452=ORIENTED_EDGE('',*,*,#3882,.F.);
#5453=ORIENTED_EDGE('',*,*,#4026,.F.);
#5454=ORIENTED_EDGE('',*,*,#3872,.F.);
#5455=ORIENTED_EDGE('',*,*,#4027,.F.);
#5456=ORIENTED_EDGE('',*,*,#4028,.F.);
#5457=ORIENTED_EDGE('',*,*,#4029,.F.);
#5458=ORIENTED_EDGE('',*,*,#4024,.F.);
#5459=ORIENTED_EDGE('',*,*,#3761,.T.);
#5460=ORIENTED_EDGE('',*,*,#3876,.F.);
#5461=ORIENTED_EDGE('',*,*,#3944,.T.);
#5462=ORIENTED_EDGE('',*,*,#4030,.F.);
#5463=ORIENTED_EDGE('',*,*,#3950,.T.);
#5464=ORIENTED_EDGE('',*,*,#4031,.T.);
#5465=ORIENTED_EDGE('',*,*,#3818,.T.);
#5466=ORIENTED_EDGE('',*,*,#3915,.F.);
#5467=ORIENTED_EDGE('',*,*,#4032,.T.);
#5468=ORIENTED_EDGE('',*,*,#3721,.T.);
#5469=ORIENTED_EDGE('',*,*,#4033,.F.);
#5470=ORIENTED_EDGE('',*,*,#4034,.F.);
#5471=ORIENTED_EDGE('',*,*,#3947,.T.);
#5472=ORIENTED_EDGE('',*,*,#4035,.T.);
#5473=ORIENTED_EDGE('',*,*,#3253,.T.);
#5474=ORIENTED_EDGE('',*,*,#4036,.T.);
#5475=ORIENTED_EDGE('',*,*,#3240,.T.);
#5476=ORIENTED_EDGE('',*,*,#3252,.T.);
#5477=ORIENTED_EDGE('',*,*,#3264,.F.);
#5478=ORIENTED_EDGE('',*,*,#3241,.T.);
#5479=ORIENTED_EDGE('',*,*,#4036,.F.);
#5480=ORIENTED_EDGE('',*,*,#3803,.T.);
#5481=ORIENTED_EDGE('',*,*,#3930,.T.);
#5482=ORIENTED_EDGE('',*,*,#3957,.T.);
#5483=ORIENTED_EDGE('',*,*,#4037,.F.);
#5484=ORIENTED_EDGE('',*,*,#3796,.T.);
#5485=ORIENTED_EDGE('',*,*,#3924,.T.);
#5486=ORIENTED_EDGE('',*,*,#3962,.T.);
#5487=ORIENTED_EDGE('',*,*,#4038,.F.);
#5488=ORIENTED_EDGE('',*,*,#3759,.T.);
#5489=ORIENTED_EDGE('',*,*,#3879,.T.);
#5490=ORIENTED_EDGE('',*,*,#3967,.T.);
#5491=ORIENTED_EDGE('',*,*,#4039,.F.);
#5492=ORIENTED_EDGE('',*,*,#3728,.T.);
#5493=ORIENTED_EDGE('',*,*,#3914,.F.);
#5494=ORIENTED_EDGE('',*,*,#3828,.F.);
#5495=ORIENTED_EDGE('',*,*,#3969,.T.);
#5496=ORIENTED_EDGE('',*,*,#3846,.F.);
#5497=ORIENTED_EDGE('',*,*,#3696,.T.);
#5498=ORIENTED_EDGE('',*,*,#3810,.F.);
#5499=ORIENTED_EDGE('',*,*,#3974,.T.);
#5500=ORIENTED_EDGE('',*,*,#4040,.F.);
#5501=ORIENTED_EDGE('',*,*,#3979,.T.);
#5502=ORIENTED_EDGE('',*,*,#4041,.T.);
#5503=ORIENTED_EDGE('',*,*,#3848,.T.);
#5504=ORIENTED_EDGE('',*,*,#3917,.F.);
#5505=ORIENTED_EDGE('',*,*,#4042,.T.);
#5506=ORIENTED_EDGE('',*,*,#3743,.T.);
#5507=ORIENTED_EDGE('',*,*,#3861,.F.);
#5508=ORIENTED_EDGE('',*,*,#3981,.T.);
#5509=ORIENTED_EDGE('',*,*,#4043,.F.);
#5510=ORIENTED_EDGE('',*,*,#3986,.T.);
#5511=ORIENTED_EDGE('',*,*,#4044,.T.);
#5512=ORIENTED_EDGE('',*,*,#3891,.T.);
#5513=ORIENTED_EDGE('',*,*,#3913,.F.);
#5514=ORIENTED_EDGE('',*,*,#4045,.T.);
#5515=ORIENTED_EDGE('',*,*,#3798,.T.);
#5516=ORIENTED_EDGE('',*,*,#3927,.F.);
#5517=ORIENTED_EDGE('',*,*,#3988,.T.);
#5518=ORIENTED_EDGE('',*,*,#4046,.F.);
#5519=ORIENTED_EDGE('',*,*,#3993,.T.);
#5520=ORIENTED_EDGE('',*,*,#4047,.T.);
#5521=ORIENTED_EDGE('',*,*,#3830,.T.);
#5522=ORIENTED_EDGE('',*,*,#3911,.F.);
#5523=ORIENTED_EDGE('',*,*,#4048,.T.);
#5524=ORIENTED_EDGE('',*,*,#3997,.T.);
#5525=ORIENTED_EDGE('',*,*,#4049,.T.);
#5526=ORIENTED_EDGE('',*,*,#3880,.T.);
#5527=ORIENTED_EDGE('',*,*,#3910,.F.);
#5528=ORIENTED_EDGE('',*,*,#3908,.T.);
#5529=ORIENTED_EDGE('',*,*,#3788,.T.);
#5530=ORIENTED_EDGE('',*,*,#3276,.F.);
#5531=ORIENTED_EDGE('',*,*,#3999,.T.);
#5532=ORIENTED_EDGE('',*,*,#3904,.F.);
#5533=ORIENTED_EDGE('',*,*,#3752,.T.);
#5534=ORIENTED_EDGE('',*,*,#3870,.T.);
#5535=ORIENTED_EDGE('',*,*,#4001,.T.);
#5536=ORIENTED_EDGE('',*,*,#4050,.F.);
#5537=ORIENTED_EDGE('',*,*,#3741,.T.);
#5538=ORIENTED_EDGE('',*,*,#3864,.T.);
#5539=ORIENTED_EDGE('',*,*,#4006,.T.);
#5540=ORIENTED_EDGE('',*,*,#4051,.F.);
#5541=ORIENTED_EDGE('',*,*,#3694,.T.);
#5542=ORIENTED_EDGE('',*,*,#3813,.T.);
#5543=ORIENTED_EDGE('',*,*,#4011,.T.);
#5544=ORIENTED_EDGE('',*,*,#4052,.F.);
#5545=ORIENTED_EDGE('',*,*,#3973,.T.);
#5546=ORIENTED_EDGE('',*,*,#3888,.T.);
#5547=ORIENTED_EDGE('',*,*,#4004,.T.);
#5548=ORIENTED_EDGE('',*,*,#4053,.F.);
#5549=ORIENTED_EDGE('',*,*,#4009,.T.);
#5550=ORIENTED_EDGE('',*,*,#4054,.F.);
#5551=ORIENTED_EDGE('',*,*,#4013,.T.);
#5552=ORIENTED_EDGE('',*,*,#3857,.T.);
#5553=ORIENTED_EDGE('',*,*,#3965,.T.);
#5554=ORIENTED_EDGE('',*,*,#4055,.F.);
#5555=ORIENTED_EDGE('',*,*,#4008,.T.);
#5556=ORIENTED_EDGE('',*,*,#3899,.T.);
#5557=ORIENTED_EDGE('',*,*,#3970,.T.);
#5558=ORIENTED_EDGE('',*,*,#3827,.T.);
#5559=ORIENTED_EDGE('',*,*,#4014,.T.);
#5560=ORIENTED_EDGE('',*,*,#4056,.F.);
#5561=ORIENTED_EDGE('',*,*,#3971,.T.);
#5562=ORIENTED_EDGE('',*,*,#4057,.F.);
#5563=ORIENTED_EDGE('',*,*,#4003,.T.);
#5564=ORIENTED_EDGE('',*,*,#3843,.T.);
#5565=ORIENTED_EDGE('',*,*,#3960,.T.);
#5566=ORIENTED_EDGE('',*,*,#4058,.F.);
#5567=ORIENTED_EDGE('',*,*,#3964,.T.);
#5568=ORIENTED_EDGE('',*,*,#3839,.T.);
#5569=ORIENTED_EDGE('',*,*,#3959,.T.);
#5570=ORIENTED_EDGE('',*,*,#3902,.T.);
#5571=ORIENTED_EDGE('',*,*,#4000,.T.);
#5572=ORIENTED_EDGE('',*,*,#4059,.F.);
#5573=ORIENTED_EDGE('',*,*,#3805,.T.);
#5574=ORIENTED_EDGE('',*,*,#3932,.F.);
#5575=ORIENTED_EDGE('',*,*,#4016,.T.);
#5576=ORIENTED_EDGE('',*,*,#4060,.F.);
#5577=ORIENTED_EDGE('',*,*,#4021,.T.);
#5578=ORIENTED_EDGE('',*,*,#4061,.T.);
#5579=ORIENTED_EDGE('',*,*,#4062,.T.);
#5580=ORIENTED_EDGE('',*,*,#3916,.F.);
#5581=ORIENTED_EDGE('',*,*,#4063,.T.);
#5582=ORIENTED_EDGE('',*,*,#3754,.T.);
#5583=ORIENTED_EDGE('',*,*,#3873,.F.);
#5584=ORIENTED_EDGE('',*,*,#4023,.T.);
#5585=ORIENTED_EDGE('',*,*,#4064,.F.);
#5586=ORIENTED_EDGE('',*,*,#3948,.T.);
#5587=ORIENTED_EDGE('',*,*,#4034,.T.);
#5588=ORIENTED_EDGE('',*,*,#4065,.F.);
#5589=ORIENTED_EDGE('',*,*,#4027,.T.);
#5590=ORIENTED_EDGE('',*,*,#4066,.T.);
#5591=ORIENTED_EDGE('',*,*,#3996,.T.);
#5592=ORIENTED_EDGE('',*,*,#4067,.T.);
#5593=ORIENTED_EDGE('',*,*,#4026,.T.);
#5594=ORIENTED_EDGE('',*,*,#3881,.T.);
#5595=ORIENTED_EDGE('',*,*,#4049,.F.);
#5596=ORIENTED_EDGE('',*,*,#3992,.T.);
#5597=ORIENTED_EDGE('',*,*,#4068,.T.);
#5598=ORIENTED_EDGE('',*,*,#4019,.T.);
#5599=ORIENTED_EDGE('',*,*,#3831,.T.);
#5600=ORIENTED_EDGE('',*,*,#4047,.F.);
#5601=ORIENTED_EDGE('',*,*,#3985,.T.);
#5602=ORIENTED_EDGE('',*,*,#4069,.T.);
#5603=ORIENTED_EDGE('',*,*,#3991,.T.);
#5604=ORIENTED_EDGE('',*,*,#3892,.T.);
#5605=ORIENTED_EDGE('',*,*,#4044,.F.);
#5606=ORIENTED_EDGE('',*,*,#3978,.T.);
#5607=ORIENTED_EDGE('',*,*,#4070,.T.);
#5608=ORIENTED_EDGE('',*,*,#3984,.T.);
#5609=ORIENTED_EDGE('',*,*,#3849,.T.);
#5610=ORIENTED_EDGE('',*,*,#4041,.F.);
#5611=ORIENTED_EDGE('',*,*,#3956,.T.);
#5612=ORIENTED_EDGE('',*,*,#4071,.T.);
#5613=ORIENTED_EDGE('',*,*,#4061,.F.);
#5614=ORIENTED_EDGE('',*,*,#4020,.T.);
#5615=ORIENTED_EDGE('',*,*,#3260,.T.);
#5616=ORIENTED_EDGE('',*,*,#3949,.T.);
#5617=ORIENTED_EDGE('',*,*,#4072,.T.);
#5618=ORIENTED_EDGE('',*,*,#3977,.T.);
#5619=ORIENTED_EDGE('',*,*,#3819,.T.);
#5620=ORIENTED_EDGE('',*,*,#4031,.F.);
#5621=ORIENTED_EDGE('',*,*,#4028,.T.);
#5622=ORIENTED_EDGE('',*,*,#4065,.T.);
#5623=ORIENTED_EDGE('',*,*,#4033,.T.);
#5624=ORIENTED_EDGE('',*,*,#3912,.F.);
#5625=ORIENTED_EDGE('',*,*,#4073,.T.);
#5626=ORIENTED_EDGE('',*,*,#3781,.T.);
#5627=ORIENTED_EDGE('',*,*,#3897,.T.);
#5628=ORIENTED_EDGE('',*,*,#3966,.T.);
#5629=ORIENTED_EDGE('',*,*,#3898,.F.);
#5630=ORIENTED_EDGE('',*,*,#3775,.T.);
#5631=ORIENTED_EDGE('',*,*,#3772,.T.);
#5632=ORIENTED_EDGE('',*,*,#3886,.T.);
#5633=ORIENTED_EDGE('',*,*,#4005,.T.);
#5634=ORIENTED_EDGE('',*,*,#3887,.F.);
#5635=ORIENTED_EDGE('',*,*,#3766,.T.);
#5636=ORIENTED_EDGE('',*,*,#3720,.T.);
#5637=ORIENTED_EDGE('',*,*,#3837,.T.);
#5638=ORIENTED_EDGE('',*,*,#3961,.T.);
#5639=ORIENTED_EDGE('',*,*,#3838,.F.);
#5640=ORIENTED_EDGE('',*,*,#3714,.T.);
#5641=ORIENTED_EDGE('',*,*,#3738,.T.);
#5642=ORIENTED_EDGE('',*,*,#3855,.T.);
#5643=ORIENTED_EDGE('',*,*,#4010,.T.);
#5644=ORIENTED_EDGE('',*,*,#3856,.F.);
#5645=ORIENTED_EDGE('',*,*,#3732,.T.);
#5646=ORIENTED_EDGE('',*,*,#3792,.T.);
#5647=ORIENTED_EDGE('',*,*,#3909,.F.);
#5648=ORIENTED_EDGE('',*,*,#3889,.F.);
#5649=ORIENTED_EDGE('',*,*,#3972,.T.);
#5650=ORIENTED_EDGE('',*,*,#3920,.F.);
#5651=ORIENTED_EDGE('',*,*,#3746,.T.);
#5652=ORIENTED_EDGE('',*,*,#4074,.F.);
#5653=ORIENTED_EDGE('',*,*,#3995,.T.);
#5654=ORIENTED_EDGE('',*,*,#3918,.F.);
#5655=ORIENTED_EDGE('',*,*,#3711,.T.);
#5656=ORIENTED_EDGE('',*,*,#3825,.T.);
#5657=ORIENTED_EDGE('',*,*,#4015,.T.);
#5658=ORIENTED_EDGE('',*,*,#3826,.F.);
#5659=ORIENTED_EDGE('',*,*,#3705,.T.);
#5660=ORIENTED_EDGE('',*,*,#3874,.T.);
#5661=ORIENTED_EDGE('',*,*,#4075,.T.);
#5662=ORIENTED_EDGE('',*,*,#4040,.T.);
#5663=ORIENTED_EDGE('',*,*,#4072,.F.);
#5664=ORIENTED_EDGE('',*,*,#4043,.T.);
#5665=ORIENTED_EDGE('',*,*,#4070,.F.);
#5666=ORIENTED_EDGE('',*,*,#3808,.T.);
#5667=ORIENTED_EDGE('',*,*,#3942,.T.);
#5668=ORIENTED_EDGE('',*,*,#3925,.T.);
#5669=ORIENTED_EDGE('',*,*,#3936,.T.);
#5670=ORIENTED_EDGE('',*,*,#4060,.T.);
#5671=ORIENTED_EDGE('',*,*,#4068,.F.);
#5672=ORIENTED_EDGE('',*,*,#3871,.T.);
#5673=ORIENTED_EDGE('',*,*,#3938,.T.);
#5674=ORIENTED_EDGE('',*,*,#4030,.T.);
#5675=ORIENTED_EDGE('',*,*,#4066,.F.);
#5676=ORIENTED_EDGE('',*,*,#4064,.T.);
#5677=ORIENTED_EDGE('',*,*,#4067,.F.);
#5678=ORIENTED_EDGE('',*,*,#4074,.T.);
#5679=ORIENTED_EDGE('',*,*,#3940,.T.);
#5680=ORIENTED_EDGE('',*,*,#4046,.T.);
#5681=ORIENTED_EDGE('',*,*,#4069,.F.);
#5682=ORIENTED_EDGE('',*,*,#3859,.T.);
#5683=ORIENTED_EDGE('',*,*,#3934,.T.);
#5684=ORIENTED_EDGE('',*,*,#3697,.T.);
#5685=ORIENTED_EDGE('',*,*,#4075,.F.);
#5686=ORIENTED_EDGE('',*,*,#3760,.T.);
#5687=ORIENTED_EDGE('',*,*,#4076,.T.);
#5688=ORIENTED_EDGE('',*,*,#3726,.T.);
#5689=ORIENTED_EDGE('',*,*,#4035,.F.);
#5690=ORIENTED_EDGE('',*,*,#3946,.T.);
#5691=ORIENTED_EDGE('',*,*,#3951,.T.);
#5692=ORIENTED_EDGE('',*,*,#4032,.F.);
#5693=ORIENTED_EDGE('',*,*,#3717,.T.);
#5694=ORIENTED_EDGE('',*,*,#3833,.F.);
#5695=ORIENTED_EDGE('',*,*,#4018,.T.);
#5696=ORIENTED_EDGE('',*,*,#4022,.T.);
#5697=ORIENTED_EDGE('',*,*,#4063,.F.);
#5698=ORIENTED_EDGE('',*,*,#3778,.T.);
#5699=ORIENTED_EDGE('',*,*,#3894,.F.);
#5700=ORIENTED_EDGE('',*,*,#3990,.T.);
#5701=ORIENTED_EDGE('',*,*,#3994,.T.);
#5702=ORIENTED_EDGE('',*,*,#4048,.F.);
#5703=ORIENTED_EDGE('',*,*,#3769,.T.);
#5704=ORIENTED_EDGE('',*,*,#3883,.F.);
#5705=ORIENTED_EDGE('',*,*,#4025,.T.);
#5706=ORIENTED_EDGE('',*,*,#4029,.T.);
#5707=ORIENTED_EDGE('',*,*,#4073,.F.);
#5708=ORIENTED_EDGE('',*,*,#3708,.T.);
#5709=ORIENTED_EDGE('',*,*,#3821,.F.);
#5710=ORIENTED_EDGE('',*,*,#3976,.T.);
#5711=ORIENTED_EDGE('',*,*,#3980,.T.);
#5712=ORIENTED_EDGE('',*,*,#4042,.F.);
#5713=ORIENTED_EDGE('',*,*,#3787,.T.);
#5714=ORIENTED_EDGE('',*,*,#4077,.F.);
#5715=ORIENTED_EDGE('',*,*,#3954,.T.);
#5716=ORIENTED_EDGE('',*,*,#3952,.T.);
#5717=ORIENTED_EDGE('',*,*,#3278,.F.);
#5718=ORIENTED_EDGE('',*,*,#3782,.T.);
#5719=ORIENTED_EDGE('',*,*,#4062,.F.);
#5720=ORIENTED_EDGE('',*,*,#4071,.F.);
#5721=ORIENTED_EDGE('',*,*,#3955,.T.);
#5722=ORIENTED_EDGE('',*,*,#4077,.T.);
#5723=ORIENTED_EDGE('',*,*,#3735,.T.);
#5724=ORIENTED_EDGE('',*,*,#3851,.F.);
#5725=ORIENTED_EDGE('',*,*,#3983,.T.);
#5726=ORIENTED_EDGE('',*,*,#3987,.T.);
#5727=ORIENTED_EDGE('',*,*,#4045,.F.);
#5728=ORIENTED_EDGE('',*,*,#4037,.T.);
#5729=ORIENTED_EDGE('',*,*,#4059,.T.);
#5730=ORIENTED_EDGE('',*,*,#3816,.T.);
#5731=ORIENTED_EDGE('',*,*,#3943,.F.);
#5732=ORIENTED_EDGE('',*,*,#4050,.T.);
#5733=ORIENTED_EDGE('',*,*,#4057,.T.);
#5734=ORIENTED_EDGE('',*,*,#3877,.T.);
#5735=ORIENTED_EDGE('',*,*,#3937,.F.);
#5736=ORIENTED_EDGE('',*,*,#3867,.T.);
#5737=ORIENTED_EDGE('',*,*,#4053,.T.);
#5738=ORIENTED_EDGE('',*,*,#3868,.T.);
#5739=ORIENTED_EDGE('',*,*,#3939,.F.);
#5740=ORIENTED_EDGE('',*,*,#3811,.T.);
#5741=ORIENTED_EDGE('',*,*,#4076,.F.);
#5742=ORIENTED_EDGE('',*,*,#4039,.T.);
#5743=ORIENTED_EDGE('',*,*,#4056,.T.);
#5744=ORIENTED_EDGE('',*,*,#4051,.T.);
#5745=ORIENTED_EDGE('',*,*,#4055,.T.);
#5746=ORIENTED_EDGE('',*,*,#3922,.T.);
#5747=ORIENTED_EDGE('',*,*,#3933,.F.);
#5748=ORIENTED_EDGE('',*,*,#3928,.T.);
#5749=ORIENTED_EDGE('',*,*,#3935,.F.);
#5750=ORIENTED_EDGE('',*,*,#4038,.T.);
#5751=ORIENTED_EDGE('',*,*,#4058,.T.);
#5752=ORIENTED_EDGE('',*,*,#3862,.T.);
#5753=ORIENTED_EDGE('',*,*,#3941,.F.);
#5754=ORIENTED_EDGE('',*,*,#4052,.T.);
#5755=ORIENTED_EDGE('',*,*,#4054,.T.);
#5756=CYLINDRICAL_SURFACE('',#6132,3.8925);
#5757=CYLINDRICAL_SURFACE('',#6140,3.904);
#5758=ADVANCED_FACE('',(#374),#5756,.F.);
#5759=ADVANCED_FACE('',(#375),#5757,.F.);
#5760=ADVANCED_FACE('',(#376),#16,.T.);
#5761=ADVANCED_FACE('',(#377),#17,.T.);
#5762=ADVANCED_FACE('',(#378),#18,.F.);
#5763=ADVANCED_FACE('',(#379),#19,.F.);
#5764=ADVANCED_FACE('',(#380),#20,.F.);
#5765=ADVANCED_FACE('',(#381),#21,.F.);
#5766=ADVANCED_FACE('',(#382),#22,.T.);
#5767=ADVANCED_FACE('',(#383),#23,.T.);
#5768=ADVANCED_FACE('',(#384),#24,.T.);
#5769=ADVANCED_FACE('',(#385),#25,.T.);
#5770=ADVANCED_FACE('',(#386),#26,.T.);
#5771=ADVANCED_FACE('',(#387),#27,.T.);
#5772=ADVANCED_FACE('',(#388),#28,.T.);
#5773=ADVANCED_FACE('',(#389),#29,.T.);
#5774=ADVANCED_FACE('',(#390),#30,.T.);
#5775=ADVANCED_FACE('',(#391),#31,.T.);
#5776=ADVANCED_FACE('',(#392),#32,.T.);
#5777=ADVANCED_FACE('',(#393),#33,.T.);
#5778=ADVANCED_FACE('',(#394),#34,.T.);
#5779=ADVANCED_FACE('',(#395),#35,.T.);
#5780=ADVANCED_FACE('',(#396),#36,.T.);
#5781=ADVANCED_FACE('',(#397),#37,.T.);
#5782=ADVANCED_FACE('',(#398),#38,.T.);
#5783=ADVANCED_FACE('',(#399),#39,.T.);
#5784=ADVANCED_FACE('',(#400),#40,.T.);
#5785=ADVANCED_FACE('',(#401),#41,.T.);
#5786=ADVANCED_FACE('',(#402),#42,.T.);
#5787=ADVANCED_FACE('',(#403),#43,.T.);
#5788=ADVANCED_FACE('',(#404),#44,.T.);
#5789=ADVANCED_FACE('',(#405),#45,.T.);
#5790=ADVANCED_FACE('',(#406),#46,.T.);
#5791=ADVANCED_FACE('',(#407),#47,.T.);
#5792=ADVANCED_FACE('',(#408),#48,.T.);
#5793=ADVANCED_FACE('',(#409),#49,.T.);
#5794=ADVANCED_FACE('',(#410),#50,.T.);
#5795=ADVANCED_FACE('',(#411),#51,.T.);
#5796=ADVANCED_FACE('',(#412),#52,.T.);
#5797=ADVANCED_FACE('',(#413),#53,.T.);
#5798=ADVANCED_FACE('',(#414),#54,.T.);
#5799=ADVANCED_FACE('',(#415),#55,.T.);
#5800=ADVANCED_FACE('',(#416),#56,.T.);
#5801=ADVANCED_FACE('',(#417),#57,.T.);
#5802=ADVANCED_FACE('',(#418),#58,.T.);
#5803=ADVANCED_FACE('',(#419),#59,.F.);
#5804=ADVANCED_FACE('',(#420),#60,.T.);
#5805=ADVANCED_FACE('',(#421),#61,.T.);
#5806=ADVANCED_FACE('',(#422),#62,.F.);
#5807=ADVANCED_FACE('',(#423),#63,.F.);
#5808=ADVANCED_FACE('',(#424),#64,.T.);
#5809=ADVANCED_FACE('',(#425),#65,.T.);
#5810=ADVANCED_FACE('',(#426),#66,.T.);
#5811=ADVANCED_FACE('',(#427),#67,.F.);
#5812=ADVANCED_FACE('',(#428),#68,.T.);
#5813=ADVANCED_FACE('',(#429),#69,.T.);
#5814=ADVANCED_FACE('',(#430),#70,.T.);
#5815=ADVANCED_FACE('',(#431),#71,.T.);
#5816=ADVANCED_FACE('',(#432),#72,.T.);
#5817=ADVANCED_FACE('',(#433),#73,.T.);
#5818=ADVANCED_FACE('',(#434),#74,.T.);
#5819=ADVANCED_FACE('',(#435),#75,.T.);
#5820=ADVANCED_FACE('',(#436),#76,.T.);
#5821=ADVANCED_FACE('',(#437),#77,.F.);
#5822=ADVANCED_FACE('',(#438),#78,.T.);
#5823=ADVANCED_FACE('',(#439),#79,.T.);
#5824=ADVANCED_FACE('',(#440),#80,.F.);
#5825=ADVANCED_FACE('',(#441),#81,.F.);
#5826=ADVANCED_FACE('',(#442),#82,.T.);
#5827=ADVANCED_FACE('',(#443),#83,.T.);
#5828=ADVANCED_FACE('',(#444),#84,.F.);
#5829=ADVANCED_FACE('',(#445),#85,.F.);
#5830=ADVANCED_FACE('',(#446),#86,.F.);
#5831=ADVANCED_FACE('',(#447),#87,.F.);
#5832=ADVANCED_FACE('',(#448),#88,.F.);
#5833=ADVANCED_FACE('',(#449),#89,.F.);
#5834=ADVANCED_FACE('',(#450),#90,.F.);
#5835=ADVANCED_FACE('',(#451),#91,.T.);
#5836=ADVANCED_FACE('',(#452),#92,.T.);
#5837=ADVANCED_FACE('',(#453),#93,.T.);
#5838=ADVANCED_FACE('',(#454),#94,.T.);
#5839=ADVANCED_FACE('',(#455),#95,.F.);
#5840=ADVANCED_FACE('',(#456),#96,.F.);
#5841=ADVANCED_FACE('',(#457),#97,.F.);
#5842=ADVANCED_FACE('',(#458),#98,.F.);
#5843=ADVANCED_FACE('',(#459),#99,.F.);
#5844=ADVANCED_FACE('',(#460),#100,.F.);
#5845=ADVANCED_FACE('',(#461),#101,.T.);
#5846=ADVANCED_FACE('',(#462),#102,.T.);
#5847=ADVANCED_FACE('',(#463),#103,.T.);
#5848=ADVANCED_FACE('',(#464),#104,.T.);
#5849=ADVANCED_FACE('',(#465),#105,.T.);
#5850=ADVANCED_FACE('',(#466),#106,.T.);
#5851=ADVANCED_FACE('',(#467),#107,.T.);
#5852=ADVANCED_FACE('',(#468),#108,.T.);
#5853=ADVANCED_FACE('',(#469),#109,.T.);
#5854=ADVANCED_FACE('',(#470),#110,.T.);
#5855=ADVANCED_FACE('',(#471),#111,.T.);
#5856=ADVANCED_FACE('',(#472),#112,.T.);
#5857=ADVANCED_FACE('',(#473),#113,.T.);
#5858=ADVANCED_FACE('',(#474),#114,.T.);
#5859=ADVANCED_FACE('',(#475),#115,.T.);
#5860=ADVANCED_FACE('',(#476),#116,.T.);
#5861=ADVANCED_FACE('',(#477),#117,.T.);
#5862=ADVANCED_FACE('',(#478),#118,.T.);
#5863=ADVANCED_FACE('',(#479),#119,.T.);
#5864=ADVANCED_FACE('',(#480),#120,.T.);
#5865=ADVANCED_FACE('',(#481),#121,.T.);
#5866=ADVANCED_FACE('',(#482),#122,.T.);
#5867=ADVANCED_FACE('',(#483),#123,.T.);
#5868=ADVANCED_FACE('',(#484),#124,.T.);
#5869=ADVANCED_FACE('',(#485),#125,.T.);
#5870=ADVANCED_FACE('',(#486),#126,.T.);
#5871=ADVANCED_FACE('',(#487),#127,.T.);
#5872=ADVANCED_FACE('',(#488),#128,.T.);
#5873=ADVANCED_FACE('',(#489),#129,.T.);
#5874=ADVANCED_FACE('',(#490),#130,.T.);
#5875=ADVANCED_FACE('',(#491),#131,.T.);
#5876=ADVANCED_FACE('',(#492),#132,.F.);
#5877=ADVANCED_FACE('',(#493),#133,.T.);
#5878=ADVANCED_FACE('',(#494),#134,.T.);
#5879=ADVANCED_FACE('',(#495),#135,.T.);
#5880=ADVANCED_FACE('',(#496),#136,.T.);
#5881=ADVANCED_FACE('',(#497),#137,.T.);
#5882=ADVANCED_FACE('',(#498),#138,.T.);
#5883=ADVANCED_FACE('',(#499),#139,.T.);
#5884=ADVANCED_FACE('',(#500),#140,.F.);
#5885=ADVANCED_FACE('',(#501),#141,.T.);
#5886=ADVANCED_FACE('',(#502),#142,.F.);
#5887=ADVANCED_FACE('',(#503),#143,.T.);
#5888=ADVANCED_FACE('',(#504),#144,.F.);
#5889=ADVANCED_FACE('',(#505),#145,.F.);
#5890=ADVANCED_FACE('',(#506),#146,.T.);
#5891=ADVANCED_FACE('',(#507),#147,.T.);
#5892=ADVANCED_FACE('',(#508),#148,.T.);
#5893=ADVANCED_FACE('',(#509),#149,.T.);
#5894=ADVANCED_FACE('',(#510),#150,.F.);
#5895=ADVANCED_FACE('',(#511),#151,.F.);
#5896=ADVANCED_FACE('',(#512),#152,.F.);
#5897=ADVANCED_FACE('',(#513),#153,.F.);
#5898=ADVANCED_FACE('',(#514),#154,.F.);
#5899=ADVANCED_FACE('',(#515),#155,.F.);
#5900=ADVANCED_FACE('',(#516),#156,.F.);
#5901=ADVANCED_FACE('',(#517),#157,.T.);
#5902=ADVANCED_FACE('',(#518),#158,.F.);
#5903=ADVANCED_FACE('',(#519),#159,.T.);
#5904=ADVANCED_FACE('',(#520),#160,.F.);
#5905=ADVANCED_FACE('',(#521),#161,.F.);
#5906=ADVANCED_FACE('',(#522),#162,.F.);
#5907=ADVANCED_FACE('',(#523),#163,.F.);
#5908=ADVANCED_FACE('',(#524),#164,.F.);
#5909=ADVANCED_FACE('',(#525),#165,.F.);
#5910=ADVANCED_FACE('',(#526),#166,.F.);
#5911=ADVANCED_FACE('',(#527),#167,.F.);
#5912=ADVANCED_FACE('',(#528),#168,.T.);
#5913=ADVANCED_FACE('',(#529),#169,.T.);
#5914=ADVANCED_FACE('',(#530),#170,.T.);
#5915=ADVANCED_FACE('',(#531),#171,.T.);
#5916=ADVANCED_FACE('',(#532),#172,.T.);
#5917=ADVANCED_FACE('',(#533),#173,.T.);
#5918=ADVANCED_FACE('',(#534),#174,.T.);
#5919=ADVANCED_FACE('',(#535),#175,.F.);
#5920=ADVANCED_FACE('',(#536),#176,.F.);
#5921=ADVANCED_FACE('',(#537),#177,.F.);
#5922=ADVANCED_FACE('',(#538),#178,.F.);
#5923=ADVANCED_FACE('',(#539),#179,.F.);
#5924=ADVANCED_FACE('',(#540),#180,.F.);
#5925=ADVANCED_FACE('',(#541),#181,.F.);
#5926=ADVANCED_FACE('',(#542),#182,.F.);
#5927=ADVANCED_FACE('',(#543),#183,.T.);
#5928=ADVANCED_FACE('',(#544),#184,.T.);
#5929=ADVANCED_FACE('',(#545),#185,.T.);
#5930=ADVANCED_FACE('',(#546),#186,.T.);
#5931=ADVANCED_FACE('',(#547),#187,.T.);
#5932=ADVANCED_FACE('',(#548),#188,.T.);
#5933=ADVANCED_FACE('',(#549),#189,.T.);
#5934=ADVANCED_FACE('',(#550),#190,.T.);
#5935=ADVANCED_FACE('',(#551),#191,.F.);
#5936=ADVANCED_FACE('',(#552),#192,.F.);
#5937=ADVANCED_FACE('',(#553),#193,.F.);
#5938=ADVANCED_FACE('',(#554),#194,.F.);
#5939=ADVANCED_FACE('',(#555),#195,.F.);
#5940=ADVANCED_FACE('',(#556),#196,.F.);
#5941=ADVANCED_FACE('',(#557),#197,.F.);
#5942=ADVANCED_FACE('',(#558),#198,.F.);
#5943=ADVANCED_FACE('',(#559),#199,.F.);
#5944=ADVANCED_FACE('',(#560),#200,.F.);
#5945=ADVANCED_FACE('',(#561),#201,.F.);
#5946=ADVANCED_FACE('',(#562),#202,.F.);
#5947=ADVANCED_FACE('',(#563),#203,.F.);
#5948=ADVANCED_FACE('',(#564),#204,.F.);
#5949=ADVANCED_FACE('',(#565),#205,.F.);
#5950=ADVANCED_FACE('',(#566),#206,.F.);
#5951=ADVANCED_FACE('',(#567),#207,.F.);
#5952=ADVANCED_FACE('',(#568),#208,.F.);
#5953=ADVANCED_FACE('',(#569),#209,.F.);
#5954=ADVANCED_FACE('',(#570),#210,.F.);
#5955=ADVANCED_FACE('',(#571),#211,.F.);
#5956=ADVANCED_FACE('',(#572),#212,.F.);
#5957=ADVANCED_FACE('',(#573),#213,.F.);
#5958=ADVANCED_FACE('',(#574),#214,.F.);
#5959=ADVANCED_FACE('',(#575),#215,.F.);
#5960=ADVANCED_FACE('',(#576),#216,.F.);
#5961=ADVANCED_FACE('',(#577),#217,.F.);
#5962=ADVANCED_FACE('',(#578),#218,.F.);
#5963=ADVANCED_FACE('',(#579),#219,.F.);
#5964=ADVANCED_FACE('',(#580),#220,.F.);
#5965=ADVANCED_FACE('',(#581),#221,.F.);
#5966=ADVANCED_FACE('',(#582),#222,.F.);
#5967=ADVANCED_FACE('',(#583),#223,.F.);
#5968=ADVANCED_FACE('',(#584),#224,.F.);
#5969=ADVANCED_FACE('',(#585),#225,.F.);
#5970=ADVANCED_FACE('',(#586),#226,.F.);
#5971=ADVANCED_FACE('',(#587),#227,.F.);
#5972=ADVANCED_FACE('',(#588),#228,.F.);
#5973=ADVANCED_FACE('',(#589),#229,.F.);
#5974=ADVANCED_FACE('',(#590),#230,.F.);
#5975=ADVANCED_FACE('',(#591),#231,.F.);
#5976=ADVANCED_FACE('',(#592),#232,.F.);
#5977=ADVANCED_FACE('',(#593),#233,.F.);
#5978=ADVANCED_FACE('',(#594),#234,.T.);
#5979=ADVANCED_FACE('',(#595),#235,.F.);
#5980=ADVANCED_FACE('',(#596),#236,.F.);
#5981=ADVANCED_FACE('',(#597),#237,.T.);
#5982=ADVANCED_FACE('',(#598),#238,.T.);
#5983=ADVANCED_FACE('',(#599),#239,.F.);
#5984=ADVANCED_FACE('',(#600),#240,.F.);
#5985=ADVANCED_FACE('',(#601),#241,.F.);
#5986=ADVANCED_FACE('',(#602),#242,.T.);
#5987=ADVANCED_FACE('',(#603),#243,.F.);
#5988=ADVANCED_FACE('',(#604),#244,.F.);
#5989=ADVANCED_FACE('',(#605),#245,.F.);
#5990=ADVANCED_FACE('',(#606),#246,.F.);
#5991=ADVANCED_FACE('',(#607),#247,.F.);
#5992=ADVANCED_FACE('',(#608),#248,.F.);
#5993=ADVANCED_FACE('',(#609),#249,.F.);
#5994=ADVANCED_FACE('',(#610),#250,.F.);
#5995=ADVANCED_FACE('',(#611),#251,.F.);
#5996=ADVANCED_FACE('',(#612),#252,.T.);
#5997=ADVANCED_FACE('',(#613),#253,.F.);
#5998=ADVANCED_FACE('',(#614),#254,.F.);
#5999=ADVANCED_FACE('',(#615),#255,.T.);
#6000=ADVANCED_FACE('',(#616),#256,.T.);
#6001=ADVANCED_FACE('',(#617),#257,.F.);
#6002=ADVANCED_FACE('',(#618),#258,.F.);
#6003=ADVANCED_FACE('',(#619),#259,.T.);
#6004=ADVANCED_FACE('',(#620),#260,.T.);
#6005=ADVANCED_FACE('',(#621),#261,.T.);
#6006=ADVANCED_FACE('',(#622),#262,.T.);
#6007=ADVANCED_FACE('',(#623),#263,.T.);
#6008=ADVANCED_FACE('',(#624),#264,.T.);
#6009=ADVANCED_FACE('',(#625),#265,.T.);
#6010=ADVANCED_FACE('',(#626,#15),#266,.F.);
#6011=ADVANCED_FACE('',(#627),#267,.F.);
#6012=ADVANCED_FACE('',(#628),#268,.F.);
#6013=ADVANCED_FACE('',(#629),#269,.F.);
#6014=ADVANCED_FACE('',(#630),#270,.F.);
#6015=ADVANCED_FACE('',(#631),#271,.T.);
#6016=ADVANCED_FACE('',(#632),#272,.T.);
#6017=ADVANCED_FACE('',(#633),#273,.T.);
#6018=ADVANCED_FACE('',(#634),#274,.T.);
#6019=ADVANCED_FACE('',(#635),#275,.T.);
#6020=ADVANCED_FACE('',(#636),#276,.T.);
#6021=ADVANCED_FACE('',(#637),#277,.F.);
#6022=ADVANCED_FACE('',(#638),#278,.F.);
#6023=ADVANCED_FACE('',(#639),#279,.F.);
#6024=ADVANCED_FACE('',(#640),#280,.F.);
#6025=ADVANCED_FACE('',(#641),#281,.F.);
#6026=ADVANCED_FACE('',(#642),#282,.F.);
#6027=ADVANCED_FACE('',(#643),#283,.F.);
#6028=ADVANCED_FACE('',(#644),#284,.F.);
#6029=ADVANCED_FACE('',(#645),#285,.F.);
#6030=ADVANCED_FACE('',(#646),#286,.F.);
#6031=ADVANCED_FACE('',(#647),#287,.F.);
#6032=ADVANCED_FACE('',(#648),#288,.F.);
#6033=ADVANCED_FACE('',(#649),#289,.F.);
#6034=ADVANCED_FACE('',(#650),#290,.F.);
#6035=ADVANCED_FACE('',(#651),#291,.F.);
#6036=ADVANCED_FACE('',(#652),#292,.F.);
#6037=ADVANCED_FACE('',(#653),#293,.F.);
#6038=ADVANCED_FACE('',(#654),#294,.F.);
#6039=ADVANCED_FACE('',(#655),#295,.F.);
#6040=ADVANCED_FACE('',(#656),#296,.F.);
#6041=ADVANCED_FACE('',(#657),#297,.F.);
#6042=ADVANCED_FACE('',(#658),#298,.F.);
#6043=ADVANCED_FACE('',(#659),#299,.F.);
#6044=ADVANCED_FACE('',(#660),#300,.F.);
#6045=ADVANCED_FACE('',(#661),#301,.F.);
#6046=ADVANCED_FACE('',(#662),#302,.F.);
#6047=ADVANCED_FACE('',(#663),#303,.F.);
#6048=ADVANCED_FACE('',(#664),#304,.F.);
#6049=ADVANCED_FACE('',(#665),#305,.F.);
#6050=ADVANCED_FACE('',(#666),#306,.F.);
#6051=ADVANCED_FACE('',(#667),#307,.F.);
#6052=ADVANCED_FACE('',(#668),#308,.T.);
#6053=ADVANCED_FACE('',(#669),#309,.F.);
#6054=ADVANCED_FACE('',(#670),#310,.F.);
#6055=ADVANCED_FACE('',(#671),#311,.F.);
#6056=ADVANCED_FACE('',(#672),#312,.F.);
#6057=ADVANCED_FACE('',(#673),#313,.F.);
#6058=ADVANCED_FACE('',(#674),#314,.F.);
#6059=ADVANCED_FACE('',(#675),#315,.F.);
#6060=ADVANCED_FACE('',(#676),#316,.F.);
#6061=ADVANCED_FACE('',(#677),#317,.T.);
#6062=ADVANCED_FACE('',(#678),#318,.F.);
#6063=ADVANCED_FACE('',(#679),#319,.T.);
#6064=ADVANCED_FACE('',(#680),#320,.F.);
#6065=ADVANCED_FACE('',(#681),#321,.T.);
#6066=ADVANCED_FACE('',(#682),#322,.T.);
#6067=ADVANCED_FACE('',(#683),#323,.F.);
#6068=ADVANCED_FACE('',(#684),#324,.F.);
#6069=ADVANCED_FACE('',(#685),#325,.F.);
#6070=ADVANCED_FACE('',(#686),#326,.F.);
#6071=ADVANCED_FACE('',(#687),#327,.T.);
#6072=ADVANCED_FACE('',(#688),#328,.T.);
#6073=ADVANCED_FACE('',(#689),#329,.T.);
#6074=ADVANCED_FACE('',(#690),#330,.T.);
#6075=ADVANCED_FACE('',(#691),#331,.T.);
#6076=ADVANCED_FACE('',(#692),#332,.T.);
#6077=ADVANCED_FACE('',(#693),#333,.T.);
#6078=ADVANCED_FACE('',(#694),#334,.F.);
#6079=ADVANCED_FACE('',(#695),#335,.T.);
#6080=ADVANCED_FACE('',(#696),#336,.F.);
#6081=ADVANCED_FACE('',(#697),#337,.T.);
#6082=ADVANCED_FACE('',(#698),#338,.T.);
#6083=ADVANCED_FACE('',(#699),#339,.T.);
#6084=ADVANCED_FACE('',(#700),#340,.T.);
#6085=ADVANCED_FACE('',(#701),#341,.T.);
#6086=ADVANCED_FACE('',(#702),#342,.T.);
#6087=ADVANCED_FACE('',(#703),#343,.T.);
#6088=ADVANCED_FACE('',(#704),#344,.T.);
#6089=ADVANCED_FACE('',(#705),#345,.F.);
#6090=ADVANCED_FACE('',(#706),#346,.F.);
#6091=ADVANCED_FACE('',(#707),#347,.F.);
#6092=ADVANCED_FACE('',(#708),#348,.F.);
#6093=ADVANCED_FACE('',(#709),#349,.F.);
#6094=ADVANCED_FACE('',(#710),#350,.F.);
#6095=ADVANCED_FACE('',(#711),#351,.F.);
#6096=ADVANCED_FACE('',(#712),#352,.T.);
#6097=ADVANCED_FACE('',(#713),#353,.T.);
#6098=ADVANCED_FACE('',(#714),#354,.T.);
#6099=ADVANCED_FACE('',(#715),#355,.T.);
#6100=ADVANCED_FACE('',(#716),#356,.T.);
#6101=ADVANCED_FACE('',(#717),#357,.T.);
#6102=ADVANCED_FACE('',(#718),#358,.T.);
#6103=ADVANCED_FACE('',(#719),#359,.F.);
#6104=ADVANCED_FACE('',(#720),#360,.F.);
#6105=ADVANCED_FACE('',(#721),#361,.F.);
#6106=ADVANCED_FACE('',(#722),#362,.F.);
#6107=ADVANCED_FACE('',(#723),#363,.F.);
#6108=ADVANCED_FACE('',(#724),#364,.F.);
#6109=ADVANCED_FACE('',(#725),#365,.F.);
#6110=ADVANCED_FACE('',(#726),#366,.F.);
#6111=ADVANCED_FACE('',(#727),#367,.T.);
#6112=ADVANCED_FACE('',(#728),#368,.T.);
#6113=ADVANCED_FACE('',(#729),#369,.T.);
#6114=ADVANCED_FACE('',(#730),#370,.T.);
#6115=ADVANCED_FACE('',(#731),#371,.T.);
#6116=ADVANCED_FACE('',(#732),#372,.T.);
#6117=ADVANCED_FACE('',(#733),#373,.T.);
#6118=CLOSED_SHELL('',(#5758,#5759,#5760,#5761,#5762,#5763,#5764,#5765,
#5766,#5767,#5768,#5769,#5770,#5771,#5772,#5773,#5774,#5775,#5776,#5777,
#5778,#5779,#5780,#5781,#5782,#5783,#5784,#5785,#5786,#5787,#5788,#5789,
#5790,#5791,#5792,#5793,#5794,#5795,#5796,#5797,#5798,#5799,#5800,#5801,
#5802,#5803,#5804,#5805,#5806,#5807,#5808,#5809,#5810,#5811,#5812,#5813,
#5814,#5815,#5816,#5817,#5818,#5819,#5820,#5821,#5822,#5823,#5824,#5825,
#5826,#5827,#5828,#5829,#5830,#5831,#5832,#5833,#5834,#5835,#5836,#5837,
#5838,#5839,#5840,#5841,#5842,#5843,#5844,#5845,#5846,#5847,#5848,#5849,
#5850,#5851,#5852,#5853,#5854,#5855,#5856,#5857,#5858,#5859,#5860,#5861,
#5862,#5863,#5864,#5865,#5866,#5867,#5868,#5869,#5870,#5871,#5872,#5873,
#5874,#5875,#5876,#5877,#5878,#5879,#5880,#5881,#5882,#5883,#5884,#5885,
#5886,#5887,#5888,#5889,#5890,#5891,#5892,#5893,#5894,#5895,#5896,#5897,
#5898,#5899,#5900,#5901,#5902,#5903,#5904,#5905,#5906,#5907,#5908,#5909,
#5910,#5911,#5912,#5913,#5914,#5915,#5916,#5917,#5918,#5919,#5920,#5921,
#5922,#5923,#5924,#5925,#5926,#5927,#5928,#5929,#5930,#5931,#5932,#5933,
#5934,#5935,#5936,#5937,#5938,#5939,#5940,#5941,#5942,#5943,#5944,#5945,
#5946,#5947,#5948,#5949,#5950,#5951,#5952,#5953,#5954,#5955,#5956,#5957,
#5958,#5959,#5960,#5961,#5962,#5963,#5964,#5965,#5966,#5967,#5968,#5969,
#5970,#5971,#5972,#5973,#5974,#5975,#5976,#5977,#5978,#5979,#5980,#5981,
#5982,#5983,#5984,#5985,#5986,#5987,#5988,#5989,#5990,#5991,#5992,#5993,
#5994,#5995,#5996,#5997,#5998,#5999,#6000,#6001,#6002,#6003,#6004,#6005,
#6006,#6007,#6008,#6009,#6010,#6011,#6012,#6013,#6014,#6015,#6016,#6017,
#6018,#6019,#6020,#6021,#6022,#6023,#6024,#6025,#6026,#6027,#6028,#6029,
#6030,#6031,#6032,#6033,#6034,#6035,#6036,#6037,#6038,#6039,#6040,#6041,
#6042,#6043,#6044,#6045,#6046,#6047,#6048,#6049,#6050,#6051,#6052,#6053,
#6054,#6055,#6056,#6057,#6058,#6059,#6060,#6061,#6062,#6063,#6064,#6065,
#6066,#6067,#6068,#6069,#6070,#6071,#6072,#6073,#6074,#6075,#6076,#6077,
#6078,#6079,#6080,#6081,#6082,#6083,#6084,#6085,#6086,#6087,#6088,#6089,
#6090,#6091,#6092,#6093,#6094,#6095,#6096,#6097,#6098,#6099,#6100,#6101,
#6102,#6103,#6104,#6105,#6106,#6107,#6108,#6109,#6110,#6111,#6112,#6113,
#6114,#6115,#6116,#6117));
#6119=DERIVED_UNIT_ELEMENT(#6121,1.);
#6120=DERIVED_UNIT_ELEMENT(#9766,-3.);
#6121=(
MASS_UNIT()
NAMED_UNIT(*)
SI_UNIT(.KILO.,.GRAM.)
);
#6122=DERIVED_UNIT((#6119,#6120));
#6123=MEASURE_REPRESENTATION_ITEM('density measure',
POSITIVE_RATIO_MEASURE(7850.),#6122);
#6124=PROPERTY_DEFINITION_REPRESENTATION(#6129,#6126);
#6125=PROPERTY_DEFINITION_REPRESENTATION(#6130,#6127);
#6126=REPRESENTATION('material name',(#6128),#9763);
#6127=REPRESENTATION('density',(#6123),#9763);
#6128=DESCRIPTIVE_REPRESENTATION_ITEM('Steel','Steel');
#6129=PROPERTY_DEFINITION('material property','material name',#9773);
#6130=PROPERTY_DEFINITION('material property','density of part',#9773);
#6131=AXIS2_PLACEMENT_3D('',#8081,#6506,#6507);
#6132=AXIS2_PLACEMENT_3D('',#8082,#6508,#6509);
#6133=AXIS2_PLACEMENT_3D('',#8087,#6511,#6512);
#6134=AXIS2_PLACEMENT_3D('',#8089,#6513,#6514);
#6135=AXIS2_PLACEMENT_3D('',#8091,#6515,#6516);
#6136=AXIS2_PLACEMENT_3D('',#8093,#6517,#6518);
#6137=AXIS2_PLACEMENT_3D('',#8095,#6519,#6520);
#6138=AXIS2_PLACEMENT_3D('',#8097,#6521,#6522);
#6139=AXIS2_PLACEMENT_3D('',#8098,#6523,#6524);
#6140=AXIS2_PLACEMENT_3D('',#8099,#6525,#6526);
#6141=AXIS2_PLACEMENT_3D('',#8101,#6527,#6528);
#6142=AXIS2_PLACEMENT_3D('',#8103,#6529,#6530);
#6143=AXIS2_PLACEMENT_3D('',#8105,#6531,#6532);
#6144=AXIS2_PLACEMENT_3D('',#8107,#6533,#6534);
#6145=AXIS2_PLACEMENT_3D('',#8109,#6535,#6536);
#6146=AXIS2_PLACEMENT_3D('',#8111,#6537,#6538);
#6147=AXIS2_PLACEMENT_3D('',#8112,#6539,#6540);
#6148=AXIS2_PLACEMENT_3D('',#8113,#6541,#6542);
#6149=AXIS2_PLACEMENT_3D('',#8123,#6548,#6549);
#6150=AXIS2_PLACEMENT_3D('',#8134,#6556,#6557);
#6151=AXIS2_PLACEMENT_3D('',#8138,#6560,#6561);
#6152=AXIS2_PLACEMENT_3D('',#8142,#6564,#6565);
#6153=AXIS2_PLACEMENT_3D('',#8146,#6568,#6569);
#6154=AXIS2_PLACEMENT_3D('',#8150,#6572,#6573);
#6155=AXIS2_PLACEMENT_3D('',#8177,#6588,#6589);
#6156=AXIS2_PLACEMENT_3D('',#8186,#6594,#6595);
#6157=AXIS2_PLACEMENT_3D('',#8192,#6599,#6600);
#6158=AXIS2_PLACEMENT_3D('',#8200,#6605,#6606);
#6159=AXIS2_PLACEMENT_3D('',#8202,#6608,#6609);
#6160=AXIS2_PLACEMENT_3D('',#8213,#6615,#6616);
#6161=AXIS2_PLACEMENT_3D('',#8221,#6621,#6622);
#6162=AXIS2_PLACEMENT_3D('',#8232,#6628,#6629);
#6163=AXIS2_PLACEMENT_3D('',#8240,#6634,#6635);
#6164=AXIS2_PLACEMENT_3D('',#8251,#6641,#6642);
#6165=AXIS2_PLACEMENT_3D('',#8259,#6647,#6648);
#6166=AXIS2_PLACEMENT_3D('',#8270,#6654,#6655);
#6167=AXIS2_PLACEMENT_3D('',#8278,#6660,#6661);
#6168=AXIS2_PLACEMENT_3D('',#8287,#6666,#6667);
#6169=AXIS2_PLACEMENT_3D('',#8293,#6671,#6672);
#6170=AXIS2_PLACEMENT_3D('',#8302,#6677,#6678);
#6171=AXIS2_PLACEMENT_3D('',#8311,#6683,#6684);
#6172=AXIS2_PLACEMENT_3D('',#8317,#6688,#6689);
#6173=AXIS2_PLACEMENT_3D('',#8326,#6694,#6695);
#6174=AXIS2_PLACEMENT_3D('',#8332,#6699,#6700);
#6175=AXIS2_PLACEMENT_3D('',#8343,#6706,#6707);
#6176=AXIS2_PLACEMENT_3D('',#8351,#6712,#6713);
#6177=AXIS2_PLACEMENT_3D('',#8362,#6719,#6720);
#6178=AXIS2_PLACEMENT_3D('',#8370,#6725,#6726);
#6179=AXIS2_PLACEMENT_3D('',#8381,#6732,#6733);
#6180=AXIS2_PLACEMENT_3D('',#8386,#6737,#6738);
#6181=AXIS2_PLACEMENT_3D('',#8395,#6743,#6744);
#6182=AXIS2_PLACEMENT_3D('',#8404,#6749,#6750);
#6183=AXIS2_PLACEMENT_3D('',#8410,#6754,#6755);
#6184=AXIS2_PLACEMENT_3D('',#8419,#6760,#6761);
#6185=AXIS2_PLACEMENT_3D('',#8425,#6765,#6766);
#6186=AXIS2_PLACEMENT_3D('',#8431,#6770,#6771);
#6187=AXIS2_PLACEMENT_3D('',#8437,#6775,#6776);
#6188=AXIS2_PLACEMENT_3D('',#8441,#6779,#6780);
#6189=AXIS2_PLACEMENT_3D('',#8445,#6783,#6784);
#6190=AXIS2_PLACEMENT_3D('',#8453,#6789,#6790);
#6191=AXIS2_PLACEMENT_3D('',#8461,#6795,#6796);
#6192=AXIS2_PLACEMENT_3D('',#8469,#6801,#6802);
#6193=AXIS2_PLACEMENT_3D('',#8477,#6807,#6808);
#6194=AXIS2_PLACEMENT_3D('',#8485,#6813,#6814);
#6195=AXIS2_PLACEMENT_3D('',#8493,#6819,#6820);
#6196=AXIS2_PLACEMENT_3D('',#8501,#6825,#6826);
#6197=AXIS2_PLACEMENT_3D('',#8505,#6829,#6830);
#6198=AXIS2_PLACEMENT_3D('',#8513,#6835,#6836);
#6199=AXIS2_PLACEMENT_3D('',#8521,#6841,#6842);
#6200=AXIS2_PLACEMENT_3D('',#8526,#6846,#6847);
#6201=AXIS2_PLACEMENT_3D('',#8532,#6851,#6852);
#6202=AXIS2_PLACEMENT_3D('',#8538,#6856,#6857);
#6203=AXIS2_PLACEMENT_3D('',#8544,#6861,#6862);
#6204=AXIS2_PLACEMENT_3D('',#8550,#6866,#6867);
#6205=AXIS2_PLACEMENT_3D('',#8556,#6871,#6872);
#6206=AXIS2_PLACEMENT_3D('',#8562,#6876,#6877);
#6207=AXIS2_PLACEMENT_3D('',#8568,#6881,#6882);
#6208=AXIS2_PLACEMENT_3D('',#8576,#6887,#6888);
#6209=AXIS2_PLACEMENT_3D('',#8581,#6892,#6893);
#6210=AXIS2_PLACEMENT_3D('',#8589,#6898,#6899);
#6211=AXIS2_PLACEMENT_3D('',#8597,#6904,#6905);
#6212=AXIS2_PLACEMENT_3D('',#8602,#6909,#6910);
#6213=AXIS2_PLACEMENT_3D('',#8607,#6914,#6915);
#6214=AXIS2_PLACEMENT_3D('',#8612,#6919,#6920);
#6215=AXIS2_PLACEMENT_3D('',#8616,#6923,#6924);
#6216=AXIS2_PLACEMENT_3D('',#8622,#6928,#6929);
#6217=AXIS2_PLACEMENT_3D('',#8625,#6932,#6933);
#6218=AXIS2_PLACEMENT_3D('',#8627,#6935,#6936);
#6219=AXIS2_PLACEMENT_3D('',#8629,#6938,#6939);
#6220=AXIS2_PLACEMENT_3D('',#8631,#6941,#6942);
#6221=AXIS2_PLACEMENT_3D('',#8634,#6945,#6946);
#6222=AXIS2_PLACEMENT_3D('',#8636,#6948,#6949);
#6223=AXIS2_PLACEMENT_3D('',#8638,#6951,#6952);
#6224=AXIS2_PLACEMENT_3D('',#8644,#6956,#6957);
#6225=AXIS2_PLACEMENT_3D('',#8650,#6961,#6962);
#6226=AXIS2_PLACEMENT_3D('',#8656,#6966,#6967);
#6227=AXIS2_PLACEMENT_3D('',#8662,#6971,#6972);
#6228=AXIS2_PLACEMENT_3D('',#8665,#6975,#6976);
#6229=AXIS2_PLACEMENT_3D('',#8668,#6979,#6980);
#6230=AXIS2_PLACEMENT_3D('',#8671,#6983,#6984);
#6231=AXIS2_PLACEMENT_3D('',#8674,#6987,#6988);
#6232=AXIS2_PLACEMENT_3D('',#8677,#6991,#6992);
#6233=AXIS2_PLACEMENT_3D('',#8680,#6995,#6996);
#6234=AXIS2_PLACEMENT_3D('',#8692,#7003,#7004);
#6235=AXIS2_PLACEMENT_3D('',#8700,#7009,#7010);
#6236=AXIS2_PLACEMENT_3D('',#8704,#7013,#7014);
#6237=AXIS2_PLACEMENT_3D('',#8714,#7020,#7021);
#6238=AXIS2_PLACEMENT_3D('',#8719,#7025,#7026);
#6239=AXIS2_PLACEMENT_3D('',#8722,#7029,#7030);
#6240=AXIS2_PLACEMENT_3D('',#8727,#7034,#7035);
#6241=AXIS2_PLACEMENT_3D('',#8730,#7038,#7039);
#6242=AXIS2_PLACEMENT_3D('',#8736,#7044,#7045);
#6243=AXIS2_PLACEMENT_3D('',#8738,#7047,#7048);
#6244=AXIS2_PLACEMENT_3D('',#8743,#7052,#7053);
#6245=AXIS2_PLACEMENT_3D('',#8752,#7059,#7060);
#6246=AXIS2_PLACEMENT_3D('',#8760,#7065,#7066);
#6247=AXIS2_PLACEMENT_3D('',#8769,#7072,#7073);
#6248=AXIS2_PLACEMENT_3D('',#8777,#7078,#7079);
#6249=AXIS2_PLACEMENT_3D('',#8786,#7085,#7086);
#6250=AXIS2_PLACEMENT_3D('',#8794,#7091,#7092);
#6251=AXIS2_PLACEMENT_3D('',#8804,#7098,#7099);
#6252=AXIS2_PLACEMENT_3D('',#8807,#7102,#7103);
#6253=AXIS2_PLACEMENT_3D('',#8809,#7105,#7106);
#6254=AXIS2_PLACEMENT_3D('',#8814,#7110,#7111);
#6255=AXIS2_PLACEMENT_3D('',#8817,#7114,#7115);
#6256=AXIS2_PLACEMENT_3D('',#8822,#7119,#7120);
#6257=AXIS2_PLACEMENT_3D('',#8825,#7123,#7124);
#6258=AXIS2_PLACEMENT_3D('',#8830,#7128,#7129);
#6259=AXIS2_PLACEMENT_3D('',#8833,#7132,#7133);
#6260=AXIS2_PLACEMENT_3D('',#8842,#7139,#7140);
#6261=AXIS2_PLACEMENT_3D('',#8850,#7145,#7146);
#6262=AXIS2_PLACEMENT_3D('',#8859,#7152,#7153);
#6263=AXIS2_PLACEMENT_3D('',#8867,#7158,#7159);
#6264=AXIS2_PLACEMENT_3D('',#8869,#7161,#7162);
#6265=AXIS2_PLACEMENT_3D('',#8872,#7165,#7166);
#6266=AXIS2_PLACEMENT_3D('',#8877,#7170,#7171);
#6267=AXIS2_PLACEMENT_3D('',#8879,#7173,#7174);
#6268=AXIS2_PLACEMENT_3D('',#8881,#7176,#7177);
#6269=AXIS2_PLACEMENT_3D('',#8883,#7179,#7180);
#6270=AXIS2_PLACEMENT_3D('',#8885,#7182,#7183);
#6271=AXIS2_PLACEMENT_3D('',#8886,#7184,#7185);
#6272=AXIS2_PLACEMENT_3D('',#8888,#7187,#7188);
#6273=AXIS2_PLACEMENT_3D('',#8891,#7191,#7192);
#6274=AXIS2_PLACEMENT_3D('',#8893,#7194,#7195);
#6275=AXIS2_PLACEMENT_3D('',#8896,#7198,#7199);
#6276=AXIS2_PLACEMENT_3D('',#8898,#7201,#7202);
#6277=AXIS2_PLACEMENT_3D('',#8901,#7205,#7206);
#6278=AXIS2_PLACEMENT_3D('',#8903,#7208,#7209);
#6279=AXIS2_PLACEMENT_3D('',#8904,#7210,#7211);
#6280=AXIS2_PLACEMENT_3D('',#8906,#7213,#7214);
#6281=AXIS2_PLACEMENT_3D('',#8908,#7216,#7217);
#6282=AXIS2_PLACEMENT_3D('',#8910,#7219,#7220);
#6283=AXIS2_PLACEMENT_3D('',#8912,#7222,#7223);
#6284=AXIS2_PLACEMENT_3D('',#8914,#7225,#7226);
#6285=AXIS2_PLACEMENT_3D('',#8916,#7228,#7229);
#6286=AXIS2_PLACEMENT_3D('',#8918,#7231,#7232);
#6287=AXIS2_PLACEMENT_3D('',#8920,#7234,#7235);
#6288=AXIS2_PLACEMENT_3D('',#8922,#7237,#7238);
#6289=AXIS2_PLACEMENT_3D('',#8924,#7240,#7241);
#6290=AXIS2_PLACEMENT_3D('',#8926,#7243,#7244);
#6291=AXIS2_PLACEMENT_3D('',#8931,#7248,#7249);
#6292=AXIS2_PLACEMENT_3D('',#8933,#7251,#7252);
#6293=AXIS2_PLACEMENT_3D('',#8936,#7255,#7256);
#6294=AXIS2_PLACEMENT_3D('',#8938,#7258,#7259);
#6295=AXIS2_PLACEMENT_3D('',#8940,#7261,#7262);
#6296=AXIS2_PLACEMENT_3D('',#8942,#7264,#7265);
#6297=AXIS2_PLACEMENT_3D('',#8944,#7267,#7268);
#6298=AXIS2_PLACEMENT_3D('',#8947,#7271,#7272);
#6299=AXIS2_PLACEMENT_3D('',#8949,#7274,#7275);
#6300=AXIS2_PLACEMENT_3D('',#8951,#7277,#7278);
#6301=AXIS2_PLACEMENT_3D('',#8952,#7279,#7280);
#6302=AXIS2_PLACEMENT_3D('',#8953,#7281,#7282);
#6303=AXIS2_PLACEMENT_3D('',#8954,#7283,#7284);
#6304=AXIS2_PLACEMENT_3D('',#8955,#7285,#7286);
#6305=AXIS2_PLACEMENT_3D('',#8957,#7288,#7289);
#6306=AXIS2_PLACEMENT_3D('',#8960,#7292,#7293);
#6307=AXIS2_PLACEMENT_3D('',#8961,#7294,#7295);
#6308=AXIS2_PLACEMENT_3D('',#8962,#7296,#7297);
#6309=AXIS2_PLACEMENT_3D('',#8964,#7299,#7300);
#6310=AXIS2_PLACEMENT_3D('',#8965,#7301,#7302);
#6311=AXIS2_PLACEMENT_3D('',#8966,#7303,#7304);
#6312=AXIS2_PLACEMENT_3D('',#8967,#7305,#7306);
#6313=AXIS2_PLACEMENT_3D('',#8968,#7307,#7308);
#6314=AXIS2_PLACEMENT_3D('',#8969,#7309,#7310);
#6315=AXIS2_PLACEMENT_3D('',#8971,#7312,#7313);
#6316=AXIS2_PLACEMENT_3D('',#8972,#7314,#7315);
#6317=AXIS2_PLACEMENT_3D('',#8973,#7316,#7317);
#6318=AXIS2_PLACEMENT_3D('',#8974,#7318,#7319);
#6319=AXIS2_PLACEMENT_3D('',#8975,#7320,#7321);
#6320=AXIS2_PLACEMENT_3D('',#8976,#7322,#7323);
#6321=AXIS2_PLACEMENT_3D('',#8978,#7325,#7326);
#6322=AXIS2_PLACEMENT_3D('',#8979,#7327,#7328);
#6323=AXIS2_PLACEMENT_3D('',#8980,#7329,#7330);
#6324=AXIS2_PLACEMENT_3D('',#8981,#7331,#7332);
#6325=AXIS2_PLACEMENT_3D('',#8982,#7333,#7334);
#6326=AXIS2_PLACEMENT_3D('',#8983,#7335,#7336);
#6327=AXIS2_PLACEMENT_3D('',#8984,#7337,#7338);
#6328=AXIS2_PLACEMENT_3D('',#8985,#7339,#7340);
#6329=AXIS2_PLACEMENT_3D('',#8986,#7341,#7342);
#6330=AXIS2_PLACEMENT_3D('',#8987,#7343,#7344);
#6331=AXIS2_PLACEMENT_3D('',#8996,#7349,#7350);
#6332=AXIS2_PLACEMENT_3D('',#9002,#7354,#7355);
#6333=AXIS2_PLACEMENT_3D('',#9008,#7359,#7360);
#6334=AXIS2_PLACEMENT_3D('',#9010,#7362,#7363);
#6335=AXIS2_PLACEMENT_3D('',#9021,#7369,#7370);
#6336=AXIS2_PLACEMENT_3D('',#9029,#7375,#7376);
#6337=AXIS2_PLACEMENT_3D('',#9040,#7382,#7383);
#6338=AXIS2_PLACEMENT_3D('',#9048,#7388,#7389);
#6339=AXIS2_PLACEMENT_3D('',#9059,#7395,#7396);
#6340=AXIS2_PLACEMENT_3D('',#9067,#7401,#7402);
#6341=AXIS2_PLACEMENT_3D('',#9078,#7408,#7409);
#6342=AXIS2_PLACEMENT_3D('',#9086,#7414,#7415);
#6343=AXIS2_PLACEMENT_3D('',#9095,#7420,#7421);
#6344=AXIS2_PLACEMENT_3D('',#9101,#7425,#7426);
#6345=AXIS2_PLACEMENT_3D('',#9110,#7431,#7432);
#6346=AXIS2_PLACEMENT_3D('',#9119,#7437,#7438);
#6347=AXIS2_PLACEMENT_3D('',#9125,#7442,#7443);
#6348=AXIS2_PLACEMENT_3D('',#9134,#7448,#7449);
#6349=AXIS2_PLACEMENT_3D('',#9140,#7453,#7454);
#6350=AXIS2_PLACEMENT_3D('',#9151,#7460,#7461);
#6351=AXIS2_PLACEMENT_3D('',#9159,#7466,#7467);
#6352=AXIS2_PLACEMENT_3D('',#9170,#7473,#7474);
#6353=AXIS2_PLACEMENT_3D('',#9178,#7479,#7480);
#6354=AXIS2_PLACEMENT_3D('',#9189,#7486,#7487);
#6355=AXIS2_PLACEMENT_3D('',#9194,#7491,#7492);
#6356=AXIS2_PLACEMENT_3D('',#9203,#7497,#7498);
#6357=AXIS2_PLACEMENT_3D('',#9212,#7503,#7504);
#6358=AXIS2_PLACEMENT_3D('',#9218,#7508,#7509);
#6359=AXIS2_PLACEMENT_3D('',#9226,#7514,#7515);
#6360=AXIS2_PLACEMENT_3D('',#9232,#7519,#7520);
#6361=AXIS2_PLACEMENT_3D('',#9238,#7524,#7525);
#6362=AXIS2_PLACEMENT_3D('',#9244,#7529,#7530);
#6363=AXIS2_PLACEMENT_3D('',#9248,#7533,#7534);
#6364=AXIS2_PLACEMENT_3D('',#9252,#7537,#7538);
#6365=AXIS2_PLACEMENT_3D('',#9260,#7543,#7544);
#6366=AXIS2_PLACEMENT_3D('',#9268,#7549,#7550);
#6367=AXIS2_PLACEMENT_3D('',#9276,#7555,#7556);
#6368=AXIS2_PLACEMENT_3D('',#9284,#7561,#7562);
#6369=AXIS2_PLACEMENT_3D('',#9292,#7567,#7568);
#6370=AXIS2_PLACEMENT_3D('',#9300,#7573,#7574);
#6371=AXIS2_PLACEMENT_3D('',#9308,#7579,#7580);
#6372=AXIS2_PLACEMENT_3D('',#9312,#7583,#7584);
#6373=AXIS2_PLACEMENT_3D('',#9320,#7589,#7590);
#6374=AXIS2_PLACEMENT_3D('',#9328,#7595,#7596);
#6375=AXIS2_PLACEMENT_3D('',#9333,#7600,#7601);
#6376=AXIS2_PLACEMENT_3D('',#9339,#7605,#7606);
#6377=AXIS2_PLACEMENT_3D('',#9345,#7610,#7611);
#6378=AXIS2_PLACEMENT_3D('',#9351,#7615,#7616);
#6379=AXIS2_PLACEMENT_3D('',#9357,#7620,#7621);
#6380=AXIS2_PLACEMENT_3D('',#9363,#7625,#7626);
#6381=AXIS2_PLACEMENT_3D('',#9369,#7630,#7631);
#6382=AXIS2_PLACEMENT_3D('',#9375,#7635,#7636);
#6383=AXIS2_PLACEMENT_3D('',#9383,#7641,#7642);
#6384=AXIS2_PLACEMENT_3D('',#9388,#7646,#7647);
#6385=AXIS2_PLACEMENT_3D('',#9396,#7652,#7653);
#6386=AXIS2_PLACEMENT_3D('',#9404,#7658,#7659);
#6387=AXIS2_PLACEMENT_3D('',#9409,#7663,#7664);
#6388=AXIS2_PLACEMENT_3D('',#9414,#7668,#7669);
#6389=AXIS2_PLACEMENT_3D('',#9419,#7673,#7674);
#6390=AXIS2_PLACEMENT_3D('',#9423,#7677,#7678);
#6391=AXIS2_PLACEMENT_3D('',#9429,#7682,#7683);
#6392=AXIS2_PLACEMENT_3D('',#9432,#7686,#7687);
#6393=AXIS2_PLACEMENT_3D('',#9434,#7689,#7690);
#6394=AXIS2_PLACEMENT_3D('',#9436,#7692,#7693);
#6395=AXIS2_PLACEMENT_3D('',#9438,#7695,#7696);
#6396=AXIS2_PLACEMENT_3D('',#9441,#7699,#7700);
#6397=AXIS2_PLACEMENT_3D('',#9443,#7702,#7703);
#6398=AXIS2_PLACEMENT_3D('',#9445,#7705,#7706);
#6399=AXIS2_PLACEMENT_3D('',#9452,#7711,#7712);
#6400=AXIS2_PLACEMENT_3D('',#9458,#7716,#7717);
#6401=AXIS2_PLACEMENT_3D('',#9464,#7721,#7722);
#6402=AXIS2_PLACEMENT_3D('',#9470,#7726,#7727);
#6403=AXIS2_PLACEMENT_3D('',#9474,#7730,#7731);
#6404=AXIS2_PLACEMENT_3D('',#9477,#7734,#7735);
#6405=AXIS2_PLACEMENT_3D('',#9480,#7738,#7739);
#6406=AXIS2_PLACEMENT_3D('',#9483,#7742,#7743);
#6407=AXIS2_PLACEMENT_3D('',#9486,#7746,#7747);
#6408=AXIS2_PLACEMENT_3D('',#9489,#7750,#7751);
#6409=AXIS2_PLACEMENT_3D('',#9491,#7753,#7754);
#6410=AXIS2_PLACEMENT_3D('',#9501,#7760,#7761);
#6411=AXIS2_PLACEMENT_3D('',#9507,#7765,#7766);
#6412=AXIS2_PLACEMENT_3D('',#9511,#7769,#7770);
#6413=AXIS2_PLACEMENT_3D('',#9517,#7774,#7775);
#6414=AXIS2_PLACEMENT_3D('',#9522,#7779,#7780);
#6415=AXIS2_PLACEMENT_3D('',#9525,#7783,#7784);
#6416=AXIS2_PLACEMENT_3D('',#9530,#7788,#7789);
#6417=AXIS2_PLACEMENT_3D('',#9533,#7792,#7793);
#6418=AXIS2_PLACEMENT_3D('',#9539,#7798,#7799);
#6419=AXIS2_PLACEMENT_3D('',#9541,#7801,#7802);
#6420=AXIS2_PLACEMENT_3D('',#9544,#7805,#7806);
#6421=AXIS2_PLACEMENT_3D('',#9551,#7811,#7812);
#6422=AXIS2_PLACEMENT_3D('',#9557,#7816,#7817);
#6423=AXIS2_PLACEMENT_3D('',#9564,#7822,#7823);
#6424=AXIS2_PLACEMENT_3D('',#9570,#7827,#7828);
#6425=AXIS2_PLACEMENT_3D('',#9577,#7833,#7834);
#6426=AXIS2_PLACEMENT_3D('',#9583,#7838,#7839);
#6427=AXIS2_PLACEMENT_3D('',#9589,#7843,#7844);
#6428=AXIS2_PLACEMENT_3D('',#9592,#7847,#7848);
#6429=AXIS2_PLACEMENT_3D('',#9594,#7850,#7851);
#6430=AXIS2_PLACEMENT_3D('',#9599,#7855,#7856);
#6431=AXIS2_PLACEMENT_3D('',#9602,#7859,#7860);
#6432=AXIS2_PLACEMENT_3D('',#9607,#7864,#7865);
#6433=AXIS2_PLACEMENT_3D('',#9610,#7868,#7869);
#6434=AXIS2_PLACEMENT_3D('',#9615,#7873,#7874);
#6435=AXIS2_PLACEMENT_3D('',#9618,#7877,#7878);
#6436=AXIS2_PLACEMENT_3D('',#9625,#7883,#7884);
#6437=AXIS2_PLACEMENT_3D('',#9631,#7888,#7889);
#6438=AXIS2_PLACEMENT_3D('',#9638,#7894,#7895);
#6439=AXIS2_PLACEMENT_3D('',#9644,#7899,#7900);
#6440=AXIS2_PLACEMENT_3D('',#9646,#7902,#7903);
#6441=AXIS2_PLACEMENT_3D('',#9649,#7906,#7907);
#6442=AXIS2_PLACEMENT_3D('',#9654,#7911,#7912);
#6443=AXIS2_PLACEMENT_3D('',#9656,#7914,#7915);
#6444=AXIS2_PLACEMENT_3D('',#9657,#7916,#7917);
#6445=AXIS2_PLACEMENT_3D('',#9659,#7919,#7920);
#6446=AXIS2_PLACEMENT_3D('',#9661,#7922,#7923);
#6447=AXIS2_PLACEMENT_3D('',#9663,#7925,#7926);
#6448=AXIS2_PLACEMENT_3D('',#9664,#7927,#7928);
#6449=AXIS2_PLACEMENT_3D('',#9666,#7930,#7931);
#6450=AXIS2_PLACEMENT_3D('',#9669,#7934,#7935);
#6451=AXIS2_PLACEMENT_3D('',#9671,#7937,#7938);
#6452=AXIS2_PLACEMENT_3D('',#9674,#7941,#7942);
#6453=AXIS2_PLACEMENT_3D('',#9676,#7944,#7945);
#6454=AXIS2_PLACEMENT_3D('',#9679,#7948,#7949);
#6455=AXIS2_PLACEMENT_3D('',#9681,#7951,#7952);
#6456=AXIS2_PLACEMENT_3D('',#9682,#7953,#7954);
#6457=AXIS2_PLACEMENT_3D('',#9684,#7956,#7957);
#6458=AXIS2_PLACEMENT_3D('',#9686,#7959,#7960);
#6459=AXIS2_PLACEMENT_3D('',#9688,#7962,#7963);
#6460=AXIS2_PLACEMENT_3D('',#9690,#7965,#7966);
#6461=AXIS2_PLACEMENT_3D('',#9692,#7968,#7969);
#6462=AXIS2_PLACEMENT_3D('',#9694,#7971,#7972);
#6463=AXIS2_PLACEMENT_3D('',#9696,#7974,#7975);
#6464=AXIS2_PLACEMENT_3D('',#9698,#7977,#7978);
#6465=AXIS2_PLACEMENT_3D('',#9700,#7980,#7981);
#6466=AXIS2_PLACEMENT_3D('',#9702,#7983,#7984);
#6467=AXIS2_PLACEMENT_3D('',#9704,#7986,#7987);
#6468=AXIS2_PLACEMENT_3D('',#9709,#7991,#7992);
#6469=AXIS2_PLACEMENT_3D('',#9711,#7994,#7995);
#6470=AXIS2_PLACEMENT_3D('',#9714,#7998,#7999);
#6471=AXIS2_PLACEMENT_3D('',#9716,#8001,#8002);
#6472=AXIS2_PLACEMENT_3D('',#9718,#8004,#8005);
#6473=AXIS2_PLACEMENT_3D('',#9720,#8007,#8008);
#6474=AXIS2_PLACEMENT_3D('',#9722,#8010,#8011);
#6475=AXIS2_PLACEMENT_3D('',#9724,#8013,#8014);
#6476=AXIS2_PLACEMENT_3D('',#9726,#8016,#8017);
#6477=AXIS2_PLACEMENT_3D('',#9728,#8019,#8020);
#6478=AXIS2_PLACEMENT_3D('',#9729,#8021,#8022);
#6479=AXIS2_PLACEMENT_3D('',#9730,#8023,#8024);
#6480=AXIS2_PLACEMENT_3D('',#9731,#8025,#8026);
#6481=AXIS2_PLACEMENT_3D('',#9732,#8027,#8028);
#6482=AXIS2_PLACEMENT_3D('',#9733,#8029,#8030);
#6483=AXIS2_PLACEMENT_3D('',#9735,#8032,#8033);
#6484=AXIS2_PLACEMENT_3D('',#9736,#8034,#8035);
#6485=AXIS2_PLACEMENT_3D('',#9738,#8037,#8038);
#6486=AXIS2_PLACEMENT_3D('',#9739,#8039,#8040);
#6487=AXIS2_PLACEMENT_3D('',#9740,#8041,#8042);
#6488=AXIS2_PLACEMENT_3D('',#9741,#8043,#8044);
#6489=AXIS2_PLACEMENT_3D('',#9742,#8045,#8046);
#6490=AXIS2_PLACEMENT_3D('',#9743,#8047,#8048);
#6491=AXIS2_PLACEMENT_3D('',#9745,#8050,#8051);
#6492=AXIS2_PLACEMENT_3D('',#9746,#8052,#8053);
#6493=AXIS2_PLACEMENT_3D('',#9747,#8054,#8055);
#6494=AXIS2_PLACEMENT_3D('',#9748,#8056,#8057);
#6495=AXIS2_PLACEMENT_3D('',#9749,#8058,#8059);
#6496=AXIS2_PLACEMENT_3D('',#9750,#8060,#8061);
#6497=AXIS2_PLACEMENT_3D('',#9752,#8063,#8064);
#6498=AXIS2_PLACEMENT_3D('',#9753,#8065,#8066);
#6499=AXIS2_PLACEMENT_3D('',#9754,#8067,#8068);
#6500=AXIS2_PLACEMENT_3D('',#9755,#8069,#8070);
#6501=AXIS2_PLACEMENT_3D('',#9756,#8071,#8072);
#6502=AXIS2_PLACEMENT_3D('',#9757,#8073,#8074);
#6503=AXIS2_PLACEMENT_3D('',#9758,#8075,#8076);
#6504=AXIS2_PLACEMENT_3D('',#9759,#8077,#8078);
#6505=AXIS2_PLACEMENT_3D('',#9760,#8079,#8080);
#6506=DIRECTION('axis',(0.,0.,1.));
#6507=DIRECTION('refdir',(1.,0.,0.));
#6508=DIRECTION('center_axis',(-6.67169324160187E-16,-0.707106781186548,
-0.707106781186547));
#6509=DIRECTION('ref_axis',(1.,-9.42374423060097E-16,-1.14548356653205E-18));
#6510=DIRECTION('',(-6.67169324160187E-16,-0.707106781186548,-0.707106781186547));
#6511=DIRECTION('center_axis',(0.,0.555207383085626,0.831711946389621));
#6512=DIRECTION('ref_axis',(-7.83148084697767E-16,-0.831711946389621,0.555207383085626));
#6513=DIRECTION('center_axis',(0.,0.555207383085628,-0.831711946389619));
#6514=DIRECTION('ref_axis',(-7.84420046564449E-16,-0.831711946389619,-0.555207383085628));
#6515=DIRECTION('center_axis',(0.,1.,0.));
#6516=DIRECTION('ref_axis',(1.14548356653196E-18,0.,1.));
#6517=DIRECTION('center_axis',(0.,0.555207383085628,-0.831711946389619));
#6518=DIRECTION('ref_axis',(-7.84420046564449E-16,-0.831711946389619,-0.555207383085628));
#6519=DIRECTION('center_axis',(0.,0.555207383085626,0.831711946389621));
#6520=DIRECTION('ref_axis',(-7.83148084697767E-16,-0.831711946389621,0.555207383085626));
#6521=DIRECTION('center_axis',(0.,0.,-1.));
#6522=DIRECTION('ref_axis',(-9.42374423060097E-16,-1.,0.));
#6523=DIRECTION('center_axis',(0.,0.555207383085626,0.831711946389621));
#6524=DIRECTION('ref_axis',(-7.83148084697767E-16,-0.831711946389621,0.555207383085626));
#6525=DIRECTION('center_axis',(-6.67169324160187E-16,-0.707106781186548,
-0.707106781186547));
#6526=DIRECTION('ref_axis',(1.,-9.42374423060097E-16,-1.14548356653208E-18));
#6527=DIRECTION('center_axis',(0.,0.555207383085626,0.831711946389621));
#6528=DIRECTION('ref_axis',(-7.83148084697767E-16,-0.831711946389621,0.555207383085626));
#6529=DIRECTION('center_axis',(0.,0.,-1.));
#6530=DIRECTION('ref_axis',(-9.42374423060096E-16,-1.,0.));
#6531=DIRECTION('center_axis',(0.,0.555207383085626,0.831711946389621));
#6532=DIRECTION('ref_axis',(-7.83148084697767E-16,-0.831711946389621,0.555207383085626));
#6533=DIRECTION('center_axis',(0.,0.555207383085628,-0.831711946389619));
#6534=DIRECTION('ref_axis',(-7.84420046564449E-16,-0.831711946389619,-0.555207383085628));
#6535=DIRECTION('center_axis',(0.,1.,0.));
#6536=DIRECTION('ref_axis',(1.14548356653199E-18,0.,1.));
#6537=DIRECTION('center_axis',(0.,0.555207383085628,-0.831711946389619));
#6538=DIRECTION('ref_axis',(-7.84420046564449E-16,-0.831711946389619,-0.555207383085628));
#6539=DIRECTION('center_axis',(0.,0.555207383085626,0.831711946389621));
#6540=DIRECTION('ref_axis',(-7.83148084697767E-16,-0.831711946389621,0.555207383085626));
#6541=DIRECTION('center_axis',(0.,0.555207383085626,0.831711946389621));
#6542=DIRECTION('ref_axis',(2.58016657233665E-17,-0.831711946389621,0.555207383085626));
#6543=DIRECTION('',(-1.,0.,0.));
#6544=DIRECTION('',(-0.325719243260997,0.786355814606604,-0.524930002384954));
#6545=DIRECTION('',(-1.,0.,0.));
#6546=DIRECTION('',(-0.32641830167727,-0.786155272840269,0.524796131193408));
#6547=DIRECTION('',(-1.,0.,0.));
#6548=DIRECTION('center_axis',(0.,-1.,0.));
#6549=DIRECTION('ref_axis',(1.,0.,0.));
#6550=DIRECTION('',(-1.,0.,0.));
#6551=DIRECTION('',(0.,0.,1.));
#6552=DIRECTION('',(1.,0.,0.));
#6553=DIRECTION('',(0.,0.,1.));
#6554=DIRECTION('',(-1.,0.,0.));
#6555=DIRECTION('',(-1.,0.,0.));
#6556=DIRECTION('center_axis',(0.,0.555207383085628,-0.831711946389619));
#6557=DIRECTION('ref_axis',(-2.47775783311191E-16,0.831711946389619,0.555207383085628));
#6558=DIRECTION('',(1.,0.,0.));
#6559=DIRECTION('',(-0.32641830167726,-0.786155272840271,-0.524796131193412));
#6560=DIRECTION('center_axis',(0.,0.555207383085628,-0.831711946389619));
#6561=DIRECTION('ref_axis',(-2.47775783311191E-16,0.831711946389619,0.555207383085628));
#6562=DIRECTION('',(-0.325719243261002,0.786355814606601,0.524930002384955));
#6563=DIRECTION('',(1.,0.,0.));
#6564=DIRECTION('center_axis',(0.,0.555207383085626,0.831711946389621));
#6565=DIRECTION('ref_axis',(2.58016657233665E-17,-0.831711946389621,0.555207383085626));
#6566=DIRECTION('',(1.,0.,0.));
#6567=DIRECTION('',(0.32641830167727,0.786155272840269,-0.524796131193408));
#6568=DIRECTION('center_axis',(0.,0.555207383085626,0.831711946389621));
#6569=DIRECTION('ref_axis',(2.58016657233665E-17,-0.831711946389621,0.555207383085626));
#6570=DIRECTION('',(0.325719243260997,-0.786355814606604,0.524930002384954));
#6571=DIRECTION('',(1.,0.,0.));
#6572=DIRECTION('center_axis',(0.,0.,1.));
#6573=DIRECTION('ref_axis',(1.,0.,0.));
#6574=DIRECTION('',(0.707106781186546,0.707106781186549,0.));
#6575=DIRECTION('',(0.,1.,0.));
#6576=DIRECTION('',(-0.707106781186548,0.707106781186548,0.));
#6577=DIRECTION('',(-1.,0.,0.));
#6578=DIRECTION('',(-0.707106781186546,-0.707106781186549,0.));
#6579=DIRECTION('',(0.,-1.,0.));
#6580=DIRECTION('',(0.707106781186548,-0.707106781186548,0.));
#6581=DIRECTION('',(-0.707106781186547,0.707106781186547,0.));
#6582=DIRECTION('',(0.,1.,0.));
#6583=DIRECTION('',(0.707106781186546,0.707106781186549,0.));
#6584=DIRECTION('',(1.,0.,0.));
#6585=DIRECTION('',(0.707106781186548,-0.707106781186548,0.));
#6586=DIRECTION('',(0.,-1.,0.));
#6587=DIRECTION('',(-0.707106781186546,-0.707106781186549,0.));
#6588=DIRECTION('center_axis',(-0.392590905544683,0.392590905544682,0.831711946389622));
#6589=DIRECTION('ref_axis',(0.588109157285965,-0.588109157285963,0.555207383085624));
#6590=DIRECTION('',(-0.325719243261026,0.78635581460659,-0.524930002384957));
#6591=DIRECTION('',(0.707106781186547,0.707106781186547,1.00114862132664E-15));
#6592=DIRECTION('',(0.786355814606604,-0.325719243260999,0.524930002384952));
#6593=DIRECTION('',(-0.707106781186546,-0.707106781186549,3.00532933526763E-17));
#6594=DIRECTION('center_axis',(-0.392590905544684,0.392590905544683,-0.83171194638962));
#6595=DIRECTION('ref_axis',(-0.588109157285964,0.588109157285962,0.555207383085626));
#6596=DIRECTION('',(0.325719243260996,-0.786355814606605,-0.524930002384953));
#6597=DIRECTION('',(-0.786355814606602,0.325719243261001,0.524930002384955));
#6598=DIRECTION('',(-0.707106781186548,-0.707106781186548,1.06789186274842E-15));
#6599=DIRECTION('center_axis',(-0.392590905544685,0.392590905544684,-0.83171194638962));
#6600=DIRECTION('ref_axis',(-0.588109157285963,0.588109157285962,0.555207383085627));
#6601=DIRECTION('',(0.325719243261002,-0.786355814606601,-0.524930002384955));
#6602=DIRECTION('',(0.707106781186546,0.707106781186549,-3.00532933526763E-17));
#6603=DIRECTION('',(-0.786355814606608,0.32571924326099,0.524930002384953));
#6604=DIRECTION('',(-0.707106781186547,-0.707106781186547,1.06789186274842E-15));
#6605=DIRECTION('center_axis',(-0.392590905544684,0.392590905544683,0.83171194638962));
#6606=DIRECTION('ref_axis',(0.588109157285964,-0.588109157285962,0.555207383085627));
#6607=DIRECTION('',(0.786355814606606,-0.325719243260993,0.524930002384954));
#6608=DIRECTION('center_axis',(0.392590905544696,-0.392590905544695,-0.831711946389609));
#6609=DIRECTION('ref_axis',(-0.588109157285955,0.588109157285954,-0.555207383085643));
#6610=DIRECTION('',(0.786355814606621,-0.325719243260945,0.524930002384961));
#6611=DIRECTION('',(0.707106781186548,0.707106781186547,1.40160806985732E-15));
#6612=DIRECTION('',(0.904316629536144,3.87735705976325E-16,0.426862312162116));
#6613=DIRECTION('',(-0.325719243260937,0.786355814606626,-0.524930002384959));
#6614=DIRECTION('',(-0.707106781186546,-0.707106781186549,3.00587422876228E-17));
#6615=DIRECTION('center_axis',(0.392334257152049,-0.392334257152048,0.831954122130482));
#6616=DIRECTION('ref_axis',(0.588280401394566,-0.588280401394564,-0.554844427448));
#6617=DIRECTION('',(-0.786560482160957,0.325804019337792,0.52457063288566));
#6618=DIRECTION('',(0.895231600097873,0.370611797264742,-0.247401046712417));
#6619=DIRECTION('',(0.326658699028191,-0.78608619787123,-0.524750020357849));
#6620=DIRECTION('',(-0.707106781186548,-0.707106781186547,1.40120007203184E-15));
#6621=DIRECTION('center_axis',(0.392590905544679,-0.392590905544678,-0.831711946389625));
#6622=DIRECTION('ref_axis',(-0.588109157285967,0.588109157285965,-0.555207383085619));
#6623=DIRECTION('',(0.786355814606609,-0.325719243260997,0.524930002384947));
#6624=DIRECTION('',(0.707106781186548,0.707106781186547,1.33486482843552E-15));
#6625=DIRECTION('',(0.904316629536155,3.87735705976329E-16,0.426862312162094));
#6626=DIRECTION('',(-0.325719243261013,0.7863558146066,-0.52493000238495));
#6627=DIRECTION('',(-0.707106781186546,-0.707106781186549,0.));
#6628=DIRECTION('center_axis',(0.39233425715205,-0.392334257152048,0.831954122130481));
#6629=DIRECTION('ref_axis',(0.588280401394565,-0.588280401394564,-0.554844427448001));
#6630=DIRECTION('',(-0.786560482160962,0.325804019337783,0.524570632885659));
#6631=DIRECTION('',(0.895231600097874,0.370611797264739,-0.247401046712419));
#6632=DIRECTION('',(0.32665869902819,-0.78608619787123,-0.524750020357849));
#6633=DIRECTION('',(-0.707106781186548,-0.707106781186547,1.40120007203184E-15));
#6634=DIRECTION('center_axis',(0.392590905544698,-0.392590905544697,-0.831711946389607));
#6635=DIRECTION('ref_axis',(-0.588109157285954,0.588109157285952,-0.555207383085646));
#6636=DIRECTION('',(0.786355814606595,-0.325719243260989,0.524930002384973));
#6637=DIRECTION('',(0.707106781186548,0.707106781186547,1.40160806985732E-15));
#6638=DIRECTION('',(0.904316629536143,3.87735705976324E-16,0.426862312162119));
#6639=DIRECTION('',(-0.32571924326094,0.786355814606622,-0.524930002384962));
#6640=DIRECTION('',(-0.707106781186546,-0.707106781186549,0.));
#6641=DIRECTION('center_axis',(0.39233425715205,-0.392334257152049,0.831954122130481));
#6642=DIRECTION('ref_axis',(0.588280401394565,-0.588280401394563,-0.554844427448002));
#6643=DIRECTION('',(-0.786560482160963,0.32580401933778,0.524570632885659));
#6644=DIRECTION('',(0.895231600097873,0.37061179726474,-0.247401046712419));
#6645=DIRECTION('',(0.326658699028179,-0.786086197871236,-0.524750020357848));
#6646=DIRECTION('',(-0.707106781186548,-0.707106781186547,1.33447625907794E-15));
#6647=DIRECTION('center_axis',(0.392590905544679,-0.392590905544678,-0.831711946389625));
#6648=DIRECTION('ref_axis',(-0.588109157285967,0.588109157285965,-0.555207383085619));
#6649=DIRECTION('',(0.78635581460661,-0.325719243260995,0.524930002384946));
#6650=DIRECTION('',(0.707106781186548,0.707106781186547,1.33486482843552E-15));
#6651=DIRECTION('',(0.904316629536155,3.87735705976329E-16,0.426862312162094));
#6652=DIRECTION('',(-0.325719243261018,0.786355814606597,-0.524930002384951));
#6653=DIRECTION('',(-0.707106781186546,-0.707106781186549,0.));
#6654=DIRECTION('center_axis',(0.392334257152051,-0.39233425715205,0.83195412213048));
#6655=DIRECTION('ref_axis',(0.588280401394564,-0.588280401394562,-0.554844427448004));
#6656=DIRECTION('',(-0.786560482160959,0.325804019337784,0.524570632885662));
#6657=DIRECTION('',(0.895231600097873,0.370611797264739,-0.247401046712421));
#6658=DIRECTION('',(0.326658699028171,-0.786086197871239,-0.524750020357848));
#6659=DIRECTION('',(-0.707106781186548,-0.707106781186547,1.40120007203184E-15));
#6660=DIRECTION('center_axis',(-0.392590905544684,0.392590905544683,0.831711946389621));
#6661=DIRECTION('ref_axis',(0.588109157285964,-0.588109157285962,0.555207383085626));
#6662=DIRECTION('',(-0.325719243260998,0.786355814606604,-0.524930002384953));
#6663=DIRECTION('',(0.707106781186547,0.707106781186547,1.00114862132664E-15));
#6664=DIRECTION('',(0.786355814606608,-0.32571924326099,0.524930002384952));
#6665=DIRECTION('',(-0.707106781186546,-0.707106781186549,0.));
#6666=DIRECTION('center_axis',(-0.392590905544676,0.392590905544675,-0.831711946389628));
#6667=DIRECTION('ref_axis',(-0.588109157285969,0.588109157285967,0.555207383085614));
#6668=DIRECTION('',(0.325719243261,-0.786355814606611,-0.524930002384942));
#6669=DIRECTION('',(-0.786355814606595,0.325719243261029,0.524930002384948));
#6670=DIRECTION('',(-0.707106781186547,-0.707106781186547,1.00114862132663E-15));
#6671=DIRECTION('center_axis',(-0.392590905544683,0.392590905544682,0.831711946389621));
#6672=DIRECTION('ref_axis',(0.588109157285964,-0.588109157285962,0.555207383085625));
#6673=DIRECTION('',(-0.325719243260999,0.786355814606604,-0.524930002384953));
#6674=DIRECTION('',(0.707106781186548,0.707106781186548,1.00114862132664E-15));
#6675=DIRECTION('',(0.786355814606602,-0.325719243261003,0.524930002384954));
#6676=DIRECTION('',(0.707106781186546,0.707106781186549,0.));
#6677=DIRECTION('center_axis',(-0.392590905544681,0.392590905544679,0.831711946389624));
#6678=DIRECTION('ref_axis',(0.588109157285966,-0.588109157285964,0.555207383085621));
#6679=DIRECTION('',(-0.325719243261009,0.786355814606602,-0.524930002384951));
#6680=DIRECTION('',(0.707106781186547,0.707106781186547,1.00114862132664E-15));
#6681=DIRECTION('',(0.786355814606602,-0.325719243261006,0.524930002384951));
#6682=DIRECTION('',(-0.707106781186546,-0.707106781186549,0.));
#6683=DIRECTION('center_axis',(-0.392590905544679,0.392590905544678,-0.831711946389625));
#6684=DIRECTION('ref_axis',(-0.588109157285967,0.588109157285965,0.555207383085619));
#6685=DIRECTION('',(0.325719243261009,-0.786355814606603,-0.524930002384948));
#6686=DIRECTION('',(-0.786355814606601,0.325719243261012,0.524930002384949));
#6687=DIRECTION('',(-0.707106781186548,-0.707106781186548,1.00114862132664E-15));
#6688=DIRECTION('center_axis',(-0.392590905544682,0.392590905544681,0.831711946389622));
#6689=DIRECTION('ref_axis',(0.588109157285965,-0.588109157285963,0.555207383085623));
#6690=DIRECTION('',(-0.325719243261,0.786355814606605,-0.524930002384951));
#6691=DIRECTION('',(0.707106781186547,0.707106781186547,1.00114862132664E-15));
#6692=DIRECTION('',(0.786355814606603,-0.325719243261002,0.524930002384952));
#6693=DIRECTION('',(-0.707106781186546,-0.707106781186549,0.));
#6694=DIRECTION('center_axis',(-0.392590905544684,0.392590905544682,-0.831711946389621));
#6695=DIRECTION('ref_axis',(-0.588109157285964,0.588109157285962,0.555207383085626));
#6696=DIRECTION('',(0.325719243260999,-0.786355814606604,-0.524930002384953));
#6697=DIRECTION('',(-0.786355814606607,0.325719243260992,0.524930002384952));
#6698=DIRECTION('',(-0.707106781186548,-0.707106781186548,1.06789186274842E-15));
#6699=DIRECTION('center_axis',(0.392590905544685,-0.392590905544684,-0.83171194638962));
#6700=DIRECTION('ref_axis',(-0.588109157285963,0.588109157285962,-0.555207383085627));
#6701=DIRECTION('',(0.786355814606606,-0.325719243260993,0.524930002384954));
#6702=DIRECTION('',(0.707106781186548,0.707106781186547,1.4016080698573E-15));
#6703=DIRECTION('',(0.904316629536151,3.87735705976328E-16,0.426862312162101));
#6704=DIRECTION('',(-0.325719243260992,0.786355814606606,-0.524930002384953));
#6705=DIRECTION('',(-0.707106781186546,-0.707106781186549,-3.0058742287623E-17));
#6706=DIRECTION('center_axis',(0.39233425715205,-0.392334257152049,0.831954122130481));
#6707=DIRECTION('ref_axis',(0.588280401394565,-0.588280401394563,-0.554844427448002));
#6708=DIRECTION('',(-0.78656048216096,0.325804019337785,0.524570632885661));
#6709=DIRECTION('',(0.895231600097873,0.37061179726474,-0.24740104671242));
#6710=DIRECTION('',(0.326658699028177,-0.786086197871237,-0.524750020357848));
#6711=DIRECTION('',(-0.707106781186548,-0.707106781186547,1.33447625907794E-15));
#6712=DIRECTION('center_axis',(0.392590905544683,-0.392590905544682,-0.831711946389621));
#6713=DIRECTION('ref_axis',(-0.588109157285964,0.588109157285963,-0.555207383085625));
#6714=DIRECTION('',(0.786355814606607,-0.325719243260994,0.524930002384952));
#6715=DIRECTION('',(0.707106781186548,0.707106781186547,1.4016080698573E-15));
#6716=DIRECTION('',(0.904316629536152,3.87735705976328E-16,0.426862312162099));
#6717=DIRECTION('',(-0.325719243260992,0.786355814606608,-0.524930002384951));
#6718=DIRECTION('',(-0.707106781186546,-0.707106781186549,0.));
#6719=DIRECTION('center_axis',(0.392334257152047,-0.392334257152046,0.831954122130484));
#6720=DIRECTION('ref_axis',(0.588280401394567,-0.588280401394565,-0.554844427447997));
#6721=DIRECTION('',(-0.786560482160964,0.325804019337784,0.524570632885655));
#6722=DIRECTION('',(0.895231600097874,0.370611797264739,-0.247401046712417));
#6723=DIRECTION('',(0.326658699028196,-0.78608619787123,-0.524750020357847));
#6724=DIRECTION('',(-0.707106781186548,-0.707106781186547,1.40120007203183E-15));
#6725=DIRECTION('center_axis',(0.392590905544684,-0.392590905544682,-0.831711946389621));
#6726=DIRECTION('ref_axis',(-0.588109157285964,0.588109157285962,-0.555207383085626));
#6727=DIRECTION('',(0.786355814606605,-0.325719243260996,0.524930002384953));
#6728=DIRECTION('',(0.707106781186548,0.707106781186547,1.33486482843552E-15));
#6729=DIRECTION('',(0.904316629536152,3.87735705976328E-16,0.4268623121621));
#6730=DIRECTION('',(-0.325719243260995,0.786355814606606,-0.524930002384952));
#6731=DIRECTION('',(-0.707106781186546,-0.707106781186549,3.00587422876232E-17));
#6732=DIRECTION('center_axis',(0.392334257152044,-0.392334257152043,0.831954122130486));
#6733=DIRECTION('ref_axis',(0.588280401394569,-0.588280401394567,-0.554844427447993));
#6734=DIRECTION('',(-0.786560482160953,0.325804019337809,0.524570632885657));
#6735=DIRECTION('',(0.895231600097876,0.370611797264736,-0.247401046712417));
#6736=DIRECTION('',(0.326658699028193,-0.786086197871234,-0.524750020357842));
#6737=DIRECTION('center_axis',(0.392334257152049,-0.392334257152048,0.831954122130482));
#6738=DIRECTION('ref_axis',(0.588280401394566,-0.588280401394564,-0.554844427448001));
#6739=DIRECTION('',(-0.786560482160961,0.325804019337785,0.524570632885659));
#6740=DIRECTION('',(-0.707106781186546,-0.707106781186549,0.));
#6741=DIRECTION('',(0.326658699028179,-0.786086197871237,-0.524750020357847));
#6742=DIRECTION('',(-0.707106781186548,-0.707106781186547,1.33447625907794E-15));
#6743=DIRECTION('center_axis',(-0.392590905544682,0.39259090554468,0.831711946389623));
#6744=DIRECTION('ref_axis',(0.588109157285965,-0.588109157285964,0.555207383085623));
#6745=DIRECTION('',(-0.325719243261005,0.786355814606603,-0.524930002384951));
#6746=DIRECTION('',(0.707106781186548,0.707106781186548,1.06789186274842E-15));
#6747=DIRECTION('',(0.78635581460661,-0.325719243260991,0.524930002384949));
#6748=DIRECTION('',(-0.707106781186546,-0.707106781186549,0.));
#6749=DIRECTION('center_axis',(-0.392590905544683,0.392590905544682,-0.831711946389622));
#6750=DIRECTION('ref_axis',(-0.588109157285965,0.588109157285963,0.555207383085624));
#6751=DIRECTION('',(0.325719243260992,-0.786355814606609,-0.52493000238495));
#6752=DIRECTION('',(-0.786355814606609,0.32571924326099,0.524930002384951));
#6753=DIRECTION('',(-0.707106781186547,-0.707106781186547,1.06789186274842E-15));
#6754=DIRECTION('center_axis',(-0.392590905544684,0.392590905544683,0.831711946389621));
#6755=DIRECTION('ref_axis',(0.588109157285964,-0.588109157285962,0.555207383085626));
#6756=DIRECTION('',(-0.325719243260996,0.786355814606605,-0.524930002384953));
#6757=DIRECTION('',(0.707106781186547,0.707106781186547,1.00114862132664E-15));
#6758=DIRECTION('',(0.7863558146066,-0.325719243261005,0.524930002384955));
#6759=DIRECTION('',(-0.707106781186546,-0.707106781186549,0.));
#6760=DIRECTION('center_axis',(-0.392590905544682,0.392590905544681,-0.831711946389622));
#6761=DIRECTION('ref_axis',(-0.588109157285965,0.588109157285963,0.555207383085624));
#6762=DIRECTION('',(0.325719243261,-0.786355814606605,-0.524930002384951));
#6763=DIRECTION('',(-0.786355814606605,0.325719243260999,0.524930002384951));
#6764=DIRECTION('',(-0.707106781186548,-0.707106781186548,1.00114862132664E-15));
#6765=DIRECTION('center_axis',(0.,0.555207383085635,0.831711946389614));
#6766=DIRECTION('ref_axis',(1.78853367503491E-16,-0.831711946389614,0.555207383085635));
#6767=DIRECTION('',(-1.,0.,0.));
#6768=DIRECTION('',(0.32641830167725,0.786155272840269,-0.524796131193421));
#6769=DIRECTION('',(1.,0.,0.));
#6770=DIRECTION('center_axis',(-0.555207383085628,0.,-0.831711946389619));
#6771=DIRECTION('ref_axis',(-0.831711946389619,0.,0.555207383085628));
#6772=DIRECTION('',(0.,1.,0.));
#6773=DIRECTION('',(-0.786355814606602,-0.325719243260998,0.524930002384956));
#6774=DIRECTION('',(0.,-1.,0.));
#6775=DIRECTION('center_axis',(-0.555207383085625,0.,0.831711946389621));
#6776=DIRECTION('ref_axis',(0.831711946389621,0.,0.555207383085625));
#6777=DIRECTION('',(0.786355814623136,0.325719243203303,0.524930002395988));
#6778=DIRECTION('',(0.,-1.,0.));
#6779=DIRECTION('center_axis',(-0.555207383085624,0.,-0.831711946389622));
#6780=DIRECTION('ref_axis',(-0.831711946389622,0.,0.555207383085624));
#6781=DIRECTION('',(-0.7863558146066,-0.325719243261015,0.524930002384948));
#6782=DIRECTION('',(0.,-1.,0.));
#6783=DIRECTION('center_axis',(0.555207383085623,0.,-0.831711946389623));
#6784=DIRECTION('ref_axis',(-0.831711946389622,0.,-0.555207383085623));
#6785=DIRECTION('',(0.,-1.,0.));
#6786=DIRECTION('',(0.786155272840278,0.326418301677245,0.52479613119341));
#6787=DIRECTION('',(-0.639448421084778,0.639448421084776,-0.426862312162098));
#6788=DIRECTION('',(-3.20904622205942E-16,1.,-2.14219137152536E-16));
#6789=DIRECTION('center_axis',(0.,-0.55520738308563,0.831711946389618));
#6790=DIRECTION('ref_axis',(0.,-0.831711946389618,-0.55520738308563));
#6791=DIRECTION('',(1.,0.,0.));
#6792=DIRECTION('',(-0.32571924326101,-0.786355814606598,-0.524930002384955));
#6793=DIRECTION('',(-1.,-4.28761003958545E-16,-2.86218414933618E-16));
#6794=DIRECTION('',(-0.639448421084775,-0.639448421084775,-0.426862312162103));
#6795=DIRECTION('center_axis',(-4.28761003958545E-16,1.,0.));
#6796=DIRECTION('ref_axis',(-1.,-4.28761003958545E-16,0.));
#6797=DIRECTION('',(0.,0.,1.));
#6798=DIRECTION('',(1.,4.28761003958545E-16,2.86218414933616E-16));
#6799=DIRECTION('',(0.,0.,-1.));
#6800=DIRECTION('',(-1.,-4.28761003958545E-16,2.8621841493361E-16));
#6801=DIRECTION('center_axis',(0.555207383085618,0.,-0.831711946389626));
#6802=DIRECTION('ref_axis',(-0.831711946389626,0.,-0.555207383085618));
#6803=DIRECTION('',(0.,-1.,0.));
#6804=DIRECTION('',(0.786155272840283,0.32641830167724,0.524796131193407));
#6805=DIRECTION('',(-0.639448421084779,0.639448421084777,-0.426862312162093));
#6806=DIRECTION('',(-3.20904622205942E-16,1.,-2.14219137152534E-16));
#6807=DIRECTION('center_axis',(0.,-0.55520738308563,0.831711946389618));
#6808=DIRECTION('ref_axis',(0.,-0.831711946389618,-0.55520738308563));
#6809=DIRECTION('',(1.,0.,0.));
#6810=DIRECTION('',(-0.325719243261023,-0.786355814606594,-0.524930002384953));
#6811=DIRECTION('',(-1.,-4.28761003958545E-16,-2.86218414933618E-16));
#6812=DIRECTION('',(-0.639448421084775,-0.639448421084775,-0.426862312162103));
#6813=DIRECTION('center_axis',(-4.28761003958545E-16,1.,0.));
#6814=DIRECTION('ref_axis',(-1.,-4.28761003958545E-16,0.));
#6815=DIRECTION('',(0.,0.,1.));
#6816=DIRECTION('',(1.,4.28761003958545E-16,2.86218414933617E-16));
#6817=DIRECTION('',(0.,0.,-1.));
#6818=DIRECTION('',(-1.,-4.28761003958545E-16,2.86218414933614E-16));
#6819=DIRECTION('center_axis',(-4.28761003958545E-16,1.,0.));
#6820=DIRECTION('ref_axis',(-1.,-4.28761003958545E-16,0.));
#6821=DIRECTION('',(0.,0.,1.));
#6822=DIRECTION('',(1.,4.28761003958545E-16,2.86218414933615E-16));
#6823=DIRECTION('',(0.,0.,-1.));
#6824=DIRECTION('',(-1.,-4.28761003958545E-16,2.86218414933613E-16));
#6825=DIRECTION('center_axis',(0.,-0.555207383085623,-0.831711946389622));
#6826=DIRECTION('ref_axis',(0.,0.831711946389622,-0.555207383085623));
#6827=DIRECTION('',(0.325719243260999,0.786355814606605,-0.524930002384951));
#6828=DIRECTION('',(-1.,0.,0.));
#6829=DIRECTION('center_axis',(0.555207383085618,0.,-0.831711946389626));
#6830=DIRECTION('ref_axis',(-0.831711946389626,0.,-0.555207383085618));
#6831=DIRECTION('',(0.,-1.,0.));
#6832=DIRECTION('',(0.786155272840276,0.326418301677263,0.524796131193401));
#6833=DIRECTION('',(-0.639448421084779,0.639448421084777,-0.426862312162093));
#6834=DIRECTION('',(-3.20904622205942E-16,1.,-2.14219137152533E-16));
#6835=DIRECTION('center_axis',(0.,-0.555207383085625,0.831711946389621));
#6836=DIRECTION('ref_axis',(0.,-0.831711946389621,-0.555207383085625));
#6837=DIRECTION('',(1.,0.,0.));
#6838=DIRECTION('',(-0.325719243261011,-0.786355814606601,-0.52493000238495));
#6839=DIRECTION('',(-1.,-4.28761003958545E-16,-2.86218414933615E-16));
#6840=DIRECTION('',(-0.639448421084777,-0.639448421084776,-0.426862312162099));
#6841=DIRECTION('center_axis',(-4.28761003958545E-16,1.,0.));
#6842=DIRECTION('ref_axis',(-1.,-4.28761003958545E-16,0.));
#6843=DIRECTION('',(0.,0.,1.));
#6844=DIRECTION('',(0.,0.,-1.));
#6845=DIRECTION('',(-1.,-4.28761003958545E-16,2.86218414933616E-16));
#6846=DIRECTION('center_axis',(0.,0.555207383085626,0.831711946389621));
#6847=DIRECTION('ref_axis',(1.37121247531635E-16,-0.831711946389621,0.555207383085626));
#6848=DIRECTION('',(-1.,0.,0.));
#6849=DIRECTION('',(0.326418301677249,0.786155272840275,-0.524796131193412));
#6850=DIRECTION('',(1.,0.,0.));
#6851=DIRECTION('center_axis',(-0.555207383085626,0.,-0.83171194638962));
#6852=DIRECTION('ref_axis',(-0.83171194638962,0.,0.555207383085626));
#6853=DIRECTION('',(0.,1.,0.));
#6854=DIRECTION('',(-0.786355814606605,-0.325719243260991,0.524930002384956));
#6855=DIRECTION('',(0.,-1.,0.));
#6856=DIRECTION('center_axis',(-0.555207383085627,0.,0.83171194638962));
#6857=DIRECTION('ref_axis',(0.83171194638962,0.,0.555207383085627));
#6858=DIRECTION('',(0.,1.,0.));
#6859=DIRECTION('',(0.786355814606603,0.325719243260998,0.524930002384955));
#6860=DIRECTION('',(0.,1.,0.));
#6861=DIRECTION('center_axis',(-0.555207383085624,0.,-0.831711946389622));
#6862=DIRECTION('ref_axis',(-0.831711946389622,0.,0.555207383085624));
#6863=DIRECTION('',(0.,1.,0.));
#6864=DIRECTION('',(-0.786355814606604,-0.325719243260999,0.524930002384952));
#6865=DIRECTION('',(0.,-1.,0.));
#6866=DIRECTION('center_axis',(0.,0.555207383085625,0.831711946389621));
#6867=DIRECTION('ref_axis',(2.31966974740405E-16,-0.831711946389621,0.555207383085625));
#6868=DIRECTION('',(-1.,0.,0.));
#6869=DIRECTION('',(0.326418301677259,0.786155272840273,-0.524796131193409));
#6870=DIRECTION('',(1.,0.,0.));
#6871=DIRECTION('center_axis',(0.,0.555207383085623,0.831711946389622));
#6872=DIRECTION('ref_axis',(2.31966974740403E-16,-0.831711946389622,0.555207383085623));
#6873=DIRECTION('',(-1.,0.,0.));
#6874=DIRECTION('',(0.326418301677251,0.786155272840276,-0.524796131193409));
#6875=DIRECTION('',(1.,0.,0.));
#6876=DIRECTION('center_axis',(-0.555207383085623,0.,-0.831711946389623));
#6877=DIRECTION('ref_axis',(-0.831711946389622,0.,0.555207383085623));
#6878=DIRECTION('',(0.,1.,0.));
#6879=DIRECTION('',(-0.786355814606605,-0.325719243260999,0.524930002384951));
#6880=DIRECTION('',(0.,-1.,0.));
#6881=DIRECTION('center_axis',(0.555207383085625,0.,-0.831711946389621));
#6882=DIRECTION('ref_axis',(-0.831711946389621,0.,-0.555207383085625));
#6883=DIRECTION('',(0.,-1.,0.));
#6884=DIRECTION('',(0.786155272840271,0.326418301677266,0.524796131193408));
#6885=DIRECTION('',(-0.639448421084777,0.639448421084775,-0.4268623121621));
#6886=DIRECTION('',(-3.20904622205942E-16,1.,-2.14219137152537E-16));
#6887=DIRECTION('center_axis',(0.,-0.555207383085626,0.831711946389621));
#6888=DIRECTION('ref_axis',(0.,-0.831711946389621,-0.555207383085626));
#6889=DIRECTION('',(1.,0.,0.));
#6890=DIRECTION('',(-0.325719243261003,-0.786355814606602,-0.524930002384953));
#6891=DIRECTION('',(-0.639448421084776,-0.639448421084776,-0.4268623121621));
#6892=DIRECTION('center_axis',(-4.28761003958545E-16,1.,0.));
#6893=DIRECTION('ref_axis',(-1.,-4.28761003958545E-16,0.));
#6894=DIRECTION('',(0.,0.,1.));
#6895=DIRECTION('',(1.,4.28761003958545E-16,2.86218414933615E-16));
#6896=DIRECTION('',(0.,0.,-1.));
#6897=DIRECTION('',(-1.,-4.28761003958545E-16,2.86218414933614E-16));
#6898=DIRECTION('center_axis',(0.555207383085623,0.,-0.831711946389623));
#6899=DIRECTION('ref_axis',(-0.831711946389622,0.,-0.555207383085623));
#6900=DIRECTION('',(0.,-1.,0.));
#6901=DIRECTION('',(0.786155272840275,0.326418301677257,0.524796131193408));
#6902=DIRECTION('',(-0.639448421084778,0.639448421084776,-0.426862312162098));
#6903=DIRECTION('',(-3.20904622205942E-16,1.,-2.14219137152536E-16));
#6904=DIRECTION('center_axis',(0.,-0.555207383085629,0.831711946389619));
#6905=DIRECTION('ref_axis',(0.,-0.831711946389619,-0.555207383085629));
#6906=DIRECTION('',(1.,0.,0.));
#6907=DIRECTION('',(-0.325719243261022,-0.786355814606595,-0.524930002384952));
#6908=DIRECTION('',(-0.639448421084776,-0.639448421084775,-0.426862312162102));
#6909=DIRECTION('center_axis',(-4.28761003958545E-16,1.,0.));
#6910=DIRECTION('ref_axis',(-1.,-4.28761003958545E-16,0.));
#6911=DIRECTION('',(0.,0.,1.));
#6912=DIRECTION('',(0.,0.,-1.));
#6913=DIRECTION('',(-1.,-4.28761003958545E-16,2.86218414933612E-16));
#6914=DIRECTION('center_axis',(-4.28761003958545E-16,1.,0.));
#6915=DIRECTION('ref_axis',(-1.,-4.28761003958545E-16,0.));
#6916=DIRECTION('',(0.,0.,1.));
#6917=DIRECTION('',(0.,0.,-1.));
#6918=DIRECTION('',(-1.,-4.28761003958545E-16,2.86218414933614E-16));
#6919=DIRECTION('center_axis',(0.,-0.555207383085624,-0.831711946389622));
#6920=DIRECTION('ref_axis',(-2.19600305607883E-17,0.831711946389622,-0.555207383085624));
#6921=DIRECTION('',(0.325719243261015,0.7863558146066,-0.524930002384948));
#6922=DIRECTION('',(-1.,0.,0.));
#6923=DIRECTION('center_axis',(0.554844427447999,0.,0.831954122130483));
#6924=DIRECTION('ref_axis',(0.831954122130483,0.,-0.554844427447999));
#6925=DIRECTION('',(3.20904622205942E-16,-1.,-2.1401677885472E-16));
#6926=DIRECTION('',(-0.786629394309879,-0.32556355424239,0.52461659157592));
#6927=DIRECTION('',(0.,-1.,0.));
#6928=DIRECTION('center_axis',(-0.707106781186547,0.707106781186548,0.));
#6929=DIRECTION('ref_axis',(-0.707106781186548,-0.707106781186547,0.));
#6930=DIRECTION('',(0.,0.,1.));
#6931=DIRECTION('',(0.639448421084777,0.639448421084776,0.426862312162099));
#6932=DIRECTION('center_axis',(-0.707106781186547,0.707106781186548,0.));
#6933=DIRECTION('ref_axis',(-0.707106781186548,-0.707106781186547,0.));
#6934=DIRECTION('',(0.,0.,1.));
#6935=DIRECTION('center_axis',(-0.707106781186547,0.707106781186548,0.));
#6936=DIRECTION('ref_axis',(-0.707106781186548,-0.707106781186547,0.));
#6937=DIRECTION('',(0.,0.,1.));
#6938=DIRECTION('center_axis',(-0.707106781186547,0.707106781186548,0.));
#6939=DIRECTION('ref_axis',(-0.707106781186548,-0.707106781186547,0.));
#6940=DIRECTION('',(0.,0.,1.));
#6941=DIRECTION('center_axis',(-0.707106781186547,0.707106781186548,0.));
#6942=DIRECTION('ref_axis',(-0.707106781186548,-0.707106781186547,0.));
#6943=DIRECTION('',(0.,0.,1.));
#6944=DIRECTION('',(0.639448421084776,0.639448421084776,0.4268623121621));
#6945=DIRECTION('center_axis',(-0.707106781186547,0.707106781186548,0.));
#6946=DIRECTION('ref_axis',(-0.707106781186548,-0.707106781186547,0.));
#6947=DIRECTION('',(0.,0.,1.));
#6948=DIRECTION('center_axis',(-0.707106781186547,0.707106781186548,0.));
#6949=DIRECTION('ref_axis',(-0.707106781186548,-0.707106781186547,0.));
#6950=DIRECTION('',(0.,0.,1.));
#6951=DIRECTION('center_axis',(-0.555207383085621,0.,-0.831711946389624));
#6952=DIRECTION('ref_axis',(-0.831711946389624,0.,0.555207383085621));
#6953=DIRECTION('',(0.,1.,0.));
#6954=DIRECTION('',(-0.786355814606606,-0.325719243261,0.524930002384949));
#6955=DIRECTION('',(0.,-1.,0.));
#6956=DIRECTION('center_axis',(0.,0.555207383085625,0.831711946389621));
#6957=DIRECTION('ref_axis',(1.78853367503493E-16,-0.831711946389621,0.555207383085625));
#6958=DIRECTION('',(-1.,0.,0.));
#6959=DIRECTION('',(0.326418301677252,0.786155272840275,-0.524796131193411));
#6960=DIRECTION('',(1.,0.,0.));
#6961=DIRECTION('center_axis',(-0.555207383085624,0.,-0.831711946389622));
#6962=DIRECTION('ref_axis',(-0.831711946389622,0.,0.555207383085624));
#6963=DIRECTION('',(0.,1.,0.));
#6964=DIRECTION('',(-0.786355814606605,-0.325719243260999,0.524930002384951));
#6965=DIRECTION('',(0.,-1.,0.));
#6966=DIRECTION('center_axis',(0.,0.555207383085625,0.831711946389621));
#6967=DIRECTION('ref_axis',(1.37121247531635E-16,-0.831711946389621,0.555207383085625));
#6968=DIRECTION('',(-1.,0.,0.));
#6969=DIRECTION('',(0.326418301677252,0.786155272840275,-0.52479613119341));
#6970=DIRECTION('',(1.,0.,0.));
#6971=DIRECTION('center_axis',(0.707106781186548,-0.707106781186548,0.));
#6972=DIRECTION('ref_axis',(0.707106781186548,0.707106781186548,0.));
#6973=DIRECTION('',(0.,0.,-1.));
#6974=DIRECTION('',(0.,0.,1.));
#6975=DIRECTION('center_axis',(0.707106781186548,-0.707106781186548,0.));
#6976=DIRECTION('ref_axis',(0.707106781186548,0.707106781186548,0.));
#6977=DIRECTION('',(0.,0.,-1.));
#6978=DIRECTION('',(0.,0.,1.));
#6979=DIRECTION('center_axis',(0.707106781186548,-0.707106781186548,0.));
#6980=DIRECTION('ref_axis',(0.707106781186548,0.707106781186548,0.));
#6981=DIRECTION('',(0.,0.,-1.));
#6982=DIRECTION('',(0.,0.,1.));
#6983=DIRECTION('center_axis',(0.707106781186548,-0.707106781186548,0.));
#6984=DIRECTION('ref_axis',(0.707106781186548,0.707106781186548,0.));
#6985=DIRECTION('',(0.,0.,-1.));
#6986=DIRECTION('',(0.,0.,1.));
#6987=DIRECTION('center_axis',(0.707106781186548,-0.707106781186548,0.));
#6988=DIRECTION('ref_axis',(0.707106781186548,0.707106781186548,0.));
#6989=DIRECTION('',(0.,0.,-1.));
#6990=DIRECTION('',(0.,0.,1.));
#6991=DIRECTION('center_axis',(0.707106781186548,-0.707106781186548,0.));
#6992=DIRECTION('ref_axis',(0.707106781186548,0.707106781186548,0.));
#6993=DIRECTION('',(0.,0.,1.));
#6994=DIRECTION('',(0.,0.,-1.));
#6995=DIRECTION('center_axis',(0.392399931212043,0.392399931212043,-0.831892173283033));
#6996=DIRECTION('ref_axis',(-0.588236596944447,-0.588236596944447,-0.554937304594341));
#6997=DIRECTION('',(0.707106781186547,-0.707106781186547,0.));
#6998=DIRECTION('',(0.326418301677252,0.786155272840275,0.524796131193411));
#6999=DIRECTION('',(0.904432447150137,0.,0.426616863874385));
#7000=DIRECTION('',(-0.707106781186549,0.707106781186546,-1.00093172554176E-15));
#7001=DIRECTION('',(-0.78615527284025,-0.326418301677296,-0.524796131193421));
#7002=DIRECTION('',(0.37083982714939,-0.895159721347772,-0.247319420742466));
#7003=DIRECTION('center_axis',(0.392399931212042,0.392399931212042,0.831892173283034));
#7004=DIRECTION('ref_axis',(0.588236596944448,0.588236596944448,-0.554937304594339));
#7005=DIRECTION('',(0.786629394309878,0.325563554242392,-0.524616591575919));
#7006=DIRECTION('',(2.9023655276351E-16,-0.904432447150137,0.426616863874383));
#7007=DIRECTION('',(0.707106781186549,-0.707106781186546,-1.00093172554175E-15));
#7008=DIRECTION('',(-0.904432447150137,0.,0.426616863874383));
#7009=DIRECTION('center_axis',(0.392399931212039,0.392399931212039,0.831892173283037));
#7010=DIRECTION('ref_axis',(0.58823659694445,0.588236596944451,-0.554937304594334));
#7011=DIRECTION('',(-0.707106781186548,0.707106781186548,0.));
#7012=DIRECTION('',(0.786629394309871,0.325563554242412,-0.524616591575918));
#7013=DIRECTION('center_axis',(0.392399931212043,0.392399931212043,-0.831892173283033));
#7014=DIRECTION('ref_axis',(-0.588236596944447,-0.588236596944447,-0.55493730459434));
#7015=DIRECTION('',(0.32641830167726,0.786155272840271,0.524796131193412));
#7016=DIRECTION('',(0.904432447150137,0.,0.426616863874384));
#7017=DIRECTION('',(-0.707106781186549,0.707106781186546,-1.00093172554176E-15));
#7018=DIRECTION('',(-0.786155272840275,-0.326418301677252,-0.52479613119341));
#7019=DIRECTION('',(0.370839827149388,-0.895159721347773,-0.247319420742467));
#7020=DIRECTION('center_axis',(-0.392590905544679,-0.392590905544679,0.831711946389624));
#7021=DIRECTION('ref_axis',(0.588109157285966,0.588109157285966,0.55520738308562));
#7022=DIRECTION('',(-0.786355814606595,-0.325719243261021,-0.524930002384952));
#7023=DIRECTION('',(-0.707106781186548,0.707106781186547,-1.33486482843552E-16));
#7024=DIRECTION('',(0.707106781186547,-0.707106781186547,0.));
#7025=DIRECTION('center_axis',(-0.392590905544682,-0.392590905544682,-0.831711946389622));
#7026=DIRECTION('ref_axis',(-0.588109157285964,-0.588109157285964,0.555207383085624));
#7027=DIRECTION('',(-0.325719243261001,-0.786355814606604,0.524930002384952));
#7028=DIRECTION('',(0.707106781186548,-0.707106781186547,-6.67432414217761E-17));
#7029=DIRECTION('center_axis',(-0.392590905544679,-0.392590905544679,0.831711946389625));
#7030=DIRECTION('ref_axis',(0.588109157285966,0.588109157285966,0.555207383085619));
#7031=DIRECTION('',(-0.786355814606607,-0.325719243261,-0.524930002384947));
#7032=DIRECTION('',(-0.707106781186548,0.707106781186547,-1.33486482843552E-16));
#7033=DIRECTION('',(0.707106781186548,-0.707106781186548,0.));
#7034=DIRECTION('center_axis',(-0.39259090554468,-0.39259090554468,-0.831711946389624));
#7035=DIRECTION('ref_axis',(-0.588109157285965,-0.588109157285965,0.555207383085621));
#7036=DIRECTION('',(-0.325719243261,-0.786355814606606,0.524930002384949));
#7037=DIRECTION('',(0.707106781186548,-0.707106781186547,-6.67432414217759E-17));
#7038=DIRECTION('center_axis',(-0.392590905544683,-0.392590905544683,0.831711946389621));
#7039=DIRECTION('ref_axis',(0.588109157285964,0.588109157285964,0.555207383085625));
#7040=DIRECTION('',(-0.786355814606604,-0.325719243260999,-0.524930002384952));
#7041=DIRECTION('',(-0.707106781186548,0.707106781186547,-1.33486482843552E-16));
#7042=DIRECTION('',(0.325719243261003,0.786355814606602,0.524930002384953));
#7043=DIRECTION('',(0.707106781186547,-0.707106781186547,0.));
#7044=DIRECTION('center_axis',(-0.392590905544681,-0.392590905544681,-0.831711946389623));
#7045=DIRECTION('ref_axis',(-0.588109157285964,-0.588109157285964,0.555207383085623));
#7046=DIRECTION('',(0.707106781186548,-0.707106781186547,-6.6743241421776E-17));
#7047=DIRECTION('center_axis',(-0.392590905544684,-0.392590905544684,0.83171194638962));
#7048=DIRECTION('ref_axis',(0.588109157285962,0.588109157285962,0.555207383085627));
#7049=DIRECTION('',(-0.707106781186548,0.707106781186547,-1.33486482843552E-16));
#7050=DIRECTION('',(0.325719243260993,0.786355814606606,0.524930002384954));
#7051=DIRECTION('',(-0.707106781186548,0.707106781186548,0.));
#7052=DIRECTION('center_axis',(0.392399931212043,0.392399931212043,-0.831892173283033));
#7053=DIRECTION('ref_axis',(-0.588236596944447,-0.588236596944447,-0.554937304594341));
#7054=DIRECTION('',(0.707106781186547,-0.707106781186547,0.));
#7055=DIRECTION('',(0.326418301677251,0.786155272840275,0.524796131193411));
#7056=DIRECTION('',(0.904432447150137,0.,0.426616863874385));
#7057=DIRECTION('',(-0.707106781186549,0.707106781186546,-1.00093172554176E-15));
#7058=DIRECTION('',(0.370839827149389,-0.895159721347773,-0.247319420742467));
#7059=DIRECTION('center_axis',(0.39239993121205,0.39239993121205,0.831892173283026));
#7060=DIRECTION('ref_axis',(0.588236596944442,0.588236596944442,-0.554937304594351));
#7061=DIRECTION('',(0.786629394309883,0.32556355424237,-0.524616591575927));
#7062=DIRECTION('',(2.90236552763509E-16,-0.904432447150132,0.426616863874393));
#7063=DIRECTION('',(0.707106781186549,-0.707106781186546,-1.06766050724455E-15));
#7064=DIRECTION('',(-0.904432447150132,0.,0.426616863874394));
#7065=DIRECTION('center_axis',(0.392399931212035,0.392399931212035,-0.831892173283041));
#7066=DIRECTION('ref_axis',(-0.588236596944452,-0.588236596944452,-0.554937304594329));
#7067=DIRECTION('',(0.707106781186547,-0.707106781186547,0.));
#7068=DIRECTION('',(0.326418301677254,0.786155272840281,0.5247961311934));
#7069=DIRECTION('',(0.904432447150142,0.,0.426616863874374));
#7070=DIRECTION('',(-0.707106781186549,0.707106781186546,-1.06766050724453E-15));
#7071=DIRECTION('',(0.370839827149383,-0.895159721347776,-0.247319420742464));
#7072=DIRECTION('center_axis',(0.392399931212044,0.392399931212044,0.831892173283032));
#7073=DIRECTION('ref_axis',(0.588236596944447,0.588236596944447,-0.554937304594342));
#7074=DIRECTION('',(0.786629394309876,0.325563554242394,-0.524616591575922));
#7075=DIRECTION('',(2.9023655276351E-16,-0.904432447150136,0.426616863874385));
#7076=DIRECTION('',(0.707106781186549,-0.707106781186546,-1.06766050724454E-15));
#7077=DIRECTION('',(-0.904432447150136,0.,0.426616863874385));
#7078=DIRECTION('center_axis',(0.39239993121204,0.39239993121204,-0.831892173283036));
#7079=DIRECTION('ref_axis',(-0.588236596944449,-0.588236596944449,-0.554937304594337));
#7080=DIRECTION('',(0.707106781186548,-0.707106781186548,0.));
#7081=DIRECTION('',(0.326418301677252,0.786155272840277,0.524796131193407));
#7082=DIRECTION('',(0.904432447150138,0.,0.426616863874381));
#7083=DIRECTION('',(-0.707106781186549,0.707106781186546,-1.06766050724454E-15));
#7084=DIRECTION('',(0.37083982714939,-0.895159721347773,-0.247319420742464));
#7085=DIRECTION('center_axis',(0.392399931212043,0.392399931212043,0.831892173283033));
#7086=DIRECTION('ref_axis',(0.588236596944447,0.588236596944447,-0.55493730459434));
#7087=DIRECTION('',(0.786629394309884,0.325563554242382,-0.524616591575918));
#7088=DIRECTION('',(2.9023655276351E-16,-0.904432447150137,0.426616863874384));
#7089=DIRECTION('',(0.707106781186549,-0.707106781186546,-1.00093172554176E-15));
#7090=DIRECTION('',(-0.904432447150137,0.,0.426616863874384));
#7091=DIRECTION('center_axis',(0.392399931212043,0.392399931212043,0.831892173283033));
#7092=DIRECTION('ref_axis',(0.588236596944447,0.588236596944447,-0.554937304594341));
#7093=DIRECTION('',(-0.326418301677252,-0.786155272840275,0.524796131193411));
#7094=DIRECTION('',(0.707106781186548,-0.707106781186548,0.));
#7095=DIRECTION('',(2.9023655276351E-16,-0.904432447150137,0.426616863874384));
#7096=DIRECTION('',(0.707106781186549,-0.707106781186546,-1.06766050724454E-15));
#7097=DIRECTION('',(-0.904432447150137,0.,0.426616863874384));
#7098=DIRECTION('center_axis',(-0.392590905560444,-0.392590905560444,0.831711946374741));
#7099=DIRECTION('ref_axis',(0.588109157275443,0.588109157275441,0.555207383107915));
#7100=DIRECTION('',(0.325719243203299,0.786355814623138,0.524930002395987));
#7101=DIRECTION('',(0.707106781186547,-0.707106781186547,0.));
#7102=DIRECTION('center_axis',(-0.392590905544677,-0.392590905544677,-0.831711946389626));
#7103=DIRECTION('ref_axis',(-0.588109157285967,-0.588109157285967,0.555207383085617));
#7104=DIRECTION('',(0.707106781186548,-0.707106781186547,-1.33486482843551E-16));
#7105=DIRECTION('center_axis',(-0.392590905544682,-0.392590905544682,0.831711946389622));
#7106=DIRECTION('ref_axis',(0.588109157285964,0.588109157285964,0.555207383085624));
#7107=DIRECTION('',(-0.786355814606604,-0.325719243260999,-0.524930002384952));
#7108=DIRECTION('',(-0.707106781186548,0.707106781186547,-6.67432414217761E-17));
#7109=DIRECTION('',(0.707106781186547,-0.707106781186547,0.));
#7110=DIRECTION('center_axis',(-0.392590905544682,-0.392590905544682,-0.831711946389622));
#7111=DIRECTION('ref_axis',(-0.588109157285964,-0.588109157285964,0.555207383085624));
#7112=DIRECTION('',(-0.325719243260999,-0.786355814606604,0.524930002384952));
#7113=DIRECTION('',(0.707106781186548,-0.707106781186547,-6.67432414217761E-17));
#7114=DIRECTION('center_axis',(-0.392590905544679,-0.392590905544679,0.831711946389624));
#7115=DIRECTION('ref_axis',(0.588109157285966,0.588109157285966,0.55520738308562));
#7116=DIRECTION('',(-0.786355814606603,-0.325719243261006,-0.524930002384949));
#7117=DIRECTION('',(-0.707106781186548,0.707106781186547,-1.33486482843552E-16));
#7118=DIRECTION('',(0.707106781186547,-0.707106781186547,0.));
#7119=DIRECTION('center_axis',(-0.392590905544686,-0.392590905544686,-0.831711946389618));
#7120=DIRECTION('ref_axis',(-0.588109157285962,-0.58810915728596,0.555207383085629));
#7121=DIRECTION('',(-0.325719243260992,-0.786355814606605,0.524930002384956));
#7122=DIRECTION('',(0.707106781186548,-0.707106781186547,-6.67432414217764E-17));
#7123=DIRECTION('center_axis',(-0.392590905544683,-0.392590905544683,0.831711946389621));
#7124=DIRECTION('ref_axis',(0.588109157285964,0.588109157285964,0.555207383085625));
#7125=DIRECTION('',(-0.786355814606604,-0.325719243260999,-0.524930002384952));
#7126=DIRECTION('',(-0.707106781186548,0.707106781186547,-1.33486482843552E-16));
#7127=DIRECTION('',(0.707106781186547,-0.707106781186547,0.));
#7128=DIRECTION('center_axis',(-0.392590905544685,-0.392590905544685,-0.831711946389619));
#7129=DIRECTION('ref_axis',(-0.588109157285962,-0.588109157285962,0.555207383085628));
#7130=DIRECTION('',(-0.325719243260977,-0.786355814606614,0.524930002384951));
#7131=DIRECTION('',(0.707106781186548,-0.707106781186547,-6.67432414217763E-17));
#7132=DIRECTION('center_axis',(0.392399931212042,0.392399931212042,-0.831892173283034));
#7133=DIRECTION('ref_axis',(-0.588236596944448,-0.588236596944448,-0.554937304594339));
#7134=DIRECTION('',(0.707106781186548,-0.707106781186548,0.));
#7135=DIRECTION('',(0.326418301677253,0.786155272840276,0.524796131193409));
#7136=DIRECTION('',(0.904432447150138,0.,0.426616863874383));
#7137=DIRECTION('',(-0.707106781186549,0.707106781186546,-1.06766050724454E-15));
#7138=DIRECTION('',(0.370839827149389,-0.895159721347773,-0.247319420742466));
#7139=DIRECTION('center_axis',(0.392399931212043,0.392399931212043,0.831892173283033));
#7140=DIRECTION('ref_axis',(0.588236596944447,0.588236596944447,-0.55493730459434));
#7141=DIRECTION('',(0.786629394309879,0.32556355424239,-0.52461659157592));
#7142=DIRECTION('',(2.9023655276351E-16,-0.904432447150137,0.426616863874384));
#7143=DIRECTION('',(0.707106781186549,-0.707106781186546,-1.00093172554176E-15));
#7144=DIRECTION('',(-0.904432447150137,0.,0.426616863874384));
#7145=DIRECTION('center_axis',(0.392399931212039,0.392399931212039,-0.831892173283037));
#7146=DIRECTION('ref_axis',(-0.588236596944447,-0.588236596944452,-0.554937304594335));
#7147=DIRECTION('',(0.707106781186547,-0.707106781186547,0.));
#7148=DIRECTION('',(0.326418301677261,0.786155272840274,0.524796131193407));
#7149=DIRECTION('',(0.904432447150139,0.,0.426616863874379));
#7150=DIRECTION('',(-0.707106781186549,0.707106781186546,-1.06766050724453E-15));
#7151=DIRECTION('',(0.370839827149386,-0.895159721347774,-0.247319420742465));
#7152=DIRECTION('center_axis',(0.392399931212041,0.392399931212041,0.831892173283035));
#7153=DIRECTION('ref_axis',(0.588236596944449,0.588236596944449,-0.554937304594338));
#7154=DIRECTION('',(0.786629394309874,0.325563554242402,-0.524616591575919));
#7155=DIRECTION('',(2.9023655276351E-16,-0.904432447150138,0.426616863874381));
#7156=DIRECTION('',(0.707106781186549,-0.707106781186546,-1.00093172554175E-15));
#7157=DIRECTION('',(-0.904432447150138,0.,0.426616863874381));
#7158=DIRECTION('center_axis',(0.,0.555207383085626,-0.831711946389621));
#7159=DIRECTION('ref_axis',(-2.20310173853976E-16,0.831711946389621,0.555207383085626));
#7160=DIRECTION('',(-1.,0.,0.));
#7161=DIRECTION('center_axis',(-1.,-3.20904622205942E-16,0.));
#7162=DIRECTION('ref_axis',(3.20904622205942E-16,-1.,0.));
#7163=DIRECTION('',(-3.20904622205942E-16,1.,2.14016778854719E-16));
#7164=DIRECTION('',(0.,0.,1.));
#7165=DIRECTION('center_axis',(0.555207383085644,0.,-0.831711946389608));
#7166=DIRECTION('ref_axis',(-0.831711946389608,0.,-0.555207383085644));
#7167=DIRECTION('',(0.,-1.,0.));
#7168=DIRECTION('',(-0.639448421084771,0.639448421084769,-0.426862312162117));
#7169=DIRECTION('',(-3.20904622205942E-16,1.,-2.14219137152548E-16));
#7170=DIRECTION('center_axis',(0.,0.555207383085628,-0.831711946389619));
#7171=DIRECTION('ref_axis',(-2.47775783311191E-16,0.831711946389619,0.555207383085628));
#7172=DIRECTION('',(-1.,0.,0.));
#7173=DIRECTION('center_axis',(-0.555207383085629,0.,0.831711946389618));
#7174=DIRECTION('ref_axis',(0.831711946389618,0.,0.555207383085629));
#7175=DIRECTION('',(0.,1.,0.));
#7176=DIRECTION('center_axis',(-0.555207383085619,0.,0.831711946389625));
#7177=DIRECTION('ref_axis',(0.831711946389625,0.,0.555207383085619));
#7178=DIRECTION('',(0.,1.,0.));
#7179=DIRECTION('center_axis',(-0.555207383085625,0.,0.831711946389621));
#7180=DIRECTION('ref_axis',(0.831711946389621,0.,0.555207383085625));
#7181=DIRECTION('',(0.,1.,0.));
#7182=DIRECTION('center_axis',(0.,-0.555207383085627,0.83171194638962));
#7183=DIRECTION('ref_axis',(0.,-0.83171194638962,-0.555207383085627));
#7184=DIRECTION('center_axis',(0.,0.555207383085625,-0.831711946389621));
#7185=DIRECTION('ref_axis',(-2.47775783311191E-16,0.831711946389621,0.555207383085625));
#7186=DIRECTION('',(-1.,0.,0.));
#7187=DIRECTION('center_axis',(-1.,-3.20904622205942E-16,0.));
#7188=DIRECTION('ref_axis',(3.20904622205942E-16,-1.,0.));
#7189=DIRECTION('',(-3.20904622205942E-16,1.,2.14016778854721E-16));
#7190=DIRECTION('',(0.,0.,1.));
#7191=DIRECTION('center_axis',(0.,0.555207383085614,-0.831711946389629));
#7192=DIRECTION('ref_axis',(-1.52894587004449E-16,0.831711946389629,0.555207383085614));
#7193=DIRECTION('',(-1.,0.,0.));
#7194=DIRECTION('center_axis',(-1.,-3.20904622205942E-16,0.));
#7195=DIRECTION('ref_axis',(3.20904622205942E-16,-1.,0.));
#7196=DIRECTION('',(-3.20904622205942E-16,1.,2.14016778854721E-16));
#7197=DIRECTION('',(0.,0.,1.));
#7198=DIRECTION('center_axis',(0.,0.555207383085621,-0.831711946389624));
#7199=DIRECTION('ref_axis',(-2.47775783311192E-16,0.831711946389624,0.555207383085621));
#7200=DIRECTION('',(-1.,0.,0.));
#7201=DIRECTION('center_axis',(-1.,-3.20904622205942E-16,0.));
#7202=DIRECTION('ref_axis',(3.20904622205942E-16,-1.,0.));
#7203=DIRECTION('',(-3.20904622205942E-16,1.,2.14016778854717E-16));
#7204=DIRECTION('',(0.,0.,1.));
#7205=DIRECTION('center_axis',(-1.,-3.20904622205942E-16,0.));
#7206=DIRECTION('ref_axis',(3.20904622205942E-16,-1.,0.));
#7207=DIRECTION('',(0.,0.,1.));
#7208=DIRECTION('center_axis',(0.,-0.555207383085623,0.831711946389622));
#7209=DIRECTION('ref_axis',(2.20081249942793E-17,-0.831711946389622,-0.555207383085623));
#7210=DIRECTION('center_axis',(-0.555207383085624,0.,0.831711946389622));
#7211=DIRECTION('ref_axis',(0.831711946389622,0.,0.555207383085624));
#7212=DIRECTION('',(0.,1.,0.));
#7213=DIRECTION('center_axis',(-0.555207383085623,0.,0.831711946389623));
#7214=DIRECTION('ref_axis',(0.831711946389622,0.,0.555207383085623));
#7215=DIRECTION('',(0.,1.,0.));
#7216=DIRECTION('center_axis',(-0.555207383085625,0.,0.831711946389621));
#7217=DIRECTION('ref_axis',(0.831711946389621,0.,0.555207383085625));
#7218=DIRECTION('',(0.,1.,0.));
#7219=DIRECTION('center_axis',(0.707106781186547,0.707106781186548,0.));
#7220=DIRECTION('ref_axis',(-0.707106781186548,0.707106781186547,0.));
#7221=DIRECTION('',(0.,0.,-1.));
#7222=DIRECTION('center_axis',(0.707106781186547,0.707106781186548,0.));
#7223=DIRECTION('ref_axis',(-0.707106781186548,0.707106781186547,0.));
#7224=DIRECTION('',(0.,0.,-1.));
#7225=DIRECTION('center_axis',(0.707106781186547,0.707106781186548,0.));
#7226=DIRECTION('ref_axis',(-0.707106781186548,0.707106781186547,0.));
#7227=DIRECTION('',(0.,0.,-1.));
#7228=DIRECTION('center_axis',(0.707106781186547,0.707106781186548,0.));
#7229=DIRECTION('ref_axis',(-0.707106781186548,0.707106781186547,0.));
#7230=DIRECTION('',(0.,0.,-1.));
#7231=DIRECTION('center_axis',(0.707106781186547,0.707106781186548,0.));
#7232=DIRECTION('ref_axis',(-0.707106781186548,0.707106781186547,0.));
#7233=DIRECTION('',(0.,0.,-1.));
#7234=DIRECTION('center_axis',(0.707106781186547,0.707106781186548,0.));
#7235=DIRECTION('ref_axis',(-0.707106781186548,0.707106781186547,0.));
#7236=DIRECTION('',(0.,0.,-1.));
#7237=DIRECTION('center_axis',(0.707106781186547,0.707106781186548,0.));
#7238=DIRECTION('ref_axis',(-0.707106781186548,0.707106781186547,0.));
#7239=DIRECTION('',(0.,0.,-1.));
#7240=DIRECTION('center_axis',(0.,0.555207383085624,-0.831711946389622));
#7241=DIRECTION('ref_axis',(-2.47775783311192E-16,0.831711946389622,0.555207383085624));
#7242=DIRECTION('',(-1.,0.,0.));
#7243=DIRECTION('center_axis',(-1.,-3.20904622205942E-16,0.));
#7244=DIRECTION('ref_axis',(3.20904622205942E-16,-1.,0.));
#7245=DIRECTION('',(-3.20904622205942E-16,1.,2.14016778854719E-16));
#7246=DIRECTION('',(3.20904622205942E-16,-1.,2.14219137152537E-16));
#7247=DIRECTION('',(0.,0.,1.));
#7248=DIRECTION('center_axis',(0.,0.555207383085623,-0.831711946389623));
#7249=DIRECTION('ref_axis',(-2.47775783311194E-16,0.831711946389623,0.555207383085623));
#7250=DIRECTION('',(-1.,0.,0.));
#7251=DIRECTION('center_axis',(-0.707106781186546,-0.707106781186549,0.));
#7252=DIRECTION('ref_axis',(0.707106781186549,-0.707106781186546,0.));
#7253=DIRECTION('',(0.,0.,1.));
#7254=DIRECTION('',(0.,0.,-1.));
#7255=DIRECTION('center_axis',(-0.707106781186546,-0.707106781186549,0.));
#7256=DIRECTION('ref_axis',(0.707106781186549,-0.707106781186546,0.));
#7257=DIRECTION('',(0.,0.,1.));
#7258=DIRECTION('center_axis',(-0.707106781186546,-0.707106781186549,0.));
#7259=DIRECTION('ref_axis',(0.707106781186549,-0.707106781186546,0.));
#7260=DIRECTION('',(0.,0.,1.));
#7261=DIRECTION('center_axis',(-0.707106781186546,-0.707106781186549,0.));
#7262=DIRECTION('ref_axis',(0.707106781186549,-0.707106781186546,0.));
#7263=DIRECTION('',(0.,0.,1.));
#7264=DIRECTION('center_axis',(-0.707106781186546,-0.707106781186549,0.));
#7265=DIRECTION('ref_axis',(0.707106781186549,-0.707106781186546,0.));
#7266=DIRECTION('',(0.,0.,1.));
#7267=DIRECTION('center_axis',(-0.707106781186546,-0.707106781186549,0.));
#7268=DIRECTION('ref_axis',(0.707106781186549,-0.707106781186546,0.));
#7269=DIRECTION('',(0.639448421084777,-0.639448421084775,0.426862312162099));
#7270=DIRECTION('',(0.,0.,1.));
#7271=DIRECTION('center_axis',(-0.707106781186546,-0.707106781186549,0.));
#7272=DIRECTION('ref_axis',(0.707106781186549,-0.707106781186546,0.));
#7273=DIRECTION('',(0.,0.,1.));
#7274=DIRECTION('center_axis',(-1.,-3.20904622205942E-16,0.));
#7275=DIRECTION('ref_axis',(3.20904622205942E-16,-1.,0.));
#7276=DIRECTION('',(-3.20904622205942E-16,1.,2.14016778854721E-16));
#7277=DIRECTION('center_axis',(0.,-0.555207383085621,-0.831711946389624));
#7278=DIRECTION('ref_axis',(0.,0.831711946389624,-0.555207383085621));
#7279=DIRECTION('center_axis',(0.,-0.555207383085624,-0.831711946389622));
#7280=DIRECTION('ref_axis',(0.,0.831711946389622,-0.555207383085624));
#7281=DIRECTION('center_axis',(0.,-0.555207383085625,-0.831711946389621));
#7282=DIRECTION('ref_axis',(0.,0.831711946389621,-0.555207383085625));
#7283=DIRECTION('center_axis',(0.,-0.555207383085627,-0.83171194638962));
#7284=DIRECTION('ref_axis',(0.,0.83171194638962,-0.555207383085627));
#7285=DIRECTION('center_axis',(0.,-0.555207383085625,0.831711946389621));
#7286=DIRECTION('ref_axis',(0.,-0.831711946389621,-0.555207383085625));
#7287=DIRECTION('',(-1.,0.,0.));
#7288=DIRECTION('center_axis',(0.,0.555207383085625,0.831711946389621));
#7289=DIRECTION('ref_axis',(1.58491305574925E-16,-0.831711946389621,0.555207383085625));
#7290=DIRECTION('',(1.,0.,0.));
#7291=DIRECTION('',(1.,0.,0.));
#7292=DIRECTION('center_axis',(0.,-0.555207383085619,-0.831711946389625));
#7293=DIRECTION('ref_axis',(0.,0.831711946389625,-0.555207383085619));
#7294=DIRECTION('center_axis',(0.,-1.,0.));
#7295=DIRECTION('ref_axis',(1.,0.,0.));
#7296=DIRECTION('center_axis',(0.,-1.,0.));
#7297=DIRECTION('ref_axis',(1.,0.,0.));
#7298=DIRECTION('',(0.,0.,1.));
#7299=DIRECTION('center_axis',(0.,-1.,0.));
#7300=DIRECTION('ref_axis',(1.,0.,0.));
#7301=DIRECTION('center_axis',(0.,-1.,0.));
#7302=DIRECTION('ref_axis',(1.,0.,0.));
#7303=DIRECTION('center_axis',(0.,-1.,0.));
#7304=DIRECTION('ref_axis',(1.,0.,0.));
#7305=DIRECTION('center_axis',(0.,-1.,0.));
#7306=DIRECTION('ref_axis',(1.,0.,0.));
#7307=DIRECTION('center_axis',(0.,-1.,0.));
#7308=DIRECTION('ref_axis',(1.,0.,0.));
#7309=DIRECTION('center_axis',(0.707106781186548,-0.707106781186548,0.));
#7310=DIRECTION('ref_axis',(0.707106781186548,0.707106781186548,0.));
#7311=DIRECTION('',(0.,0.,1.));
#7312=DIRECTION('center_axis',(0.554844427447998,0.,0.831954122130483));
#7313=DIRECTION('ref_axis',(0.831954122130483,0.,-0.554844427447998));
#7314=DIRECTION('center_axis',(0.554844427447998,0.,0.831954122130483));
#7315=DIRECTION('ref_axis',(0.831954122130483,0.,-0.554844427447998));
#7316=DIRECTION('center_axis',(0.554844427447995,0.,0.831954122130486));
#7317=DIRECTION('ref_axis',(0.831954122130485,0.,-0.554844427447995));
#7318=DIRECTION('center_axis',(0.554844427448,0.,0.831954122130482));
#7319=DIRECTION('ref_axis',(0.831954122130482,0.,-0.554844427448));
#7320=DIRECTION('center_axis',(0.554844427448002,0.,0.831954122130481));
#7321=DIRECTION('ref_axis',(0.831954122130481,0.,-0.554844427448001));
#7322=DIRECTION('center_axis',(0.554844427448001,0.,0.831954122130481));
#7323=DIRECTION('ref_axis',(0.831954122130481,0.,-0.554844427448001));
#7324=DIRECTION('',(0.,1.,0.));
#7325=DIRECTION('center_axis',(0.555207383085625,0.,-0.831711946389621));
#7326=DIRECTION('ref_axis',(-0.831711946389621,0.,-0.555207383085625));
#7327=DIRECTION('center_axis',(0.554844427448002,0.,0.831954122130481));
#7328=DIRECTION('ref_axis',(0.831954122130481,0.,-0.554844427448002));
#7329=DIRECTION('center_axis',(1.,0.,0.));
#7330=DIRECTION('ref_axis',(0.,1.,0.));
#7331=DIRECTION('center_axis',(1.,0.,0.));
#7332=DIRECTION('ref_axis',(0.,1.,0.));
#7333=DIRECTION('center_axis',(1.,0.,0.));
#7334=DIRECTION('ref_axis',(0.,1.,0.));
#7335=DIRECTION('center_axis',(1.,0.,0.));
#7336=DIRECTION('ref_axis',(0.,1.,0.));
#7337=DIRECTION('center_axis',(1.,0.,0.));
#7338=DIRECTION('ref_axis',(0.,1.,0.));
#7339=DIRECTION('center_axis',(1.,0.,0.));
#7340=DIRECTION('ref_axis',(0.,1.,0.));
#7341=DIRECTION('center_axis',(1.,0.,0.));
#7342=DIRECTION('ref_axis',(0.,1.,0.));
#7343=DIRECTION('center_axis',(-0.392590905544683,0.392590905544682,0.831711946389622));
#7344=DIRECTION('ref_axis',(0.588109157285965,-0.588109157285963,0.555207383085624));
#7345=DIRECTION('',(0.325719243261026,-0.78635581460659,0.524930002384957));
#7346=DIRECTION('',(0.707106781186546,0.707106781186549,0.));
#7347=DIRECTION('',(-0.786355814606604,0.325719243260999,-0.524930002384952));
#7348=DIRECTION('',(0.707106781186547,0.707106781186547,1.00114862132664E-15));
#7349=DIRECTION('center_axis',(-0.392590905544684,0.392590905544683,-0.83171194638962));
#7350=DIRECTION('ref_axis',(-0.588109157285964,0.588109157285962,0.555207383085626));
#7351=DIRECTION('',(-0.325719243260996,0.786355814606605,0.524930002384953));
#7352=DIRECTION('',(-0.707106781186548,-0.707106781186548,1.06789186274842E-15));
#7353=DIRECTION('',(0.786355814606602,-0.325719243261001,-0.524930002384955));
#7354=DIRECTION('center_axis',(-0.392590905544685,0.392590905544684,-0.83171194638962));
#7355=DIRECTION('ref_axis',(-0.588109157285963,0.588109157285962,0.555207383085627));
#7356=DIRECTION('',(-0.707106781186547,-0.707106781186547,1.06789186274842E-15));
#7357=DIRECTION('',(0.786355814606608,-0.32571924326099,-0.524930002384953));
#7358=DIRECTION('',(0.707106781186546,0.707106781186549,0.));
#7359=DIRECTION('center_axis',(-0.392590905544684,0.392590905544683,0.83171194638962));
#7360=DIRECTION('ref_axis',(0.588109157285964,-0.588109157285962,0.555207383085627));
#7361=DIRECTION('',(-0.786355814606606,0.325719243260993,-0.524930002384954));
#7362=DIRECTION('center_axis',(0.392590905544696,-0.392590905544695,-0.831711946389609));
#7363=DIRECTION('ref_axis',(-0.588109157285955,0.588109157285954,-0.555207383085643));
#7364=DIRECTION('',(-0.786355814606621,0.325719243260945,-0.524930002384961));
#7365=DIRECTION('',(0.707106781186546,0.707106781186549,0.));
#7366=DIRECTION('',(0.325719243260937,-0.786355814606626,0.524930002384959));
#7367=DIRECTION('',(0.904316629536144,3.87735705976325E-16,0.426862312162116));
#7368=DIRECTION('',(0.707106781186548,0.707106781186547,1.40160806985732E-15));
#7369=DIRECTION('center_axis',(0.392334257152049,-0.392334257152048,0.831954122130482));
#7370=DIRECTION('ref_axis',(0.588280401394566,-0.588280401394564,-0.554844427448));
#7371=DIRECTION('',(0.786560482160957,-0.325804019337792,-0.52457063288566));
#7372=DIRECTION('',(-0.707106781186548,-0.707106781186547,1.40120007203184E-15));
#7373=DIRECTION('',(-0.326658699028191,0.78608619787123,0.524750020357849));
#7374=DIRECTION('',(-0.895231600097873,-0.370611797264742,0.247401046712417));
#7375=DIRECTION('center_axis',(0.392590905544679,-0.392590905544678,-0.831711946389625));
#7376=DIRECTION('ref_axis',(-0.588109157285967,0.588109157285965,-0.555207383085619));
#7377=DIRECTION('',(-0.786355814606609,0.325719243260997,-0.524930002384947));
#7378=DIRECTION('',(0.707106781186546,0.707106781186549,0.));
#7379=DIRECTION('',(0.325719243261013,-0.7863558146066,0.52493000238495));
#7380=DIRECTION('',(0.904316629536155,3.87735705976329E-16,0.426862312162094));
#7381=DIRECTION('',(0.707106781186548,0.707106781186547,1.33486482843552E-15));
#7382=DIRECTION('center_axis',(0.39233425715205,-0.392334257152048,0.831954122130481));
#7383=DIRECTION('ref_axis',(0.588280401394565,-0.588280401394564,-0.554844427448001));
#7384=DIRECTION('',(0.786560482160962,-0.325804019337783,-0.524570632885659));
#7385=DIRECTION('',(-0.707106781186548,-0.707106781186547,1.40120007203184E-15));
#7386=DIRECTION('',(-0.32665869902819,0.78608619787123,0.524750020357849));
#7387=DIRECTION('',(-0.895231600097874,-0.370611797264739,0.247401046712419));
#7388=DIRECTION('center_axis',(0.392590905544698,-0.392590905544697,-0.831711946389607));
#7389=DIRECTION('ref_axis',(-0.588109157285954,0.588109157285952,-0.555207383085646));
#7390=DIRECTION('',(-0.786355814606595,0.325719243260989,-0.524930002384973));
#7391=DIRECTION('',(0.707106781186546,0.707106781186549,0.));
#7392=DIRECTION('',(0.32571924326094,-0.786355814606622,0.524930002384962));
#7393=DIRECTION('',(0.904316629536143,3.87735705976324E-16,0.426862312162119));
#7394=DIRECTION('',(0.707106781186548,0.707106781186547,1.40160806985732E-15));
#7395=DIRECTION('center_axis',(0.39233425715205,-0.392334257152049,0.831954122130481));
#7396=DIRECTION('ref_axis',(0.588280401394565,-0.588280401394563,-0.554844427448002));
#7397=DIRECTION('',(0.786560482160963,-0.32580401933778,-0.524570632885659));
#7398=DIRECTION('',(-0.707106781186548,-0.707106781186547,1.33447625907794E-15));
#7399=DIRECTION('',(-0.326658699028179,0.786086197871236,0.524750020357848));
#7400=DIRECTION('',(-0.895231600097873,-0.37061179726474,0.247401046712419));
#7401=DIRECTION('center_axis',(0.392590905544679,-0.392590905544678,-0.831711946389625));
#7402=DIRECTION('ref_axis',(-0.588109157285967,0.588109157285965,-0.555207383085619));
#7403=DIRECTION('',(-0.78635581460661,0.325719243260995,-0.524930002384946));
#7404=DIRECTION('',(0.707106781186546,0.707106781186549,0.));
#7405=DIRECTION('',(0.325719243261018,-0.786355814606597,0.524930002384951));
#7406=DIRECTION('',(0.904316629536155,3.87735705976329E-16,0.426862312162094));
#7407=DIRECTION('',(0.707106781186548,0.707106781186547,1.33486482843552E-15));
#7408=DIRECTION('center_axis',(0.392334257152051,-0.39233425715205,0.83195412213048));
#7409=DIRECTION('ref_axis',(0.588280401394564,-0.588280401394562,-0.554844427448004));
#7410=DIRECTION('',(0.786560482160959,-0.325804019337784,-0.524570632885662));
#7411=DIRECTION('',(-0.707106781186548,-0.707106781186547,1.40120007203184E-15));
#7412=DIRECTION('',(-0.326658699028171,0.786086197871239,0.524750020357848));
#7413=DIRECTION('',(-0.895231600097873,-0.370611797264739,0.247401046712421));
#7414=DIRECTION('center_axis',(-0.392590905544684,0.392590905544683,0.831711946389621));
#7415=DIRECTION('ref_axis',(0.588109157285964,-0.588109157285962,0.555207383085626));
#7416=DIRECTION('',(0.325719243260998,-0.786355814606604,0.524930002384953));
#7417=DIRECTION('',(0.707106781186546,0.707106781186549,0.));
#7418=DIRECTION('',(-0.786355814606608,0.32571924326099,-0.524930002384952));
#7419=DIRECTION('',(0.707106781186547,0.707106781186547,1.00114862132664E-15));
#7420=DIRECTION('center_axis',(-0.392590905544676,0.392590905544675,-0.831711946389628));
#7421=DIRECTION('ref_axis',(-0.588109157285969,0.588109157285967,0.555207383085614));
#7422=DIRECTION('',(-0.325719243261,0.786355814606611,0.524930002384942));
#7423=DIRECTION('',(-0.707106781186547,-0.707106781186547,1.00114862132663E-15));
#7424=DIRECTION('',(0.786355814606595,-0.325719243261029,-0.524930002384948));
#7425=DIRECTION('center_axis',(-0.392590905544683,0.392590905544682,0.831711946389621));
#7426=DIRECTION('ref_axis',(0.588109157285964,-0.588109157285962,0.555207383085625));
#7427=DIRECTION('',(0.325719243260999,-0.786355814606604,0.524930002384953));
#7428=DIRECTION('',(-0.707106781186546,-0.707106781186549,0.));
#7429=DIRECTION('',(-0.786355814606602,0.325719243261003,-0.524930002384954));
#7430=DIRECTION('',(0.707106781186548,0.707106781186548,1.00114862132664E-15));
#7431=DIRECTION('center_axis',(-0.392590905544681,0.392590905544679,0.831711946389624));
#7432=DIRECTION('ref_axis',(0.588109157285966,-0.588109157285964,0.555207383085621));
#7433=DIRECTION('',(0.325719243261009,-0.786355814606602,0.524930002384951));
#7434=DIRECTION('',(0.707106781186546,0.707106781186549,0.));
#7435=DIRECTION('',(-0.786355814606602,0.325719243261006,-0.524930002384951));
#7436=DIRECTION('',(0.707106781186547,0.707106781186547,1.00114862132664E-15));
#7437=DIRECTION('center_axis',(-0.392590905544679,0.392590905544678,-0.831711946389625));
#7438=DIRECTION('ref_axis',(-0.588109157285967,0.588109157285965,0.555207383085619));
#7439=DIRECTION('',(-0.325719243261009,0.786355814606603,0.524930002384948));
#7440=DIRECTION('',(-0.707106781186547,-0.707106781186547,1.00114862132664E-15));
#7441=DIRECTION('',(0.786355814606601,-0.325719243261012,-0.524930002384949));
#7442=DIRECTION('center_axis',(-0.392590905544682,0.392590905544681,0.831711946389622));
#7443=DIRECTION('ref_axis',(0.588109157285965,-0.588109157285963,0.555207383085623));
#7444=DIRECTION('',(0.325719243261,-0.786355814606605,0.524930002384951));
#7445=DIRECTION('',(0.707106781186546,0.707106781186549,0.));
#7446=DIRECTION('',(-0.786355814606603,0.325719243261002,-0.524930002384952));
#7447=DIRECTION('',(0.707106781186547,0.707106781186547,1.00114862132664E-15));
#7448=DIRECTION('center_axis',(-0.392590905544684,0.392590905544682,-0.831711946389621));
#7449=DIRECTION('ref_axis',(-0.588109157285964,0.588109157285962,0.555207383085626));
#7450=DIRECTION('',(-0.325719243260999,0.786355814606604,0.524930002384953));
#7451=DIRECTION('',(-0.707106781186548,-0.707106781186548,1.06789186274842E-15));
#7452=DIRECTION('',(0.786355814606607,-0.325719243260992,-0.524930002384952));
#7453=DIRECTION('center_axis',(0.392590905544685,-0.392590905544684,-0.83171194638962));
#7454=DIRECTION('ref_axis',(-0.588109157285963,0.588109157285962,-0.555207383085627));
#7455=DIRECTION('',(-0.786355814606606,0.325719243260993,-0.524930002384954));
#7456=DIRECTION('',(0.707106781186546,0.707106781186549,0.));
#7457=DIRECTION('',(0.325719243260992,-0.786355814606606,0.524930002384953));
#7458=DIRECTION('',(0.904316629536151,3.87735705976328E-16,0.426862312162101));
#7459=DIRECTION('',(0.707106781186548,0.707106781186547,1.4016080698573E-15));
#7460=DIRECTION('center_axis',(0.39233425715205,-0.392334257152049,0.831954122130481));
#7461=DIRECTION('ref_axis',(0.588280401394565,-0.588280401394563,-0.554844427448002));
#7462=DIRECTION('',(0.78656048216096,-0.325804019337785,-0.524570632885661));
#7463=DIRECTION('',(-0.707106781186548,-0.707106781186547,1.33447625907794E-15));
#7464=DIRECTION('',(-0.326658699028177,0.786086197871237,0.524750020357848));
#7465=DIRECTION('',(-0.895231600097873,-0.37061179726474,0.24740104671242));
#7466=DIRECTION('center_axis',(0.392590905544683,-0.392590905544682,-0.831711946389621));
#7467=DIRECTION('ref_axis',(-0.588109157285964,0.588109157285963,-0.555207383085625));
#7468=DIRECTION('',(-0.786355814606607,0.325719243260994,-0.524930002384952));
#7469=DIRECTION('',(0.707106781186546,0.707106781186549,0.));
#7470=DIRECTION('',(0.325719243260992,-0.786355814606608,0.524930002384951));
#7471=DIRECTION('',(0.904316629536152,3.87735705976328E-16,0.426862312162099));
#7472=DIRECTION('',(0.707106781186548,0.707106781186547,1.4016080698573E-15));
#7473=DIRECTION('center_axis',(0.392334257152047,-0.392334257152046,0.831954122130484));
#7474=DIRECTION('ref_axis',(0.588280401394567,-0.588280401394565,-0.554844427447997));
#7475=DIRECTION('',(0.786560482160964,-0.325804019337784,-0.524570632885655));
#7476=DIRECTION('',(-0.707106781186548,-0.707106781186547,1.40120007203183E-15));
#7477=DIRECTION('',(-0.326658699028196,0.78608619787123,0.524750020357847));
#7478=DIRECTION('',(-0.895231600097874,-0.370611797264739,0.247401046712417));
#7479=DIRECTION('center_axis',(0.392590905544684,-0.392590905544682,-0.831711946389621));
#7480=DIRECTION('ref_axis',(-0.588109157285964,0.588109157285962,-0.555207383085626));
#7481=DIRECTION('',(-0.786355814606605,0.325719243260996,-0.524930002384953));
#7482=DIRECTION('',(0.707106781186546,0.707106781186549,0.));
#7483=DIRECTION('',(0.325719243260995,-0.786355814606606,0.524930002384952));
#7484=DIRECTION('',(0.904316629536152,3.87735705976328E-16,0.4268623121621));
#7485=DIRECTION('',(0.707106781186548,0.707106781186547,1.33486482843552E-15));
#7486=DIRECTION('center_axis',(0.392334257152044,-0.392334257152043,0.831954122130486));
#7487=DIRECTION('ref_axis',(0.588280401394569,-0.588280401394567,-0.554844427447993));
#7488=DIRECTION('',(0.786560482160953,-0.325804019337809,-0.524570632885657));
#7489=DIRECTION('',(-0.326658699028193,0.786086197871234,0.524750020357842));
#7490=DIRECTION('',(-0.895231600097876,-0.370611797264736,0.247401046712417));
#7491=DIRECTION('center_axis',(0.392334257152049,-0.392334257152048,0.831954122130482));
#7492=DIRECTION('ref_axis',(0.588280401394566,-0.588280401394564,-0.554844427448001));
#7493=DIRECTION('',(0.786560482160961,-0.325804019337785,-0.524570632885659));
#7494=DIRECTION('',(-0.707106781186548,-0.707106781186547,1.33447625907794E-15));
#7495=DIRECTION('',(-0.326658699028179,0.786086197871237,0.524750020357847));
#7496=DIRECTION('',(0.707106781186546,0.707106781186549,0.));
#7497=DIRECTION('center_axis',(-0.392590905544682,0.39259090554468,0.831711946389623));
#7498=DIRECTION('ref_axis',(0.588109157285965,-0.588109157285964,0.555207383085623));
#7499=DIRECTION('',(0.325719243261005,-0.786355814606603,0.524930002384951));
#7500=DIRECTION('',(0.707106781186546,0.707106781186549,0.));
#7501=DIRECTION('',(-0.78635581460661,0.325719243260991,-0.524930002384949));
#7502=DIRECTION('',(0.707106781186548,0.707106781186548,1.06789186274842E-15));
#7503=DIRECTION('center_axis',(-0.392590905544683,0.392590905544682,-0.831711946389622));
#7504=DIRECTION('ref_axis',(-0.588109157285965,0.588109157285963,0.555207383085624));
#7505=DIRECTION('',(-0.325719243260992,0.786355814606609,0.52493000238495));
#7506=DIRECTION('',(-0.707106781186547,-0.707106781186547,1.06789186274842E-15));
#7507=DIRECTION('',(0.786355814606609,-0.32571924326099,-0.524930002384951));
#7508=DIRECTION('center_axis',(-0.392590905544684,0.392590905544683,0.831711946389621));
#7509=DIRECTION('ref_axis',(0.588109157285964,-0.588109157285962,0.555207383085626));
#7510=DIRECTION('',(0.325719243260996,-0.786355814606605,0.524930002384953));
#7511=DIRECTION('',(0.707106781186546,0.707106781186549,0.));
#7512=DIRECTION('',(-0.7863558146066,0.325719243261005,-0.524930002384955));
#7513=DIRECTION('',(0.707106781186547,0.707106781186547,1.00114862132664E-15));
#7514=DIRECTION('center_axis',(-0.392590905544682,0.392590905544681,-0.831711946389622));
#7515=DIRECTION('ref_axis',(-0.588109157285965,0.588109157285963,0.555207383085624));
#7516=DIRECTION('',(-0.325719243261,0.786355814606605,0.524930002384951));
#7517=DIRECTION('',(-0.707106781186548,-0.707106781186548,1.00114862132664E-15));
#7518=DIRECTION('',(0.786355814606605,-0.325719243260999,-0.524930002384951));
#7519=DIRECTION('center_axis',(0.,0.555207383085635,0.831711946389614));
#7520=DIRECTION('ref_axis',(1.78853367503491E-16,-0.831711946389614,0.555207383085635));
#7521=DIRECTION('',(1.,0.,0.));
#7522=DIRECTION('',(0.32641830167725,0.786155272840269,-0.524796131193421));
#7523=DIRECTION('',(1.,0.,0.));
#7524=DIRECTION('center_axis',(-0.555207383085628,0.,-0.831711946389619));
#7525=DIRECTION('ref_axis',(-0.831711946389619,0.,0.555207383085628));
#7526=DIRECTION('',(0.,-1.,0.));
#7527=DIRECTION('',(-0.786355814606602,-0.325719243260998,0.524930002384956));
#7528=DIRECTION('',(0.,1.,0.));
#7529=DIRECTION('center_axis',(-0.555207383085625,0.,0.831711946389621));
#7530=DIRECTION('ref_axis',(0.831711946389621,0.,0.555207383085625));
#7531=DIRECTION('',(0.,1.,0.));
#7532=DIRECTION('',(0.786355814623136,0.325719243203303,0.524930002395988));
#7533=DIRECTION('center_axis',(-0.555207383085624,0.,-0.831711946389622));
#7534=DIRECTION('ref_axis',(-0.831711946389622,0.,0.555207383085624));
#7535=DIRECTION('',(0.,-1.,0.));
#7536=DIRECTION('',(-0.7863558146066,-0.325719243261015,0.524930002384948));
#7537=DIRECTION('center_axis',(0.555207383085623,0.,-0.831711946389623));
#7538=DIRECTION('ref_axis',(-0.831711946389622,0.,-0.555207383085623));
#7539=DIRECTION('',(-3.20904622205942E-16,1.,-2.14219137152536E-16));
#7540=DIRECTION('',(-0.639448421084778,0.639448421084776,-0.426862312162098));
#7541=DIRECTION('',(0.786155272840278,0.326418301677245,0.52479613119341));
#7542=DIRECTION('',(0.,1.,0.));
#7543=DIRECTION('center_axis',(0.,-0.55520738308563,0.831711946389618));
#7544=DIRECTION('ref_axis',(0.,-0.831711946389618,-0.55520738308563));
#7545=DIRECTION('',(-0.639448421084775,-0.639448421084775,-0.426862312162103));
#7546=DIRECTION('',(-1.,-4.28761003958545E-16,-2.86218414933618E-16));
#7547=DIRECTION('',(-0.32571924326101,-0.786355814606598,-0.524930002384955));
#7548=DIRECTION('',(1.,0.,0.));
#7549=DIRECTION('center_axis',(-4.28761003958545E-16,1.,0.));
#7550=DIRECTION('ref_axis',(-1.,-4.28761003958545E-16,0.));
#7551=DIRECTION('',(1.,4.28761003958545E-16,-2.8621841493361E-16));
#7552=DIRECTION('',(0.,0.,1.));
#7553=DIRECTION('',(-1.,-4.28761003958545E-16,-2.86218414933616E-16));
#7554=DIRECTION('',(0.,0.,1.));
#7555=DIRECTION('center_axis',(0.555207383085618,0.,-0.831711946389626));
#7556=DIRECTION('ref_axis',(-0.831711946389626,0.,-0.555207383085618));
#7557=DIRECTION('',(-3.20904622205942E-16,1.,-2.14219137152534E-16));
#7558=DIRECTION('',(-0.639448421084779,0.639448421084777,-0.426862312162093));
#7559=DIRECTION('',(0.786155272840283,0.32641830167724,0.524796131193407));
#7560=DIRECTION('',(0.,1.,0.));
#7561=DIRECTION('center_axis',(0.,-0.55520738308563,0.831711946389618));
#7562=DIRECTION('ref_axis',(0.,-0.831711946389618,-0.55520738308563));
#7563=DIRECTION('',(-0.639448421084775,-0.639448421084775,-0.426862312162103));
#7564=DIRECTION('',(-1.,-4.28761003958545E-16,-2.86218414933618E-16));
#7565=DIRECTION('',(-0.325719243261023,-0.786355814606594,-0.524930002384953));
#7566=DIRECTION('',(1.,0.,0.));
#7567=DIRECTION('center_axis',(-4.28761003958545E-16,1.,0.));
#7568=DIRECTION('ref_axis',(-1.,-4.28761003958545E-16,0.));
#7569=DIRECTION('',(1.,4.28761003958545E-16,-2.86218414933614E-16));
#7570=DIRECTION('',(0.,0.,1.));
#7571=DIRECTION('',(-1.,-4.28761003958545E-16,-2.86218414933617E-16));
#7572=DIRECTION('',(0.,0.,1.));
#7573=DIRECTION('center_axis',(-4.28761003958545E-16,1.,0.));
#7574=DIRECTION('ref_axis',(-1.,-4.28761003958545E-16,0.));
#7575=DIRECTION('',(1.,4.28761003958545E-16,-2.86218414933613E-16));
#7576=DIRECTION('',(0.,0.,1.));
#7577=DIRECTION('',(-1.,-4.28761003958545E-16,-2.86218414933615E-16));
#7578=DIRECTION('',(0.,0.,1.));
#7579=DIRECTION('center_axis',(0.,-0.555207383085623,-0.831711946389622));
#7580=DIRECTION('ref_axis',(0.,0.831711946389622,-0.555207383085623));
#7581=DIRECTION('',(1.,0.,0.));
#7582=DIRECTION('',(0.325719243260999,0.786355814606605,-0.524930002384951));
#7583=DIRECTION('center_axis',(0.555207383085618,0.,-0.831711946389626));
#7584=DIRECTION('ref_axis',(-0.831711946389626,0.,-0.555207383085618));
#7585=DIRECTION('',(-3.20904622205942E-16,1.,-2.14219137152533E-16));
#7586=DIRECTION('',(-0.639448421084779,0.639448421084777,-0.426862312162093));
#7587=DIRECTION('',(0.786155272840276,0.326418301677263,0.524796131193401));
#7588=DIRECTION('',(0.,1.,0.));
#7589=DIRECTION('center_axis',(0.,-0.555207383085625,0.831711946389621));
#7590=DIRECTION('ref_axis',(0.,-0.831711946389621,-0.555207383085625));
#7591=DIRECTION('',(-0.639448421084777,-0.639448421084776,-0.426862312162099));
#7592=DIRECTION('',(-1.,-4.28761003958545E-16,-2.86218414933615E-16));
#7593=DIRECTION('',(-0.325719243261011,-0.786355814606601,-0.52493000238495));
#7594=DIRECTION('',(1.,0.,0.));
#7595=DIRECTION('center_axis',(-4.28761003958545E-16,1.,0.));
#7596=DIRECTION('ref_axis',(-1.,-4.28761003958545E-16,0.));
#7597=DIRECTION('',(1.,4.28761003958545E-16,-2.86218414933616E-16));
#7598=DIRECTION('',(0.,0.,1.));
#7599=DIRECTION('',(0.,0.,1.));
#7600=DIRECTION('center_axis',(0.,0.555207383085626,0.831711946389621));
#7601=DIRECTION('ref_axis',(1.37121247531635E-16,-0.831711946389621,0.555207383085626));
#7602=DIRECTION('',(1.,0.,0.));
#7603=DIRECTION('',(0.326418301677249,0.786155272840275,-0.524796131193412));
#7604=DIRECTION('',(1.,0.,0.));
#7605=DIRECTION('center_axis',(-0.555207383085626,0.,-0.83171194638962));
#7606=DIRECTION('ref_axis',(-0.83171194638962,0.,0.555207383085626));
#7607=DIRECTION('',(0.,-1.,0.));
#7608=DIRECTION('',(-0.786355814606605,-0.325719243260991,0.524930002384956));
#7609=DIRECTION('',(0.,1.,0.));
#7610=DIRECTION('center_axis',(-0.555207383085627,0.,0.83171194638962));
#7611=DIRECTION('ref_axis',(0.83171194638962,0.,0.555207383085627));
#7612=DIRECTION('',(0.,-1.,0.));
#7613=DIRECTION('',(0.786355814606603,0.325719243260998,0.524930002384955));
#7614=DIRECTION('',(0.,1.,0.));
#7615=DIRECTION('center_axis',(-0.555207383085624,0.,-0.831711946389622));
#7616=DIRECTION('ref_axis',(-0.831711946389622,0.,0.555207383085624));
#7617=DIRECTION('',(0.,-1.,0.));
#7618=DIRECTION('',(-0.786355814606604,-0.325719243260999,0.524930002384952));
#7619=DIRECTION('',(0.,1.,0.));
#7620=DIRECTION('center_axis',(0.,0.555207383085625,0.831711946389621));
#7621=DIRECTION('ref_axis',(2.31966974740405E-16,-0.831711946389621,0.555207383085625));
#7622=DIRECTION('',(1.,0.,0.));
#7623=DIRECTION('',(0.326418301677259,0.786155272840273,-0.524796131193409));
#7624=DIRECTION('',(1.,0.,0.));
#7625=DIRECTION('center_axis',(0.,0.555207383085623,0.831711946389622));
#7626=DIRECTION('ref_axis',(2.31966974740403E-16,-0.831711946389622,0.555207383085623));
#7627=DIRECTION('',(1.,0.,0.));
#7628=DIRECTION('',(0.326418301677251,0.786155272840276,-0.524796131193409));
#7629=DIRECTION('',(1.,0.,0.));
#7630=DIRECTION('center_axis',(-0.555207383085623,0.,-0.831711946389623));
#7631=DIRECTION('ref_axis',(-0.831711946389622,0.,0.555207383085623));
#7632=DIRECTION('',(0.,-1.,0.));
#7633=DIRECTION('',(-0.786355814606605,-0.325719243260999,0.524930002384951));
#7634=DIRECTION('',(0.,1.,0.));
#7635=DIRECTION('center_axis',(0.555207383085625,0.,-0.831711946389621));
#7636=DIRECTION('ref_axis',(-0.831711946389621,0.,-0.555207383085625));
#7637=DIRECTION('',(-3.20904622205942E-16,1.,-2.14219137152537E-16));
#7638=DIRECTION('',(-0.639448421084777,0.639448421084775,-0.4268623121621));
#7639=DIRECTION('',(0.786155272840271,0.326418301677266,0.524796131193408));
#7640=DIRECTION('',(0.,1.,0.));
#7641=DIRECTION('center_axis',(0.,-0.555207383085626,0.831711946389621));
#7642=DIRECTION('ref_axis',(0.,-0.831711946389621,-0.555207383085626));
#7643=DIRECTION('',(-0.639448421084776,-0.639448421084776,-0.4268623121621));
#7644=DIRECTION('',(-0.325719243261003,-0.786355814606602,-0.524930002384953));
#7645=DIRECTION('',(1.,0.,0.));
#7646=DIRECTION('center_axis',(-4.28761003958545E-16,1.,0.));
#7647=DIRECTION('ref_axis',(-1.,-4.28761003958545E-16,0.));
#7648=DIRECTION('',(1.,4.28761003958545E-16,-2.86218414933614E-16));
#7649=DIRECTION('',(0.,0.,1.));
#7650=DIRECTION('',(-1.,-4.28761003958545E-16,-2.86218414933615E-16));
#7651=DIRECTION('',(0.,0.,1.));
#7652=DIRECTION('center_axis',(0.555207383085623,0.,-0.831711946389623));
#7653=DIRECTION('ref_axis',(-0.831711946389622,0.,-0.555207383085623));
#7654=DIRECTION('',(-3.20904622205942E-16,1.,-2.14219137152536E-16));
#7655=DIRECTION('',(-0.639448421084778,0.639448421084776,-0.426862312162098));
#7656=DIRECTION('',(0.786155272840275,0.326418301677257,0.524796131193408));
#7657=DIRECTION('',(0.,1.,0.));
#7658=DIRECTION('center_axis',(0.,-0.555207383085629,0.831711946389619));
#7659=DIRECTION('ref_axis',(0.,-0.831711946389619,-0.555207383085629));
#7660=DIRECTION('',(-0.639448421084776,-0.639448421084775,-0.426862312162102));
#7661=DIRECTION('',(-0.325719243261022,-0.786355814606595,-0.524930002384952));
#7662=DIRECTION('',(1.,0.,0.));
#7663=DIRECTION('center_axis',(-4.28761003958545E-16,1.,0.));
#7664=DIRECTION('ref_axis',(-1.,-4.28761003958545E-16,0.));
#7665=DIRECTION('',(1.,4.28761003958545E-16,-2.86218414933612E-16));
#7666=DIRECTION('',(0.,0.,1.));
#7667=DIRECTION('',(0.,0.,1.));
#7668=DIRECTION('center_axis',(-4.28761003958545E-16,1.,0.));
#7669=DIRECTION('ref_axis',(-1.,-4.28761003958545E-16,0.));
#7670=DIRECTION('',(1.,4.28761003958545E-16,-2.86218414933614E-16));
#7671=DIRECTION('',(0.,0.,1.));
#7672=DIRECTION('',(0.,0.,1.));
#7673=DIRECTION('center_axis',(0.,-0.555207383085624,-0.831711946389622));
#7674=DIRECTION('ref_axis',(-2.19600305607883E-17,0.831711946389622,-0.555207383085624));
#7675=DIRECTION('',(1.,0.,0.));
#7676=DIRECTION('',(0.325719243261015,0.7863558146066,-0.524930002384948));
#7677=DIRECTION('center_axis',(0.554844427447999,0.,0.831954122130483));
#7678=DIRECTION('ref_axis',(0.831954122130483,0.,-0.554844427447999));
#7679=DIRECTION('',(0.,1.,0.));
#7680=DIRECTION('',(-0.786629394309879,-0.32556355424239,0.52461659157592));
#7681=DIRECTION('',(3.20904622205942E-16,-1.,-2.1401677885472E-16));
#7682=DIRECTION('center_axis',(-0.707106781186547,0.707106781186548,0.));
#7683=DIRECTION('ref_axis',(-0.707106781186548,-0.707106781186547,0.));
#7684=DIRECTION('',(-0.639448421084777,-0.639448421084776,-0.426862312162099));
#7685=DIRECTION('',(0.,0.,1.));
#7686=DIRECTION('center_axis',(-0.707106781186547,0.707106781186548,0.));
#7687=DIRECTION('ref_axis',(-0.707106781186548,-0.707106781186547,0.));
#7688=DIRECTION('',(0.,0.,1.));
#7689=DIRECTION('center_axis',(-0.707106781186547,0.707106781186548,0.));
#7690=DIRECTION('ref_axis',(-0.707106781186548,-0.707106781186547,0.));
#7691=DIRECTION('',(0.,0.,1.));
#7692=DIRECTION('center_axis',(-0.707106781186547,0.707106781186548,0.));
#7693=DIRECTION('ref_axis',(-0.707106781186548,-0.707106781186547,0.));
#7694=DIRECTION('',(0.,0.,1.));
#7695=DIRECTION('center_axis',(-0.707106781186547,0.707106781186548,0.));
#7696=DIRECTION('ref_axis',(-0.707106781186548,-0.707106781186547,0.));
#7697=DIRECTION('',(-0.639448421084776,-0.639448421084776,-0.4268623121621));
#7698=DIRECTION('',(0.,0.,1.));
#7699=DIRECTION('center_axis',(-0.707106781186547,0.707106781186548,0.));
#7700=DIRECTION('ref_axis',(-0.707106781186548,-0.707106781186547,0.));
#7701=DIRECTION('',(0.,0.,1.));
#7702=DIRECTION('center_axis',(-0.707106781186547,0.707106781186548,0.));
#7703=DIRECTION('ref_axis',(-0.707106781186548,-0.707106781186547,0.));
#7704=DIRECTION('',(0.,0.,1.));
#7705=DIRECTION('center_axis',(0.,0.,1.));
#7706=DIRECTION('ref_axis',(1.,0.,0.));
#7707=DIRECTION('',(-1.,0.,0.));
#7708=DIRECTION('',(-0.707106781186548,0.707106781186548,0.));
#7709=DIRECTION('',(1.,0.,0.));
#7710=DIRECTION('',(0.707106781186548,-0.707106781186548,0.));
#7711=DIRECTION('center_axis',(-0.555207383085621,0.,-0.831711946389624));
#7712=DIRECTION('ref_axis',(-0.831711946389624,0.,0.555207383085621));
#7713=DIRECTION('',(0.,-1.,0.));
#7714=DIRECTION('',(-0.786355814606606,-0.325719243261,0.524930002384949));
#7715=DIRECTION('',(0.,1.,0.));
#7716=DIRECTION('center_axis',(0.,0.555207383085625,0.831711946389621));
#7717=DIRECTION('ref_axis',(1.78853367503493E-16,-0.831711946389621,0.555207383085625));
#7718=DIRECTION('',(1.,0.,0.));
#7719=DIRECTION('',(0.326418301677252,0.786155272840275,-0.52479613119341));
#7720=DIRECTION('',(1.,0.,0.));
#7721=DIRECTION('center_axis',(-0.555207383085624,0.,-0.831711946389622));
#7722=DIRECTION('ref_axis',(-0.831711946389622,0.,0.555207383085624));
#7723=DIRECTION('',(0.,-1.,0.));
#7724=DIRECTION('',(-0.786355814606605,-0.325719243260999,0.524930002384951));
#7725=DIRECTION('',(0.,1.,0.));
#7726=DIRECTION('center_axis',(0.,0.555207383085625,0.831711946389621));
#7727=DIRECTION('ref_axis',(1.37121247531635E-16,-0.831711946389621,0.555207383085625));
#7728=DIRECTION('',(0.326418301677252,0.786155272840275,-0.52479613119341));
#7729=DIRECTION('',(1.,0.,0.));
#7730=DIRECTION('center_axis',(0.707106781186548,-0.707106781186548,0.));
#7731=DIRECTION('ref_axis',(0.707106781186548,0.707106781186548,0.));
#7732=DIRECTION('',(0.,0.,1.));
#7733=DIRECTION('',(0.,0.,1.));
#7734=DIRECTION('center_axis',(0.707106781186548,-0.707106781186548,0.));
#7735=DIRECTION('ref_axis',(0.707106781186548,0.707106781186548,0.));
#7736=DIRECTION('',(0.,0.,1.));
#7737=DIRECTION('',(0.,0.,1.));
#7738=DIRECTION('center_axis',(0.707106781186548,-0.707106781186548,0.));
#7739=DIRECTION('ref_axis',(0.707106781186548,0.707106781186548,0.));
#7740=DIRECTION('',(0.,0.,1.));
#7741=DIRECTION('',(0.,0.,1.));
#7742=DIRECTION('center_axis',(0.707106781186548,-0.707106781186548,0.));
#7743=DIRECTION('ref_axis',(0.707106781186548,0.707106781186548,0.));
#7744=DIRECTION('',(0.,0.,1.));
#7745=DIRECTION('',(0.,0.,1.));
#7746=DIRECTION('center_axis',(0.707106781186548,-0.707106781186548,0.));
#7747=DIRECTION('ref_axis',(0.707106781186548,0.707106781186548,0.));
#7748=DIRECTION('',(0.,0.,1.));
#7749=DIRECTION('',(0.,0.,1.));
#7750=DIRECTION('center_axis',(0.707106781186548,-0.707106781186548,0.));
#7751=DIRECTION('ref_axis',(0.707106781186548,0.707106781186548,0.));
#7752=DIRECTION('',(0.,0.,1.));
#7753=DIRECTION('center_axis',(0.392399931212043,0.392399931212043,-0.831892173283033));
#7754=DIRECTION('ref_axis',(-0.588236596944447,-0.588236596944447,-0.554937304594341));
#7755=DIRECTION('',(-0.326418301677252,-0.786155272840275,-0.524796131193411));
#7756=DIRECTION('',(-0.707106781186547,0.707106781186547,0.));
#7757=DIRECTION('',(-0.37083982714939,0.895159721347772,0.247319420742466));
#7758=DIRECTION('',(0.78615527284025,0.326418301677296,0.524796131193421));
#7759=DIRECTION('',(-0.707106781186549,0.707106781186546,-1.00093172554176E-15));
#7760=DIRECTION('center_axis',(0.392399931212042,0.392399931212042,0.831892173283034));
#7761=DIRECTION('ref_axis',(0.588236596944448,0.588236596944448,-0.554937304594339));
#7762=DIRECTION('',(0.707106781186549,-0.707106781186546,-1.00093172554175E-15));
#7763=DIRECTION('',(2.9023655276351E-16,-0.904432447150137,0.426616863874383));
#7764=DIRECTION('',(-0.786629394309878,-0.325563554242392,0.524616591575919));
#7765=DIRECTION('center_axis',(0.392399931212039,0.392399931212039,0.831892173283037));
#7766=DIRECTION('ref_axis',(0.58823659694445,0.588236596944451,-0.554937304594334));
#7767=DIRECTION('',(-0.786629394309871,-0.325563554242412,0.524616591575918));
#7768=DIRECTION('',(-0.707106781186547,0.707106781186547,0.));
#7769=DIRECTION('center_axis',(0.392399931212043,0.392399931212043,-0.831892173283033));
#7770=DIRECTION('ref_axis',(-0.588236596944447,-0.588236596944447,-0.55493730459434));
#7771=DIRECTION('',(-0.370839827149388,0.895159721347773,0.247319420742467));
#7772=DIRECTION('',(0.786155272840275,0.326418301677252,0.52479613119341));
#7773=DIRECTION('',(-0.707106781186549,0.707106781186546,-1.00093172554176E-15));
#7774=DIRECTION('center_axis',(-0.392590905544679,-0.392590905544679,0.831711946389624));
#7775=DIRECTION('ref_axis',(0.588109157285966,0.588109157285966,0.55520738308562));
#7776=DIRECTION('',(0.786355814606595,0.325719243261021,0.524930002384952));
#7777=DIRECTION('',(-0.707106781186547,0.707106781186547,0.));
#7778=DIRECTION('',(-0.707106781186548,0.707106781186547,-1.33486482843552E-16));
#7779=DIRECTION('center_axis',(-0.392590905544682,-0.392590905544682,-0.831711946389622));
#7780=DIRECTION('ref_axis',(-0.588109157285964,-0.588109157285964,0.555207383085624));
#7781=DIRECTION('',(0.707106781186548,-0.707106781186547,-6.67432414217761E-17));
#7782=DIRECTION('',(0.325719243261001,0.786355814606604,-0.524930002384952));
#7783=DIRECTION('center_axis',(-0.392590905544679,-0.392590905544679,0.831711946389625));
#7784=DIRECTION('ref_axis',(0.588109157285966,0.588109157285966,0.555207383085619));
#7785=DIRECTION('',(0.786355814606607,0.325719243261,0.524930002384947));
#7786=DIRECTION('',(-0.707106781186547,0.707106781186547,0.));
#7787=DIRECTION('',(-0.707106781186548,0.707106781186547,-1.33486482843552E-16));
#7788=DIRECTION('center_axis',(-0.39259090554468,-0.39259090554468,-0.831711946389624));
#7789=DIRECTION('ref_axis',(-0.588109157285965,-0.588109157285965,0.555207383085621));
#7790=DIRECTION('',(0.707106781186548,-0.707106781186547,-6.67432414217759E-17));
#7791=DIRECTION('',(0.325719243261,0.786355814606606,-0.524930002384949));
#7792=DIRECTION('center_axis',(-0.392590905544683,-0.392590905544683,0.831711946389621));
#7793=DIRECTION('ref_axis',(0.588109157285964,0.588109157285964,0.555207383085625));
#7794=DIRECTION('',(0.786355814606604,0.325719243260999,0.524930002384952));
#7795=DIRECTION('',(-0.707106781186547,0.707106781186547,0.));
#7796=DIRECTION('',(-0.325719243261003,-0.786355814606602,-0.524930002384953));
#7797=DIRECTION('',(-0.707106781186548,0.707106781186547,-1.33486482843552E-16));
#7798=DIRECTION('center_axis',(-0.392590905544681,-0.392590905544681,-0.831711946389623));
#7799=DIRECTION('ref_axis',(-0.588109157285964,-0.588109157285964,0.555207383085623));
#7800=DIRECTION('',(0.707106781186548,-0.707106781186547,-6.6743241421776E-17));
#7801=DIRECTION('center_axis',(-0.392590905544684,-0.392590905544684,0.83171194638962));
#7802=DIRECTION('ref_axis',(0.588109157285962,0.588109157285962,0.555207383085627));
#7803=DIRECTION('',(-0.325719243260993,-0.786355814606606,-0.524930002384954));
#7804=DIRECTION('',(-0.707106781186548,0.707106781186547,-1.33486482843552E-16));
#7805=DIRECTION('center_axis',(0.392399931212043,0.392399931212043,-0.831892173283033));
#7806=DIRECTION('ref_axis',(-0.588236596944447,-0.588236596944447,-0.554937304594341));
#7807=DIRECTION('',(-0.326418301677251,-0.786155272840275,-0.524796131193411));
#7808=DIRECTION('',(-0.707106781186547,0.707106781186547,0.));
#7809=DIRECTION('',(-0.370839827149389,0.895159721347773,0.247319420742467));
#7810=DIRECTION('',(-0.707106781186549,0.707106781186546,-1.00093172554176E-15));
#7811=DIRECTION('center_axis',(0.39239993121205,0.39239993121205,0.831892173283026));
#7812=DIRECTION('ref_axis',(0.588236596944442,0.588236596944442,-0.554937304594351));
#7813=DIRECTION('',(0.707106781186549,-0.707106781186546,-1.06766050724455E-15));
#7814=DIRECTION('',(2.90236552763509E-16,-0.904432447150132,0.426616863874393));
#7815=DIRECTION('',(-0.786629394309883,-0.32556355424237,0.524616591575927));
#7816=DIRECTION('center_axis',(0.392399931212035,0.392399931212035,-0.831892173283041));
#7817=DIRECTION('ref_axis',(-0.588236596944452,-0.588236596944452,-0.554937304594329));
#7818=DIRECTION('',(-0.326418301677254,-0.786155272840281,-0.5247961311934));
#7819=DIRECTION('',(-0.707106781186547,0.707106781186547,0.));
#7820=DIRECTION('',(-0.370839827149383,0.895159721347776,0.247319420742464));
#7821=DIRECTION('',(-0.707106781186549,0.707106781186546,-1.06766050724453E-15));
#7822=DIRECTION('center_axis',(0.392399931212044,0.392399931212044,0.831892173283032));
#7823=DIRECTION('ref_axis',(0.588236596944447,0.588236596944447,-0.554937304594342));
#7824=DIRECTION('',(0.707106781186549,-0.707106781186546,-1.06766050724454E-15));
#7825=DIRECTION('',(2.9023655276351E-16,-0.904432447150136,0.426616863874385));
#7826=DIRECTION('',(-0.786629394309876,-0.325563554242394,0.524616591575922));
#7827=DIRECTION('center_axis',(0.39239993121204,0.39239993121204,-0.831892173283036));
#7828=DIRECTION('ref_axis',(-0.588236596944449,-0.588236596944449,-0.554937304594337));
#7829=DIRECTION('',(-0.326418301677252,-0.786155272840277,-0.524796131193407));
#7830=DIRECTION('',(-0.707106781186547,0.707106781186547,0.));
#7831=DIRECTION('',(-0.37083982714939,0.895159721347773,0.247319420742464));
#7832=DIRECTION('',(-0.707106781186549,0.707106781186546,-1.06766050724454E-15));
#7833=DIRECTION('center_axis',(0.392399931212043,0.392399931212043,0.831892173283033));
#7834=DIRECTION('ref_axis',(0.588236596944447,0.588236596944447,-0.55493730459434));
#7835=DIRECTION('',(0.707106781186549,-0.707106781186546,-1.00093172554176E-15));
#7836=DIRECTION('',(2.9023655276351E-16,-0.904432447150137,0.426616863874384));
#7837=DIRECTION('',(-0.786629394309884,-0.325563554242382,0.524616591575918));
#7838=DIRECTION('center_axis',(0.392399931212043,0.392399931212043,0.831892173283033));
#7839=DIRECTION('ref_axis',(0.588236596944447,0.588236596944447,-0.554937304594341));
#7840=DIRECTION('',(0.326418301677252,0.786155272840275,-0.524796131193411));
#7841=DIRECTION('',(0.707106781186549,-0.707106781186546,-1.06766050724454E-15));
#7842=DIRECTION('',(2.9023655276351E-16,-0.904432447150137,0.426616863874384));
#7843=DIRECTION('center_axis',(-0.392590905560444,-0.392590905560444,0.831711946374741));
#7844=DIRECTION('ref_axis',(0.588109157275443,0.588109157275441,0.555207383107915));
#7845=DIRECTION('',(-0.707106781186547,0.707106781186547,0.));
#7846=DIRECTION('',(-0.325719243203299,-0.786355814623138,-0.524930002395987));
#7847=DIRECTION('center_axis',(-0.392590905544677,-0.392590905544677,-0.831711946389626));
#7848=DIRECTION('ref_axis',(-0.588109157285967,-0.588109157285967,0.555207383085617));
#7849=DIRECTION('',(0.707106781186548,-0.707106781186547,-1.33486482843551E-16));
#7850=DIRECTION('center_axis',(-0.392590905544682,-0.392590905544682,0.831711946389622));
#7851=DIRECTION('ref_axis',(0.588109157285964,0.588109157285964,0.555207383085624));
#7852=DIRECTION('',(0.786355814606604,0.325719243260999,0.524930002384952));
#7853=DIRECTION('',(-0.707106781186547,0.707106781186547,0.));
#7854=DIRECTION('',(-0.707106781186548,0.707106781186547,-6.67432414217761E-17));
#7855=DIRECTION('center_axis',(-0.392590905544682,-0.392590905544682,-0.831711946389622));
#7856=DIRECTION('ref_axis',(-0.588109157285964,-0.588109157285964,0.555207383085624));
#7857=DIRECTION('',(0.707106781186548,-0.707106781186547,-6.67432414217761E-17));
#7858=DIRECTION('',(0.325719243260999,0.786355814606604,-0.524930002384952));
#7859=DIRECTION('center_axis',(-0.392590905544679,-0.392590905544679,0.831711946389624));
#7860=DIRECTION('ref_axis',(0.588109157285966,0.588109157285966,0.55520738308562));
#7861=DIRECTION('',(0.786355814606603,0.325719243261006,0.524930002384949));
#7862=DIRECTION('',(-0.707106781186547,0.707106781186547,0.));
#7863=DIRECTION('',(-0.707106781186548,0.707106781186547,-1.33486482843552E-16));
#7864=DIRECTION('center_axis',(-0.392590905544686,-0.392590905544686,-0.831711946389618));
#7865=DIRECTION('ref_axis',(-0.588109157285962,-0.58810915728596,0.555207383085629));
#7866=DIRECTION('',(0.707106781186548,-0.707106781186547,-6.67432414217764E-17));
#7867=DIRECTION('',(0.325719243260992,0.786355814606605,-0.524930002384956));
#7868=DIRECTION('center_axis',(-0.392590905544683,-0.392590905544683,0.831711946389621));
#7869=DIRECTION('ref_axis',(0.588109157285964,0.588109157285964,0.555207383085625));
#7870=DIRECTION('',(0.786355814606604,0.325719243260999,0.524930002384952));
#7871=DIRECTION('',(-0.707106781186547,0.707106781186547,0.));
#7872=DIRECTION('',(-0.707106781186548,0.707106781186547,-1.33486482843552E-16));
#7873=DIRECTION('center_axis',(-0.392590905544685,-0.392590905544685,-0.831711946389619));
#7874=DIRECTION('ref_axis',(-0.588109157285962,-0.588109157285962,0.555207383085628));
#7875=DIRECTION('',(0.707106781186548,-0.707106781186547,-6.67432414217763E-17));
#7876=DIRECTION('',(0.325719243260977,0.786355814606614,-0.524930002384951));
#7877=DIRECTION('center_axis',(0.392399931212042,0.392399931212042,-0.831892173283034));
#7878=DIRECTION('ref_axis',(-0.588236596944448,-0.588236596944448,-0.554937304594339));
#7879=DIRECTION('',(-0.326418301677253,-0.786155272840276,-0.524796131193409));
#7880=DIRECTION('',(-0.707106781186547,0.707106781186547,0.));
#7881=DIRECTION('',(-0.370839827149389,0.895159721347773,0.247319420742466));
#7882=DIRECTION('',(-0.707106781186549,0.707106781186546,-1.06766050724454E-15));
#7883=DIRECTION('center_axis',(0.392399931212043,0.392399931212043,0.831892173283033));
#7884=DIRECTION('ref_axis',(0.588236596944447,0.588236596944447,-0.55493730459434));
#7885=DIRECTION('',(0.707106781186549,-0.707106781186546,-1.00093172554176E-15));
#7886=DIRECTION('',(2.9023655276351E-16,-0.904432447150137,0.426616863874384));
#7887=DIRECTION('',(-0.786629394309879,-0.32556355424239,0.52461659157592));
#7888=DIRECTION('center_axis',(0.392399931212039,0.392399931212039,-0.831892173283037));
#7889=DIRECTION('ref_axis',(-0.588236596944447,-0.588236596944452,-0.554937304594335));
#7890=DIRECTION('',(-0.326418301677261,-0.786155272840274,-0.524796131193407));
#7891=DIRECTION('',(-0.707106781186547,0.707106781186547,0.));
#7892=DIRECTION('',(-0.370839827149386,0.895159721347774,0.247319420742465));
#7893=DIRECTION('',(-0.707106781186549,0.707106781186546,-1.06766050724453E-15));
#7894=DIRECTION('center_axis',(0.392399931212041,0.392399931212041,0.831892173283035));
#7895=DIRECTION('ref_axis',(0.588236596944449,0.588236596944449,-0.554937304594338));
#7896=DIRECTION('',(0.707106781186549,-0.707106781186546,-1.00093172554175E-15));
#7897=DIRECTION('',(2.9023655276351E-16,-0.904432447150138,0.426616863874381));
#7898=DIRECTION('',(-0.786629394309874,-0.325563554242402,0.524616591575919));
#7899=DIRECTION('center_axis',(0.,0.555207383085626,-0.831711946389621));
#7900=DIRECTION('ref_axis',(-2.20310173853976E-16,0.831711946389621,0.555207383085626));
#7901=DIRECTION('',(-1.,0.,0.));
#7902=DIRECTION('center_axis',(-1.,-3.20904622205942E-16,0.));
#7903=DIRECTION('ref_axis',(3.20904622205942E-16,-1.,0.));
#7904=DIRECTION('',(0.,0.,1.));
#7905=DIRECTION('',(3.20904622205942E-16,-1.,-2.14016778854719E-16));
#7906=DIRECTION('center_axis',(0.555207383085644,0.,-0.831711946389608));
#7907=DIRECTION('ref_axis',(-0.831711946389608,0.,-0.555207383085644));
#7908=DIRECTION('',(-3.20904622205942E-16,1.,-2.14219137152548E-16));
#7909=DIRECTION('',(-0.639448421084771,0.639448421084769,-0.426862312162117));
#7910=DIRECTION('',(0.,1.,0.));
#7911=DIRECTION('center_axis',(0.,0.555207383085626,0.831711946389621));
#7912=DIRECTION('ref_axis',(2.58016657233665E-17,-0.831711946389621,0.555207383085626));
#7913=DIRECTION('',(1.,0.,0.));
#7914=DIRECTION('center_axis',(0.,0.555207383085628,-0.831711946389619));
#7915=DIRECTION('ref_axis',(-2.47775783311191E-16,0.831711946389619,0.555207383085628));
#7916=DIRECTION('center_axis',(-0.555207383085629,0.,0.831711946389618));
#7917=DIRECTION('ref_axis',(0.831711946389618,0.,0.555207383085629));
#7918=DIRECTION('',(0.,1.,0.));
#7919=DIRECTION('center_axis',(-0.555207383085619,0.,0.831711946389625));
#7920=DIRECTION('ref_axis',(0.831711946389625,0.,0.555207383085619));
#7921=DIRECTION('',(0.,1.,0.));
#7922=DIRECTION('center_axis',(-0.555207383085625,0.,0.831711946389621));
#7923=DIRECTION('ref_axis',(0.831711946389621,0.,0.555207383085625));
#7924=DIRECTION('',(0.,1.,0.));
#7925=DIRECTION('center_axis',(0.,-0.555207383085627,0.83171194638962));
#7926=DIRECTION('ref_axis',(0.,-0.83171194638962,-0.555207383085627));
#7927=DIRECTION('center_axis',(0.,0.555207383085625,-0.831711946389621));
#7928=DIRECTION('ref_axis',(-2.47775783311191E-16,0.831711946389621,0.555207383085625));
#7929=DIRECTION('',(-1.,0.,0.));
#7930=DIRECTION('center_axis',(-1.,-3.20904622205942E-16,0.));
#7931=DIRECTION('ref_axis',(3.20904622205942E-16,-1.,0.));
#7932=DIRECTION('',(0.,0.,1.));
#7933=DIRECTION('',(3.20904622205942E-16,-1.,-2.14016778854721E-16));
#7934=DIRECTION('center_axis',(0.,0.555207383085614,-0.831711946389629));
#7935=DIRECTION('ref_axis',(-1.52894587004449E-16,0.831711946389629,0.555207383085614));
#7936=DIRECTION('',(-1.,0.,0.));
#7937=DIRECTION('center_axis',(-1.,-3.20904622205942E-16,0.));
#7938=DIRECTION('ref_axis',(3.20904622205942E-16,-1.,0.));
#7939=DIRECTION('',(0.,0.,1.));
#7940=DIRECTION('',(3.20904622205942E-16,-1.,-2.14016778854721E-16));
#7941=DIRECTION('center_axis',(0.,0.555207383085621,-0.831711946389624));
#7942=DIRECTION('ref_axis',(-2.47775783311192E-16,0.831711946389624,0.555207383085621));
#7943=DIRECTION('',(-1.,0.,0.));
#7944=DIRECTION('center_axis',(-1.,-3.20904622205942E-16,0.));
#7945=DIRECTION('ref_axis',(3.20904622205942E-16,-1.,0.));
#7946=DIRECTION('',(0.,0.,1.));
#7947=DIRECTION('',(3.20904622205942E-16,-1.,-2.14016778854717E-16));
#7948=DIRECTION('center_axis',(-1.,-3.20904622205942E-16,0.));
#7949=DIRECTION('ref_axis',(3.20904622205942E-16,-1.,0.));
#7950=DIRECTION('',(0.,0.,1.));
#7951=DIRECTION('center_axis',(0.,-0.555207383085623,0.831711946389622));
#7952=DIRECTION('ref_axis',(2.20081249942793E-17,-0.831711946389622,-0.555207383085623));
#7953=DIRECTION('center_axis',(-0.555207383085624,0.,0.831711946389622));
#7954=DIRECTION('ref_axis',(0.831711946389622,0.,0.555207383085624));
#7955=DIRECTION('',(0.,1.,0.));
#7956=DIRECTION('center_axis',(-0.555207383085623,0.,0.831711946389623));
#7957=DIRECTION('ref_axis',(0.831711946389622,0.,0.555207383085623));
#7958=DIRECTION('',(0.,1.,0.));
#7959=DIRECTION('center_axis',(-0.555207383085625,0.,0.831711946389621));
#7960=DIRECTION('ref_axis',(0.831711946389621,0.,0.555207383085625));
#7961=DIRECTION('',(0.,1.,0.));
#7962=DIRECTION('center_axis',(0.707106781186547,0.707106781186548,0.));
#7963=DIRECTION('ref_axis',(-0.707106781186548,0.707106781186547,0.));
#7964=DIRECTION('',(0.,0.,1.));
#7965=DIRECTION('center_axis',(0.707106781186547,0.707106781186548,0.));
#7966=DIRECTION('ref_axis',(-0.707106781186548,0.707106781186547,0.));
#7967=DIRECTION('',(0.,0.,1.));
#7968=DIRECTION('center_axis',(0.707106781186547,0.707106781186548,0.));
#7969=DIRECTION('ref_axis',(-0.707106781186548,0.707106781186547,0.));
#7970=DIRECTION('',(0.,0.,1.));
#7971=DIRECTION('center_axis',(0.707106781186547,0.707106781186548,0.));
#7972=DIRECTION('ref_axis',(-0.707106781186548,0.707106781186547,0.));
#7973=DIRECTION('',(0.,0.,1.));
#7974=DIRECTION('center_axis',(0.707106781186547,0.707106781186548,0.));
#7975=DIRECTION('ref_axis',(-0.707106781186548,0.707106781186547,0.));
#7976=DIRECTION('',(0.,0.,1.));
#7977=DIRECTION('center_axis',(0.707106781186547,0.707106781186548,0.));
#7978=DIRECTION('ref_axis',(-0.707106781186548,0.707106781186547,0.));
#7979=DIRECTION('',(0.,0.,1.));
#7980=DIRECTION('center_axis',(0.707106781186547,0.707106781186548,0.));
#7981=DIRECTION('ref_axis',(-0.707106781186548,0.707106781186547,0.));
#7982=DIRECTION('',(0.,0.,1.));
#7983=DIRECTION('center_axis',(0.,0.555207383085624,-0.831711946389622));
#7984=DIRECTION('ref_axis',(-2.47775783311192E-16,0.831711946389622,0.555207383085624));
#7985=DIRECTION('',(-1.,0.,0.));
#7986=DIRECTION('center_axis',(-1.,-3.20904622205942E-16,0.));
#7987=DIRECTION('ref_axis',(3.20904622205942E-16,-1.,0.));
#7988=DIRECTION('',(0.,0.,1.));
#7989=DIRECTION('',(-3.20904622205942E-16,1.,-2.14219137152537E-16));
#7990=DIRECTION('',(3.20904622205942E-16,-1.,-2.14016778854719E-16));
#7991=DIRECTION('center_axis',(0.,0.555207383085623,-0.831711946389623));
#7992=DIRECTION('ref_axis',(-2.47775783311194E-16,0.831711946389623,0.555207383085623));
#7993=DIRECTION('',(-1.,0.,0.));
#7994=DIRECTION('center_axis',(-0.707106781186546,-0.707106781186549,0.));
#7995=DIRECTION('ref_axis',(0.707106781186549,-0.707106781186546,0.));
#7996=DIRECTION('',(0.,0.,1.));
#7997=DIRECTION('',(0.,0.,1.));
#7998=DIRECTION('center_axis',(-0.707106781186546,-0.707106781186549,0.));
#7999=DIRECTION('ref_axis',(0.707106781186549,-0.707106781186546,0.));
#8000=DIRECTION('',(0.,0.,1.));
#8001=DIRECTION('center_axis',(-0.707106781186546,-0.707106781186549,0.));
#8002=DIRECTION('ref_axis',(0.707106781186549,-0.707106781186546,0.));
#8003=DIRECTION('',(0.,0.,1.));
#8004=DIRECTION('center_axis',(-0.707106781186546,-0.707106781186549,0.));
#8005=DIRECTION('ref_axis',(0.707106781186549,-0.707106781186546,0.));
#8006=DIRECTION('',(0.,0.,1.));
#8007=DIRECTION('center_axis',(-0.707106781186546,-0.707106781186549,0.));
#8008=DIRECTION('ref_axis',(0.707106781186549,-0.707106781186546,0.));
#8009=DIRECTION('',(0.,0.,1.));
#8010=DIRECTION('center_axis',(-0.707106781186546,-0.707106781186549,0.));
#8011=DIRECTION('ref_axis',(0.707106781186549,-0.707106781186546,0.));
#8012=DIRECTION('',(-0.639448421084777,0.639448421084775,-0.426862312162099));
#8013=DIRECTION('center_axis',(-0.707106781186546,-0.707106781186549,0.));
#8014=DIRECTION('ref_axis',(0.707106781186549,-0.707106781186546,0.));
#8015=DIRECTION('',(0.,0.,1.));
#8016=DIRECTION('center_axis',(-1.,-3.20904622205942E-16,0.));
#8017=DIRECTION('ref_axis',(3.20904622205942E-16,-1.,0.));
#8018=DIRECTION('',(3.20904622205942E-16,-1.,-2.14016778854721E-16));
#8019=DIRECTION('center_axis',(0.,-0.555207383085621,-0.831711946389624));
#8020=DIRECTION('ref_axis',(0.,0.831711946389624,-0.555207383085621));
#8021=DIRECTION('center_axis',(0.,-0.555207383085624,-0.831711946389622));
#8022=DIRECTION('ref_axis',(0.,0.831711946389622,-0.555207383085624));
#8023=DIRECTION('center_axis',(0.,-0.555207383085625,-0.831711946389621));
#8024=DIRECTION('ref_axis',(0.,0.831711946389621,-0.555207383085625));
#8025=DIRECTION('center_axis',(0.,-0.555207383085627,-0.83171194638962));
#8026=DIRECTION('ref_axis',(0.,0.83171194638962,-0.555207383085627));
#8027=DIRECTION('center_axis',(0.,-0.555207383085625,0.831711946389621));
#8028=DIRECTION('ref_axis',(0.,-0.831711946389621,-0.555207383085625));
#8029=DIRECTION('center_axis',(0.,0.555207383085625,0.831711946389621));
#8030=DIRECTION('ref_axis',(1.58491305574925E-16,-0.831711946389621,0.555207383085625));
#8031=DIRECTION('',(1.,0.,0.));
#8032=DIRECTION('center_axis',(0.,-0.555207383085619,-0.831711946389625));
#8033=DIRECTION('ref_axis',(0.,0.831711946389625,-0.555207383085619));
#8034=DIRECTION('center_axis',(0.,-1.,0.));
#8035=DIRECTION('ref_axis',(1.,0.,0.));
#8036=DIRECTION('',(0.,0.,1.));
#8037=DIRECTION('center_axis',(0.,-1.,0.));
#8038=DIRECTION('ref_axis',(1.,0.,0.));
#8039=DIRECTION('center_axis',(0.,-1.,0.));
#8040=DIRECTION('ref_axis',(1.,0.,0.));
#8041=DIRECTION('center_axis',(0.,-1.,0.));
#8042=DIRECTION('ref_axis',(1.,0.,0.));
#8043=DIRECTION('center_axis',(0.,-1.,0.));
#8044=DIRECTION('ref_axis',(1.,0.,0.));
#8045=DIRECTION('center_axis',(0.,-1.,0.));
#8046=DIRECTION('ref_axis',(1.,0.,0.));
#8047=DIRECTION('center_axis',(0.707106781186548,-0.707106781186548,0.));
#8048=DIRECTION('ref_axis',(0.707106781186548,0.707106781186548,0.));
#8049=DIRECTION('',(0.,0.,1.));
#8050=DIRECTION('center_axis',(0.554844427447998,0.,0.831954122130483));
#8051=DIRECTION('ref_axis',(0.831954122130483,0.,-0.554844427447998));
#8052=DIRECTION('center_axis',(0.554844427447998,0.,0.831954122130483));
#8053=DIRECTION('ref_axis',(0.831954122130483,0.,-0.554844427447998));
#8054=DIRECTION('center_axis',(0.554844427447995,0.,0.831954122130486));
#8055=DIRECTION('ref_axis',(0.831954122130485,0.,-0.554844427447995));
#8056=DIRECTION('center_axis',(0.554844427448,0.,0.831954122130482));
#8057=DIRECTION('ref_axis',(0.831954122130482,0.,-0.554844427448));
#8058=DIRECTION('center_axis',(0.554844427448002,0.,0.831954122130481));
#8059=DIRECTION('ref_axis',(0.831954122130481,0.,-0.554844427448001));
#8060=DIRECTION('center_axis',(0.554844427448001,0.,0.831954122130481));
#8061=DIRECTION('ref_axis',(0.831954122130481,0.,-0.554844427448001));
#8062=DIRECTION('',(0.,1.,0.));
#8063=DIRECTION('center_axis',(0.555207383085625,0.,-0.831711946389621));
#8064=DIRECTION('ref_axis',(-0.831711946389621,0.,-0.555207383085625));
#8065=DIRECTION('center_axis',(0.554844427448002,0.,0.831954122130481));
#8066=DIRECTION('ref_axis',(0.831954122130481,0.,-0.554844427448002));
#8067=DIRECTION('center_axis',(1.,0.,0.));
#8068=DIRECTION('ref_axis',(0.,1.,0.));
#8069=DIRECTION('center_axis',(1.,0.,0.));
#8070=DIRECTION('ref_axis',(0.,1.,0.));
#8071=DIRECTION('center_axis',(1.,0.,0.));
#8072=DIRECTION('ref_axis',(0.,1.,0.));
#8073=DIRECTION('center_axis',(1.,0.,0.));
#8074=DIRECTION('ref_axis',(0.,1.,0.));
#8075=DIRECTION('center_axis',(1.,0.,0.));
#8076=DIRECTION('ref_axis',(0.,1.,0.));
#8077=DIRECTION('center_axis',(1.,0.,0.));
#8078=DIRECTION('ref_axis',(0.,1.,0.));
#8079=DIRECTION('center_axis',(1.,0.,0.));
#8080=DIRECTION('ref_axis',(0.,1.,0.));
#8081=CARTESIAN_POINT('',(0.,0.,0.));
#8082=CARTESIAN_POINT('Origin',(2.45121056363595,-33.8789201102196,42.6711912677965));
#8083=CARTESIAN_POINT('',(0.00935578497418192,-31.6209089223475,40.6422684720558));
#8084=CARTESIAN_POINT('',(0.00935578497417386,-32.341931391894,39.9212460025093));
#8085=CARTESIAN_POINT('',(0.00935578497417444,-31.7354531184132,40.5277242759902));
#8086=CARTESIAN_POINT('',(1.61838659340543,-31.6880258839516,39.4847328955064));
#8087=CARTESIAN_POINT('Origin',(2.45121056363595,-34.9127328305785,41.6373785474375));
#8088=CARTESIAN_POINT('',(0.142661405501595,-34.5310258839516,37.5868948315416));
#8089=CARTESIAN_POINT('Origin',(2.45121056363594,-47.8628345118042,28.6872768662119));
#8090=CARTESIAN_POINT('',(4.7597597217703,-34.5310258839516,37.5868948315416));
#8091=CARTESIAN_POINT('Origin',(2.45121056363595,-34.5310258839516,42.0190854940645));
#8092=CARTESIAN_POINT('',(3.28403453386647,-31.6880258839516,39.4847328955064));
#8093=CARTESIAN_POINT('Origin',(2.45121056363594,-47.8628345118042,28.6872768662119));
#8094=CARTESIAN_POINT('',(6.22620206217836,-34.1077288424231,41.1));
#8095=CARTESIAN_POINT('Origin',(2.45121056363595,-34.9127328305785,41.6373785474375));
#8096=CARTESIAN_POINT('',(5.64663299811969,-32.3066000561984,41.1));
#8097=CARTESIAN_POINT('Origin',(2.45121056363595,-35.4501113780161,41.1));
#8098=CARTESIAN_POINT('Origin',(2.45121056363595,-34.191710361032,42.358401016984));
#8099=CARTESIAN_POINT('Origin',(-2.45078943636405,-33.8789201102195,42.6711912677965));
#8100=CARTESIAN_POINT('',(-5.66021061233987,-32.3066000561984,41.1));
#8101=CARTESIAN_POINT('Origin',(-2.45078943636405,-34.191710361032,42.358401016984));
#8102=CARTESIAN_POINT('',(-6.23763780460742,-34.1077288424231,41.1));
#8103=CARTESIAN_POINT('Origin',(-2.45078943636405,-35.450111378016,41.1));
#8104=CARTESIAN_POINT('',(-3.33580667652977,-31.6880258839516,39.4847328955064));
#8105=CARTESIAN_POINT('Origin',(-2.45078943636405,-34.9127328305785,41.6373785474375));
#8106=CARTESIAN_POINT('',(-4.77867666849598,-34.5310258839516,37.5868948315416));
#8107=CARTESIAN_POINT('Origin',(-2.45078943636406,-47.8628345118041,28.6872768662119));
#8108=CARTESIAN_POINT('',(-0.122902204232131,-34.5310258839516,37.5868948315416));
#8109=CARTESIAN_POINT('Origin',(-2.45078943636405,-34.5310258839516,42.0190854940645));
#8110=CARTESIAN_POINT('',(-1.56577219619834,-31.6880258839516,39.4847328955064));
#8111=CARTESIAN_POINT('Origin',(-2.45078943636406,-47.8628345118041,28.6872768662119));
#8112=CARTESIAN_POINT('Origin',(-2.45078943636405,-34.9127328305785,41.6373785474375));
#8113=CARTESIAN_POINT('Origin',(-24.1305258839516,-31.132818500866,40.316444841896));
#8114=CARTESIAN_POINT('',(9.43611265365164,-32.3066000561984,41.1));
#8115=CARTESIAN_POINT('',(-12.0652629419758,-32.3066000561984,41.1));
#8116=CARTESIAN_POINT('',(8.43383887133845,-29.8868970977269,39.4847328955064));
#8117=CARTESIAN_POINT('',(8.04679201637899,-28.9524833312099,38.8609671503117));
#8118=CARTESIAN_POINT('',(-8.42977077492093,-29.8868970977269,39.4847328955064));
#8119=CARTESIAN_POINT('',(-24.1305258839516,-29.8868970977269,39.4847328955064));
#8120=CARTESIAN_POINT('',(-9.43445185708699,-32.3066000561984,41.1));
#8121=CARTESIAN_POINT('',(-11.0570136253782,-36.2144247188985,43.7086593007994));
#8122=CARTESIAN_POINT('',(-12.0652629419758,-32.3066000561984,41.1));
#8123=CARTESIAN_POINT('Origin',(-10.3575,-34.5310258839516,0.));
#8124=CARTESIAN_POINT('',(-10.3575,-34.5310258839516,37.5868948315416));
#8125=CARTESIAN_POINT('',(-17.2440129419758,-34.5310258839516,37.5868948315416));
#8126=CARTESIAN_POINT('',(-10.3575,-34.5310258839516,35.7418948315417));
#8127=CARTESIAN_POINT('',(-10.3575,-34.5310258839516,0.));
#8128=CARTESIAN_POINT('',(10.3575,-34.5310258839516,35.7418948315417));
#8129=CARTESIAN_POINT('',(-17.2440129419758,-34.5310258839516,35.7418948315417));
#8130=CARTESIAN_POINT('',(10.3575,-34.5310258839516,37.5868948315417));
#8131=CARTESIAN_POINT('',(10.3575,-34.5310258839516,0.));
#8132=CARTESIAN_POINT('',(-17.2440129419758,-34.5310258839516,37.5868948315416));
#8133=CARTESIAN_POINT('',(-17.2440129419758,-34.5310258839516,37.5868948315416));
#8134=CARTESIAN_POINT('Origin',(-24.1305258839516,-34.5310258839516,37.5868948315417));
#8135=CARTESIAN_POINT('',(-9.17706241504854,-31.6880258839516,39.4847328955064));
#8136=CARTESIAN_POINT('',(-24.1305258839516,-31.6880258839516,39.4847328955064));
#8137=CARTESIAN_POINT('',(-11.3405625998751,-36.898662264794,36.006384650328));
#8138=CARTESIAN_POINT('Origin',(-24.1305258839516,-34.5310258839516,37.5868948315417));
#8139=CARTESIAN_POINT('',(9.17989084217332,-31.6880258839516,39.4847328955064));
#8140=CARTESIAN_POINT('',(9.30504080104228,-31.9901646119836,39.283040887537));
#8141=CARTESIAN_POINT('',(-24.1305258839516,-31.6880258839516,39.4847328955064));
#8142=CARTESIAN_POINT('Origin',(-24.1305258839516,-31.6880258839516,39.4847328955064));
#8143=CARTESIAN_POINT('',(-10.1817434972146,-34.107728842423,41.1));
#8144=CARTESIAN_POINT('',(-12.0652629419758,-34.1077288424231,41.1));
#8145=CARTESIAN_POINT('',(-11.2624846493056,-36.7106170718087,42.8375520077291));
#8146=CARTESIAN_POINT('Origin',(-24.1305258839516,-31.6880258839516,39.4847328955064));
#8147=CARTESIAN_POINT('',(10.1821646244865,-34.1077288424231,41.1));
#8148=CARTESIAN_POINT('',(8.25236776154418,-29.4487870832826,37.9899342214943));
#8149=CARTESIAN_POINT('',(-12.0652629419758,-34.1077288424231,41.1));
#8150=CARTESIAN_POINT('Origin',(-1.33226762955019E-14,0.,41.1));
#8151=CARTESIAN_POINT('',(23.707228842423,-20.5826646244865,41.1));
#8152=CARTESIAN_POINT('',(10.9228152624669,-33.3670782044427,41.1));
#8153=CARTESIAN_POINT('',(23.707228842423,20.5826646242879,41.1));
#8154=CARTESIAN_POINT('',(23.707228842423,-17.2655129419758,41.1));
#8155=CARTESIAN_POINT('',(10.1821646242879,34.107728842423,41.1));
#8156=CARTESIAN_POINT('',(33.3670782043434,10.9228152623676,41.1));
#8157=CARTESIAN_POINT('',(-10.2120113066026,34.107728842423,41.1));
#8158=CARTESIAN_POINT('',(-12.0652629419758,34.107728842423,41.1));
#8159=CARTESIAN_POINT('',(-23.7283336337432,20.5914065152824,41.1));
#8160=CARTESIAN_POINT('',(-33.3820015455007,10.9377386035248,41.1));
#8161=CARTESIAN_POINT('',(-23.7283336337432,-20.5611387058945,41.1));
#8162=CARTESIAN_POINT('',(-23.7283336337432,-17.2655129419758,41.1));
#8163=CARTESIAN_POINT('',(-10.9226046988309,-33.3668676408067,41.1));
#8164=CARTESIAN_POINT('',(-21.9260266256337,-19.8150252876516,41.1));
#8165=CARTESIAN_POINT('',(-9.64839448565478,-32.0926574276306,41.1));
#8166=CARTESIAN_POINT('',(-21.9260266256337,19.8448665089633,41.1));
#8167=CARTESIAN_POINT('',(-21.9260266256337,-17.2655129419758,41.1));
#8168=CARTESIAN_POINT('',(-9.46429307839879,32.3066000561983,41.1));
#8169=CARTESIAN_POINT('',(-32.1075780382865,9.66331509631058,41.1));
#8170=CARTESIAN_POINT('',(9.43611265355529,32.3066000561983,41.1));
#8171=CARTESIAN_POINT('',(-12.0652629419758,32.3066000561983,41.1));
#8172=CARTESIAN_POINT('',(21.9061000561983,19.8366126535553,41.1));
#8173=CARTESIAN_POINT('',(32.0934878258647,9.64922488388892,41.1));
#8174=CARTESIAN_POINT('',(21.9061000561983,-19.8366126536516,41.1));
#8175=CARTESIAN_POINT('',(21.9061000561983,-17.2655129419758,41.1));
#8176=CARTESIAN_POINT('',(9.64922488393712,-32.0934878259129,41.1));
#8177=CARTESIAN_POINT('Origin',(-2.402895484458,-42.4856303994936,17.7537403301781));
#8178=CARTESIAN_POINT('',(8.43383887133844,-29.8868970977269,16.9220283837884));
#8179=CARTESIAN_POINT('',(9.94328643762695,-33.5310258839516,19.3546581131191));
#8180=CARTESIAN_POINT('',(8.04679201637866,-28.9524833312094,16.2982626385933));
#8181=CARTESIAN_POINT('',(23.1305258839516,-20.3437864376269,19.3546581131191));
#8182=CARTESIAN_POINT('',(4.47164321881346,-39.0026691027651,19.354658113119));
#8183=CARTESIAN_POINT('',(19.4863970977269,-18.8343388713384,16.9220283837885));
#8184=CARTESIAN_POINT('',(18.4863647949811,-18.42011192873,16.2544591367448));
#8185=CARTESIAN_POINT('',(-3.28389495744309,-41.6046309265085,16.9220283837885));
#8186=CARTESIAN_POINT('Origin',(-0.392590905544636,-44.4959349784069,14.1924783734341));
#8187=CARTESIAN_POINT('',(9.94328643762692,-33.5310258839516,14.4893986544579));
#8188=CARTESIAN_POINT('',(9.09946505587721,-31.493860859911,15.8493034470016));
#8189=CARTESIAN_POINT('',(23.1305258839516,-20.3437864376269,14.4893986544579));
#8190=CARTESIAN_POINT('',(21.0277423236823,-19.472784968228,15.8931069488506));
#8191=CARTESIAN_POINT('',(4.47164321881347,-39.002669102765,14.4893986544579));
#8192=CARTESIAN_POINT('Origin',(-0.39259090554464,-44.4959349784069,36.755182885152));
#8193=CARTESIAN_POINT('',(9.94328643762692,-33.5310258839516,37.0521031661758));
#8194=CARTESIAN_POINT('',(9.09946505587712,-31.4938608599109,38.4120079587197));
#8195=CARTESIAN_POINT('',(19.4863970977269,-18.8343388713384,39.4847328955064));
#8196=CARTESIAN_POINT('',(-3.28389495744309,-41.6046309265085,39.4847328955064));
#8197=CARTESIAN_POINT('',(23.1305258839516,-20.3437864376269,37.0521031661758));
#8198=CARTESIAN_POINT('',(21.027742323682,-19.472784968228,38.4558114605687));
#8199=CARTESIAN_POINT('',(4.47164321881348,-39.002669102765,37.0521031661758));
#8200=CARTESIAN_POINT('Origin',(-2.402895484458,-42.4856303994936,40.316444841896));
#8201=CARTESIAN_POINT('',(18.486364794981,-18.42011192873,38.8171636484627));
#8202=CARTESIAN_POINT('Origin',(-42.4856303994935,-2.40289548445813,16.0849381604823));
#8203=CARTESIAN_POINT('',(-19.4858082651626,18.8340949689044,16.9170431806861));
#8204=CARTESIAN_POINT('',(-23.1305258839516,20.3437864376269,14.4840203775413));
#8205=CARTESIAN_POINT('',(-17.7717472053901,18.1241076312114,18.0612606703787));
#8206=CARTESIAN_POINT('',(-9.94328643762692,33.5310258839516,14.4840203775413));
#8207=CARTESIAN_POINT('',(-26.9159061607893,16.5584061607892,14.4840203775412));
#8208=CARTESIAN_POINT('',(-9.9318924468356,33.5310258839516,14.4893986544579));
#8209=CARTESIAN_POINT('',(-17.4353485037638,33.5310258839516,10.9475610977272));
#8210=CARTESIAN_POINT('',(-8.42553820075128,29.8943650333157,16.9170431806862));
#8211=CARTESIAN_POINT('',(-7.22965042343608,27.0072365422446,18.8443391166383));
#8212=CARTESIAN_POINT('',(-41.6042145590093,-3.28431132494239,16.9170431806862));
#8213=CARTESIAN_POINT('Origin',(-44.4961916267996,-0.392334257152128,19.6446495339949));
#8214=CARTESIAN_POINT('',(-23.1305258839516,20.3437864376268,19.3477676721136));
#8215=CARTESIAN_POINT('',(-20.3117508166646,19.1762115754773,17.4678783889059));
#8216=CARTESIAN_POINT('',(-8.44357737806826,29.8868970977269,16.9220283837884));
#8217=CARTESIAN_POINT('',(-34.2024305632692,19.2231371573916,24.0405966285125));
#8218=CARTESIAN_POINT('',(-9.95360845832532,33.5207038632532,19.3477676721136));
#8219=CARTESIAN_POINT('',(-8.30872678956826,29.562386571266,16.7054021336039));
#8220=CARTESIAN_POINT('',(-26.9159061607893,16.5584061607892,19.3477676721137));
#8221=CARTESIAN_POINT('Origin',(-42.4856303994936,-2.40289548445811,33.0015882673539));
#8222=CARTESIAN_POINT('',(-19.4858082651626,18.8340949689043,33.8336932875578));
#8223=CARTESIAN_POINT('',(-23.1305258839516,20.3437864376269,31.400670484413));
#8224=CARTESIAN_POINT('',(-17.7717472053885,18.1241076312103,34.9779107772514));
#8225=CARTESIAN_POINT('',(-9.94328643762692,33.5310258839516,31.400670484413));
#8226=CARTESIAN_POINT('',(-26.9159061607893,16.5584061607892,31.400670484413));
#8227=CARTESIAN_POINT('',(-9.92049845604392,33.5310258839516,31.4114270382464));
#8228=CARTESIAN_POINT('',(-20.7004200385819,33.5310258839516,26.3230076712283));
#8229=CARTESIAN_POINT('',(-8.41748143259742,29.9024218014695,33.8336932875578));
#8230=CARTESIAN_POINT('',(-7.2199250439636,27.0112649263234,35.7636783619671));
#8231=CARTESIAN_POINT('',(-41.6042145590093,-3.28431132494241,33.8336932875578));
#8232=CARTESIAN_POINT('Origin',(-44.4961916267996,-0.392334257152128,36.5612996408665));
#8233=CARTESIAN_POINT('',(-23.1305258839516,20.3437864376269,36.2644177789853));
#8234=CARTESIAN_POINT('',(-20.3117508166649,19.1762115754776,34.3845284957778));
#8235=CARTESIAN_POINT('',(-8.45498214216774,29.8868970977269,33.8440567675769));
#8236=CARTESIAN_POINT('',(-34.2040995038809,19.2271676351366,40.9599344762194));
#8237=CARTESIAN_POINT('',(-9.96166522647906,33.5126470950994,36.2644177789852));
#8238=CARTESIAN_POINT('',(-8.31845364157857,29.5583487680835,33.6247350912318));
#8239=CARTESIAN_POINT('',(-26.9159061607893,16.5584061607892,36.2644177789853));
#8240=CARTESIAN_POINT('Origin',(-42.4856303994935,-2.40289548445813,10.446054791525));
#8241=CARTESIAN_POINT('',(-19.4858082651626,18.8340949689043,11.2781598117288));
#8242=CARTESIAN_POINT('',(-23.1305258839516,20.3437864376269,8.84513700858392));
#8243=CARTESIAN_POINT('',(-17.7717472053887,18.1241076312104,12.4223773014225));
#8244=CARTESIAN_POINT('',(-9.94328643762692,33.5310258839516,8.84513700858394));
#8245=CARTESIAN_POINT('',(-26.9159061607893,16.5584061607892,8.8451370085839));
#8246=CARTESIAN_POINT('',(-9.93569044376591,33.5310258839516,8.8487225265284));
#8247=CARTESIAN_POINT('',(-16.346991325491,33.5310258839516,5.82241223989355));
#8248=CARTESIAN_POINT('',(-8.42822379013562,29.8916794439314,11.2781598117288));
#8249=CARTESIAN_POINT('',(-7.23289221659343,27.0058937475525,13.2045593681949));
#8250=CARTESIAN_POINT('',(-41.6042145590093,-3.28431132494238,11.2781598117288));
#8251=CARTESIAN_POINT('Origin',(-44.4961916267996,-0.392334257152129,14.0057661650376));
#8252=CARTESIAN_POINT('',(-23.1305258839516,20.3437864376269,13.7088843031563));
#8253=CARTESIAN_POINT('',(-20.311750816665,19.1762115754776,11.8289950199489));
#8254=CARTESIAN_POINT('',(-8.43977579003546,29.8868970977269,11.281352255859));
#8255=CARTESIAN_POINT('',(-34.201874249732,19.2217936648102,18.4008173459435));
#8256=CARTESIAN_POINT('',(-9.95092286894094,33.5233894526376,13.7088843031563));
#8257=CARTESIAN_POINT('',(-8.305484505565,29.5637325056598,11.065624481061));
#8258=CARTESIAN_POINT('',(-26.9159061607893,16.5584061607892,13.7088843031563));
#8259=CARTESIAN_POINT('Origin',(-42.4856303994936,-2.40289548445811,21.7238215294394));
#8260=CARTESIAN_POINT('',(-19.4858082651626,18.8340949689043,22.5559265496433));
#8261=CARTESIAN_POINT('',(-23.1305258839516,20.3437864376269,20.1229037464985));
#8262=CARTESIAN_POINT('',(-17.7717472053886,18.1241076312104,23.7001440393368));
#8263=CARTESIAN_POINT('',(-9.94328643762692,33.5310258839516,20.1229037464985));
#8264=CARTESIAN_POINT('',(-26.9159061607893,16.5584061607892,20.1229037464985));
#8265=CARTESIAN_POINT('',(-9.92809444990503,33.5310258839516,20.1300747823874));
#8266=CARTESIAN_POINT('',(-18.5237056820365,33.5310258839516,16.0727099555611));
#8267=CARTESIAN_POINT('',(-8.42285261136643,29.8970506227005,22.5559265496433));
#8268=CARTESIAN_POINT('',(-7.22640863027868,27.008579336939,24.4841188650803));
#8269=CARTESIAN_POINT('',(-41.6042145590093,-3.28431132494241,22.5559265496433));
#8270=CARTESIAN_POINT('Origin',(-44.4961916267996,-0.39233425715213,25.2835329029521));
#8271=CARTESIAN_POINT('',(-23.1305258839516,20.3437864376269,24.9866510410708));
#8272=CARTESIAN_POINT('',(-20.3117508166648,19.1762115754776,23.1067617578632));
#8273=CARTESIAN_POINT('',(-8.44737896610167,29.8868970977269,22.562704511718));
#8274=CARTESIAN_POINT('',(-34.2029868768065,19.2244806499734,29.6803759110815));
#8275=CARTESIAN_POINT('',(-9.95629404770999,33.5180182738685,24.9866510410708));
#8276=CARTESIAN_POINT('',(-8.31196907357171,29.5610406368712,22.3451797861462));
#8277=CARTESIAN_POINT('',(-26.9159061607893,16.5584061607892,24.9866510410708));
#8278=CARTESIAN_POINT('Origin',(-2.402895484458,-42.4856303994936,23.3944164581076));
#8279=CARTESIAN_POINT('',(8.43383887133844,-29.8868970977269,22.5627045117179));
#8280=CARTESIAN_POINT('',(9.94328643762691,-33.5310258839516,24.9953342410485));
#8281=CARTESIAN_POINT('',(8.04679201637899,-28.9524833312099,21.9389387665232));
#8282=CARTESIAN_POINT('',(23.1305258839516,-20.3437864376269,24.9953342410486));
#8283=CARTESIAN_POINT('',(4.47164321881345,-39.0026691027651,24.9953342410485));
#8284=CARTESIAN_POINT('',(19.4863970977269,-18.8343388713384,22.562704511718));
#8285=CARTESIAN_POINT('',(18.4863647949809,-18.42011192873,21.8951352646742));
#8286=CARTESIAN_POINT('',(-3.2838949574431,-41.6046309265085,22.5627045117179));
#8287=CARTESIAN_POINT('Origin',(-0.392590905544634,-44.4959349784069,19.8331545013636));
#8288=CARTESIAN_POINT('',(9.94328643762691,-33.5310258839516,20.1300747823874));
#8289=CARTESIAN_POINT('',(9.09946505587715,-31.4938608599109,21.4899795749312));
#8290=CARTESIAN_POINT('',(23.1305258839516,-20.3437864376269,20.1300747823874));
#8291=CARTESIAN_POINT('',(21.0277423236827,-19.4727849682282,21.5337830767798));
#8292=CARTESIAN_POINT('',(4.47164321881347,-39.002669102765,20.1300747823874));
#8293=CARTESIAN_POINT('Origin',(-2.402895484458,-42.4856303994936,0.831711946389621));
#8294=CARTESIAN_POINT('',(8.43383887133844,-29.8868970977269,6.25314527663918E-17));
#8295=CARTESIAN_POINT('',(9.94328643762691,-33.5310258839516,2.43262972933059));
#8296=CARTESIAN_POINT('',(8.04679201637897,-28.9524833312099,-0.623765745194757));
#8297=CARTESIAN_POINT('',(23.1305258839516,-20.3437864376269,2.43262972933061));
#8298=CARTESIAN_POINT('',(4.47164321881346,-39.002669102765,2.43262972933058));
#8299=CARTESIAN_POINT('',(19.4863970977269,-18.8343388713384,9.25185853854297E-17));
#8300=CARTESIAN_POINT('',(18.4863647949812,-18.42011192873,-0.667569247043652));
#8301=CARTESIAN_POINT('',(7.93823651354479,-30.3824994555205,0.));
#8302=CARTESIAN_POINT('Origin',(-2.40289548445799,-42.4856303994936,6.47238807431909));
#8303=CARTESIAN_POINT('',(8.43383887133841,-29.8868970977269,5.64067612792947));
#8304=CARTESIAN_POINT('',(9.94328643762691,-33.5310258839516,8.07330585726005));
#8305=CARTESIAN_POINT('',(8.04679201637884,-28.9524833312097,5.0169103827346));
#8306=CARTESIAN_POINT('',(23.1305258839516,-20.3437864376269,8.07330585726008));
#8307=CARTESIAN_POINT('',(4.47164321881346,-39.002669102765,8.07330585726003));
#8308=CARTESIAN_POINT('',(19.4863970977269,-18.8343388713384,5.64067612792949));
#8309=CARTESIAN_POINT('',(18.4863647949812,-18.42011192873,4.97310688088588));
#8310=CARTESIAN_POINT('',(-3.2838949574431,-41.6046309265085,5.64067612792947));
#8311=CARTESIAN_POINT('Origin',(-0.39259090554463,-44.4959349784069,2.91112611757512));
#8312=CARTESIAN_POINT('',(9.94328643762692,-33.5310258839516,3.2080463985989));
#8313=CARTESIAN_POINT('',(9.09946505587704,-31.4938608599107,4.56795119114283));
#8314=CARTESIAN_POINT('',(23.1305258839516,-20.3437864376269,3.2080463985989));
#8315=CARTESIAN_POINT('',(21.0277423236824,-19.4727849682281,4.61175469299151));
#8316=CARTESIAN_POINT('',(4.47164321881347,-39.002669102765,3.20804639859891));
#8317=CARTESIAN_POINT('Origin',(-2.402895484458,-42.4856303994936,12.1130642022486));
#8318=CARTESIAN_POINT('',(8.43383887133845,-29.8868970977269,11.281352255859));
#8319=CARTESIAN_POINT('',(9.94328643762691,-33.5310258839516,13.7139819851895));
#8320=CARTESIAN_POINT('',(8.04679201637896,-28.9524833312099,10.6575865106642));
#8321=CARTESIAN_POINT('',(23.1305258839516,-20.3437864376269,13.7139819851896));
#8322=CARTESIAN_POINT('',(4.47164321881346,-39.002669102765,13.7139819851895));
#8323=CARTESIAN_POINT('',(19.4863970977269,-18.8343388713384,11.281352255859));
#8324=CARTESIAN_POINT('',(18.4863647949811,-18.42011192873,10.6137830088153));
#8325=CARTESIAN_POINT('',(-3.28389495744309,-41.6046309265085,11.281352255859));
#8326=CARTESIAN_POINT('Origin',(-0.392590905544635,-44.4959349784069,8.55180224550458));
#8327=CARTESIAN_POINT('',(9.94328643762691,-33.5310258839516,8.84872252652835));
#8328=CARTESIAN_POINT('',(9.09946505587716,-31.4938608599109,10.2086273190722));
#8329=CARTESIAN_POINT('',(23.1305258839516,-20.3437864376269,8.84872252652837));
#8330=CARTESIAN_POINT('',(21.0277423236821,-19.472784968228,10.2524308209212));
#8331=CARTESIAN_POINT('',(4.47164321881347,-39.002669102765,8.84872252652837));
#8332=CARTESIAN_POINT('Origin',(-42.4856303994936,-2.40289548445812,4.80717142256763));
#8333=CARTESIAN_POINT('',(-19.4858082651626,18.8340949689043,5.63927644277147));
#8334=CARTESIAN_POINT('',(-23.1305258839516,20.3437864376269,3.20625363962665));
#8335=CARTESIAN_POINT('',(-17.7717472053886,18.1241076312104,6.78349393246504));
#8336=CARTESIAN_POINT('',(-9.94328643762692,33.5310258839516,3.20625363962666));
#8337=CARTESIAN_POINT('',(-26.9159061607893,16.5584061607892,3.20625363962663));
#8338=CARTESIAN_POINT('',(-9.9394884406964,33.5310258839516,3.20804639859891));
#8339=CARTESIAN_POINT('',(-15.2586341472183,33.5310258839516,0.697263382060009));
#8340=CARTESIAN_POINT('',(-8.43090937951988,29.8889938545471,5.63927644277147));
#8341=CARTESIAN_POINT('',(-7.23613400975099,27.0045509528616,7.56477961975057));
#8342=CARTESIAN_POINT('',(-41.6042145590093,-3.28431132494241,5.63927644277147));
#8343=CARTESIAN_POINT('Origin',(-44.4961916267996,-0.392334257152129,8.36688279608025));
#8344=CARTESIAN_POINT('',(-23.1305258839516,20.3437864376269,8.07000093419897));
#8345=CARTESIAN_POINT('',(-20.3117508166648,19.1762115754776,6.19011165099142));
#8346=CARTESIAN_POINT('',(-8.43597420200265,29.8868970977269,5.64067612792949));
#8347=CARTESIAN_POINT('',(-34.2013179361948,19.2204501722287,12.7610380633745));
#8348=CARTESIAN_POINT('',(-9.9482372795566,33.5260750420219,8.07000093419895));
#8349=CARTESIAN_POINT('',(-8.30224222156186,29.5650784400537,5.42584682851825));
#8350=CARTESIAN_POINT('',(-26.9159061607893,16.5584061607892,8.07000093419898));
#8351=CARTESIAN_POINT('Origin',(-42.4856303994936,-2.40289548445812,27.3627048983967));
#8352=CARTESIAN_POINT('',(-19.4858082651626,18.8340949689043,28.1948099186006));
#8353=CARTESIAN_POINT('',(-23.1305258839516,20.3437864376269,25.7617871154557));
#8354=CARTESIAN_POINT('',(-17.7717472053886,18.1241076312104,29.3390274082941));
#8355=CARTESIAN_POINT('',(-9.94328643762692,33.5310258839516,25.7617871154558));
#8356=CARTESIAN_POINT('',(-26.9159061607893,16.5584061607892,25.7617871154557));
#8357=CARTESIAN_POINT('',(-9.92429645297451,33.5310258839516,25.7707509103169));
#8358=CARTESIAN_POINT('',(-19.6120628603092,33.5310258839516,21.1978588133946));
#8359=CARTESIAN_POINT('',(-8.42016702198203,29.8997362120849,28.1948099186006));
#8360=CARTESIAN_POINT('',(-7.22316683712109,27.0099221316305,30.1238986135241));
#8361=CARTESIAN_POINT('',(-41.6042145590093,-3.28431132494241,28.1948099186006));
#8362=CARTESIAN_POINT('Origin',(-44.4961916267996,-0.392334257152126,30.9224162719093));
#8363=CARTESIAN_POINT('',(-23.1305258839516,20.3437864376269,30.625534410028));
#8364=CARTESIAN_POINT('',(-20.3117508166649,19.1762115754776,28.7456451268205));
#8365=CARTESIAN_POINT('',(-8.45118055413458,29.8868970977269,28.2033806396474));
#8366=CARTESIAN_POINT('',(-34.2035431903437,19.2258241425549,35.3201551936504));
#8367=CARTESIAN_POINT('',(-9.95897963709449,33.515332684484,30.625534410028));
#8368=CARTESIAN_POINT('',(-8.31521135757516,29.5596947024778,27.9849574386892));
#8369=CARTESIAN_POINT('',(-26.9159061607893,16.5584061607892,30.6255344100281));
#8370=CARTESIAN_POINT('Origin',(-42.4856303994936,-2.40289548445812,38.6404716363112));
#8371=CARTESIAN_POINT('',(-19.4858082651626,18.8340949689043,39.472576656515));
#8372=CARTESIAN_POINT('',(-23.1305258839516,20.3437864376269,37.0395538533702));
#8373=CARTESIAN_POINT('',(-17.7717472053885,18.1241076312103,40.6167941462086));
#8374=CARTESIAN_POINT('',(-9.94328643762692,33.5310258839516,37.0395538533702));
#8375=CARTESIAN_POINT('',(-26.9159061607893,16.5584061607892,37.0395538533702));
#8376=CARTESIAN_POINT('',(-9.91670045911334,33.5310258839516,37.0521031661759));
#8377=CARTESIAN_POINT('',(-21.7887772168546,33.5310258839516,31.4481565290619));
#8378=CARTESIAN_POINT('',(-8.41479584321293,29.905107390854,39.472576656515));
#8379=CARTESIAN_POINT('',(-7.216683250806,27.0126077210152,41.4034581104108));
#8380=CARTESIAN_POINT('',(-41.6042145590093,-3.28431132494242,39.472576656515));
#8381=CARTESIAN_POINT('Origin',(-44.2117987593365,-0.676727124615138,41.9319541221305));
#8382=CARTESIAN_POINT('',(-19.9522505736053,19.0273016991259,39.7836550064878));
#8383=CARTESIAN_POINT('',(-8.45878373020079,29.8868970977269,39.4847328955064));
#8384=CARTESIAN_POINT('',(-34.1081685444245,19.2684553406497,46.5730490919798));
#8385=CARTESIAN_POINT('',(-8.1684543022076,29.1882352930352,39.01834282629));
#8386=CARTESIAN_POINT('Origin',(-44.4961916267996,-0.392334257152128,2.72799942712299));
#8387=CARTESIAN_POINT('',(-23.1305258839516,20.3437864376269,2.43111756524172));
#8388=CARTESIAN_POINT('',(-19.4852188758422,18.8338508358543,1.04364612247521E-16));
#8389=CARTESIAN_POINT('',(-20.3117508166648,19.1762115754776,0.55122828203417));
#8390=CARTESIAN_POINT('',(-8.43217261396959,29.8868970977269,-1.21090524450455E-16));
#8391=CARTESIAN_POINT('',(-30.3816663268362,7.93740338486027,5.55111512312578E-16));
#8392=CARTESIAN_POINT('',(-9.9455516901721,33.5287606314064,2.43111756524169));
#8393=CARTESIAN_POINT('',(-8.29899993755852,29.5664243744479,-0.213930824024365));
#8394=CARTESIAN_POINT('',(-26.9159061607893,16.5584061607892,2.43111756524172));
#8395=CARTESIAN_POINT('Origin',(-2.402895484458,-42.4856303994936,29.0350925860371));
#8396=CARTESIAN_POINT('',(8.43383887133845,-29.8868970977269,28.2033806396474));
#8397=CARTESIAN_POINT('',(9.94328643762691,-33.5310258839516,30.636010368978));
#8398=CARTESIAN_POINT('',(8.04679201637887,-28.9524833312098,27.5796148944526));
#8399=CARTESIAN_POINT('',(23.1305258839516,-20.3437864376269,30.636010368978));
#8400=CARTESIAN_POINT('',(4.47164321881345,-39.0026691027651,30.636010368978));
#8401=CARTESIAN_POINT('',(19.4863970977269,-18.8343388713384,28.2033806396474));
#8402=CARTESIAN_POINT('',(18.4863647949809,-18.4201119287299,27.5358113926036));
#8403=CARTESIAN_POINT('',(-3.28389495744309,-41.6046309265085,28.2033806396474));
#8404=CARTESIAN_POINT('Origin',(-0.392590905544639,-44.4959349784069,25.4738306292931));
#8405=CARTESIAN_POINT('',(9.94328643762692,-33.5310258839516,25.7707509103168));
#8406=CARTESIAN_POINT('',(9.09946505587726,-31.493860859911,27.1306557028606));
#8407=CARTESIAN_POINT('',(23.1305258839516,-20.3437864376269,25.7707509103169));
#8408=CARTESIAN_POINT('',(21.027742323682,-19.472784968228,27.1744592047097));
#8409=CARTESIAN_POINT('',(4.47164321881347,-39.002669102765,25.7707509103169));
#8410=CARTESIAN_POINT('Origin',(-2.402895484458,-42.4856303994936,34.6757687139665));
#8411=CARTESIAN_POINT('',(8.43383887133845,-29.8868970977269,33.8440567675769));
#8412=CARTESIAN_POINT('',(9.94328643762691,-33.5310258839516,36.2766864969075));
#8413=CARTESIAN_POINT('',(8.04679201637901,-28.9524833312099,33.2202910223822));
#8414=CARTESIAN_POINT('',(23.1305258839516,-20.3437864376269,36.2766864969075));
#8415=CARTESIAN_POINT('',(4.47164321881345,-39.0026691027651,36.2766864969075));
#8416=CARTESIAN_POINT('',(19.4863970977269,-18.8343388713384,33.8440567675769));
#8417=CARTESIAN_POINT('',(18.4863647949812,-18.42011192873,33.1764875205333));
#8418=CARTESIAN_POINT('',(-3.28389495744309,-41.6046309265085,33.8440567675769));
#8419=CARTESIAN_POINT('Origin',(-0.392590905544638,-44.4959349784069,31.1145067572225));
#8420=CARTESIAN_POINT('',(9.94328643762691,-33.5310258839516,31.4114270382463));
#8421=CARTESIAN_POINT('',(9.09946505587714,-31.4938608599109,32.7713318307901));
#8422=CARTESIAN_POINT('',(23.1305258839516,-20.3437864376269,31.4114270382463));
#8423=CARTESIAN_POINT('',(21.0277423236822,-19.4727849682281,32.8151353326391));
#8424=CARTESIAN_POINT('',(4.47164321881348,-39.002669102765,31.4114270382463));
#8425=CARTESIAN_POINT('Origin',(-24.1305258839516,-31.132818500866,17.7537403301781));
#8426=CARTESIAN_POINT('',(-8.42977077492097,-29.8868970977269,16.9220283837884));
#8427=CARTESIAN_POINT('',(-24.1305258839516,-29.8868970977269,16.9220283837884));
#8428=CARTESIAN_POINT('',(-9.94284379063083,-33.5310258839516,19.3546581131191));
#8429=CARTESIAN_POINT('',(-11.13560498741,-36.4037064268901,21.2723093547651));
#8430=CARTESIAN_POINT('',(-17.2440129419758,-33.5310258839516,19.3546581131191));
#8431=CARTESIAN_POINT('Origin',(23.575318500866,-34.5310258839516,14.1924783734341));
#8432=CARTESIAN_POINT('',(19.4863970977269,18.8343388713384,16.9220283837885));
#8433=CARTESIAN_POINT('',(19.4863970977269,-34.5310258839516,16.9220283837885));
#8434=CARTESIAN_POINT('',(23.1305258839516,20.3437864376269,14.4893986544579));
#8435=CARTESIAN_POINT('',(20.3131247340895,19.1767806707085,16.3701482653149));
#8436=CARTESIAN_POINT('',(23.1305258839516,-27.6445129419758,14.4893986544579));
#8437=CARTESIAN_POINT('Origin',(20.732318500866,-34.5310258839516,40.3164448418961));
#8438=CARTESIAN_POINT('',(19.4863970977269,18.8343388713895,39.4847328954944));
#8439=CARTESIAN_POINT('',(17.7717472071734,18.1241076321927,38.3401223331901));
#8440=CARTESIAN_POINT('',(19.4863970977269,-34.5310258839516,39.4847328955064));
#8441=CARTESIAN_POINT('Origin',(23.575318500866,-34.5310258839516,36.7551828851521));
#8442=CARTESIAN_POINT('',(23.1305258839516,20.3437864376269,37.0521031661759));
#8443=CARTESIAN_POINT('',(20.313124734089,19.1767806707082,38.9328527770331));
#8444=CARTESIAN_POINT('',(23.1305258839516,-27.6445129419758,37.0521031661759));
#8445=CARTESIAN_POINT('Origin',(-20.732318500866,-34.5310258839516,16.0849381604822));
#8446=CARTESIAN_POINT('',(-19.4858082651626,-18.841428292934,16.9170431806861));
#8447=CARTESIAN_POINT('',(-19.4858082651626,-34.5310258839516,16.9170431806861));
#8448=CARTESIAN_POINT('',(-23.1227818944567,-20.3515304271218,14.489189859789));
#8449=CARTESIAN_POINT('',(-18.4954825530732,-18.4302367023979,17.5781328156232));
#8450=CARTESIAN_POINT('',(-23.1305258839516,-20.3437864376269,14.4840203775413));
#8451=CARTESIAN_POINT('',(-21.6177039057038,-21.8566084158747,15.4939011845483));
#8452=CARTESIAN_POINT('',(-23.1305258839516,-6.8865129419758,14.4840203775413));
#8453=CARTESIAN_POINT('Origin',(-24.1305258839516,33.975818500866,19.6515783941428));
#8454=CARTESIAN_POINT('',(8.43383887133843,29.8868970977269,16.9220283837885));
#8455=CARTESIAN_POINT('',(-24.1305258839516,29.8868970977269,16.9220283837884));
#8456=CARTESIAN_POINT('',(9.94328643762687,33.5310258839516,19.3546581131191));
#8457=CARTESIAN_POINT('',(5.20563182639956,22.0933158676878,11.7194412881255));
#8458=CARTESIAN_POINT('',(-9.94328643762692,33.5310258839516,19.3546581131191));
#8459=CARTESIAN_POINT('',(-6.88651294197582,33.5310258839516,19.3546581131191));
#8460=CARTESIAN_POINT('',(-15.2340941037787,28.2402182177998,15.8227917121555));
#8461=CARTESIAN_POINT('Origin',(10.3575,33.5310258839516,0.));
#8462=CARTESIAN_POINT('',(-9.94328643762692,33.5310258839516,13.7139819851896));
#8463=CARTESIAN_POINT('',(-9.94328643762692,33.5310258839516,0.));
#8464=CARTESIAN_POINT('',(9.94328643762689,33.5310258839516,13.7139819851896));
#8465=CARTESIAN_POINT('',(-6.88651294197582,33.5310258839516,13.7139819851896));
#8466=CARTESIAN_POINT('',(9.9432864376269,33.5310258839516,14.4893986544579));
#8467=CARTESIAN_POINT('',(9.94328643762689,33.5310258839516,0.));
#8468=CARTESIAN_POINT('',(-6.88651294197581,33.5310258839516,14.4893986544579));
#8469=CARTESIAN_POINT('Origin',(-20.732318500866,-34.5310258839516,33.0015882673539));
#8470=CARTESIAN_POINT('',(-19.4858082651626,-18.8528302991958,33.8336932875578));
#8471=CARTESIAN_POINT('',(-19.4858082651626,-34.5310258839516,33.8336932875578));
#8472=CARTESIAN_POINT('',(-23.1147251263032,-20.3595871952754,31.4112182435775));
#8473=CARTESIAN_POINT('',(-18.4914471606848,-18.4399631796955,34.4974767393354));
#8474=CARTESIAN_POINT('',(-23.1305258839516,-20.3437864376269,31.400670484413));
#8475=CARTESIAN_POINT('',(-23.9264581290328,-19.5478541925457,30.8693477580493));
#8476=CARTESIAN_POINT('',(-23.1305258839516,-6.8865129419758,31.400670484413));
#8477=CARTESIAN_POINT('Origin',(-24.1305258839516,33.9758185008659,36.5736067779313));
#8478=CARTESIAN_POINT('',(8.43383887133839,29.8868970977269,33.8440567675769));
#8479=CARTESIAN_POINT('',(-24.1305258839516,29.8868970977269,33.8440567675769));
#8480=CARTESIAN_POINT('',(9.94328643762694,33.5310258839516,36.2766864969075));
#8481=CARTESIAN_POINT('',(5.20563182639953,22.0933158676878,28.6414696719141));
#8482=CARTESIAN_POINT('',(-9.94328643762692,33.5310258839516,36.2766864969076));
#8483=CARTESIAN_POINT('',(-6.88651294197582,33.5310258839516,36.2766864969076));
#8484=CARTESIAN_POINT('',(-17.5435823447453,25.9307299768332,31.2031265707996));
#8485=CARTESIAN_POINT('Origin',(10.3575,33.5310258839516,0.));
#8486=CARTESIAN_POINT('',(-9.94328643762692,33.5310258839516,30.636010368978));
#8487=CARTESIAN_POINT('',(-9.94328643762692,33.5310258839516,0.));
#8488=CARTESIAN_POINT('',(9.9432864376269,33.5310258839516,30.636010368978));
#8489=CARTESIAN_POINT('',(-6.88651294197582,33.5310258839516,30.636010368978));
#8490=CARTESIAN_POINT('',(9.94328643762688,33.5310258839516,31.4114270382463));
#8491=CARTESIAN_POINT('',(9.94328643762689,33.5310258839516,0.));
#8492=CARTESIAN_POINT('',(-6.88651294197581,33.5310258839516,31.4114270382464));
#8493=CARTESIAN_POINT('Origin',(10.3575,33.5310258839516,0.));
#8494=CARTESIAN_POINT('',(-9.94328643762692,33.5310258839516,8.07330585726009));
#8495=CARTESIAN_POINT('',(-9.94328643762692,33.5310258839516,0.));
#8496=CARTESIAN_POINT('',(9.94328643762689,33.5310258839516,8.0733058572601));
#8497=CARTESIAN_POINT('',(-6.88651294197582,33.5310258839516,8.07330585726009));
#8498=CARTESIAN_POINT('',(9.9432864376269,33.5310258839516,8.8487225265284));
#8499=CARTESIAN_POINT('',(9.94328643762689,33.5310258839516,0.));
#8500=CARTESIAN_POINT('',(-6.88651294197581,33.5310258839516,8.8487225265284));
#8501=CARTESIAN_POINT('Origin',(-24.1305258839516,31.132818500866,10.4496403094694));
#8502=CARTESIAN_POINT('',(8.43383887133841,29.8868970977269,11.281352255859));
#8503=CARTESIAN_POINT('',(5.20563182639974,22.0933158676876,16.4839393515219));
#8504=CARTESIAN_POINT('',(-24.1305258839516,29.8868970977269,11.281352255859));
#8505=CARTESIAN_POINT('Origin',(-20.732318500866,-34.5310258839516,21.7238215294394));
#8506=CARTESIAN_POINT('',(-19.4858082651626,-18.845228961688,22.5559265496433));
#8507=CARTESIAN_POINT('',(-19.4858082651626,-34.5310258839516,22.5559265496433));
#8508=CARTESIAN_POINT('',(-23.1200963050721,-20.3542160165064,20.1298659877186));
#8509=CARTESIAN_POINT('',(-18.4941374222774,-18.4334788614972,23.217914123527));
#8510=CARTESIAN_POINT('',(-23.1305258839516,-20.3437864376269,20.1229037464985));
#8511=CARTESIAN_POINT('',(-22.3872886468135,-21.0870236747651,20.619050042382));
#8512=CARTESIAN_POINT('',(-23.1305258839516,-6.8865129419758,20.1229037464985));
#8513=CARTESIAN_POINT('Origin',(-24.1305258839516,33.975818500866,25.2922545220723));
#8514=CARTESIAN_POINT('',(8.43383887133841,29.8868970977269,22.562704511718));
#8515=CARTESIAN_POINT('',(-24.1305258839516,29.8868970977269,22.562704511718));
#8516=CARTESIAN_POINT('',(9.94328643762687,33.5310258839516,24.9953342410486));
#8517=CARTESIAN_POINT('',(5.20563182639954,22.0933158676877,17.3601174160551));
#8518=CARTESIAN_POINT('',(-9.94328643762692,33.5310258839516,24.9953342410486));
#8519=CARTESIAN_POINT('',(-6.88651294197582,33.5310258839516,24.9953342410486));
#8520=CARTESIAN_POINT('',(-16.0039235174342,27.4703888041443,20.9495699983702));
#8521=CARTESIAN_POINT('Origin',(10.3575,33.5310258839516,0.));
#8522=CARTESIAN_POINT('',(-9.94328643762692,33.5310258839516,0.));
#8523=CARTESIAN_POINT('',(9.94328643762692,33.5310258839516,20.1300747823874));
#8524=CARTESIAN_POINT('',(9.94328643762689,33.5310258839516,0.));
#8525=CARTESIAN_POINT('',(-6.88651294197581,33.5310258839516,20.1300747823874));
#8526=CARTESIAN_POINT('Origin',(-24.1305258839516,-31.132818500866,23.3944164581076));
#8527=CARTESIAN_POINT('',(-8.42977077492095,-29.8868970977269,22.5627045117179));
#8528=CARTESIAN_POINT('',(-24.1305258839516,-29.8868970977269,22.5627045117179));
#8529=CARTESIAN_POINT('',(-9.94284379063082,-33.5310258839516,24.9953342410485));
#8530=CARTESIAN_POINT('',(-11.1356049874101,-36.4037064268901,26.9129854826946));
#8531=CARTESIAN_POINT('',(-17.2440129419758,-33.5310258839516,24.9953342410485));
#8532=CARTESIAN_POINT('Origin',(23.575318500866,-34.5310258839516,19.8331545013636));
#8533=CARTESIAN_POINT('',(19.4863970977269,18.8343388713384,22.562704511718));
#8534=CARTESIAN_POINT('',(19.4863970977269,-34.5310258839516,22.562704511718));
#8535=CARTESIAN_POINT('',(23.1305258839516,20.3437864376269,20.1300747823874));
#8536=CARTESIAN_POINT('',(20.3131247340897,19.1767806707086,22.0108243932442));
#8537=CARTESIAN_POINT('',(23.1305258839516,-27.6445129419758,20.1300747823874));
#8538=CARTESIAN_POINT('Origin',(20.732318500866,-34.5310258839516,0.831711946389623));
#8539=CARTESIAN_POINT('',(23.1305258839516,20.3437864376269,2.43262972933061));
#8540=CARTESIAN_POINT('',(23.1305258839516,-27.6445129419758,2.43262972933061));
#8541=CARTESIAN_POINT('',(19.4863970977269,18.8343388713384,-9.25185853854297E-17));
#8542=CARTESIAN_POINT('',(17.7717472053885,18.1241076312103,-1.14461056350789));
#8543=CARTESIAN_POINT('',(19.4863970977269,-17.2655129419758,0.));
#8544=CARTESIAN_POINT('Origin',(23.575318500866,-34.5310258839516,2.91112611757514));
#8545=CARTESIAN_POINT('',(19.4863970977269,18.8343388713384,5.64067612792951));
#8546=CARTESIAN_POINT('',(19.4863970977269,-34.5310258839516,5.64067612792951));
#8547=CARTESIAN_POINT('',(23.1305258839516,20.3437864376269,3.20804639859891));
#8548=CARTESIAN_POINT('',(20.3131247340895,19.1767806707085,5.08879600945588));
#8549=CARTESIAN_POINT('',(23.1305258839516,-27.6445129419758,3.20804639859892));
#8550=CARTESIAN_POINT('Origin',(-24.1305258839516,-31.132818500866,6.47238807431909));
#8551=CARTESIAN_POINT('',(-8.42977077492091,-29.8868970977269,5.64067612792946));
#8552=CARTESIAN_POINT('',(-24.1305258839516,-29.8868970977269,5.64067612792947));
#8553=CARTESIAN_POINT('',(-9.94284379063081,-33.5310258839516,8.07330585726005));
#8554=CARTESIAN_POINT('',(-11.1356049874101,-36.4037064268901,9.99095709890609));
#8555=CARTESIAN_POINT('',(-17.2440129419758,-33.5310258839516,8.07330585726005));
#8556=CARTESIAN_POINT('Origin',(-24.1305258839516,-31.132818500866,12.1130642022486));
#8557=CARTESIAN_POINT('',(-8.42977077492096,-29.8868970977269,11.281352255859));
#8558=CARTESIAN_POINT('',(-24.1305258839516,-29.8868970977269,11.281352255859));
#8559=CARTESIAN_POINT('',(-9.94284379063082,-33.5310258839516,13.7139819851895));
#8560=CARTESIAN_POINT('',(-11.1356049874101,-36.4037064268901,15.6316332268356));
#8561=CARTESIAN_POINT('',(-17.2440129419758,-33.5310258839516,13.7139819851895));
#8562=CARTESIAN_POINT('Origin',(23.575318500866,-34.5310258839516,8.55180224550463));
#8563=CARTESIAN_POINT('',(19.4863970977269,18.8343388713384,11.281352255859));
#8564=CARTESIAN_POINT('',(19.4863970977269,-34.5310258839516,11.281352255859));
#8565=CARTESIAN_POINT('',(23.1305258839516,20.3437864376269,8.8487225265284));
#8566=CARTESIAN_POINT('',(20.3131247340895,19.1767806707085,10.7294721373854));
#8567=CARTESIAN_POINT('',(23.1305258839516,-27.6445129419758,8.84872252652841));
#8568=CARTESIAN_POINT('Origin',(-20.732318500866,-34.5310258839516,4.80717142256763));
#8569=CARTESIAN_POINT('',(-19.4858082651626,-18.8338269554264,5.63927644277148));
#8570=CARTESIAN_POINT('',(-19.4858082651626,-34.5310258839516,5.63927644277148));
#8571=CARTESIAN_POINT('',(-23.1281530732255,-20.346159248353,3.20783760393006));
#8572=CARTESIAN_POINT('',(-18.4981728146657,-18.4237523841998,6.29857019981476));
#8573=CARTESIAN_POINT('',(-23.1305258839516,-20.3437864376269,3.20625363962666));
#8574=CARTESIAN_POINT('',(-20.0785344234844,-23.3957778980941,5.24360346888096));
#8575=CARTESIAN_POINT('',(-23.1305258839516,-6.8865129419758,3.20625363962666));
#8576=CARTESIAN_POINT('Origin',(-24.1305258839516,33.975818500866,8.37022613828387));
#8577=CARTESIAN_POINT('',(8.43383887133842,29.8868970977269,5.6406761279295));
#8578=CARTESIAN_POINT('',(-24.1305258839516,29.8868970977269,5.64067612792949));
#8579=CARTESIAN_POINT('',(5.20563182639969,22.0933158676876,0.438089032266544));
#8580=CARTESIAN_POINT('',(-13.6944352764677,29.7798770451108,5.5692351397261));
#8581=CARTESIAN_POINT('Origin',(10.3575,33.5310258839516,0.));
#8582=CARTESIAN_POINT('',(-9.94328643762692,33.5310258839516,2.43262972933059));
#8583=CARTESIAN_POINT('',(-9.94328643762692,33.5310258839516,0.));
#8584=CARTESIAN_POINT('',(9.94328643762688,33.5310258839516,2.4326297293306));
#8585=CARTESIAN_POINT('',(-6.88651294197582,33.5310258839516,2.43262972933059));
#8586=CARTESIAN_POINT('',(9.94328643762691,33.5310258839516,3.20804639859891));
#8587=CARTESIAN_POINT('',(9.94328643762689,33.5310258839516,0.));
#8588=CARTESIAN_POINT('',(-6.88651294197582,33.5310258839516,3.20804639859891));
#8589=CARTESIAN_POINT('Origin',(-20.732318500866,-34.5310258839516,27.3627048983967));
#8590=CARTESIAN_POINT('',(-19.4858082651626,-18.8490296304418,28.1948099186006));
#8591=CARTESIAN_POINT('',(-19.4858082651626,-34.5310258839516,28.1948099186006));
#8592=CARTESIAN_POINT('',(-23.1174107156877,-20.3569016058909,25.770542115648));
#8593=CARTESIAN_POINT('',(-18.4927922914813,-18.4367210205964,28.8576954314312));
#8594=CARTESIAN_POINT('',(-23.1305258839516,-20.3437864376269,25.7617871154557));
#8595=CARTESIAN_POINT('',(-23.1568733879232,-20.3174389336553,25.7441989002156));
#8596=CARTESIAN_POINT('',(-23.1305258839516,-6.8865129419758,25.7617871154557));
#8597=CARTESIAN_POINT('Origin',(-24.1305258839516,33.975818500866,30.9329306500018));
#8598=CARTESIAN_POINT('',(8.43383887133839,29.8868970977269,28.2033806396474));
#8599=CARTESIAN_POINT('',(-24.1305258839516,29.8868970977269,28.2033806396474));
#8600=CARTESIAN_POINT('',(5.20563182639948,22.0933158676878,23.0007935439846));
#8601=CARTESIAN_POINT('',(-16.7737529310898,26.7005593904887,26.0763482845849));
#8602=CARTESIAN_POINT('Origin',(10.3575,33.5310258839516,0.));
#8603=CARTESIAN_POINT('',(-9.94328643762692,33.5310258839516,0.));
#8604=CARTESIAN_POINT('',(9.94328643762691,33.5310258839516,25.7707509103169));
#8605=CARTESIAN_POINT('',(9.94328643762689,33.5310258839516,0.));
#8606=CARTESIAN_POINT('',(-6.88651294197581,33.5310258839516,25.7707509103169));
#8607=CARTESIAN_POINT('Origin',(10.3575,33.5310258839516,0.));
#8608=CARTESIAN_POINT('',(-9.94328643762692,33.5310258839516,0.));
#8609=CARTESIAN_POINT('',(9.9432864376269,33.5310258839516,37.0521031661759));
#8610=CARTESIAN_POINT('',(9.94328643762689,33.5310258839516,0.));
#8611=CARTESIAN_POINT('',(-6.88651294197581,33.5310258839516,37.0521031661759));
#8612=CARTESIAN_POINT('Origin',(-24.1305258839516,31.132818500866,38.6530209491168));
#8613=CARTESIAN_POINT('',(8.43383887138953,29.8868970977269,39.4847328954943));
#8614=CARTESIAN_POINT('',(5.20563182639954,22.0933158676877,44.6873199911693));
#8615=CARTESIAN_POINT('',(-24.1305258839516,29.8868970977269,39.4847328955064));
#8616=CARTESIAN_POINT('Origin',(-23.5756814565036,-34.5310258839516,2.72799942712298));
#8617=CARTESIAN_POINT('',(-23.1305258839516,-20.3401379861181,2.43111756524171));
#8618=CARTESIAN_POINT('',(-23.1305258839516,-6.8865129419758,2.43111756524171));
#8619=CARTESIAN_POINT('',(-19.4852188758422,-18.8314489968057,0.));
#8620=CARTESIAN_POINT('',(-21.0235780229681,-19.468132135349,1.02595801558228));
#8621=CARTESIAN_POINT('',(-19.4852188758422,-17.2655129419758,-5.55111512312578E-16));
#8622=CARTESIAN_POINT('Origin',(-9.65039321881346,33.823919102765,0.));
#8623=CARTESIAN_POINT('',(-23.1305258839516,20.3437864376269,0.));
#8624=CARTESIAN_POINT('',(-12.9246058628121,30.5497064587664,0.442456853511384));
#8625=CARTESIAN_POINT('Origin',(-9.65039321881346,33.823919102765,0.));
#8626=CARTESIAN_POINT('',(-23.1305258839516,20.3437864376269,0.));
#8627=CARTESIAN_POINT('Origin',(-9.65039321881346,33.823919102765,0.));
#8628=CARTESIAN_POINT('',(-23.1305258839516,20.3437864376269,0.));
#8629=CARTESIAN_POINT('Origin',(-9.65039321881346,33.823919102765,0.));
#8630=CARTESIAN_POINT('',(-23.1305258839516,20.3437864376269,0.));
#8631=CARTESIAN_POINT('Origin',(-9.65039321881346,33.823919102765,0.));
#8632=CARTESIAN_POINT('',(-23.1305258839516,20.3437864376269,0.));
#8633=CARTESIAN_POINT('',(-14.4642646901232,29.0100476314553,10.6960134259408));
#8634=CARTESIAN_POINT('Origin',(-9.65039321881346,33.823919102765,0.));
#8635=CARTESIAN_POINT('',(-23.1305258839516,20.3437864376269,0.));
#8636=CARTESIAN_POINT('Origin',(-9.65039321881346,33.823919102765,0.));
#8637=CARTESIAN_POINT('',(-23.1305258839516,20.3437864376269,0.));
#8638=CARTESIAN_POINT('Origin',(23.575318500866,-34.5310258839516,25.4738306292931));
#8639=CARTESIAN_POINT('',(19.4863970977269,18.8343388713384,28.2033806396475));
#8640=CARTESIAN_POINT('',(19.4863970977269,-34.5310258839516,28.2033806396475));
#8641=CARTESIAN_POINT('',(23.1305258839516,20.3437864376269,25.7707509103169));
#8642=CARTESIAN_POINT('',(20.3131247340895,19.1767806707085,27.6515005211738));
#8643=CARTESIAN_POINT('',(23.1305258839516,-27.6445129419758,25.7707509103169));
#8644=CARTESIAN_POINT('Origin',(-24.1305258839516,-31.132818500866,29.035092586037));
#8645=CARTESIAN_POINT('',(-8.42977077492095,-29.8868970977269,28.2033806396474));
#8646=CARTESIAN_POINT('',(-24.1305258839516,-29.8868970977269,28.2033806396474));
#8647=CARTESIAN_POINT('',(-9.94284379063083,-33.5310258839516,30.636010368978));
#8648=CARTESIAN_POINT('',(-11.1356049874101,-36.4037064268901,32.553661610624));
#8649=CARTESIAN_POINT('',(-17.2440129419758,-33.5310258839516,30.636010368978));
#8650=CARTESIAN_POINT('Origin',(23.575318500866,-34.5310258839516,31.1145067572226));
#8651=CARTESIAN_POINT('',(19.4863970977269,18.8343388713384,33.8440567675769));
#8652=CARTESIAN_POINT('',(19.4863970977269,-34.5310258839516,33.8440567675769));
#8653=CARTESIAN_POINT('',(23.1305258839516,20.3437864376269,31.4114270382463));
#8654=CARTESIAN_POINT('',(20.3131247340895,19.1767806707085,33.2921766491033));
#8655=CARTESIAN_POINT('',(23.1305258839516,-27.6445129419758,31.4114270382463));
#8656=CARTESIAN_POINT('Origin',(-24.1305258839516,-31.132818500866,34.6757687139665));
#8657=CARTESIAN_POINT('',(-8.42977077492096,-29.8868970977269,33.8440567675769));
#8658=CARTESIAN_POINT('',(-24.1305258839516,-29.8868970977269,33.8440567675769));
#8659=CARTESIAN_POINT('',(-9.94284379063082,-33.5310258839516,36.2766864969075));
#8660=CARTESIAN_POINT('',(-11.1356049874101,-36.4037064268901,38.1943377385535));
#8661=CARTESIAN_POINT('',(-17.2440129419758,-33.5310258839516,36.2766864969075));
#8662=CARTESIAN_POINT('Origin',(9.65039321881345,-33.823919102765,0.));
#8663=CARTESIAN_POINT('',(9.94328643762691,-33.5310258839516,0.));
#8664=CARTESIAN_POINT('',(23.1305258839516,-20.3437864376269,0.));
#8665=CARTESIAN_POINT('Origin',(9.65039321881345,-33.823919102765,0.));
#8666=CARTESIAN_POINT('',(9.94328643762691,-33.5310258839516,0.));
#8667=CARTESIAN_POINT('',(23.1305258839516,-20.3437864376269,0.));
#8668=CARTESIAN_POINT('Origin',(9.65039321881345,-33.823919102765,0.));
#8669=CARTESIAN_POINT('',(9.94328643762691,-33.5310258839516,0.));
#8670=CARTESIAN_POINT('',(23.1305258839516,-20.3437864376269,0.));
#8671=CARTESIAN_POINT('Origin',(9.65039321881345,-33.823919102765,0.));
#8672=CARTESIAN_POINT('',(9.94328643762691,-33.5310258839516,0.));
#8673=CARTESIAN_POINT('',(23.1305258839516,-20.3437864376269,0.));
#8674=CARTESIAN_POINT('Origin',(9.65039321881345,-33.823919102765,0.));
#8675=CARTESIAN_POINT('',(9.94328643762691,-33.5310258839516,0.));
#8676=CARTESIAN_POINT('',(23.1305258839516,-20.3437864376269,0.));
#8677=CARTESIAN_POINT('Origin',(9.65039321881345,-33.823919102765,0.));
#8678=CARTESIAN_POINT('',(23.1305258839516,-20.3437864376269,0.));
#8679=CARTESIAN_POINT('',(9.94328643762691,-33.5310258839516,0.));
#8680=CARTESIAN_POINT('Origin',(2.40411872368778,-42.4844071602638,10.4494600825759));
#8681=CARTESIAN_POINT('',(-19.4905951331968,-18.826072739451,11.281352255859));
#8682=CARTESIAN_POINT('',(3.28592900565187,-41.6025968782997,11.281352255859));
#8683=CARTESIAN_POINT('',(-9.94284379063084,-33.5310258839516,8.84872252652835));
#8684=CARTESIAN_POINT('',(-11.1350915759476,-36.4024699118838,6.93189671761027));
#8685=CARTESIAN_POINT('',(-9.9432864376269,-33.5310258839516,8.84851373185954));
#8686=CARTESIAN_POINT('',(-6.46084562796813,-33.5310258839516,10.4911659625774));
#8687=CARTESIAN_POINT('',(-23.1254674838411,-20.3488448377374,8.84851373185952));
#8688=CARTESIAN_POINT('',(-11.3581561607892,-32.1161561607892,8.84851373185953));
#8689=CARTESIAN_POINT('',(-19.4858082651626,-18.83762762418,11.2781598117289));
#8690=CARTESIAN_POINT('',(-18.4968276838704,-18.426994543299,11.9383515077185));
#8691=CARTESIAN_POINT('',(-11.8192371956752,-37.3437456833134,6.16519249491811));
#8692=CARTESIAN_POINT('Origin',(0.392399931212048,-44.4961259527396,14.0110824931067));
#8693=CARTESIAN_POINT('',(-23.1305258839516,-20.3325366486106,13.7088843031563));
#8694=CARTESIAN_POINT('',(-21.0262645429263,-19.4616426721148,12.3055164395868));
#8695=CARTESIAN_POINT('',(-23.1305258839516,-20.3437864376269,13.7141907798584));
#8696=CARTESIAN_POINT('',(-23.1305258839516,-10.8229726716159,9.2232642068609));
#8697=CARTESIAN_POINT('',(-9.9432864376269,-33.5310258839516,13.7141907798584));
#8698=CARTESIAN_POINT('',(-11.3581561607892,-32.1161561607893,13.7141907798584));
#8699=CARTESIAN_POINT('',(-3.29690723792824,-33.5310258839516,10.5791225287912));
#8700=CARTESIAN_POINT('Origin',(0.691926703369023,-44.1965991805826,41.931892173283));
#8701=CARTESIAN_POINT('',(-19.5040357765842,-18.8126320960636,39.4847328955064));
#8702=CARTESIAN_POINT('',(3.28592900565188,-41.6025968782997,39.4847328955064));
#8703=CARTESIAN_POINT('',(-20.6638681564962,-19.2926537614895,40.2582449385984));
#8704=CARTESIAN_POINT('Origin',(2.40411872368778,-42.4844071602638,38.6528407222234));
#8705=CARTESIAN_POINT('',(-9.94284379063086,-33.5310258839516,37.0521031661758));
#8706=CARTESIAN_POINT('',(-11.1350915759477,-36.4024699118838,35.1352773572577));
#8707=CARTESIAN_POINT('',(-9.9432864376269,-33.5310258839516,37.051894371507));
#8708=CARTESIAN_POINT('',(-11.9019283234086,-33.5310258839516,36.1280114862809));
#8709=CARTESIAN_POINT('',(-23.1120395369186,-20.3622727846599,37.051894371507));
#8710=CARTESIAN_POINT('',(-11.3581561607893,-32.1161561607892,37.051894371507));
#8711=CARTESIAN_POINT('',(-19.4858082651626,-18.8566309679497,39.472576656515));
#8712=CARTESIAN_POINT('',(-18.490102029889,-18.4432053387948,40.1372580472393));
#8713=CARTESIAN_POINT('',(-11.7860010208072,-37.4429768851918,34.3374435664667));
#8714=CARTESIAN_POINT('Origin',(42.4856303994935,-2.40289548445804,34.6757687139666));
#8715=CARTESIAN_POINT('',(23.1305258839516,20.3437864376269,36.2766864969075));
#8716=CARTESIAN_POINT('',(17.7717472053877,18.1241076312099,32.6994462040685));
#8717=CARTESIAN_POINT('',(33.802419102765,9.67189321881345,36.2766864969075));
#8718=CARTESIAN_POINT('',(41.6046309265084,-3.28389495744315,33.8440567675769));
#8719=CARTESIAN_POINT('Origin',(44.4959349784069,-0.392590905544691,31.1145067572226));
#8720=CARTESIAN_POINT('',(5.20563182639969,22.0933158676876,39.0466438632399));
#8721=CARTESIAN_POINT('',(33.802419102765,9.67189321881345,31.4114270382463));
#8722=CARTESIAN_POINT('Origin',(42.4856303994935,-2.40289548445804,29.0350925860371));
#8723=CARTESIAN_POINT('',(23.1305258839516,20.3437864376269,30.636010368978));
#8724=CARTESIAN_POINT('',(17.7717472053884,18.1241076312103,27.0587700761396));
#8725=CARTESIAN_POINT('',(33.802419102765,9.67189321881345,30.636010368978));
#8726=CARTESIAN_POINT('',(41.6046309265084,-3.28389495744315,28.2033806396475));
#8727=CARTESIAN_POINT('Origin',(44.4959349784069,-0.392590905544689,25.4738306292931));
#8728=CARTESIAN_POINT('',(5.20563182639976,22.0933158676875,33.4059677353104));
#8729=CARTESIAN_POINT('',(33.802419102765,9.67189321881344,25.7707509103169));
#8730=CARTESIAN_POINT('Origin',(42.4856303994935,-2.40289548445804,12.1130642022486));
#8731=CARTESIAN_POINT('',(23.1305258839516,20.3437864376269,13.7139819851896));
#8732=CARTESIAN_POINT('',(17.7717472053884,18.1241076312103,10.1367416923511));
#8733=CARTESIAN_POINT('',(33.802419102765,9.67189321881345,13.7139819851896));
#8734=CARTESIAN_POINT('',(5.20563182639969,22.0933158676876,6.07876516019603));
#8735=CARTESIAN_POINT('',(41.6046309265084,-3.28389495744314,11.281352255859));
#8736=CARTESIAN_POINT('Origin',(44.4959349784069,-0.392590905544689,8.55180224550463));
#8737=CARTESIAN_POINT('',(33.802419102765,9.67189321881345,8.8487225265284));
#8738=CARTESIAN_POINT('Origin',(42.4856303994935,-2.40289548445805,0.831711946389622));
#8739=CARTESIAN_POINT('',(33.802419102765,9.67189321881345,2.43262972933061));
#8740=CARTESIAN_POINT('',(8.43383887133843,29.8868970977269,0.));
#8741=CARTESIAN_POINT('',(5.2056318263998,22.0933158676875,-5.202587095663));
#8742=CARTESIAN_POINT('',(30.3824994555206,7.93823651354477,1.11022302462516E-15));
#8743=CARTESIAN_POINT('Origin',(2.40411872368778,-42.4844071602638,16.0901362105054));
#8744=CARTESIAN_POINT('',(-19.4932832618743,-18.8233846107736,16.9220283837884));
#8745=CARTESIAN_POINT('',(3.28592900565186,-41.6025968782997,16.9220283837884));
#8746=CARTESIAN_POINT('',(-9.94284379063082,-33.5310258839516,14.4893986544578));
#8747=CARTESIAN_POINT('',(-11.1350915759476,-36.4024699118839,12.5725728455398));
#8748=CARTESIAN_POINT('',(-9.9432864376269,-33.5310258839516,14.489189859789));
#8749=CARTESIAN_POINT('',(-7.54906216705622,-33.5310258839516,15.6185350673181));
#8750=CARTESIAN_POINT('',(-11.3581561607892,-32.1161561607892,14.489189859789));
#8751=CARTESIAN_POINT('',(-11.8205810812489,-37.3443023848676,11.80497212414));
#8752=CARTESIAN_POINT('Origin',(0.392399931212057,-44.4961259527395,19.6517586210363));
#8753=CARTESIAN_POINT('',(-23.1305258839516,-20.3287359798566,19.3477676721136));
#8754=CARTESIAN_POINT('',(-21.0276078029051,-19.4583979404973,17.9452956515887));
#8755=CARTESIAN_POINT('',(-23.1305258839516,-20.3437864376269,19.3548669077879));
#8756=CARTESIAN_POINT('',(-23.1305258839516,-9.73475613252779,14.3506333116015));
#8757=CARTESIAN_POINT('',(-9.9432864376269,-33.5310258839516,19.3548669077879));
#8758=CARTESIAN_POINT('',(-11.3581561607892,-32.1161561607893,19.3548669077879));
#8759=CARTESIAN_POINT('',(-2.20869069884012,-33.5310258839516,15.7064916335318));
#8760=CARTESIAN_POINT('Origin',(2.40411872368777,-42.4844071602638,21.7308123384349));
#8761=CARTESIAN_POINT('',(-19.4959713905518,-18.8206964820961,22.5627045117179));
#8762=CARTESIAN_POINT('',(3.28592900565188,-41.6025968782997,22.5627045117179));
#8763=CARTESIAN_POINT('',(-9.94284379063082,-33.5310258839516,20.1300747823874));
#8764=CARTESIAN_POINT('',(-11.1350915759476,-36.4024699118839,18.2132489734693));
#8765=CARTESIAN_POINT('',(-9.9432864376269,-33.5310258839516,20.1298659877186));
#8766=CARTESIAN_POINT('',(-8.63727870614421,-33.5310258839516,20.7459041720589));
#8767=CARTESIAN_POINT('',(-11.3581561607892,-32.1161561607892,20.1298659877186));
#8768=CARTESIAN_POINT('',(-11.8219249668227,-37.3448590864218,17.4447517533619));
#8769=CARTESIAN_POINT('Origin',(0.39239993121205,-44.4961259527396,25.2924347489657));
#8770=CARTESIAN_POINT('',(-23.1305258839516,-20.3249353111027,24.9866510410708));
#8771=CARTESIAN_POINT('',(-21.0289510628847,-19.4551532088802,23.5850748635912));
#8772=CARTESIAN_POINT('',(-23.1305258839516,-20.3437864376269,24.9955430357174));
#8773=CARTESIAN_POINT('',(-23.1305258839516,-8.6465395934397,19.4780024163423));
#8774=CARTESIAN_POINT('',(-9.9432864376269,-33.5310258839516,24.9955430357174));
#8775=CARTESIAN_POINT('',(-11.3581561607892,-32.1161561607893,24.9955430357174));
#8776=CARTESIAN_POINT('',(-1.12047415975206,-33.5310258839516,20.8338607382726));
#8777=CARTESIAN_POINT('Origin',(2.40411872368777,-42.4844071602638,27.3714884663644));
#8778=CARTESIAN_POINT('',(-19.4986595192292,-18.8180083534187,28.2033806396474));
#8779=CARTESIAN_POINT('',(3.28592900565188,-41.6025968782997,28.2033806396474));
#8780=CARTESIAN_POINT('',(-9.94284379063084,-33.5310258839516,25.7707509103168));
#8781=CARTESIAN_POINT('',(-11.1350915759476,-36.4024699118839,23.8539251013988));
#8782=CARTESIAN_POINT('',(-9.9432864376269,-33.5310258839516,25.770542115648));
#8783=CARTESIAN_POINT('',(-9.72549524523235,-33.5310258839516,25.8732732767995));
#8784=CARTESIAN_POINT('',(-11.3581561607893,-32.1161561607892,25.770542115648));
#8785=CARTESIAN_POINT('',(-11.8232688523962,-37.3454157879758,23.0845313825838));
#8786=CARTESIAN_POINT('Origin',(0.392399931212049,-44.4961259527396,30.9331108768952));
#8787=CARTESIAN_POINT('',(-23.1305258839516,-20.3211346423488,30.625534410028));
#8788=CARTESIAN_POINT('',(-21.0302943228636,-19.4519084772629,29.2248540755933));
#8789=CARTESIAN_POINT('',(-23.1305258839516,-20.3437864376269,30.6362191636468));
#8790=CARTESIAN_POINT('',(-23.1305258839516,-7.55832305435162,24.605371521083));
#8791=CARTESIAN_POINT('',(-9.9432864376269,-33.5310258839516,30.6362191636468));
#8792=CARTESIAN_POINT('',(-11.3581561607892,-32.1161561607893,30.6362191636468));
#8793=CARTESIAN_POINT('',(-0.0322576206639808,-33.5310258839516,25.9612298430133));
#8794=CARTESIAN_POINT('Origin',(0.392399931212049,-44.4961259527396,2.72973023724778));
#8795=CARTESIAN_POINT('',(-9.94284379063082,-33.5310258839516,2.4326297293306));
#8796=CARTESIAN_POINT('',(-8.42977077492095,-29.8868970977269,2.06076976467701E-18));
#8797=CARTESIAN_POINT('',(-11.1356049874101,-36.4037064268901,4.35028097097663));
#8798=CARTESIAN_POINT('',(-7.93620246533603,-30.3804654073118,0.));
#8799=CARTESIAN_POINT('',(-23.1305258839516,-20.3437864376269,2.43283852399943));
#8800=CARTESIAN_POINT('',(-23.1305258839516,-12.999405749792,-1.03147400262047));
#8801=CARTESIAN_POINT('',(-9.9432864376269,-33.5310258839516,2.43283852399941));
#8802=CARTESIAN_POINT('',(-11.3581561607892,-32.1161561607893,2.43283852399942));
#8803=CARTESIAN_POINT('',(-5.47334031610441,-33.5310258839516,0.324384319309834));
#8804=CARTESIAN_POINT('Origin',(42.4856303994778,-2.40289548447381,40.3164448418812));
#8805=CARTESIAN_POINT('',(5.1272650694575,21.9041217784095,34.155849723829));
#8806=CARTESIAN_POINT('',(41.604630926534,-3.28389495741758,39.4847328954823));
#8807=CARTESIAN_POINT('Origin',(44.4959349784069,-0.392590905544686,36.7551828851521));
#8808=CARTESIAN_POINT('',(33.802419102765,9.67189321881344,37.0521031661758));
#8809=CARTESIAN_POINT('Origin',(42.4856303994935,-2.40289548445804,6.47238807431913));
#8810=CARTESIAN_POINT('',(23.1305258839516,20.3437864376269,8.0733058572601));
#8811=CARTESIAN_POINT('',(17.7717472053884,18.1241076312103,4.49606556442161));
#8812=CARTESIAN_POINT('',(33.802419102765,9.67189321881345,8.07330585726011));
#8813=CARTESIAN_POINT('',(41.6046309265084,-3.28389495744314,5.64067612792951));
#8814=CARTESIAN_POINT('Origin',(44.4959349784069,-0.392590905544691,2.91112611757514));
#8815=CARTESIAN_POINT('',(5.20563182639976,22.0933158676876,10.8432632235925));
#8816=CARTESIAN_POINT('',(33.802419102765,9.67189321881344,3.20804639859891));
#8817=CARTESIAN_POINT('Origin',(42.4856303994935,-2.40289548445804,23.3944164581076));
#8818=CARTESIAN_POINT('',(23.1305258839516,20.3437864376269,24.9953342410486));
#8819=CARTESIAN_POINT('',(17.7717472053882,18.1241076312101,21.41809394821));
#8820=CARTESIAN_POINT('',(33.802419102765,9.67189321881345,24.9953342410486));
#8821=CARTESIAN_POINT('',(41.6046309265085,-3.28389495744314,22.562704511718));
#8822=CARTESIAN_POINT('Origin',(44.4959349784069,-0.392590905544699,19.8331545013636));
#8823=CARTESIAN_POINT('',(5.20563182639988,22.0933158676875,27.765291607381));
#8824=CARTESIAN_POINT('',(33.802419102765,9.67189321881344,20.1300747823874));
#8825=CARTESIAN_POINT('Origin',(42.4856303994935,-2.40289548445804,17.7537403301781));
#8826=CARTESIAN_POINT('',(23.1305258839516,20.3437864376269,19.3546581131191));
#8827=CARTESIAN_POINT('',(17.7717472053884,18.1241076312103,15.7774178202806));
#8828=CARTESIAN_POINT('',(33.802419102765,9.67189321881345,19.3546581131191));
#8829=CARTESIAN_POINT('',(41.6046309265084,-3.28389495744313,16.9220283837885));
#8830=CARTESIAN_POINT('Origin',(44.4959349784069,-0.392590905544694,14.1924783734341));
#8831=CARTESIAN_POINT('',(5.20563182640002,22.0933158676873,22.1246154794515));
#8832=CARTESIAN_POINT('',(33.802419102765,9.67189321881345,14.4893986544579));
#8833=CARTESIAN_POINT('Origin',(2.40411872368777,-42.4844071602638,33.0121645942939));
#8834=CARTESIAN_POINT('',(-19.5013476479067,-18.8153202247412,33.8440567675769));
#8835=CARTESIAN_POINT('',(3.28592900565187,-41.6025968782997,33.8440567675769));
#8836=CARTESIAN_POINT('',(-9.94284379063084,-33.5310258839516,31.4114270382463));
#8837=CARTESIAN_POINT('',(-11.1350915759476,-36.4024699118839,29.4946012293282));
#8838=CARTESIAN_POINT('',(-9.9432864376269,-33.5310258839516,31.4112182435775));
#8839=CARTESIAN_POINT('',(-10.8137117843205,-33.5310258839516,31.0006423815402));
#8840=CARTESIAN_POINT('',(-11.3581561607893,-32.1161561607892,31.4112182435775));
#8841=CARTESIAN_POINT('',(-11.8246127379699,-37.3459724895299,28.7243110118057));
#8842=CARTESIAN_POINT('Origin',(0.392399931212049,-44.4961259527396,36.5737870048247));
#8843=CARTESIAN_POINT('',(-23.1305258839516,-20.3173339735949,36.2644177789852));
#8844=CARTESIAN_POINT('',(-21.0316375828429,-19.4486637456457,34.8646332875956));
#8845=CARTESIAN_POINT('',(-23.1305258839516,-20.3437864376269,36.2768952915763));
#8846=CARTESIAN_POINT('',(-23.1305258839516,-6.47010651526353,29.7327406258237));
#8847=CARTESIAN_POINT('',(-9.9432864376269,-33.5310258839516,36.2768952915763));
#8848=CARTESIAN_POINT('',(-11.3581561607892,-32.1161561607893,36.2768952915763));
#8849=CARTESIAN_POINT('',(1.05595891842411,-33.5310258839516,31.088598947754));
#8850=CARTESIAN_POINT('Origin',(2.40411872368777,-42.4844071602638,4.80878395464643));
#8851=CARTESIAN_POINT('',(-19.4879070045196,-18.8287608681283,5.64067612792946));
#8852=CARTESIAN_POINT('',(3.28592900565188,-41.6025968782997,5.64067612792946));
#8853=CARTESIAN_POINT('',(-9.9428437906308,-33.5310258839516,3.2080463985989));
#8854=CARTESIAN_POINT('',(-11.1350915759476,-36.4024699118839,1.29122058968082));
#8855=CARTESIAN_POINT('',(-9.9432864376269,-33.5310258839516,3.20783760393007));
#8856=CARTESIAN_POINT('',(-5.37262908888002,-33.5310258839516,5.36379685783672));
#8857=CARTESIAN_POINT('',(-11.3581561607892,-32.1161561607893,3.20783760393007));
#8858=CARTESIAN_POINT('',(-11.8178933101017,-37.3431889817594,0.525412865696177));
#8859=CARTESIAN_POINT('Origin',(0.392399931212045,-44.4961259527396,8.37040636517724));
#8860=CARTESIAN_POINT('',(-23.1305258839516,-20.3363373173643,8.07000093419897));
#8861=CARTESIAN_POINT('',(-21.0249212829474,-19.4648874037319,6.66573722758463));
#8862=CARTESIAN_POINT('',(-23.1305258839516,-20.3437864376269,8.07351465192889));
#8863=CARTESIAN_POINT('',(-23.1305258839516,-11.911189210704,4.09589510212022));
#8864=CARTESIAN_POINT('',(-9.9432864376269,-33.5310258839516,8.07351465192887));
#8865=CARTESIAN_POINT('',(-11.3581561607892,-32.1161561607893,8.07351465192887));
#8866=CARTESIAN_POINT('',(-4.38512377701633,-33.5310258839516,5.45175342405052));
#8867=CARTESIAN_POINT('Origin',(-24.1305258839516,-33.975818500866,8.55180224550458));
#8868=CARTESIAN_POINT('',(-17.2440129419758,-33.5310258839516,8.84872252652835));
#8869=CARTESIAN_POINT('Origin',(-23.1305258839516,20.758,0.));
#8870=CARTESIAN_POINT('',(-23.1305258839516,-6.88651294197581,13.7088843031563));
#8871=CARTESIAN_POINT('',(-23.1305258839516,-20.3437864376269,0.));
#8872=CARTESIAN_POINT('Origin',(-20.732318500866,-34.5310258839516,10.446054791525));
#8873=CARTESIAN_POINT('',(-19.4858082651626,-34.5310258839516,11.2781598117289));
#8874=CARTESIAN_POINT('',(-23.1305258839516,-20.3437864376269,8.84513700858393));
#8875=CARTESIAN_POINT('',(-20.8481191645942,-22.6261931569843,10.3687523267146));
#8876=CARTESIAN_POINT('',(-23.1305258839516,-6.8865129419758,8.84513700858393));
#8877=CARTESIAN_POINT('Origin',(-24.1305258839516,-33.975818500866,36.755182885152));
#8878=CARTESIAN_POINT('',(-17.2440129419758,-33.5310258839516,37.0521031661758));
#8879=CARTESIAN_POINT('Origin',(20.732318500866,-34.5310258839516,34.6757687139665));
#8880=CARTESIAN_POINT('',(23.1305258839516,-27.6445129419758,36.2766864969075));
#8881=CARTESIAN_POINT('Origin',(20.732318500866,-34.5310258839516,29.0350925860371));
#8882=CARTESIAN_POINT('',(23.1305258839516,-27.6445129419758,30.636010368978));
#8883=CARTESIAN_POINT('Origin',(20.732318500866,-34.5310258839516,12.1130642022486));
#8884=CARTESIAN_POINT('',(23.1305258839516,-27.6445129419758,13.7139819851896));
#8885=CARTESIAN_POINT('Origin',(-24.1305258839516,33.975818500866,14.0109022662134));
#8886=CARTESIAN_POINT('Origin',(-24.1305258839516,-33.975818500866,14.1924783734341));
#8887=CARTESIAN_POINT('',(-17.2440129419758,-33.5310258839516,14.4893986544578));
#8888=CARTESIAN_POINT('Origin',(-23.1305258839516,20.758,0.));
#8889=CARTESIAN_POINT('',(-23.1305258839516,-6.88651294197581,19.3477676721136));
#8890=CARTESIAN_POINT('',(-23.1305258839516,-20.3437864376269,0.));
#8891=CARTESIAN_POINT('Origin',(-24.1305258839516,-33.975818500866,19.8331545013636));
#8892=CARTESIAN_POINT('',(-17.2440129419758,-33.5310258839516,20.1300747823874));
#8893=CARTESIAN_POINT('Origin',(-23.1305258839516,20.758,0.));
#8894=CARTESIAN_POINT('',(-23.1305258839516,-6.88651294197581,24.9866510410708));
#8895=CARTESIAN_POINT('',(-23.1305258839516,-20.3437864376269,0.));
#8896=CARTESIAN_POINT('Origin',(-24.1305258839516,-33.975818500866,25.4738306292931));
#8897=CARTESIAN_POINT('',(-17.2440129419758,-33.5310258839516,25.7707509103168));
#8898=CARTESIAN_POINT('Origin',(-23.1305258839516,20.758,0.));
#8899=CARTESIAN_POINT('',(-23.1305258839516,-6.88651294197581,30.625534410028));
#8900=CARTESIAN_POINT('',(-23.1305258839516,-20.3437864376269,0.));
#8901=CARTESIAN_POINT('Origin',(-23.1305258839516,20.758,0.));
#8902=CARTESIAN_POINT('',(-23.1305258839516,-20.3437864376269,0.));
#8903=CARTESIAN_POINT('Origin',(-24.1305258839516,33.5525214593374,41.9317119463896));
#8904=CARTESIAN_POINT('Origin',(20.732318500866,-34.5310258839516,6.47238807431913));
#8905=CARTESIAN_POINT('',(23.1305258839516,-27.6445129419758,8.0733058572601));
#8906=CARTESIAN_POINT('Origin',(20.732318500866,-34.5310258839516,23.3944164581076));
#8907=CARTESIAN_POINT('',(23.1305258839516,-27.6445129419758,24.9953342410486));
#8908=CARTESIAN_POINT('Origin',(20.732318500866,-34.5310258839516,17.7537403301781));
#8909=CARTESIAN_POINT('',(23.1305258839516,-27.6445129419758,19.3546581131191));
#8910=CARTESIAN_POINT('Origin',(23.423419102765,20.0508932188134,0.));
#8911=CARTESIAN_POINT('',(23.1305258839516,20.3437864376269,0.));
#8912=CARTESIAN_POINT('Origin',(23.423419102765,20.0508932188134,0.));
#8913=CARTESIAN_POINT('',(23.1305258839516,20.3437864376269,0.));
#8914=CARTESIAN_POINT('Origin',(23.423419102765,20.0508932188134,0.));
#8915=CARTESIAN_POINT('',(23.1305258839516,20.3437864376269,0.));
#8916=CARTESIAN_POINT('Origin',(23.423419102765,20.0508932188134,0.));
#8917=CARTESIAN_POINT('',(23.1305258839516,20.3437864376269,0.));
#8918=CARTESIAN_POINT('Origin',(23.423419102765,20.0508932188134,0.));
#8919=CARTESIAN_POINT('',(23.1305258839516,20.3437864376269,0.));
#8920=CARTESIAN_POINT('Origin',(23.423419102765,20.0508932188134,0.));
#8921=CARTESIAN_POINT('',(23.1305258839516,20.3437864376269,0.));
#8922=CARTESIAN_POINT('Origin',(23.423419102765,20.0508932188134,0.));
#8923=CARTESIAN_POINT('',(23.1305258839516,20.3437864376269,0.));
#8924=CARTESIAN_POINT('Origin',(-24.1305258839516,-33.975818500866,31.1145067572225));
#8925=CARTESIAN_POINT('',(-17.2440129419758,-33.5310258839516,31.4114270382463));
#8926=CARTESIAN_POINT('Origin',(-23.1305258839516,20.758,0.));
#8927=CARTESIAN_POINT('',(-23.1305258839516,-6.88651294197581,36.2644177789852));
#8928=CARTESIAN_POINT('',(-23.1305258839516,-20.3437864376269,37.0395538533702));
#8929=CARTESIAN_POINT('',(-23.1305258839516,-6.8865129419758,37.0395538533702));
#8930=CARTESIAN_POINT('',(-23.1305258839516,-20.3437864376269,0.));
#8931=CARTESIAN_POINT('Origin',(-24.1305258839516,-33.975818500866,2.91112611757513));
#8932=CARTESIAN_POINT('',(-17.2440129419758,-33.5310258839516,3.2080463985989));
#8933=CARTESIAN_POINT('Origin',(-23.4234191027651,-20.0508932188135,0.));
#8934=CARTESIAN_POINT('',(-9.9432864376269,-33.5310258839516,0.));
#8935=CARTESIAN_POINT('',(-23.1305258839516,-20.3437864376269,0.));
#8936=CARTESIAN_POINT('Origin',(-23.4234191027651,-20.0508932188135,0.));
#8937=CARTESIAN_POINT('',(-9.9432864376269,-33.5310258839516,0.));
#8938=CARTESIAN_POINT('Origin',(-23.4234191027651,-20.0508932188135,0.));
#8939=CARTESIAN_POINT('',(-9.9432864376269,-33.5310258839516,0.));
#8940=CARTESIAN_POINT('Origin',(-23.4234191027651,-20.0508932188135,0.));
#8941=CARTESIAN_POINT('',(-9.9432864376269,-33.5310258839516,0.));
#8942=CARTESIAN_POINT('Origin',(-23.4234191027651,-20.0508932188135,0.));
#8943=CARTESIAN_POINT('',(-9.9432864376269,-33.5310258839516,0.));
#8944=CARTESIAN_POINT('Origin',(-23.4234191027651,-20.0508932188135,0.));
#8945=CARTESIAN_POINT('',(-24.6960428701426,-18.7782694514359,35.9944966158828));
#8946=CARTESIAN_POINT('',(-9.9432864376269,-33.5310258839516,0.));
#8947=CARTESIAN_POINT('Origin',(-23.4234191027651,-20.0508932188135,0.));
#8948=CARTESIAN_POINT('',(-9.9432864376269,-33.5310258839516,0.));
#8949=CARTESIAN_POINT('Origin',(-23.1305258839516,20.758,0.));
#8950=CARTESIAN_POINT('',(-23.1305258839516,-6.88651294197581,8.07000093419897));
#8951=CARTESIAN_POINT('Origin',(-24.1305258839516,31.132818500866,27.3716686932578));
#8952=CARTESIAN_POINT('Origin',(-24.1305258839516,31.132818500866,4.80896418153987));
#8953=CARTESIAN_POINT('Origin',(-24.1305258839516,31.132818500866,33.0123448211873));
#8954=CARTESIAN_POINT('Origin',(-24.1305258839516,31.132818500866,21.7309925653284));
#8955=CARTESIAN_POINT('Origin',(-24.1305258839516,33.975818500866,2.72955001035437));
#8956=CARTESIAN_POINT('',(-12.0652629419758,29.8868970977269,0.));
#8957=CARTESIAN_POINT('Origin',(-24.1305258839516,-31.132818500866,0.831711946389621));
#8958=CARTESIAN_POINT('',(-12.0652629419758,-29.8868970977269,1.11022302462516E-15));
#8959=CARTESIAN_POINT('',(-17.2440129419758,-33.5310258839516,2.4326297293306));
#8960=CARTESIAN_POINT('Origin',(-24.1305258839516,31.132818500866,16.0903164373988));
#8961=CARTESIAN_POINT('Origin',(-10.3575,-33.5310258839516,0.));
#8962=CARTESIAN_POINT('Origin',(-10.3575,-33.5310258839516,0.));
#8963=CARTESIAN_POINT('',(9.9432864376269,-33.5310258839516,0.));
#8964=CARTESIAN_POINT('Origin',(-10.3575,-33.5310258839516,0.));
#8965=CARTESIAN_POINT('Origin',(-10.3575,-33.5310258839516,0.));
#8966=CARTESIAN_POINT('Origin',(-10.3575,-33.5310258839516,0.));
#8967=CARTESIAN_POINT('Origin',(-10.3575,-33.5310258839516,0.));
#8968=CARTESIAN_POINT('Origin',(-10.3575,-33.5310258839516,0.));
#8969=CARTESIAN_POINT('Origin',(9.65039321881345,-33.823919102765,0.));
#8970=CARTESIAN_POINT('',(23.1305258839516,-20.3437864376269,0.));
#8971=CARTESIAN_POINT('Origin',(-23.5756814565036,-34.5310258839516,14.0057661650376));
#8972=CARTESIAN_POINT('Origin',(-23.5756814565036,-34.5310258839516,36.5612996408665));
#8973=CARTESIAN_POINT('Origin',(-23.5756814565036,-34.5310258839516,30.9224162719093));
#8974=CARTESIAN_POINT('Origin',(-23.5756814565036,-34.5310258839516,8.36688279608024));
#8975=CARTESIAN_POINT('Origin',(-23.5756814565036,-34.5310258839516,19.6446495339948));
#8976=CARTESIAN_POINT('Origin',(-23.1734892062952,-34.5310258839516,41.9319541221305));
#8977=CARTESIAN_POINT('',(-19.4858082651626,-34.5310258839516,39.472576656515));
#8978=CARTESIAN_POINT('Origin',(-20.732318500866,-34.5310258839516,38.6404716363112));
#8979=CARTESIAN_POINT('Origin',(-23.5756814565036,-34.5310258839516,25.2835329029521));
#8980=CARTESIAN_POINT('Origin',(23.1305258839516,-20.758,0.));
#8981=CARTESIAN_POINT('Origin',(23.1305258839516,-20.758,0.));
#8982=CARTESIAN_POINT('Origin',(23.1305258839516,-20.758,0.));
#8983=CARTESIAN_POINT('Origin',(23.1305258839516,-20.758,0.));
#8984=CARTESIAN_POINT('Origin',(23.1305258839516,-20.758,0.));
#8985=CARTESIAN_POINT('Origin',(23.1305258839516,-20.758,0.));
#8986=CARTESIAN_POINT('Origin',(23.1305258839516,-20.758,0.));
#8987=CARTESIAN_POINT('Origin',(-2.01030457891331,-42.8782213050383,16.9220283837884));
#8988=CARTESIAN_POINT('',(9.17989084217332,-31.6880258839516,16.9220283837884));
#8989=CARTESIAN_POINT('',(10.3575,-34.5310258839516,18.8198664477532));
#8990=CARTESIAN_POINT('',(8.25236776154383,-29.4487870832821,15.427229709776));
#8991=CARTESIAN_POINT('',(21.2875258839515,-19.5803908421734,16.9220283837884));
#8992=CARTESIAN_POINT('',(-2.01030457891331,-42.8782213050383,16.9220283837884));
#8993=CARTESIAN_POINT('',(24.1305258839516,-20.758,18.8198664477532));
#8994=CARTESIAN_POINT('',(18.9826685470538,-18.6256876738952,15.3834262079274));
#8995=CARTESIAN_POINT('',(5.17875,-39.7097758839516,18.8198664477532));
#8996=CARTESIAN_POINT('Origin',(4.88498130835069E-14,-44.8885258839516,
15.0241903198237));
#8997=CARTESIAN_POINT('',(10.3575,-34.5310258839516,15.0241903198237));
#8998=CARTESIAN_POINT('',(9.30504080104238,-31.9901646119837,16.720336375819));
#8999=CARTESIAN_POINT('',(24.1305258839516,-20.758,15.0241903198237));
#9000=CARTESIAN_POINT('',(5.17875000000002,-39.7097758839516,15.0241903198237));
#9001=CARTESIAN_POINT('',(21.524046075755,-19.6783607133932,16.764139877668));
#9002=CARTESIAN_POINT('Origin',(4.44089209850063E-14,-44.8885258839516,
37.5868948315417));
#9003=CARTESIAN_POINT('',(24.1305258839516,-20.758,37.5868948315417));
#9004=CARTESIAN_POINT('',(5.17875000000003,-39.7097758839516,37.5868948315417));
#9005=CARTESIAN_POINT('',(21.2875258839516,-19.5803908421732,39.4847328955064));
#9006=CARTESIAN_POINT('',(21.5240460757547,-19.6783607133932,39.3268443893861));
#9007=CARTESIAN_POINT('',(-2.01030457891331,-42.8782213050383,39.4847328955064));
#9008=CARTESIAN_POINT('Origin',(-2.01030457891331,-42.8782213050383,39.4847328955064));
#9009=CARTESIAN_POINT('',(18.9826685470537,-18.6256876738951,37.9461307196453));
#9010=CARTESIAN_POINT('Origin',(-42.8782213050383,-2.01030457891343,16.9166501068719));
#9011=CARTESIAN_POINT('',(-21.2875258839515,19.5803908421734,16.9166501068719));
#9012=CARTESIAN_POINT('',(-24.1305258839516,20.758,15.0188120429071));
#9013=CARTESIAN_POINT('',(-18.2680509574628,18.3296833763765,18.932293599196));
#9014=CARTESIAN_POINT('',(-9.17183407402014,31.6960826521048,16.9166501068719));
#9015=CARTESIAN_POINT('',(-42.8782213050383,-2.01030457891343,16.9166501068719));
#9016=CARTESIAN_POINT('',(-10.3461060092086,34.5310258839516,15.0241903198237));
#9017=CARTESIAN_POINT('',(-7.43522616860127,27.5035402943173,19.7153720454557));
#9018=CARTESIAN_POINT('',(-10.3575000000001,34.5310258839516,15.0188120429071));
#9019=CARTESIAN_POINT('',(-17.7172625274599,34.5310258839516,11.544801782754));
#9020=CARTESIAN_POINT('',(-27.6230129419758,17.2655129419758,15.0188120429071));
#9021=CARTESIAN_POINT('Origin',(-44.8885258839516,-7.99360577730113E-14,
18.8126954118644));
#9022=CARTESIAN_POINT('',(-24.1305258839516,20.758,18.8126954118644));
#9023=CARTESIAN_POINT('',(-20.8076994741139,19.3816402356335,16.5966456708591));
#9024=CARTESIAN_POINT('',(-10.3682423575378,34.5202835264139,18.8126954118644));
#9025=CARTESIAN_POINT('',(-27.6230129419758,17.2655129419758,18.8126954118645));
#9026=CARTESIAN_POINT('',(-9.19129560627204,31.6880258839516,16.9220283837885));
#9027=CARTESIAN_POINT('',(-8.51416180469729,30.058540622688,15.8342692724639));
#9028=CARTESIAN_POINT('',(-34.9484823990566,21.0249558038585,24.040136113906));
#9029=CARTESIAN_POINT('Origin',(-42.8782213050383,-2.01030457891343,33.8333002137435));
#9030=CARTESIAN_POINT('',(-21.2875258839516,19.5803908421733,33.8333002137435));
#9031=CARTESIAN_POINT('',(-24.1305258839516,20.758,31.9354621497788));
#9032=CARTESIAN_POINT('',(-18.2680509574612,18.3296833763755,35.8489437060687));
#9033=CARTESIAN_POINT('',(-9.1637773058664,31.7041394202585,33.8333002137435));
#9034=CARTESIAN_POINT('',(-42.8782213050383,-2.01030457891343,33.8333002137435));
#9035=CARTESIAN_POINT('',(-10.334712018417,34.5310258839516,31.9462187036122));
#9036=CARTESIAN_POINT('',(-7.42550078912877,27.5075686783961,36.6347112907845));
#9037=CARTESIAN_POINT('',(-10.3575000000001,34.5310258839516,31.9354621497788));
#9038=CARTESIAN_POINT('',(-20.982334062278,34.5310258839516,26.9202483562552));
#9039=CARTESIAN_POINT('',(-27.6230129419758,17.2655129419758,31.9354621497788));
#9040=CARTESIAN_POINT('Origin',(-44.8885258839516,-7.99360577730113E-14,
35.7293455187361));
#9041=CARTESIAN_POINT('',(-24.1305258839516,20.758,35.7293455187361));
#9042=CARTESIAN_POINT('',(-20.8076994741142,19.3816402356339,33.513295777731));
#9043=CARTESIAN_POINT('',(-10.3762991256915,34.5122267582601,35.7293455187361));
#9044=CARTESIAN_POINT('',(-27.6230129419758,17.2655129419758,35.7293455187361));
#9045=CARTESIAN_POINT('',(-9.2027003703715,31.6880258839516,33.8440567675769));
#9046=CARTESIAN_POINT('',(-8.52388865670759,30.0545028195054,32.7536022300918));
#9047=CARTESIAN_POINT('',(-34.9501513396683,21.0289862816034,40.9594739616129));
#9048=CARTESIAN_POINT('Origin',(-42.8782213050383,-2.01030457891343,11.2777667379146));
#9049=CARTESIAN_POINT('',(-21.2875258839516,19.5803908421733,11.2777667379146));
#9050=CARTESIAN_POINT('',(-24.1305258839516,20.758,9.37992867394975));
#9051=CARTESIAN_POINT('',(-18.2680509574614,18.3296833763756,13.2934102302398));
#9052=CARTESIAN_POINT('',(-9.1745196634045,31.6933970627204,11.2777667379146));
#9053=CARTESIAN_POINT('',(-42.8782213050383,-2.01030457891343,11.2777667379146));
#9054=CARTESIAN_POINT('',(-10.349904006139,34.5310258839516,9.38351419189425));
#9055=CARTESIAN_POINT('',(-7.43846796175862,27.5021974996252,14.0755922970122));
#9056=CARTESIAN_POINT('',(-10.3575000000001,34.5310258839516,9.37992867394975));
#9057=CARTESIAN_POINT('',(-16.6289053491871,34.5310258839516,6.41965292492035));
#9058=CARTESIAN_POINT('',(-27.6230129419758,17.2655129419758,9.37992867394974));
#9059=CARTESIAN_POINT('Origin',(-44.8885258839516,-7.99360577730113E-14,
13.1738120429071));
#9060=CARTESIAN_POINT('',(-24.1305258839516,20.758,13.1738120429071));
#9061=CARTESIAN_POINT('',(-20.8076994741143,19.3816402356339,10.9577623019021));
#9062=CARTESIAN_POINT('',(-10.3655567681534,34.5229691157983,13.1738120429071));
#9063=CARTESIAN_POINT('',(-27.6230129419758,17.2655129419758,13.1738120429071));
#9064=CARTESIAN_POINT('',(-9.18749401823921,31.6880258839516,11.281352255859));
#9065=CARTESIAN_POINT('',(-8.51091952069403,30.0598865570817,10.194491619921));
#9066=CARTESIAN_POINT('',(-34.9479260855194,21.023612311277,18.400356831337));
#9067=CARTESIAN_POINT('Origin',(-42.8782213050383,-2.01030457891343,22.5555334758291));
#9068=CARTESIAN_POINT('',(-21.2875258839516,19.5803908421733,22.5555334758291));
#9069=CARTESIAN_POINT('',(-24.1305258839516,20.758,20.6576954118643));
#9070=CARTESIAN_POINT('',(-18.2680509574613,18.3296833763755,24.5711769681542));
#9071=CARTESIAN_POINT('',(-9.16914848463542,31.6987682414895,22.5555334758291));
#9072=CARTESIAN_POINT('',(-42.8782213050383,-2.01030457891343,22.5555334758291));
#9073=CARTESIAN_POINT('',(-10.3423080122781,34.5310258839516,20.6648664477532));
#9074=CARTESIAN_POINT('',(-7.43198437544384,27.5048830890117,25.3551517938977));
#9075=CARTESIAN_POINT('',(-10.3575000000001,34.5310258839516,20.6576954118643));
#9076=CARTESIAN_POINT('',(-18.8056197057326,34.5310258839516,16.6699506405879));
#9077=CARTESIAN_POINT('',(-27.6230129419758,17.2655129419758,20.6576954118643));
#9078=CARTESIAN_POINT('Origin',(-44.8885258839516,-7.99360577730113E-14,
24.4515787808216));
#9079=CARTESIAN_POINT('',(-24.1305258839516,20.758,24.4515787808216));
#9080=CARTESIAN_POINT('',(-20.8076994741141,19.3816402356338,22.2355290398165));
#9081=CARTESIAN_POINT('',(-10.3709279469224,34.5175979370292,24.4515787808216));
#9082=CARTESIAN_POINT('',(-27.6230129419758,17.2655129419758,24.4515787808216));
#9083=CARTESIAN_POINT('',(-9.1950971943054,31.6880258839516,22.562704511718));
#9084=CARTESIAN_POINT('',(-8.51740408870075,30.0571946882932,21.4740469250062));
#9085=CARTESIAN_POINT('',(-34.9490387125938,21.0262992964402,29.679915396475));
#9086=CARTESIAN_POINT('Origin',(-2.01030457891331,-42.8782213050383,22.5627045117179));
#9087=CARTESIAN_POINT('',(9.17989084217331,-31.6880258839516,22.5627045117179));
#9088=CARTESIAN_POINT('',(10.3575,-34.5310258839516,24.4605425756827));
#9089=CARTESIAN_POINT('',(8.25236776154416,-29.4487870832826,21.0679058377058));
#9090=CARTESIAN_POINT('',(21.2875258839515,-19.5803908421734,22.5627045117179));
#9091=CARTESIAN_POINT('',(-2.01030457891331,-42.8782213050383,22.5627045117179));
#9092=CARTESIAN_POINT('',(24.1305258839516,-20.758,24.4605425756827));
#9093=CARTESIAN_POINT('',(18.9826685470536,-18.6256876738952,21.0241023358568));
#9094=CARTESIAN_POINT('',(5.17875,-39.7097758839516,24.4605425756827));
#9095=CARTESIAN_POINT('Origin',(4.13558076672871E-14,-44.8885258839516,
20.6648664477532));
#9096=CARTESIAN_POINT('',(10.3575,-34.5310258839516,20.6648664477532));
#9097=CARTESIAN_POINT('',(9.30504080104232,-31.9901646119836,22.3610125037485));
#9098=CARTESIAN_POINT('',(24.1305258839516,-20.758,20.6648664477532));
#9099=CARTESIAN_POINT('',(5.17875000000002,-39.7097758839516,20.6648664477533));
#9100=CARTESIAN_POINT('',(21.5240460757554,-19.6783607133934,22.4048160055971));
#9101=CARTESIAN_POINT('Origin',(-2.01030457891331,-42.8782213050383,-3.29597460435593E-16));
#9102=CARTESIAN_POINT('',(9.17989084217331,-31.6880258839516,-3.29597460435593E-16));
#9103=CARTESIAN_POINT('',(10.3575,-34.5310258839516,1.89783806396475));
#9104=CARTESIAN_POINT('',(8.25236776154414,-29.4487870832826,-1.49479867401211));
#9105=CARTESIAN_POINT('',(21.2875258839516,-19.5803908421733,-3.29597460435593E-16));
#9106=CARTESIAN_POINT('',(9.21182689207457,-31.6560898340503,-1.11022302462516E-15));
#9107=CARTESIAN_POINT('',(24.1305258839516,-20.758,1.89783806396476));
#9108=CARTESIAN_POINT('',(18.9826685470539,-18.6256876738951,-1.538602175861));
#9109=CARTESIAN_POINT('',(5.17875000000001,-39.7097758839516,1.89783806396473));
#9110=CARTESIAN_POINT('Origin',(-2.01030457891331,-42.8782213050383,5.64067612792947));
#9111=CARTESIAN_POINT('',(9.17989084217328,-31.6880258839516,5.64067612792947));
#9112=CARTESIAN_POINT('',(10.3575,-34.5310258839516,7.5385141918942));
#9113=CARTESIAN_POINT('',(8.25236776154401,-29.4487870832824,4.14587745391724));
#9114=CARTESIAN_POINT('',(21.2875258839515,-19.5803908421733,5.64067612792947));
#9115=CARTESIAN_POINT('',(-2.01030457891331,-42.8782213050383,5.64067612792947));
#9116=CARTESIAN_POINT('',(24.1305258839516,-20.758,7.53851419189425));
#9117=CARTESIAN_POINT('',(18.9826685470539,-18.6256876738952,4.10207395206853));
#9118=CARTESIAN_POINT('',(5.17875000000001,-39.7097758839516,7.53851419189418));
#9119=CARTESIAN_POINT('Origin',(4.88498130835069E-14,-44.8885258839516,
3.74283806396475));
#9120=CARTESIAN_POINT('',(10.3575,-34.5310258839516,3.74283806396475));
#9121=CARTESIAN_POINT('',(9.30504080104222,-31.9901646119834,5.43898411996018));
#9122=CARTESIAN_POINT('',(24.1305258839516,-20.758,3.74283806396476));
#9123=CARTESIAN_POINT('',(5.17875000000002,-39.7097758839516,3.74283806396476));
#9124=CARTESIAN_POINT('',(21.5240460757551,-19.6783607133933,5.48278762180887));
#9125=CARTESIAN_POINT('Origin',(-2.01030457891331,-42.8782213050383,11.281352255859));
#9126=CARTESIAN_POINT('',(9.17989084217331,-31.6880258839516,11.281352255859));
#9127=CARTESIAN_POINT('',(10.3575,-34.5310258839516,13.1791903198237));
#9128=CARTESIAN_POINT('',(8.25236776154413,-29.4487870832826,9.78655358184684));
#9129=CARTESIAN_POINT('',(21.2875258839515,-19.5803908421733,11.281352255859));
#9130=CARTESIAN_POINT('',(-2.01030457891331,-42.8782213050383,11.281352255859));
#9131=CARTESIAN_POINT('',(24.1305258839516,-20.758,13.1791903198237));
#9132=CARTESIAN_POINT('',(18.9826685470539,-18.6256876738952,9.74275007999795));
#9133=CARTESIAN_POINT('',(5.17875,-39.7097758839516,13.1791903198237));
#9134=CARTESIAN_POINT('Origin',(4.88498130835069E-14,-44.8885258839516,
9.3835141918942));
#9135=CARTESIAN_POINT('',(10.3575,-34.5310258839516,9.3835141918942));
#9136=CARTESIAN_POINT('',(9.30504080104233,-31.9901646119836,11.0796602478895));
#9137=CARTESIAN_POINT('',(24.1305258839516,-20.758,9.38351419189425));
#9138=CARTESIAN_POINT('',(5.17875000000002,-39.7097758839516,9.38351419189421));
#9139=CARTESIAN_POINT('',(21.5240460757548,-19.6783607133932,11.1234637497386));
#9140=CARTESIAN_POINT('Origin',(-42.8782213050383,-2.01030457891343,5.63888336895725));
#9141=CARTESIAN_POINT('',(-21.2875258839516,19.5803908421733,5.63888336895725));
#9142=CARTESIAN_POINT('',(-24.1305258839516,20.758,3.74104530499249));
#9143=CARTESIAN_POINT('',(-18.2680509574613,18.3296833763755,7.6545268612824));
#9144=CARTESIAN_POINT('',(-9.17720525278883,31.6907114733361,5.63888336895725));
#9145=CARTESIAN_POINT('',(-42.8782213050383,-2.01030457891343,5.63888336895725));
#9146=CARTESIAN_POINT('',(-10.3537020030695,34.5310258839516,3.74283806396475));
#9147=CARTESIAN_POINT('',(-7.44170975491617,27.5008547049343,8.43581254856792));
#9148=CARTESIAN_POINT('',(-10.3575000000001,34.5310258839516,3.74104530499249));
#9149=CARTESIAN_POINT('',(-15.5405481709144,34.5310258839516,1.29450406708683));
#9150=CARTESIAN_POINT('',(-27.6230129419758,17.2655129419758,3.74104530499248));
#9151=CARTESIAN_POINT('Origin',(-44.8885258839516,-7.99360577730113E-14,
7.53492867394977));
#9152=CARTESIAN_POINT('',(-24.1305258839516,20.758,7.53492867394977));
#9153=CARTESIAN_POINT('',(-20.8076994741141,19.3816402356338,5.31887893294467));
#9154=CARTESIAN_POINT('',(-10.362871178769,34.5256547051826,7.53492867394977));
#9155=CARTESIAN_POINT('',(-27.6230129419758,17.2655129419758,7.53492867394978));
#9156=CARTESIAN_POINT('',(-9.18369243020639,31.6880258839516,5.64067612792949));
#9157=CARTESIAN_POINT('',(-8.50767723669088,30.0612324914757,4.55471396737829));
#9158=CARTESIAN_POINT('',(-34.9473697719822,21.0222688186955,12.760577548768));
#9159=CARTESIAN_POINT('Origin',(-42.8782213050383,-2.01030457891343,28.1944168447863));
#9160=CARTESIAN_POINT('',(-21.2875258839516,19.5803908421733,28.1944168447863));
#9161=CARTESIAN_POINT('',(-24.1305258839516,20.758,26.2965787808216));
#9162=CARTESIAN_POINT('',(-18.2680509574613,18.3296833763755,30.2100603371115));
#9163=CARTESIAN_POINT('',(-9.16646289525097,31.7014538308739,28.1944168447863));
#9164=CARTESIAN_POINT('',(-42.8782213050383,-2.01030457891343,28.1944168447863));
#9165=CARTESIAN_POINT('',(-10.3385100153476,34.5310258839516,26.3055425756827));
#9166=CARTESIAN_POINT('',(-7.42874258228627,27.5062258837032,30.9949315423415));
#9167=CARTESIAN_POINT('',(-10.3575,34.5310258839516,26.2965787808216));
#9168=CARTESIAN_POINT('',(-19.8939768840053,34.5310258839516,21.7950994984215));
#9169=CARTESIAN_POINT('',(-27.6230129419758,17.2655129419758,26.2965787808216));
#9170=CARTESIAN_POINT('Origin',(-44.8885258839516,-7.99360577730113E-14,
30.0904621497788));
#9171=CARTESIAN_POINT('',(-24.1305258839516,20.758,30.0904621497788));
#9172=CARTESIAN_POINT('',(-20.8076994741142,19.3816402356338,27.8744124087738));
#9173=CARTESIAN_POINT('',(-10.373613536307,34.5149123476447,30.0904621497788));
#9174=CARTESIAN_POINT('',(-27.6230129419758,17.2655129419758,30.0904621497788));
#9175=CARTESIAN_POINT('',(-9.19889878233837,31.6880258839516,28.2033806396474));
#9176=CARTESIAN_POINT('',(-8.5206463727042,30.0558487538997,27.1138245775492));
#9177=CARTESIAN_POINT('',(-34.949595026131,21.0276427890217,35.3196946790439));
#9178=CARTESIAN_POINT('Origin',(-42.8782213050383,-2.01030457891343,39.4721835827008));
#9179=CARTESIAN_POINT('',(-21.2875258839516,19.5803908421733,39.4721835827008));
#9180=CARTESIAN_POINT('',(-24.1305258839516,20.758,37.574345518736));
#9181=CARTESIAN_POINT('',(-18.2680509574613,18.3296833763755,41.487827075026));
#9182=CARTESIAN_POINT('',(-9.16109171648189,31.706825009643,39.4721835827008));
#9183=CARTESIAN_POINT('',(-42.8782213050383,-2.01030457891343,39.4721835827008));
#9184=CARTESIAN_POINT('',(-10.3309140214864,34.5310258839516,37.5868948315417));
#9185=CARTESIAN_POINT('',(-7.42225899597116,27.5089114730879,42.2744910392281));
#9186=CARTESIAN_POINT('',(-10.3575000000001,34.5310258839516,37.574345518736));
#9187=CARTESIAN_POINT('',(-22.0706912405507,34.5310258839516,32.0453972140887));
#9188=CARTESIAN_POINT('',(-27.6230129419758,17.2655129419758,37.574345518736));
#9189=CARTESIAN_POINT('Origin',(-44.6041330164886,-0.284392867463095,41.1));
#9190=CARTESIAN_POINT('',(-20.4481992310546,19.2327303592821,38.912422288441));
#9191=CARTESIAN_POINT('',(-9.20650195840457,31.6880258839516,39.4847328955064));
#9192=CARTESIAN_POINT('',(-8.37388931733664,29.6843893444571,38.1472099651501));
#9193=CARTESIAN_POINT('',(-34.8542203802119,21.0702739871165,46.5725885773733));
#9194=CARTESIAN_POINT('Origin',(-44.8885258839516,-7.99360577730113E-14,
1.89604530499251));
#9195=CARTESIAN_POINT('',(-24.1305258839516,20.758,1.89604530499251));
#9196=CARTESIAN_POINT('',(-21.2875258839516,19.5803908421733,0.));
#9197=CARTESIAN_POINT('',(-20.8076994741141,19.3816402356338,-0.320004436012582));
#9198=CARTESIAN_POINT('',(-10.3601855893845,34.5283402945671,1.89604530499251));
#9199=CARTESIAN_POINT('',(-27.6230129419758,17.2655129419758,1.89604530499252));
#9200=CARTESIAN_POINT('',(-9.17989084217333,31.6880258839516,0.));
#9201=CARTESIAN_POINT('',(-8.50443495268754,30.0625784258699,-1.08506368516433));
#9202=CARTESIAN_POINT('',(-31.6560898340504,9.21182689207449,0.));
#9203=CARTESIAN_POINT('Origin',(-2.01030457891331,-42.8782213050383,28.2033806396474));
#9204=CARTESIAN_POINT('',(9.17989084217333,-31.6880258839516,28.2033806396474));
#9205=CARTESIAN_POINT('',(10.3575,-34.5310258839516,30.1012187036122));
#9206=CARTESIAN_POINT('',(8.25236776154407,-29.4487870832825,26.7085819656353));
#9207=CARTESIAN_POINT('',(21.2875258839515,-19.5803908421733,28.2033806396474));
#9208=CARTESIAN_POINT('',(-2.01030457891331,-42.8782213050383,28.2033806396474));
#9209=CARTESIAN_POINT('',(24.1305258839516,-20.758,30.1012187036122));
#9210=CARTESIAN_POINT('',(18.9826685470536,-18.6256876738951,26.6647784637863));
#9211=CARTESIAN_POINT('',(5.17875,-39.7097758839516,30.1012187036122));
#9212=CARTESIAN_POINT('Origin',(4.44089209850063E-14,-44.8885258839516,
26.3055425756827));
#9213=CARTESIAN_POINT('',(10.3575,-34.5310258839516,26.3055425756827));
#9214=CARTESIAN_POINT('',(9.30504080104241,-31.9901646119838,28.0016886316779));
#9215=CARTESIAN_POINT('',(24.1305258839516,-20.758,26.3055425756827));
#9216=CARTESIAN_POINT('',(5.17875000000002,-39.7097758839516,26.3055425756827));
#9217=CARTESIAN_POINT('',(21.5240460757547,-19.6783607133931,28.0454921335271));
#9218=CARTESIAN_POINT('Origin',(-2.01030457891331,-42.8782213050383,33.8440567675769));
#9219=CARTESIAN_POINT('',(9.1798908421733,-31.6880258839516,33.8440567675769));
#9220=CARTESIAN_POINT('',(8.25236776154419,-29.4487870832826,32.3492580935648));
#9221=CARTESIAN_POINT('',(21.2875258839515,-19.5803908421733,33.8440567675769));
#9222=CARTESIAN_POINT('',(-2.01030457891331,-42.8782213050383,33.8440567675769));
#9223=CARTESIAN_POINT('',(24.1305258839516,-20.758,35.7418948315417));
#9224=CARTESIAN_POINT('',(18.982668547054,-18.6256876738952,32.305454591716));
#9225=CARTESIAN_POINT('',(5.17875,-39.7097758839516,35.7418948315417));
#9226=CARTESIAN_POINT('Origin',(4.44089209850063E-14,-44.8885258839516,
31.9462187036122));
#9227=CARTESIAN_POINT('',(10.3575,-34.5310258839516,31.9462187036122));
#9228=CARTESIAN_POINT('',(9.30504080104233,-31.9901646119836,33.6423647596075));
#9229=CARTESIAN_POINT('',(24.1305258839516,-20.758,31.9462187036122));
#9230=CARTESIAN_POINT('',(5.17875000000003,-39.7097758839516,31.9462187036122));
#9231=CARTESIAN_POINT('',(21.5240460757549,-19.6783607133932,33.6861682614565));
#9232=CARTESIAN_POINT('Origin',(-24.1305258839516,-31.6880258839516,16.9220283837884));
#9233=CARTESIAN_POINT('',(-10.3575,-34.5310258839516,18.8198664477532));
#9234=CARTESIAN_POINT('',(-17.2440129419758,-34.5310258839516,18.8198664477532));
#9235=CARTESIAN_POINT('',(-9.17706241504854,-31.6880258839516,16.9220283837884));
#9236=CARTESIAN_POINT('',(-11.3410760113375,-36.8998987798002,20.4012020616949));
#9237=CARTESIAN_POINT('',(-24.1305258839516,-31.6880258839516,16.9220283837884));
#9238=CARTESIAN_POINT('Origin',(24.1305258839516,-34.5310258839516,15.0241903198237));
#9239=CARTESIAN_POINT('',(24.1305258839516,20.758,15.0241903198237));
#9240=CARTESIAN_POINT('',(24.1305258839516,-27.6445129419758,15.0241903198237));
#9241=CARTESIAN_POINT('',(21.2875258839516,19.5803908421733,16.9220283837885));
#9242=CARTESIAN_POINT('',(20.8094284861622,19.3823564158736,17.2411811941322));
#9243=CARTESIAN_POINT('',(21.2875258839516,-34.5310258839516,16.9220283837885));
#9244=CARTESIAN_POINT('Origin',(21.2875258839516,-34.5310258839516,39.4847328955064));
#9245=CARTESIAN_POINT('',(21.2875258839516,19.5803908421732,39.4847328955064));
#9246=CARTESIAN_POINT('',(21.2875258839516,-34.5310258839516,39.4847328955064));
#9247=CARTESIAN_POINT('',(18.2680509592553,18.3296833773665,37.4690894043788));
#9248=CARTESIAN_POINT('Origin',(24.1305258839516,-34.5310258839516,37.5868948315417));
#9249=CARTESIAN_POINT('',(24.1305258839516,20.758,37.5868948315417));
#9250=CARTESIAN_POINT('',(24.1305258839516,-27.6445129419758,37.5868948315417));
#9251=CARTESIAN_POINT('',(20.8094284861617,19.3823564158733,39.8038857058505));
#9252=CARTESIAN_POINT('Origin',(-21.2875258839516,-34.5310258839516,16.9166501068718));
#9253=CARTESIAN_POINT('',(-24.1305258839516,-20.758,15.0188120429071));
#9254=CARTESIAN_POINT('',(-24.1305258839516,-6.8865129419758,15.0188120429071));
#9255=CARTESIAN_POINT('',(-24.1224691157983,-20.7660567681533,15.0241903198237));
#9256=CARTESIAN_POINT('',(-22.5241540047574,-22.3643718791942,16.0911418695751));
#9257=CARTESIAN_POINT('',(-21.2875258839516,-19.58896442131,16.9166501068718));
#9258=CARTESIAN_POINT('',(-18.9916749059834,-18.6357077263254,18.4492401086934));
#9259=CARTESIAN_POINT('',(-21.2875258839516,-34.5310258839516,16.9166501068718));
#9260=CARTESIAN_POINT('Origin',(-24.1305258839516,34.5310258839516,18.8198664477532));
#9261=CARTESIAN_POINT('',(-10.3575,34.5310258839516,18.8198664477532));
#9262=CARTESIAN_POINT('',(-15.7418575670982,29.1466683168534,15.2255510271287));
#9263=CARTESIAN_POINT('',(10.3575,34.5310258839516,18.8198664477532));
#9264=CARTESIAN_POINT('',(-6.88651294197582,34.5310258839516,18.8198664477532));
#9265=CARTESIAN_POINT('',(9.17989084217335,31.6880258839515,16.9220283837885));
#9266=CARTESIAN_POINT('',(5.41120757156474,22.5896196197605,10.8484083593082));
#9267=CARTESIAN_POINT('',(-24.1305258839516,31.6880258839516,16.9220283837885));
#9268=CARTESIAN_POINT('Origin',(10.3575,34.5310258839516,0.));
#9269=CARTESIAN_POINT('',(10.3575,34.5310258839516,15.0241903198237));
#9270=CARTESIAN_POINT('',(-6.88651294197581,34.5310258839516,15.0241903198237));
#9271=CARTESIAN_POINT('',(10.3575,34.5310258839516,13.1791903198237));
#9272=CARTESIAN_POINT('',(10.3575,34.5310258839516,0.));
#9273=CARTESIAN_POINT('',(-10.3575,34.5310258839516,13.1791903198237));
#9274=CARTESIAN_POINT('',(-6.88651294197582,34.5310258839516,13.1791903198237));
#9275=CARTESIAN_POINT('',(-10.3575,34.5310258839516,0.));
#9276=CARTESIAN_POINT('Origin',(-21.2875258839516,-34.5310258839516,33.8333002137435));
#9277=CARTESIAN_POINT('',(-24.1305258839516,-20.758,31.9354621497788));
#9278=CARTESIAN_POINT('',(-24.1305258839516,-6.8865129419758,31.9354621497788));
#9279=CARTESIAN_POINT('',(-24.1144123476448,-20.7741135363068,31.9462187036121));
#9280=CARTESIAN_POINT('',(-24.8329082280865,-20.0556176558652,31.4665884430761));
#9281=CARTESIAN_POINT('',(-21.2875258839516,-19.6003664275718,33.8333002137435));
#9282=CARTESIAN_POINT('',(-18.987639513595,-18.645434203623,35.3685840324057));
#9283=CARTESIAN_POINT('',(-21.2875258839516,-34.5310258839516,33.8333002137435));
#9284=CARTESIAN_POINT('Origin',(-24.1305258839516,34.5310258839516,35.7418948315417));
#9285=CARTESIAN_POINT('',(-10.3575,34.5310258839516,35.7418948315417));
#9286=CARTESIAN_POINT('',(-18.0513458080648,26.8371800758868,30.6058858857728));
#9287=CARTESIAN_POINT('',(10.3575,34.5310258839516,35.7418948315417));
#9288=CARTESIAN_POINT('',(-6.88651294197582,34.5310258839516,35.7418948315417));
#9289=CARTESIAN_POINT('',(9.17989084217325,31.6880258839516,33.8440567675769));
#9290=CARTESIAN_POINT('',(5.41120757156471,22.5896196197605,27.7704367430967));
#9291=CARTESIAN_POINT('',(-24.1305258839516,31.6880258839516,33.8440567675769));
#9292=CARTESIAN_POINT('Origin',(10.3575,34.5310258839516,0.));
#9293=CARTESIAN_POINT('',(10.3575,34.5310258839516,31.9462187036122));
#9294=CARTESIAN_POINT('',(-6.88651294197581,34.5310258839516,31.9462187036122));
#9295=CARTESIAN_POINT('',(10.3575,34.5310258839516,30.1012187036122));
#9296=CARTESIAN_POINT('',(10.3575,34.5310258839516,0.));
#9297=CARTESIAN_POINT('',(-10.3575,34.5310258839516,30.1012187036122));
#9298=CARTESIAN_POINT('',(-6.88651294197582,34.5310258839516,30.1012187036122));
#9299=CARTESIAN_POINT('',(-10.3575,34.5310258839516,0.));
#9300=CARTESIAN_POINT('Origin',(10.3575,34.5310258839516,0.));
#9301=CARTESIAN_POINT('',(10.3575,34.5310258839516,9.38351419189425));
#9302=CARTESIAN_POINT('',(-6.88651294197582,34.5310258839516,9.38351419189425));
#9303=CARTESIAN_POINT('',(10.3575,34.5310258839516,7.53851419189425));
#9304=CARTESIAN_POINT('',(10.3575,34.5310258839516,0.));
#9305=CARTESIAN_POINT('',(-10.3575,34.5310258839516,7.53851419189425));
#9306=CARTESIAN_POINT('',(-6.88651294197582,34.5310258839516,7.53851419189425));
#9307=CARTESIAN_POINT('',(-10.3575,34.5310258839516,0.));
#9308=CARTESIAN_POINT('Origin',(-24.1305258839516,31.6880258839516,11.281352255859));
#9309=CARTESIAN_POINT('',(9.17989084217329,31.6880258839516,11.281352255859));
#9310=CARTESIAN_POINT('',(-24.1305258839516,31.6880258839516,11.281352255859));
#9311=CARTESIAN_POINT('',(5.41120757156492,22.5896196197603,17.3549722803393));
#9312=CARTESIAN_POINT('Origin',(-21.2875258839516,-34.5310258839516,22.5555334758291));
#9313=CARTESIAN_POINT('',(-24.1305258839516,-20.758,20.6576954118644));
#9314=CARTESIAN_POINT('',(-24.1305258839516,-6.8865129419758,20.6576954118644));
#9315=CARTESIAN_POINT('',(-24.1197835264137,-20.7687423575379,20.6648664477532));
#9316=CARTESIAN_POINT('',(-23.2937387458671,-21.5947871380845,21.2162907274088));
#9317=CARTESIAN_POINT('',(-21.2875258839516,-19.5927650900639,22.5555334758291));
#9318=CARTESIAN_POINT('',(-18.9903297751876,-18.6389498854247,24.0890214165973));
#9319=CARTESIAN_POINT('',(-21.2875258839516,-34.5310258839516,22.5555334758291));
#9320=CARTESIAN_POINT('Origin',(-24.1305258839516,34.5310258839516,24.4605425756827));
#9321=CARTESIAN_POINT('',(-10.3575,34.5310258839516,24.4605425756827));
#9322=CARTESIAN_POINT('',(-16.5116869807537,28.3768389031979,20.3523293133434));
#9323=CARTESIAN_POINT('',(10.3575,34.5310258839516,24.4605425756827));
#9324=CARTESIAN_POINT('',(-6.88651294197582,34.5310258839516,24.4605425756827));
#9325=CARTESIAN_POINT('',(9.17989084217334,31.6880258839515,22.562704511718));
#9326=CARTESIAN_POINT('',(5.41120757156473,22.5896196197604,16.4890844872377));
#9327=CARTESIAN_POINT('',(-24.1305258839516,31.6880258839516,22.562704511718));
#9328=CARTESIAN_POINT('Origin',(10.3575,34.5310258839516,0.));
#9329=CARTESIAN_POINT('',(10.3575,34.5310258839516,20.6648664477532));
#9330=CARTESIAN_POINT('',(-6.88651294197581,34.5310258839516,20.6648664477532));
#9331=CARTESIAN_POINT('',(10.3575,34.5310258839516,0.));
#9332=CARTESIAN_POINT('',(-10.3575,34.5310258839516,0.));
#9333=CARTESIAN_POINT('Origin',(-24.1305258839516,-31.6880258839516,22.5627045117179));
#9334=CARTESIAN_POINT('',(-10.3575,-34.5310258839516,24.4605425756827));
#9335=CARTESIAN_POINT('',(-17.2440129419758,-34.5310258839516,24.4605425756827));
#9336=CARTESIAN_POINT('',(-9.17706241504854,-31.6880258839516,22.5627045117179));
#9337=CARTESIAN_POINT('',(-11.3410760113375,-36.8998987798003,26.0418781896243));
#9338=CARTESIAN_POINT('',(-24.1305258839516,-31.6880258839516,22.5627045117179));
#9339=CARTESIAN_POINT('Origin',(24.1305258839516,-34.5310258839516,20.6648664477532));
#9340=CARTESIAN_POINT('',(24.1305258839516,20.758,20.6648664477532));
#9341=CARTESIAN_POINT('',(24.1305258839516,-27.6445129419758,20.6648664477532));
#9342=CARTESIAN_POINT('',(21.2875258839516,19.5803908421733,22.562704511718));
#9343=CARTESIAN_POINT('',(20.8094284861624,19.3823564158738,22.8818573220616));
#9344=CARTESIAN_POINT('',(21.2875258839516,-34.5310258839516,22.562704511718));
#9345=CARTESIAN_POINT('Origin',(21.2875258839516,-34.5310258839516,3.05311331771918E-15));
#9346=CARTESIAN_POINT('',(21.2875258839516,19.5803908421733,2.35688938559628E-15));
#9347=CARTESIAN_POINT('',(21.2875258839516,-17.2655129419758,-5.55111512312578E-16));
#9348=CARTESIAN_POINT('',(24.1305258839516,20.758,1.89783806396476));
#9349=CARTESIAN_POINT('',(18.2680509574612,18.3296833763755,-2.01564349232525));
#9350=CARTESIAN_POINT('',(24.1305258839516,-27.6445129419758,1.89783806396476));
#9351=CARTESIAN_POINT('Origin',(24.1305258839516,-34.5310258839516,3.74283806396476));
#9352=CARTESIAN_POINT('',(24.1305258839516,20.758,3.74283806396476));
#9353=CARTESIAN_POINT('',(24.1305258839516,-27.6445129419758,3.74283806396476));
#9354=CARTESIAN_POINT('',(21.2875258839516,19.5803908421733,5.64067612792951));
#9355=CARTESIAN_POINT('',(20.8094284861622,19.3823564158736,5.95982893827323));
#9356=CARTESIAN_POINT('',(21.2875258839516,-34.5310258839516,5.64067612792951));
#9357=CARTESIAN_POINT('Origin',(-24.1305258839516,-31.6880258839516,5.64067612792947));
#9358=CARTESIAN_POINT('',(-10.3575,-34.5310258839516,7.5385141918942));
#9359=CARTESIAN_POINT('',(-17.2440129419758,-34.5310258839516,7.5385141918942));
#9360=CARTESIAN_POINT('',(-9.17706241504852,-31.6880258839516,5.64067612792947));
#9361=CARTESIAN_POINT('',(-11.3410760113375,-36.8998987798003,9.11984980583584));
#9362=CARTESIAN_POINT('',(-24.1305258839516,-31.6880258839516,5.64067612792947));
#9363=CARTESIAN_POINT('Origin',(-24.1305258839516,-31.6880258839516,11.281352255859));
#9364=CARTESIAN_POINT('',(-10.3575,-34.5310258839516,13.1791903198237));
#9365=CARTESIAN_POINT('',(-17.2440129419758,-34.5310258839516,13.1791903198237));
#9366=CARTESIAN_POINT('',(-9.17706241504854,-31.6880258839516,11.281352255859));
#9367=CARTESIAN_POINT('',(-11.3410760113375,-36.8998987798003,14.7605259337653));
#9368=CARTESIAN_POINT('',(-24.1305258839516,-31.6880258839516,11.281352255859));
#9369=CARTESIAN_POINT('Origin',(24.1305258839516,-34.5310258839516,9.38351419189425));
#9370=CARTESIAN_POINT('',(24.1305258839516,20.758,9.38351419189425));
#9371=CARTESIAN_POINT('',(24.1305258839516,-27.6445129419758,9.38351419189426));
#9372=CARTESIAN_POINT('',(21.2875258839516,19.5803908421733,11.281352255859));
#9373=CARTESIAN_POINT('',(20.8094284861622,19.3823564158736,11.6005050662027));
#9374=CARTESIAN_POINT('',(21.2875258839516,-34.5310258839516,11.281352255859));
#9375=CARTESIAN_POINT('Origin',(-21.2875258839516,-34.5310258839516,5.63888336895725));
#9376=CARTESIAN_POINT('',(-24.1305258839516,-20.758,3.7410453049925));
#9377=CARTESIAN_POINT('',(-24.1305258839516,-6.8865129419758,3.7410453049925));
#9378=CARTESIAN_POINT('',(-24.1278402945671,-20.7606855893845,3.74283806396475));
#9379=CARTESIAN_POINT('',(-20.9849845225381,-23.9035413614136,5.84084415390778));
#9380=CARTESIAN_POINT('',(-21.2875258839516,-19.5813630838024,5.63888336895725));
#9381=CARTESIAN_POINT('',(-18.9943651675758,-18.6292234081273,7.16967749288502));
#9382=CARTESIAN_POINT('',(-21.2875258839516,-34.5310258839516,5.63888336895725));
#9383=CARTESIAN_POINT('Origin',(-24.1305258839516,34.5310258839516,7.53851419189425));
#9384=CARTESIAN_POINT('',(-14.2021987397871,30.6863271441645,4.97199445469928));
#9385=CARTESIAN_POINT('',(9.1798908421733,31.6880258839516,5.64067612792951));
#9386=CARTESIAN_POINT('',(5.41120757156486,22.5896196197603,-0.432943896550811));
#9387=CARTESIAN_POINT('',(-24.1305258839516,31.6880258839516,5.64067612792949));
#9388=CARTESIAN_POINT('Origin',(10.3575,34.5310258839516,0.));
#9389=CARTESIAN_POINT('',(10.3575,34.5310258839516,3.74283806396475));
#9390=CARTESIAN_POINT('',(-6.88651294197582,34.5310258839516,3.74283806396475));
#9391=CARTESIAN_POINT('',(10.3575,34.5310258839516,1.89783806396475));
#9392=CARTESIAN_POINT('',(10.3575,34.5310258839516,0.));
#9393=CARTESIAN_POINT('',(-10.3575,34.5310258839516,1.89783806396475));
#9394=CARTESIAN_POINT('',(-6.88651294197582,34.5310258839516,1.89783806396475));
#9395=CARTESIAN_POINT('',(-10.3575,34.5310258839516,0.));
#9396=CARTESIAN_POINT('Origin',(-21.2875258839516,-34.5310258839516,28.1944168447863));
#9397=CARTESIAN_POINT('',(-24.1305258839516,-20.758,26.2965787808216));
#9398=CARTESIAN_POINT('',(-24.1305258839516,-6.8865129419758,26.2965787808216));
#9399=CARTESIAN_POINT('',(-24.1170979370293,-20.7714279469223,26.3055425756827));
#9400=CARTESIAN_POINT('',(-24.0633234869768,-20.8252023969748,26.3414395852424));
#9401=CARTESIAN_POINT('',(-21.2875258839516,-19.5965657588178,28.1944168447863));
#9402=CARTESIAN_POINT('',(-18.9889846443914,-18.6421920445238,29.7288027245014));
#9403=CARTESIAN_POINT('',(-21.2875258839516,-34.5310258839516,28.1944168447863));
#9404=CARTESIAN_POINT('Origin',(-24.1305258839516,34.5310258839516,30.1012187036122));
#9405=CARTESIAN_POINT('',(-17.2815163944092,27.6070094895424,25.4791075995581));
#9406=CARTESIAN_POINT('',(9.17989084217331,31.6880258839516,28.2033806396475));
#9407=CARTESIAN_POINT('',(5.41120757156466,22.5896196197605,22.1297606151672));
#9408=CARTESIAN_POINT('',(-24.1305258839516,31.6880258839516,28.2033806396474));
#9409=CARTESIAN_POINT('Origin',(10.3575,34.5310258839516,0.));
#9410=CARTESIAN_POINT('',(10.3575,34.5310258839516,26.3055425756827));
#9411=CARTESIAN_POINT('',(-6.88651294197581,34.5310258839516,26.3055425756827));
#9412=CARTESIAN_POINT('',(10.3575,34.5310258839516,0.));
#9413=CARTESIAN_POINT('',(-10.3575,34.5310258839516,0.));
#9414=CARTESIAN_POINT('Origin',(10.3575,34.5310258839516,0.));
#9415=CARTESIAN_POINT('',(10.3575,34.5310258839516,37.5868948315417));
#9416=CARTESIAN_POINT('',(-6.88651294197581,34.5310258839516,37.5868948315417));
#9417=CARTESIAN_POINT('',(10.3575,34.5310258839516,0.));
#9418=CARTESIAN_POINT('',(-10.3575,34.5310258839516,0.));
#9419=CARTESIAN_POINT('Origin',(-24.1305258839516,31.6880258839516,39.4847328955064));
#9420=CARTESIAN_POINT('',(9.17989084217323,31.6880258839516,39.4847328955064));
#9421=CARTESIAN_POINT('',(-24.1305258839516,31.6880258839516,39.4847328955064));
#9422=CARTESIAN_POINT('',(5.41120757156469,22.5896196197604,45.5583529199867));
#9423=CARTESIAN_POINT('Origin',(-24.1305258839516,-34.5310258839516,1.8960453049925));
#9424=CARTESIAN_POINT('',(-21.2875258839516,-19.5775624150485,-1.19383494828133E-16));
#9425=CARTESIAN_POINT('',(-21.2875258839516,-17.2655129419758,-5.55111512312578E-16));
#9426=CARTESIAN_POINT('',(-24.1305258839516,-20.7541993312461,1.8960453049925));
#9427=CARTESIAN_POINT('',(-21.5195649891877,-19.6735968073181,0.154750846309397));
#9428=CARTESIAN_POINT('',(-24.1305258839516,-6.8865129419758,1.8960453049925));
#9429=CARTESIAN_POINT('Origin',(-10.3575,34.5310258839516,0.));
#9430=CARTESIAN_POINT('',(-13.4323693261316,31.45615655782,-0.154783831515435));
#9431=CARTESIAN_POINT('',(-24.1305258839516,20.758,0.));
#9432=CARTESIAN_POINT('Origin',(-10.3575,34.5310258839516,0.));
#9433=CARTESIAN_POINT('',(-24.1305258839516,20.758,0.));
#9434=CARTESIAN_POINT('Origin',(-10.3575,34.5310258839516,0.));
#9435=CARTESIAN_POINT('',(-24.1305258839516,20.758,0.));
#9436=CARTESIAN_POINT('Origin',(-10.3575,34.5310258839516,0.));
#9437=CARTESIAN_POINT('',(-24.1305258839516,20.758,0.));
#9438=CARTESIAN_POINT('Origin',(-10.3575,34.5310258839516,0.));
#9439=CARTESIAN_POINT('',(-14.9720281534426,29.916497730509,10.098772740914));
#9440=CARTESIAN_POINT('',(-24.1305258839516,20.758,0.));
#9441=CARTESIAN_POINT('Origin',(-10.3575,34.5310258839516,0.));
#9442=CARTESIAN_POINT('',(-24.1305258839516,20.758,0.));
#9443=CARTESIAN_POINT('Origin',(-10.3575,34.5310258839516,0.));
#9444=CARTESIAN_POINT('',(-24.1305258839516,20.758,0.));
#9445=CARTESIAN_POINT('Origin',(-1.33226762955019E-14,0.,0.));
#9446=CARTESIAN_POINT('',(-9.17706241504854,-31.6880258839516,-1.19383494828133E-16));
#9447=CARTESIAN_POINT('',(-12.0652629419758,-31.6880258839516,0.));
#9448=CARTESIAN_POINT('',(-9.21041267851217,-31.654675620488,0.));
#9449=CARTESIAN_POINT('',(9.17989084217328,31.6880258839516,2.35688938559628E-15));
#9450=CARTESIAN_POINT('',(-12.0652629419758,31.6880258839516,0.));
#9451=CARTESIAN_POINT('',(31.6560898340503,9.21182689207454,1.11022302462516E-15));
#9452=CARTESIAN_POINT('Origin',(24.1305258839516,-34.5310258839516,26.3055425756827));
#9453=CARTESIAN_POINT('',(24.1305258839516,20.758,26.3055425756827));
#9454=CARTESIAN_POINT('',(24.1305258839516,-27.6445129419758,26.3055425756827));
#9455=CARTESIAN_POINT('',(21.2875258839516,19.5803908421733,28.2033806396475));
#9456=CARTESIAN_POINT('',(20.8094284861622,19.3823564158736,28.5225334499912));
#9457=CARTESIAN_POINT('',(21.2875258839516,-34.5310258839516,28.2033806396475));
#9458=CARTESIAN_POINT('Origin',(-24.1305258839516,-31.6880258839516,28.2033806396474));
#9459=CARTESIAN_POINT('',(-10.3575,-34.5310258839516,30.1012187036122));
#9460=CARTESIAN_POINT('',(-17.2440129419758,-34.5310258839516,30.1012187036122));
#9461=CARTESIAN_POINT('',(-9.17706241504854,-31.6880258839516,28.2033806396474));
#9462=CARTESIAN_POINT('',(-11.3410760113375,-36.8998987798003,31.6825543175538));
#9463=CARTESIAN_POINT('',(-24.1305258839516,-31.6880258839516,28.2033806396474));
#9464=CARTESIAN_POINT('Origin',(24.1305258839516,-34.5310258839516,31.9462187036122));
#9465=CARTESIAN_POINT('',(24.1305258839516,20.758,31.9462187036122));
#9466=CARTESIAN_POINT('',(24.1305258839516,-27.6445129419758,31.9462187036122));
#9467=CARTESIAN_POINT('',(21.2875258839516,19.5803908421733,33.8440567675769));
#9468=CARTESIAN_POINT('',(20.8094284861622,19.3823564158736,34.1632095779207));
#9469=CARTESIAN_POINT('',(21.2875258839516,-34.5310258839516,33.8440567675769));
#9470=CARTESIAN_POINT('Origin',(-24.1305258839516,-31.6880258839516,33.8440567675769));
#9471=CARTESIAN_POINT('',(-9.17706241504854,-31.6880258839516,33.8440567675769));
#9472=CARTESIAN_POINT('',(-11.3410760113375,-36.8998987798003,37.3232304454833));
#9473=CARTESIAN_POINT('',(-24.1305258839516,-31.6880258839516,33.8440567675769));
#9474=CARTESIAN_POINT('Origin',(10.3575,-34.5310258839516,0.));
#9475=CARTESIAN_POINT('',(24.1305258839516,-20.758,0.));
#9476=CARTESIAN_POINT('',(10.3575,-34.5310258839516,0.));
#9477=CARTESIAN_POINT('Origin',(10.3575,-34.5310258839516,0.));
#9478=CARTESIAN_POINT('',(24.1305258839516,-20.758,0.));
#9479=CARTESIAN_POINT('',(10.3575,-34.5310258839516,0.));
#9480=CARTESIAN_POINT('Origin',(10.3575,-34.5310258839516,0.));
#9481=CARTESIAN_POINT('',(24.1305258839516,-20.758,0.));
#9482=CARTESIAN_POINT('',(10.3575,-34.5310258839516,0.));
#9483=CARTESIAN_POINT('Origin',(10.3575,-34.5310258839516,0.));
#9484=CARTESIAN_POINT('',(24.1305258839516,-20.758,0.));
#9485=CARTESIAN_POINT('',(10.3575,-34.5310258839516,0.));
#9486=CARTESIAN_POINT('Origin',(10.3575,-34.5310258839516,0.));
#9487=CARTESIAN_POINT('',(24.1305258839516,-20.758,0.));
#9488=CARTESIAN_POINT('',(10.3575,-34.5310258839516,0.));
#9489=CARTESIAN_POINT('Origin',(10.3575,-34.5310258839516,0.));
#9490=CARTESIAN_POINT('',(24.1305258839516,-20.758,0.));
#9491=CARTESIAN_POINT('Origin',(2.01171879247573,-42.8768070914759,11.281352255859));
#9492=CARTESIAN_POINT('',(-10.3575,-34.5310258839516,9.3835141918942));
#9493=CARTESIAN_POINT('',(-11.3405625998751,-36.898662264794,7.80300401068052));
#9494=CARTESIAN_POINT('',(-21.2929021413063,-19.5721861576938,11.281352255859));
#9495=CARTESIAN_POINT('',(2.01171879247573,-42.8768070914759,11.281352255859));
#9496=CARTESIAN_POINT('',(-21.2875258839516,-19.585163752556,11.2777667379146));
#9497=CARTESIAN_POINT('',(-13.6213674838515,-38.0902856807813,6.16507463737345));
#9498=CARTESIAN_POINT('',(-24.1251547051827,-20.7633711787689,9.3835141918942));
#9499=CARTESIAN_POINT('',(-18.9930200367805,-18.6324655672264,12.8094588007887));
#9500=CARTESIAN_POINT('',(-12.0652629419758,-32.8232629419758,9.3835141918942));
#9501=CARTESIAN_POINT('Origin',(6.10622663543836E-15,-44.8885258839516,
13.1791903198237));
#9502=CARTESIAN_POINT('',(-24.1305258839516,-20.758,13.1791903198237));
#9503=CARTESIAN_POINT('',(-12.0652629419758,-32.8232629419758,13.1791903198237));
#9504=CARTESIAN_POINT('',(-24.1305258839516,-20.7465979937386,13.1738120429071));
#9505=CARTESIAN_POINT('',(-24.1305258839516,-11.1047882063743,8.62581217125293));
#9506=CARTESIAN_POINT('',(-21.522251509146,-19.6671073440838,11.4343092703139));
#9507=CARTESIAN_POINT('Origin',(0.299526772156985,-44.5889991117946,41.1));
#9508=CARTESIAN_POINT('',(-21.3063427846936,-19.5587455143065,39.4847328955064));
#9509=CARTESIAN_POINT('',(-21.1598551227158,-19.4981184334586,39.3870377693255));
#9510=CARTESIAN_POINT('',(2.01171879247573,-42.8768070914759,39.4847328955064));
#9511=CARTESIAN_POINT('Origin',(2.01171879247573,-42.8768070914759,39.4847328955064));
#9512=CARTESIAN_POINT('',(-21.2875258839516,-19.6041670963257,39.4721835827008));
#9513=CARTESIAN_POINT('',(-13.5881313089835,-38.1895168826596,34.337325708922));
#9514=CARTESIAN_POINT('',(-24.1117267582602,-20.7767991256914,37.5868948315417));
#9515=CARTESIAN_POINT('',(-18.9862943827992,-18.6486763627223,41.0083653403096));
#9516=CARTESIAN_POINT('',(-12.0652629419758,-32.8232629419758,37.5868948315417));
#9517=CARTESIAN_POINT('Origin',(42.8782213050382,-2.01030457891336,33.8440567675769));
#9518=CARTESIAN_POINT('',(24.1305258839516,20.758,35.7418948315417));
#9519=CARTESIAN_POINT('',(18.2680509574605,18.329683376375,31.8284132752512));
#9520=CARTESIAN_POINT('',(42.8782213050382,-2.01030457891336,33.8440567675769));
#9521=CARTESIAN_POINT('',(34.5095258839516,10.379,35.7418948315417));
#9522=CARTESIAN_POINT('Origin',(44.8885258839516,-8.88178419700125E-15,
31.9462187036122));
#9523=CARTESIAN_POINT('',(34.5095258839516,10.379,31.9462187036122));
#9524=CARTESIAN_POINT('',(5.41120757156487,22.5896196197603,39.9176767920573));
#9525=CARTESIAN_POINT('Origin',(42.8782213050382,-2.01030457891336,28.2033806396475));
#9526=CARTESIAN_POINT('',(24.1305258839516,20.758,30.1012187036122));
#9527=CARTESIAN_POINT('',(18.2680509574611,18.3296833763754,26.1877371473222));
#9528=CARTESIAN_POINT('',(42.8782213050382,-2.01030457891336,28.2033806396475));
#9529=CARTESIAN_POINT('',(34.5095258839516,10.379,30.1012187036122));
#9530=CARTESIAN_POINT('Origin',(44.8885258839516,-8.88178419700125E-15,
26.3055425756827));
#9531=CARTESIAN_POINT('',(34.5095258839516,10.379,26.3055425756827));
#9532=CARTESIAN_POINT('',(5.41120757156493,22.5896196197602,34.2770006641278));
#9533=CARTESIAN_POINT('Origin',(42.8782213050382,-2.01030457891336,11.281352255859));
#9534=CARTESIAN_POINT('',(24.1305258839516,20.758,13.1791903198237));
#9535=CARTESIAN_POINT('',(18.2680509574612,18.3296833763755,9.26570876353374));
#9536=CARTESIAN_POINT('',(42.8782213050382,-2.01030457891336,11.281352255859));
#9537=CARTESIAN_POINT('',(5.41120757156486,22.5896196197603,5.20773223137867));
#9538=CARTESIAN_POINT('',(34.5095258839516,10.379,13.1791903198237));
#9539=CARTESIAN_POINT('Origin',(44.8885258839516,-7.49400541621981E-15,
9.38351419189425));
#9540=CARTESIAN_POINT('',(34.5095258839516,10.379,9.38351419189425));
#9541=CARTESIAN_POINT('Origin',(42.8782213050382,-2.01030457891336,2.35688938559628E-15));
#9542=CARTESIAN_POINT('',(5.41120757156498,22.5896196197603,-6.07362002448035));
#9543=CARTESIAN_POINT('',(34.5095258839516,10.379,1.89783806396476));
#9544=CARTESIAN_POINT('Origin',(2.01171879247573,-42.8768070914759,16.9220283837884));
#9545=CARTESIAN_POINT('',(-10.3575,-34.5310258839516,15.0241903198237));
#9546=CARTESIAN_POINT('',(-11.3405625998751,-36.898662264794,13.44368013861));
#9547=CARTESIAN_POINT('',(-21.2955902699837,-19.5694980290164,16.9220283837884));
#9548=CARTESIAN_POINT('',(2.01171879247573,-42.8768070914759,16.9220283837884));
#9549=CARTESIAN_POINT('',(-13.6227113694253,-38.0908423823354,11.8048542665953));
#9550=CARTESIAN_POINT('',(-12.0652629419758,-32.8232629419758,15.0241903198237));
#9551=CARTESIAN_POINT('Origin',(6.38378239159465E-15,-44.8885258839516,
18.8198664477532));
#9552=CARTESIAN_POINT('',(-24.1305258839516,-20.758,18.8198664477533));
#9553=CARTESIAN_POINT('',(-12.0652629419758,-32.8232629419758,18.8198664477532));
#9554=CARTESIAN_POINT('',(-24.1305258839516,-20.7427973249846,18.8126954118644));
#9555=CARTESIAN_POINT('',(-24.1305258839516,-10.0165716672862,13.7531812759935));
#9556=CARTESIAN_POINT('',(-21.5235947691248,-19.6638626124664,17.0740884823159));
#9557=CARTESIAN_POINT('Origin',(2.01171879247573,-42.8768070914759,22.5627045117179));
#9558=CARTESIAN_POINT('',(-10.3575,-34.5310258839516,20.6648664477532));
#9559=CARTESIAN_POINT('',(-11.3405625998751,-36.8986622647941,19.0843562665396));
#9560=CARTESIAN_POINT('',(-21.2982783986612,-19.5668099003389,22.5627045117179));
#9561=CARTESIAN_POINT('',(2.01171879247573,-42.8768070914759,22.5627045117179));
#9562=CARTESIAN_POINT('',(-13.6240552549991,-38.0913990838896,17.4446338958173));
#9563=CARTESIAN_POINT('',(-12.0652629419758,-32.8232629419758,20.6648664477532));
#9564=CARTESIAN_POINT('Origin',(6.10622663543836E-15,-44.8885258839516,
24.4605425756827));
#9565=CARTESIAN_POINT('',(-24.1305258839516,-20.758,24.4605425756827));
#9566=CARTESIAN_POINT('',(-12.0652629419758,-32.8232629419758,24.4605425756827));
#9567=CARTESIAN_POINT('',(-24.1305258839516,-20.7389966562307,24.4515787808216));
#9568=CARTESIAN_POINT('',(-24.1305258839516,-8.92835512819807,18.8805503807343));
#9569=CARTESIAN_POINT('',(-21.5249380291044,-19.6606178808493,22.7138676943184));
#9570=CARTESIAN_POINT('Origin',(2.01171879247573,-42.8768070914759,28.2033806396474));
#9571=CARTESIAN_POINT('',(-10.3575,-34.5310258839516,26.3055425756827));
#9572=CARTESIAN_POINT('',(-11.3405625998751,-36.898662264794,24.725032394469));
#9573=CARTESIAN_POINT('',(-21.3009665273386,-19.5641217716615,28.2033806396474));
#9574=CARTESIAN_POINT('',(2.01171879247573,-42.8768070914759,28.2033806396474));
#9575=CARTESIAN_POINT('',(-13.6253991405726,-38.0919557854437,23.0844135250392));
#9576=CARTESIAN_POINT('',(-12.0652629419758,-32.8232629419758,26.3055425756827));
#9577=CARTESIAN_POINT('Origin',(6.38378239159465E-15,-44.8885258839516,
30.1012187036122));
#9578=CARTESIAN_POINT('',(-24.1305258839516,-20.758,30.1012187036122));
#9579=CARTESIAN_POINT('',(-12.0652629419758,-32.8232629419758,30.1012187036122));
#9580=CARTESIAN_POINT('',(-24.1305258839516,-20.7351959874768,30.0904621497788));
#9581=CARTESIAN_POINT('',(-24.1305258839516,-7.84013858910999,24.007919485475));
#9582=CARTESIAN_POINT('',(-21.5262812890832,-19.657373149232,28.3536469063204));
#9583=CARTESIAN_POINT('Origin',(6.38378239159465E-15,-44.8885258839516,
1.89783806396475));
#9584=CARTESIAN_POINT('',(-10.3575,-34.5310258839516,1.89783806396475));
#9585=CARTESIAN_POINT('',(-11.3410760113375,-36.8998987798003,3.47917367790638));
#9586=CARTESIAN_POINT('',(-24.1305258839516,-20.758,1.89783806396475));
#9587=CARTESIAN_POINT('',(-12.0652629419758,-32.8232629419758,1.89783806396475));
#9588=CARTESIAN_POINT('',(-24.1305258839516,-13.2812212845504,-1.62892603822844));
#9589=CARTESIAN_POINT('Origin',(42.8782213050382,-2.01030457891336,39.4847328955064));
#9590=CARTESIAN_POINT('',(42.8782213050382,-2.01030457891336,39.4847328955064));
#9591=CARTESIAN_POINT('',(5.33284081463134,22.4004255304914,33.2848167950178));
#9592=CARTESIAN_POINT('Origin',(44.8885258839516,-8.88178419700125E-15,
37.5868948315417));
#9593=CARTESIAN_POINT('',(34.5095258839516,10.379,37.5868948315417));
#9594=CARTESIAN_POINT('Origin',(42.8782213050382,-2.01030457891336,5.64067612792951));
#9595=CARTESIAN_POINT('',(24.1305258839516,20.758,7.53851419189425));
#9596=CARTESIAN_POINT('',(18.2680509574611,18.3296833763754,3.62503263560425));
#9597=CARTESIAN_POINT('',(42.8782213050382,-2.01030457891336,5.64067612792951));
#9598=CARTESIAN_POINT('',(34.5095258839516,10.379,7.53851419189426));
#9599=CARTESIAN_POINT('Origin',(44.8885258839516,-8.88178419700125E-15,
3.74283806396476));
#9600=CARTESIAN_POINT('',(34.5095258839516,10.379,3.74283806396476));
#9601=CARTESIAN_POINT('',(5.41120757156494,22.5896196197603,11.7142961524098));
#9602=CARTESIAN_POINT('Origin',(42.8782213050382,-2.01030457891336,22.562704511718));
#9603=CARTESIAN_POINT('',(24.1305258839516,20.758,24.4605425756827));
#9604=CARTESIAN_POINT('',(18.268050957461,18.3296833763753,20.5470610193926));
#9605=CARTESIAN_POINT('',(42.8782213050382,-2.01030457891336,22.562704511718));
#9606=CARTESIAN_POINT('',(34.5095258839516,10.379,24.4605425756827));
#9607=CARTESIAN_POINT('Origin',(44.8885258839516,-1.33226762955019E-14,
20.6648664477532));
#9608=CARTESIAN_POINT('',(34.5095258839516,10.379,20.6648664477532));
#9609=CARTESIAN_POINT('',(5.41120757156505,22.5896196197602,28.6363245361984));
#9610=CARTESIAN_POINT('Origin',(42.8782213050382,-2.01030457891336,16.9220283837885));
#9611=CARTESIAN_POINT('',(24.1305258839516,20.758,18.8198664477532));
#9612=CARTESIAN_POINT('',(18.2680509574612,18.3296833763755,14.9063848914632));
#9613=CARTESIAN_POINT('',(42.8782213050382,-2.01030457891336,16.9220283837885));
#9614=CARTESIAN_POINT('',(34.5095258839516,10.379,18.8198664477532));
#9615=CARTESIAN_POINT('Origin',(44.8885258839516,-8.88178419700125E-15,
15.0241903198237));
#9616=CARTESIAN_POINT('',(34.5095258839516,10.379,15.0241903198237));
#9617=CARTESIAN_POINT('',(5.41120757156519,22.58961961976,22.9956484082689));
#9618=CARTESIAN_POINT('Origin',(2.01171879247573,-42.8768070914759,33.8440567675769));
#9619=CARTESIAN_POINT('',(-10.3575,-34.5310258839516,31.9462187036122));
#9620=CARTESIAN_POINT('',(-11.3405625998751,-36.898662264794,30.3657085223985));
#9621=CARTESIAN_POINT('',(-21.3036546560161,-19.561433642984,33.8440567675769));
#9622=CARTESIAN_POINT('',(2.01171879247573,-42.8768070914759,33.8440567675769));
#9623=CARTESIAN_POINT('',(-13.6267430261463,-38.0925124869978,28.724193154261));
#9624=CARTESIAN_POINT('',(-12.0652629419758,-32.8232629419758,31.9462187036122));
#9625=CARTESIAN_POINT('Origin',(6.38378239159465E-15,-44.8885258839516,
35.7418948315417));
#9626=CARTESIAN_POINT('',(-24.1305258839516,-20.758,35.7418948315417));
#9627=CARTESIAN_POINT('',(-12.0652629419758,-32.8232629419758,35.7418948315417));
#9628=CARTESIAN_POINT('',(-24.1305258839516,-20.7313953187229,35.729345518736));
#9629=CARTESIAN_POINT('',(-24.1305258839516,-6.7519220500219,29.1352885902157));
#9630=CARTESIAN_POINT('',(-21.5276245490626,-19.6541284176147,33.9934261183227));
#9631=CARTESIAN_POINT('Origin',(2.01171879247573,-42.8768070914759,5.64067612792947));
#9632=CARTESIAN_POINT('',(-10.3575,-34.5310258839516,3.74283806396475));
#9633=CARTESIAN_POINT('',(-11.3405625998751,-36.898662264794,2.16232788275107));
#9634=CARTESIAN_POINT('',(-21.290214012629,-19.5748742863711,5.64067612792947));
#9635=CARTESIAN_POINT('',(2.01171879247573,-42.8768070914759,5.64067612792947));
#9636=CARTESIAN_POINT('',(-13.6200235982781,-38.0897289792273,0.525295008151523));
#9637=CARTESIAN_POINT('',(-12.0652629419758,-32.8232629419758,3.74283806396474));
#9638=CARTESIAN_POINT('Origin',(4.44089209850063E-15,-44.8885258839516,
7.5385141918942));
#9639=CARTESIAN_POINT('',(-24.1305258839516,-20.758,7.53851419189422));
#9640=CARTESIAN_POINT('',(-12.0652629419758,-32.8232629419758,7.53851419189421));
#9641=CARTESIAN_POINT('',(-24.1305258839516,-20.7503986624923,7.53492867394976));
#9642=CARTESIAN_POINT('',(-24.1305258839516,-12.1930047454623,3.49844306651225));
#9643=CARTESIAN_POINT('',(-21.5209082491671,-19.6703520757009,5.79453005831175));
#9644=CARTESIAN_POINT('Origin',(-24.1305258839516,-34.5310258839516,9.3835141918942));
#9645=CARTESIAN_POINT('',(-17.2440129419758,-34.5310258839516,9.3835141918942));
#9646=CARTESIAN_POINT('Origin',(-24.1305258839516,20.758,0.));
#9647=CARTESIAN_POINT('',(-24.1305258839516,-20.758,0.));
#9648=CARTESIAN_POINT('',(-24.1305258839516,-6.88651294197581,13.1738120429071));
#9649=CARTESIAN_POINT('Origin',(-21.2875258839516,-34.5310258839516,11.2777667379146));
#9650=CARTESIAN_POINT('',(-24.1305258839516,-20.758,9.37992867394976));
#9651=CARTESIAN_POINT('',(-24.1305258839516,-6.8865129419758,9.37992867394976));
#9652=CARTESIAN_POINT('',(-21.7545692636478,-23.1339566203038,10.9659930117414));
#9653=CARTESIAN_POINT('',(-21.2875258839516,-34.5310258839516,11.2777667379146));
#9654=CARTESIAN_POINT('Origin',(-24.1305258839516,-31.6880258839516,39.4847328955064));
#9655=CARTESIAN_POINT('',(-24.1305258839516,-31.6880258839516,39.4847328955064));
#9656=CARTESIAN_POINT('Origin',(-24.1305258839516,-34.5310258839516,37.5868948315417));
#9657=CARTESIAN_POINT('Origin',(21.2875258839516,-34.5310258839516,33.8440567675769));
#9658=CARTESIAN_POINT('',(24.1305258839516,-27.6445129419758,35.7418948315417));
#9659=CARTESIAN_POINT('Origin',(21.2875258839516,-34.5310258839516,28.2033806396475));
#9660=CARTESIAN_POINT('',(24.1305258839516,-27.6445129419758,30.1012187036122));
#9661=CARTESIAN_POINT('Origin',(21.2875258839516,-34.5310258839516,11.281352255859));
#9662=CARTESIAN_POINT('',(24.1305258839516,-27.6445129419758,13.1791903198237));
#9663=CARTESIAN_POINT('Origin',(-24.1305258839516,34.5310258839516,13.1791903198237));
#9664=CARTESIAN_POINT('Origin',(-24.1305258839516,-34.5310258839516,15.0241903198237));
#9665=CARTESIAN_POINT('',(-17.2440129419758,-34.5310258839516,15.0241903198237));
#9666=CARTESIAN_POINT('Origin',(-24.1305258839516,20.758,0.));
#9667=CARTESIAN_POINT('',(-24.1305258839516,-20.758,0.));
#9668=CARTESIAN_POINT('',(-24.1305258839516,-6.88651294197581,18.8126954118644));
#9669=CARTESIAN_POINT('Origin',(-24.1305258839516,-34.5310258839516,20.6648664477532));
#9670=CARTESIAN_POINT('',(-17.2440129419758,-34.5310258839516,20.6648664477532));
#9671=CARTESIAN_POINT('Origin',(-24.1305258839516,20.758,0.));
#9672=CARTESIAN_POINT('',(-24.1305258839516,-20.758,0.));
#9673=CARTESIAN_POINT('',(-24.1305258839516,-6.88651294197581,24.4515787808216));
#9674=CARTESIAN_POINT('Origin',(-24.1305258839516,-34.5310258839516,26.3055425756827));
#9675=CARTESIAN_POINT('',(-17.2440129419758,-34.5310258839516,26.3055425756827));
#9676=CARTESIAN_POINT('Origin',(-24.1305258839516,20.758,0.));
#9677=CARTESIAN_POINT('',(-24.1305258839516,-20.758,0.));
#9678=CARTESIAN_POINT('',(-24.1305258839516,-6.88651294197581,30.0904621497788));
#9679=CARTESIAN_POINT('Origin',(-24.1305258839516,20.758,0.));
#9680=CARTESIAN_POINT('',(-24.1305258839516,-20.758,0.));
#9681=CARTESIAN_POINT('Origin',(-24.1305258839516,34.107728842423,41.1));
#9682=CARTESIAN_POINT('Origin',(21.2875258839516,-34.5310258839516,5.64067612792951));
#9683=CARTESIAN_POINT('',(24.1305258839516,-27.6445129419758,7.53851419189425));
#9684=CARTESIAN_POINT('Origin',(21.2875258839516,-34.5310258839516,22.562704511718));
#9685=CARTESIAN_POINT('',(24.1305258839516,-27.6445129419758,24.4605425756827));
#9686=CARTESIAN_POINT('Origin',(21.2875258839516,-34.5310258839516,16.9220283837885));
#9687=CARTESIAN_POINT('',(24.1305258839516,-27.6445129419758,18.8198664477532));
#9688=CARTESIAN_POINT('Origin',(24.1305258839516,20.758,0.));
#9689=CARTESIAN_POINT('',(24.1305258839516,20.758,0.));
#9690=CARTESIAN_POINT('Origin',(24.1305258839516,20.758,0.));
#9691=CARTESIAN_POINT('',(24.1305258839516,20.758,0.));
#9692=CARTESIAN_POINT('Origin',(24.1305258839516,20.758,0.));
#9693=CARTESIAN_POINT('',(24.1305258839516,20.758,0.));
#9694=CARTESIAN_POINT('Origin',(24.1305258839516,20.758,0.));
#9695=CARTESIAN_POINT('',(24.1305258839516,20.758,0.));
#9696=CARTESIAN_POINT('Origin',(24.1305258839516,20.758,0.));
#9697=CARTESIAN_POINT('',(24.1305258839516,20.758,0.));
#9698=CARTESIAN_POINT('Origin',(24.1305258839516,20.758,0.));
#9699=CARTESIAN_POINT('',(24.1305258839516,20.758,0.));
#9700=CARTESIAN_POINT('Origin',(24.1305258839516,20.758,0.));
#9701=CARTESIAN_POINT('',(24.1305258839516,20.758,0.));
#9702=CARTESIAN_POINT('Origin',(-24.1305258839516,-34.5310258839516,31.9462187036122));
#9703=CARTESIAN_POINT('',(-17.2440129419758,-34.5310258839516,31.9462187036122));
#9704=CARTESIAN_POINT('Origin',(-24.1305258839516,20.758,0.));
#9705=CARTESIAN_POINT('',(-24.1305258839516,-20.758,37.574345518736));
#9706=CARTESIAN_POINT('',(-24.1305258839516,-20.758,0.));
#9707=CARTESIAN_POINT('',(-24.1305258839516,-6.8865129419758,37.574345518736));
#9708=CARTESIAN_POINT('',(-24.1305258839516,-6.88651294197581,35.7293455187361));
#9709=CARTESIAN_POINT('Origin',(-24.1305258839516,-34.5310258839516,3.74283806396475));
#9710=CARTESIAN_POINT('',(-17.2440129419758,-34.5310258839516,3.74283806396475));
#9711=CARTESIAN_POINT('Origin',(-24.1305258839516,-20.758,0.));
#9712=CARTESIAN_POINT('',(-24.1305258839516,-20.758,0.));
#9713=CARTESIAN_POINT('',(-10.3575,-34.5310258839516,0.));
#9714=CARTESIAN_POINT('Origin',(-24.1305258839516,-20.758,0.));
#9715=CARTESIAN_POINT('',(-10.3575,-34.5310258839516,0.));
#9716=CARTESIAN_POINT('Origin',(-24.1305258839516,-20.758,0.));
#9717=CARTESIAN_POINT('',(-10.3575,-34.5310258839516,0.));
#9718=CARTESIAN_POINT('Origin',(-24.1305258839516,-20.758,0.));
#9719=CARTESIAN_POINT('',(-10.3575,-34.5310258839516,0.));
#9720=CARTESIAN_POINT('Origin',(-24.1305258839516,-20.758,0.));
#9721=CARTESIAN_POINT('',(-10.3575,-34.5310258839516,0.));
#9722=CARTESIAN_POINT('Origin',(-24.1305258839516,-20.758,0.));
#9723=CARTESIAN_POINT('',(-25.6024929691962,-19.2860329147554,36.5917373009096));
#9724=CARTESIAN_POINT('Origin',(-24.1305258839516,-20.758,0.));
#9725=CARTESIAN_POINT('',(-10.3575,-34.5310258839516,0.));
#9726=CARTESIAN_POINT('Origin',(-24.1305258839516,20.758,0.));
#9727=CARTESIAN_POINT('',(-24.1305258839516,-6.88651294197581,7.53492867394976));
#9728=CARTESIAN_POINT('Origin',(-24.1305258839516,31.6880258839516,28.2033806396474));
#9729=CARTESIAN_POINT('Origin',(-24.1305258839516,31.6880258839516,5.64067612792949));
#9730=CARTESIAN_POINT('Origin',(-24.1305258839516,31.6880258839516,33.8440567675769));
#9731=CARTESIAN_POINT('Origin',(-24.1305258839516,31.6880258839516,22.562704511718));
#9732=CARTESIAN_POINT('Origin',(-24.1305258839516,34.5310258839516,1.89783806396475));
#9733=CARTESIAN_POINT('Origin',(-24.1305258839516,-31.6880258839516,-3.31696142559515E-16));
#9734=CARTESIAN_POINT('',(-17.2440129419758,-34.5310258839516,1.89783806396475));
#9735=CARTESIAN_POINT('Origin',(-24.1305258839516,31.6880258839516,16.9220283837885));
#9736=CARTESIAN_POINT('Origin',(-10.3575,-34.5310258839516,0.));
#9737=CARTESIAN_POINT('',(10.3575,-34.5310258839516,0.));
#9738=CARTESIAN_POINT('Origin',(-10.3575,-34.5310258839516,0.));
#9739=CARTESIAN_POINT('Origin',(-10.3575,-34.5310258839516,0.));
#9740=CARTESIAN_POINT('Origin',(-10.3575,-34.5310258839516,0.));
#9741=CARTESIAN_POINT('Origin',(-10.3575,-34.5310258839516,0.));
#9742=CARTESIAN_POINT('Origin',(-10.3575,-34.5310258839516,0.));
#9743=CARTESIAN_POINT('Origin',(10.3575,-34.5310258839516,0.));
#9744=CARTESIAN_POINT('',(24.1305258839516,-20.758,0.));
#9745=CARTESIAN_POINT('Origin',(-24.1305258839516,-34.5310258839516,13.1738120429071));
#9746=CARTESIAN_POINT('Origin',(-24.1305258839516,-34.5310258839516,35.729345518736));
#9747=CARTESIAN_POINT('Origin',(-24.1305258839516,-34.5310258839516,30.0904621497788));
#9748=CARTESIAN_POINT('Origin',(-24.1305258839516,-34.5310258839516,7.53492867394976));
#9749=CARTESIAN_POINT('Origin',(-24.1305258839516,-34.5310258839516,18.8126954118644));
#9750=CARTESIAN_POINT('Origin',(-23.7283336337432,-34.5310258839516,41.1));
#9751=CARTESIAN_POINT('',(-21.2875258839516,-34.5310258839516,39.4721835827008));
#9752=CARTESIAN_POINT('Origin',(-21.2875258839516,-34.5310258839516,39.4721835827008));
#9753=CARTESIAN_POINT('Origin',(-24.1305258839516,-34.5310258839516,24.4515787808216));
#9754=CARTESIAN_POINT('Origin',(24.1305258839516,-20.758,0.));
#9755=CARTESIAN_POINT('Origin',(24.1305258839516,-20.758,0.));
#9756=CARTESIAN_POINT('Origin',(24.1305258839516,-20.758,0.));
#9757=CARTESIAN_POINT('Origin',(24.1305258839516,-20.758,0.));
#9758=CARTESIAN_POINT('Origin',(24.1305258839516,-20.758,0.));
#9759=CARTESIAN_POINT('Origin',(24.1305258839516,-20.758,0.));
#9760=CARTESIAN_POINT('Origin',(24.1305258839516,-20.758,0.));
#9761=UNCERTAINTY_MEASURE_WITH_UNIT(LENGTH_MEASURE(0.01),#9765,
'DISTANCE_ACCURACY_VALUE',
'Maximum model space distance between geometric entities at asserted c
onnectivities');
#9762=UNCERTAINTY_MEASURE_WITH_UNIT(LENGTH_MEASURE(0.01),#9765,
'DISTANCE_ACCURACY_VALUE',
'Maximum model space distance between geometric entities at asserted c
onnectivities');
#9763=(
GEOMETRIC_REPRESENTATION_CONTEXT(3)
GLOBAL_UNCERTAINTY_ASSIGNED_CONTEXT((#9761))
GLOBAL_UNIT_ASSIGNED_CONTEXT((#9765,#9767,#9768))
REPRESENTATION_CONTEXT('','3D')
);
#9764=(
GEOMETRIC_REPRESENTATION_CONTEXT(3)
GLOBAL_UNCERTAINTY_ASSIGNED_CONTEXT((#9762))
GLOBAL_UNIT_ASSIGNED_CONTEXT((#9765,#9767,#9768))
REPRESENTATION_CONTEXT('','3D')
);
#9765=(
LENGTH_UNIT()
NAMED_UNIT(*)
SI_UNIT(.MILLI.,.METRE.)
);
#9766=(
LENGTH_UNIT()
NAMED_UNIT(*)
SI_UNIT($,.METRE.)
);
#9767=(
NAMED_UNIT(*)
PLANE_ANGLE_UNIT()
SI_UNIT($,.RADIAN.)
);
#9768=(
NAMED_UNIT(*)
SI_UNIT($,.STERADIAN.)
SOLID_ANGLE_UNIT()
);
#9769=SHAPE_DEFINITION_REPRESENTATION(#9770,#9771);
#9770=PRODUCT_DEFINITION_SHAPE('',$,#9773);
#9771=SHAPE_REPRESENTATION('',(#6131),#9763);
#9772=PRODUCT_DEFINITION_CONTEXT('part definition',#9777,'design');
#9773=PRODUCT_DEFINITION('neck','neck v1',#9774,#9772);
#9774=PRODUCT_DEFINITION_FORMATION('',$,#9779);
#9775=PRODUCT_RELATED_PRODUCT_CATEGORY('neck v1','neck v1',(#9779));
#9776=APPLICATION_PROTOCOL_DEFINITION('international standard',
'automotive_design',2009,#9777);
#9777=APPLICATION_CONTEXT(
'Core Data for Automotive Mechanical Design Process');
#9778=PRODUCT_CONTEXT('part definition',#9777,'mechanical');
#9779=PRODUCT('neck','neck v1',$,(#9778));
#9780=PRESENTATION_STYLE_ASSIGNMENT((#9781));
#9781=SURFACE_STYLE_USAGE(.BOTH.,#9782);
#9782=SURFACE_SIDE_STYLE('',(#9783));
#9783=SURFACE_STYLE_FILL_AREA(#9784);
#9784=FILL_AREA_STYLE('Steel - Satin',(#9785));
#9785=FILL_AREA_STYLE_COLOUR('Steel - Satin',#9786);
#9786=COLOUR_RGB('Steel - Satin',0.627450980392157,0.627450980392157,0.627450980392157);
ENDSEC;
END-ISO-10303-21;
