ISO-10303-21;
HEADER;
/* Generated by software containing ST-Developer
 * from STEP Tools, Inc. (www.steptools.com) 
 */

FILE_DESCRIPTION(
/* description */ (''),
/* implementation_level */ '2;1');

FILE_NAME(
/* name */ 'Electronics Mount v1.step',
/* time_stamp */ '2026-05-23T22:01:06-06:00',
/* author */ (''),
/* organization */ (''),
/* preprocessor_version */ 'ST-DEVELOPER v20.1',
/* originating_system */ 'Autodesk Translation Framework v15.8.0.0',
/* authorisation */ '');

FILE_SCHEMA (('AUTOMOTIVE_DESIGN { 1 0 10303 214 3 1 1 }'));
ENDSEC;

DATA;
#10=MECHANICAL_DESIGN_GEOMETRIC_PRESENTATION_REPRESENTATION('',(#13),#6185);
#11=SHAPE_REPRESENTATION_RELATIONSHIP('SRR','None',#6192,#12);
#12=ADVANCED_BREP_SHAPE_REPRESENTATION('',(#14),#6184);
#13=STYLED_ITEM('',(#6201),#14);
#14=MANIFOLD_SOLID_BREP('Body1',#3539);
#15=CONICAL_SURFACE('',#3593,2.375,0.785398163397448);
#16=CONICAL_SURFACE('',#3597,2.375,0.785398163397448);
#17=CONICAL_SURFACE('',#3727,1.75,0.785398163397448);
#18=CONICAL_SURFACE('',#3734,1.75,0.785398163397448);
#19=CONICAL_SURFACE('',#3739,1.75,0.785398163397448);
#20=CONICAL_SURFACE('',#3743,1.75,0.785398163397448);
#21=FACE_BOUND('',#325,.T.);
#22=FACE_BOUND('',#326,.T.);
#23=FACE_BOUND('',#339,.T.);
#24=FACE_BOUND('',#346,.T.);
#25=FACE_BOUND('',#350,.T.);
#26=FACE_BOUND('',#371,.T.);
#27=FACE_BOUND('',#373,.T.);
#28=FACE_BOUND('',#378,.T.);
#29=FACE_BOUND('',#380,.T.);
#30=FACE_BOUND('',#389,.T.);
#31=FACE_BOUND('',#390,.T.);
#32=FACE_BOUND('',#391,.T.);
#33=FACE_BOUND('',#407,.T.);
#34=FACE_BOUND('',#410,.T.);
#35=FACE_BOUND('',#427,.T.);
#36=FACE_BOUND('',#428,.T.);
#37=FACE_BOUND('',#430,.T.);
#38=FACE_BOUND('',#441,.T.);
#39=FACE_BOUND('',#444,.T.);
#40=FACE_BOUND('',#447,.T.);
#41=FACE_BOUND('',#450,.T.);
#42=FACE_BOUND('',#458,.T.);
#43=FACE_BOUND('',#459,.T.);
#44=FACE_BOUND('',#479,.T.);
#45=FACE_BOUND('',#496,.T.);
#46=FACE_BOUND('',#511,.T.);
#47=FACE_BOUND('',#516,.T.);
#48=FACE_BOUND('',#517,.T.);
#49=FACE_BOUND('',#522,.T.);
#50=FACE_BOUND('',#531,.T.);
#51=FACE_BOUND('',#532,.T.);
#52=FACE_BOUND('',#533,.T.);
#53=FACE_BOUND('',#534,.T.);
#54=FACE_BOUND('',#535,.T.);
#55=FACE_BOUND('',#536,.T.);
#56=FACE_BOUND('',#537,.T.);
#57=PLANE('',#3559);
#58=PLANE('',#3577);
#59=PLANE('',#3585);
#60=PLANE('',#3592);
#61=PLANE('',#3608);
#62=PLANE('',#3609);
#63=PLANE('',#3614);
#64=PLANE('',#3620);
#65=PLANE('',#3621);
#66=PLANE('',#3626);
#67=PLANE('',#3627);
#68=PLANE('',#3634);
#69=PLANE('',#3635);
#70=PLANE('',#3639);
#71=PLANE('',#3655);
#72=PLANE('',#3675);
#73=PLANE('',#3676);
#74=PLANE('',#3686);
#75=PLANE('',#3687);
#76=PLANE('',#3688);
#77=PLANE('',#3691);
#78=PLANE('',#3696);
#79=PLANE('',#3697);
#80=PLANE('',#3704);
#81=PLANE('',#3709);
#82=PLANE('',#3711);
#83=PLANE('',#3712);
#84=PLANE('',#3713);
#85=PLANE('',#3714);
#86=PLANE('',#3719);
#87=PLANE('',#3722);
#88=PLANE('',#3723);
#89=PLANE('',#3724);
#90=PLANE('',#3725);
#91=PLANE('',#3732);
#92=PLANE('',#3747);
#93=PLANE('',#3748);
#94=PLANE('',#3749);
#95=PLANE('',#3750);
#96=PLANE('',#3751);
#97=PLANE('',#3752);
#98=PLANE('',#3753);
#99=PLANE('',#3754);
#100=PLANE('',#3765);
#101=PLANE('',#3798);
#102=PLANE('',#3802);
#103=PLANE('',#3806);
#104=PLANE('',#3810);
#105=PLANE('',#3818);
#106=PLANE('',#3823);
#107=PLANE('',#3826);
#108=PLANE('',#3829);
#109=PLANE('',#3832);
#110=PLANE('',#3837);
#111=PLANE('',#3838);
#112=PLANE('',#3839);
#113=PLANE('',#3840);
#114=PLANE('',#3841);
#115=PLANE('',#3844);
#116=PLANE('',#3847);
#117=PLANE('',#3850);
#118=PLANE('',#3853);
#119=PLANE('',#3856);
#120=PLANE('',#3859);
#121=PLANE('',#3860);
#122=PLANE('',#3861);
#123=PLANE('',#3862);
#124=PLANE('',#3863);
#125=PLANE('',#3866);
#126=PLANE('',#3869);
#127=PLANE('',#3872);
#128=PLANE('',#3875);
#129=PLANE('',#3878);
#130=PLANE('',#3881);
#131=PLANE('',#3884);
#132=PLANE('',#3887);
#133=PLANE('',#3894);
#134=PLANE('',#3897);
#135=PLANE('',#3900);
#136=PLANE('',#3903);
#137=PLANE('',#3906);
#138=PLANE('',#3909);
#139=PLANE('',#3912);
#140=PLANE('',#3915);
#141=PLANE('',#3918);
#142=FACE_OUTER_BOUND('',#322,.T.);
#143=FACE_OUTER_BOUND('',#323,.T.);
#144=FACE_OUTER_BOUND('',#324,.T.);
#145=FACE_OUTER_BOUND('',#327,.T.);
#146=FACE_OUTER_BOUND('',#328,.T.);
#147=FACE_OUTER_BOUND('',#329,.T.);
#148=FACE_OUTER_BOUND('',#330,.T.);
#149=FACE_OUTER_BOUND('',#331,.T.);
#150=FACE_OUTER_BOUND('',#332,.T.);
#151=FACE_OUTER_BOUND('',#333,.T.);
#152=FACE_OUTER_BOUND('',#334,.T.);
#153=FACE_OUTER_BOUND('',#335,.T.);
#154=FACE_OUTER_BOUND('',#336,.T.);
#155=FACE_OUTER_BOUND('',#337,.T.);
#156=FACE_OUTER_BOUND('',#338,.T.);
#157=FACE_OUTER_BOUND('',#340,.T.);
#158=FACE_OUTER_BOUND('',#341,.T.);
#159=FACE_OUTER_BOUND('',#342,.T.);
#160=FACE_OUTER_BOUND('',#343,.T.);
#161=FACE_OUTER_BOUND('',#344,.T.);
#162=FACE_OUTER_BOUND('',#345,.T.);
#163=FACE_OUTER_BOUND('',#347,.T.);
#164=FACE_OUTER_BOUND('',#348,.T.);
#165=FACE_OUTER_BOUND('',#349,.T.);
#166=FACE_OUTER_BOUND('',#351,.T.);
#167=FACE_OUTER_BOUND('',#352,.T.);
#168=FACE_OUTER_BOUND('',#353,.T.);
#169=FACE_OUTER_BOUND('',#354,.T.);
#170=FACE_OUTER_BOUND('',#355,.T.);
#171=FACE_OUTER_BOUND('',#356,.T.);
#172=FACE_OUTER_BOUND('',#357,.T.);
#173=FACE_OUTER_BOUND('',#358,.T.);
#174=FACE_OUTER_BOUND('',#359,.T.);
#175=FACE_OUTER_BOUND('',#360,.T.);
#176=FACE_OUTER_BOUND('',#361,.T.);
#177=FACE_OUTER_BOUND('',#362,.T.);
#178=FACE_OUTER_BOUND('',#363,.T.);
#179=FACE_OUTER_BOUND('',#364,.T.);
#180=FACE_OUTER_BOUND('',#365,.T.);
#181=FACE_OUTER_BOUND('',#366,.T.);
#182=FACE_OUTER_BOUND('',#367,.T.);
#183=FACE_OUTER_BOUND('',#368,.T.);
#184=FACE_OUTER_BOUND('',#369,.T.);
#185=FACE_OUTER_BOUND('',#370,.T.);
#186=FACE_OUTER_BOUND('',#372,.T.);
#187=FACE_OUTER_BOUND('',#374,.T.);
#188=FACE_OUTER_BOUND('',#375,.T.);
#189=FACE_OUTER_BOUND('',#376,.T.);
#190=FACE_OUTER_BOUND('',#377,.T.);
#191=FACE_OUTER_BOUND('',#379,.T.);
#192=FACE_OUTER_BOUND('',#381,.T.);
#193=FACE_OUTER_BOUND('',#382,.T.);
#194=FACE_OUTER_BOUND('',#383,.T.);
#195=FACE_OUTER_BOUND('',#384,.T.);
#196=FACE_OUTER_BOUND('',#385,.T.);
#197=FACE_OUTER_BOUND('',#386,.T.);
#198=FACE_OUTER_BOUND('',#387,.T.);
#199=FACE_OUTER_BOUND('',#388,.T.);
#200=FACE_OUTER_BOUND('',#392,.T.);
#201=FACE_OUTER_BOUND('',#393,.T.);
#202=FACE_OUTER_BOUND('',#394,.T.);
#203=FACE_OUTER_BOUND('',#395,.T.);
#204=FACE_OUTER_BOUND('',#396,.T.);
#205=FACE_OUTER_BOUND('',#397,.T.);
#206=FACE_OUTER_BOUND('',#398,.T.);
#207=FACE_OUTER_BOUND('',#399,.T.);
#208=FACE_OUTER_BOUND('',#400,.T.);
#209=FACE_OUTER_BOUND('',#401,.T.);
#210=FACE_OUTER_BOUND('',#402,.T.);
#211=FACE_OUTER_BOUND('',#403,.T.);
#212=FACE_OUTER_BOUND('',#404,.T.);
#213=FACE_OUTER_BOUND('',#405,.T.);
#214=FACE_OUTER_BOUND('',#406,.T.);
#215=FACE_OUTER_BOUND('',#408,.T.);
#216=FACE_OUTER_BOUND('',#409,.T.);
#217=FACE_OUTER_BOUND('',#411,.T.);
#218=FACE_OUTER_BOUND('',#412,.T.);
#219=FACE_OUTER_BOUND('',#413,.T.);
#220=FACE_OUTER_BOUND('',#414,.T.);
#221=FACE_OUTER_BOUND('',#415,.T.);
#222=FACE_OUTER_BOUND('',#416,.T.);
#223=FACE_OUTER_BOUND('',#417,.T.);
#224=FACE_OUTER_BOUND('',#418,.T.);
#225=FACE_OUTER_BOUND('',#419,.T.);
#226=FACE_OUTER_BOUND('',#420,.T.);
#227=FACE_OUTER_BOUND('',#421,.T.);
#228=FACE_OUTER_BOUND('',#422,.T.);
#229=FACE_OUTER_BOUND('',#423,.T.);
#230=FACE_OUTER_BOUND('',#424,.T.);
#231=FACE_OUTER_BOUND('',#425,.T.);
#232=FACE_OUTER_BOUND('',#426,.T.);
#233=FACE_OUTER_BOUND('',#429,.T.);
#234=FACE_OUTER_BOUND('',#431,.T.);
#235=FACE_OUTER_BOUND('',#432,.T.);
#236=FACE_OUTER_BOUND('',#433,.T.);
#237=FACE_OUTER_BOUND('',#434,.T.);
#238=FACE_OUTER_BOUND('',#435,.T.);
#239=FACE_OUTER_BOUND('',#436,.T.);
#240=FACE_OUTER_BOUND('',#437,.T.);
#241=FACE_OUTER_BOUND('',#438,.T.);
#242=FACE_OUTER_BOUND('',#439,.T.);
#243=FACE_OUTER_BOUND('',#440,.T.);
#244=FACE_OUTER_BOUND('',#442,.T.);
#245=FACE_OUTER_BOUND('',#443,.T.);
#246=FACE_OUTER_BOUND('',#445,.T.);
#247=FACE_OUTER_BOUND('',#446,.T.);
#248=FACE_OUTER_BOUND('',#448,.T.);
#249=FACE_OUTER_BOUND('',#449,.T.);
#250=FACE_OUTER_BOUND('',#451,.T.);
#251=FACE_OUTER_BOUND('',#452,.T.);
#252=FACE_OUTER_BOUND('',#453,.T.);
#253=FACE_OUTER_BOUND('',#454,.T.);
#254=FACE_OUTER_BOUND('',#455,.T.);
#255=FACE_OUTER_BOUND('',#456,.T.);
#256=FACE_OUTER_BOUND('',#457,.T.);
#257=FACE_OUTER_BOUND('',#460,.T.);
#258=FACE_OUTER_BOUND('',#461,.T.);
#259=FACE_OUTER_BOUND('',#462,.T.);
#260=FACE_OUTER_BOUND('',#463,.T.);
#261=FACE_OUTER_BOUND('',#464,.T.);
#262=FACE_OUTER_BOUND('',#465,.T.);
#263=FACE_OUTER_BOUND('',#466,.T.);
#264=FACE_OUTER_BOUND('',#467,.T.);
#265=FACE_OUTER_BOUND('',#468,.T.);
#266=FACE_OUTER_BOUND('',#469,.T.);
#267=FACE_OUTER_BOUND('',#470,.T.);
#268=FACE_OUTER_BOUND('',#471,.T.);
#269=FACE_OUTER_BOUND('',#472,.T.);
#270=FACE_OUTER_BOUND('',#473,.T.);
#271=FACE_OUTER_BOUND('',#474,.T.);
#272=FACE_OUTER_BOUND('',#475,.T.);
#273=FACE_OUTER_BOUND('',#476,.T.);
#274=FACE_OUTER_BOUND('',#477,.T.);
#275=FACE_OUTER_BOUND('',#478,.T.);
#276=FACE_OUTER_BOUND('',#480,.T.);
#277=FACE_OUTER_BOUND('',#481,.T.);
#278=FACE_OUTER_BOUND('',#482,.T.);
#279=FACE_OUTER_BOUND('',#483,.T.);
#280=FACE_OUTER_BOUND('',#484,.T.);
#281=FACE_OUTER_BOUND('',#485,.T.);
#282=FACE_OUTER_BOUND('',#486,.T.);
#283=FACE_OUTER_BOUND('',#487,.T.);
#284=FACE_OUTER_BOUND('',#488,.T.);
#285=FACE_OUTER_BOUND('',#489,.T.);
#286=FACE_OUTER_BOUND('',#490,.T.);
#287=FACE_OUTER_BOUND('',#491,.T.);
#288=FACE_OUTER_BOUND('',#492,.T.);
#289=FACE_OUTER_BOUND('',#493,.T.);
#290=FACE_OUTER_BOUND('',#494,.T.);
#291=FACE_OUTER_BOUND('',#495,.T.);
#292=FACE_OUTER_BOUND('',#497,.T.);
#293=FACE_OUTER_BOUND('',#498,.T.);
#294=FACE_OUTER_BOUND('',#499,.T.);
#295=FACE_OUTER_BOUND('',#500,.T.);
#296=FACE_OUTER_BOUND('',#501,.T.);
#297=FACE_OUTER_BOUND('',#502,.T.);
#298=FACE_OUTER_BOUND('',#503,.T.);
#299=FACE_OUTER_BOUND('',#504,.T.);
#300=FACE_OUTER_BOUND('',#505,.T.);
#301=FACE_OUTER_BOUND('',#506,.T.);
#302=FACE_OUTER_BOUND('',#507,.T.);
#303=FACE_OUTER_BOUND('',#508,.T.);
#304=FACE_OUTER_BOUND('',#509,.T.);
#305=FACE_OUTER_BOUND('',#510,.T.);
#306=FACE_OUTER_BOUND('',#512,.T.);
#307=FACE_OUTER_BOUND('',#513,.T.);
#308=FACE_OUTER_BOUND('',#514,.T.);
#309=FACE_OUTER_BOUND('',#515,.T.);
#310=FACE_OUTER_BOUND('',#518,.T.);
#311=FACE_OUTER_BOUND('',#519,.T.);
#312=FACE_OUTER_BOUND('',#520,.T.);
#313=FACE_OUTER_BOUND('',#521,.T.);
#314=FACE_OUTER_BOUND('',#523,.T.);
#315=FACE_OUTER_BOUND('',#524,.T.);
#316=FACE_OUTER_BOUND('',#525,.T.);
#317=FACE_OUTER_BOUND('',#526,.T.);
#318=FACE_OUTER_BOUND('',#527,.T.);
#319=FACE_OUTER_BOUND('',#528,.T.);
#320=FACE_OUTER_BOUND('',#529,.T.);
#321=FACE_OUTER_BOUND('',#530,.T.);
#322=EDGE_LOOP('',(#2230,#2231,#2232,#2233,#2234));
#323=EDGE_LOOP('',(#2235,#2236,#2237,#2238,#2239,#2240));
#324=EDGE_LOOP('',(#2241,#2242,#2243,#2244,#2245,#2246,#2247,#2248,#2249,
#2250,#2251,#2252,#2253,#2254,#2255,#2256,#2257,#2258,#2259,#2260,#2261,
#2262,#2263,#2264,#2265,#2266,#2267,#2268,#2269,#2270,#2271,#2272,#2273,
#2274,#2275,#2276,#2277,#2278,#2279,#2280,#2281,#2282));
#325=EDGE_LOOP('',(#2283));
#326=EDGE_LOOP('',(#2284));
#327=EDGE_LOOP('',(#2285,#2286,#2287,#2288,#2289));
#328=EDGE_LOOP('',(#2290,#2291,#2292,#2293,#2294));
#329=EDGE_LOOP('',(#2295,#2296,#2297,#2298,#2299,#2300));
#330=EDGE_LOOP('',(#2301,#2302,#2303,#2304,#2305,#2306,#2307,#2308,#2309,
#2310,#2311,#2312,#2313,#2314,#2315,#2316));
#331=EDGE_LOOP('',(#2317,#2318,#2319,#2320,#2321,#2322));
#332=EDGE_LOOP('',(#2323,#2324,#2325,#2326,#2327));
#333=EDGE_LOOP('',(#2328,#2329,#2330,#2331,#2332));
#334=EDGE_LOOP('',(#2333,#2334,#2335,#2336,#2337));
#335=EDGE_LOOP('',(#2338,#2339,#2340,#2341,#2342));
#336=EDGE_LOOP('',(#2343,#2344,#2345,#2346));
#337=EDGE_LOOP('',(#2347,#2348,#2349,#2350));
#338=EDGE_LOOP('',(#2351,#2352,#2353,#2354,#2355,#2356,#2357,#2358));
#339=EDGE_LOOP('',(#2359));
#340=EDGE_LOOP('',(#2360,#2361,#2362,#2363));
#341=EDGE_LOOP('',(#2364,#2365,#2366,#2367));
#342=EDGE_LOOP('',(#2368,#2369,#2370,#2371));
#343=EDGE_LOOP('',(#2372,#2373,#2374,#2375));
#344=EDGE_LOOP('',(#2376,#2377,#2378,#2379,#2380,#2381));
#345=EDGE_LOOP('',(#2382,#2383,#2384,#2385,#2386,#2387,#2388,#2389));
#346=EDGE_LOOP('',(#2390));
#347=EDGE_LOOP('',(#2391,#2392,#2393,#2394));
#348=EDGE_LOOP('',(#2395,#2396,#2397,#2398));
#349=EDGE_LOOP('',(#2399,#2400,#2401,#2402,#2403,#2404,#2405,#2406,#2407));
#350=EDGE_LOOP('',(#2408));
#351=EDGE_LOOP('',(#2409,#2410,#2411,#2412));
#352=EDGE_LOOP('',(#2413,#2414,#2415,#2416));
#353=EDGE_LOOP('',(#2417,#2418,#2419,#2420));
#354=EDGE_LOOP('',(#2421,#2422,#2423,#2424));
#355=EDGE_LOOP('',(#2425,#2426,#2427,#2428));
#356=EDGE_LOOP('',(#2429,#2430,#2431,#2432));
#357=EDGE_LOOP('',(#2433,#2434,#2435,#2436,#2437,#2438,#2439,#2440,#2441,
#2442,#2443));
#358=EDGE_LOOP('',(#2444,#2445,#2446,#2447));
#359=EDGE_LOOP('',(#2448,#2449,#2450,#2451));
#360=EDGE_LOOP('',(#2452,#2453,#2454,#2455));
#361=EDGE_LOOP('',(#2456,#2457,#2458,#2459));
#362=EDGE_LOOP('',(#2460,#2461,#2462,#2463));
#363=EDGE_LOOP('',(#2464,#2465,#2466,#2467,#2468));
#364=EDGE_LOOP('',(#2469,#2470,#2471,#2472));
#365=EDGE_LOOP('',(#2473,#2474,#2475,#2476));
#366=EDGE_LOOP('',(#2477,#2478,#2479,#2480));
#367=EDGE_LOOP('',(#2481,#2482,#2483,#2484,#2485,#2486,#2487,#2488));
#368=EDGE_LOOP('',(#2489,#2490,#2491,#2492,#2493,#2494,#2495,#2496));
#369=EDGE_LOOP('',(#2497,#2498,#2499,#2500));
#370=EDGE_LOOP('',(#2501,#2502));
#371=EDGE_LOOP('',(#2503));
#372=EDGE_LOOP('',(#2504,#2505));
#373=EDGE_LOOP('',(#2506));
#374=EDGE_LOOP('',(#2507,#2508,#2509,#2510,#2511,#2512,#2513,#2514));
#375=EDGE_LOOP('',(#2515,#2516,#2517,#2518,#2519,#2520,#2521,#2522));
#376=EDGE_LOOP('',(#2523,#2524,#2525,#2526));
#377=EDGE_LOOP('',(#2527,#2528));
#378=EDGE_LOOP('',(#2529));
#379=EDGE_LOOP('',(#2530,#2531));
#380=EDGE_LOOP('',(#2532));
#381=EDGE_LOOP('',(#2533,#2534,#2535,#2536));
#382=EDGE_LOOP('',(#2537,#2538,#2539,#2540,#2541));
#383=EDGE_LOOP('',(#2542,#2543,#2544,#2545));
#384=EDGE_LOOP('',(#2546,#2547,#2548,#2549,#2550));
#385=EDGE_LOOP('',(#2551,#2552,#2553,#2554,#2555));
#386=EDGE_LOOP('',(#2556,#2557,#2558,#2559,#2560));
#387=EDGE_LOOP('',(#2561,#2562,#2563,#2564));
#388=EDGE_LOOP('',(#2565,#2566,#2567,#2568,#2569,#2570,#2571,#2572,#2573,
#2574,#2575,#2576,#2577,#2578,#2579,#2580,#2581,#2582,#2583,#2584,#2585,
#2586,#2587,#2588,#2589,#2590,#2591,#2592));
#389=EDGE_LOOP('',(#2593));
#390=EDGE_LOOP('',(#2594));
#391=EDGE_LOOP('',(#2595));
#392=EDGE_LOOP('',(#2596,#2597,#2598,#2599,#2600,#2601));
#393=EDGE_LOOP('',(#2602,#2603,#2604,#2605));
#394=EDGE_LOOP('',(#2606,#2607,#2608,#2609,#2610,#2611));
#395=EDGE_LOOP('',(#2612,#2613,#2614,#2615,#2616,#2617));
#396=EDGE_LOOP('',(#2618,#2619,#2620,#2621));
#397=EDGE_LOOP('',(#2622,#2623,#2624,#2625,#2626,#2627));
#398=EDGE_LOOP('',(#2628,#2629,#2630,#2631));
#399=EDGE_LOOP('',(#2632,#2633,#2634,#2635));
#400=EDGE_LOOP('',(#2636,#2637,#2638,#2639,#2640,#2641,#2642,#2643,#2644,
#2645,#2646,#2647,#2648,#2649,#2650,#2651));
#401=EDGE_LOOP('',(#2652,#2653,#2654,#2655));
#402=EDGE_LOOP('',(#2656,#2657,#2658,#2659));
#403=EDGE_LOOP('',(#2660,#2661,#2662,#2663));
#404=EDGE_LOOP('',(#2664,#2665,#2666,#2667));
#405=EDGE_LOOP('',(#2668,#2669,#2670,#2671));
#406=EDGE_LOOP('',(#2672,#2673,#2674,#2675));
#407=EDGE_LOOP('',(#2676));
#408=EDGE_LOOP('',(#2677,#2678,#2679,#2680));
#409=EDGE_LOOP('',(#2681,#2682,#2683,#2684,#2685,#2686,#2687,#2688,#2689));
#410=EDGE_LOOP('',(#2690));
#411=EDGE_LOOP('',(#2691,#2692));
#412=EDGE_LOOP('',(#2693,#2694,#2695,#2696,#2697,#2698,#2699));
#413=EDGE_LOOP('',(#2700,#2701));
#414=EDGE_LOOP('',(#2702,#2703,#2704,#2705,#2706,#2707,#2708));
#415=EDGE_LOOP('',(#2709,#2710,#2711,#2712));
#416=EDGE_LOOP('',(#2713,#2714,#2715,#2716,#2717));
#417=EDGE_LOOP('',(#2718,#2719,#2720,#2721));
#418=EDGE_LOOP('',(#2722,#2723,#2724,#2725,#2726));
#419=EDGE_LOOP('',(#2727,#2728,#2729,#2730));
#420=EDGE_LOOP('',(#2731,#2732,#2733,#2734));
#421=EDGE_LOOP('',(#2735,#2736,#2737,#2738));
#422=EDGE_LOOP('',(#2739,#2740,#2741,#2742));
#423=EDGE_LOOP('',(#2743,#2744,#2745,#2746,#2747,#2748,#2749,#2750,#2751,
#2752,#2753,#2754));
#424=EDGE_LOOP('',(#2755,#2756,#2757,#2758));
#425=EDGE_LOOP('',(#2759,#2760,#2761,#2762));
#426=EDGE_LOOP('',(#2763,#2764,#2765,#2766,#2767,#2768,#2769,#2770,#2771,
#2772,#2773,#2774,#2775,#2776,#2777,#2778,#2779));
#427=EDGE_LOOP('',(#2780));
#428=EDGE_LOOP('',(#2781));
#429=EDGE_LOOP('',(#2782,#2783,#2784,#2785,#2786,#2787,#2788,#2789,#2790,
#2791,#2792,#2793,#2794));
#430=EDGE_LOOP('',(#2795));
#431=EDGE_LOOP('',(#2796,#2797,#2798,#2799));
#432=EDGE_LOOP('',(#2800,#2801,#2802,#2803));
#433=EDGE_LOOP('',(#2804,#2805,#2806,#2807));
#434=EDGE_LOOP('',(#2808,#2809,#2810,#2811));
#435=EDGE_LOOP('',(#2812,#2813,#2814,#2815));
#436=EDGE_LOOP('',(#2816,#2817,#2818,#2819));
#437=EDGE_LOOP('',(#2820,#2821,#2822,#2823));
#438=EDGE_LOOP('',(#2824,#2825,#2826,#2827));
#439=EDGE_LOOP('',(#2828,#2829,#2830,#2831));
#440=EDGE_LOOP('',(#2832));
#441=EDGE_LOOP('',(#2833));
#442=EDGE_LOOP('',(#2834,#2835,#2836,#2837));
#443=EDGE_LOOP('',(#2838));
#444=EDGE_LOOP('',(#2839));
#445=EDGE_LOOP('',(#2840,#2841,#2842,#2843));
#446=EDGE_LOOP('',(#2844));
#447=EDGE_LOOP('',(#2845));
#448=EDGE_LOOP('',(#2846,#2847,#2848,#2849));
#449=EDGE_LOOP('',(#2850));
#450=EDGE_LOOP('',(#2851));
#451=EDGE_LOOP('',(#2852,#2853,#2854,#2855));
#452=EDGE_LOOP('',(#2856,#2857,#2858,#2859));
#453=EDGE_LOOP('',(#2860,#2861,#2862,#2863));
#454=EDGE_LOOP('',(#2864,#2865,#2866,#2867));
#455=EDGE_LOOP('',(#2868,#2869,#2870,#2871));
#456=EDGE_LOOP('',(#2872,#2873,#2874,#2875));
#457=EDGE_LOOP('',(#2876,#2877,#2878,#2879,#2880,#2881,#2882,#2883,#2884,
#2885,#2886,#2887));
#458=EDGE_LOOP('',(#2888));
#459=EDGE_LOOP('',(#2889));
#460=EDGE_LOOP('',(#2890,#2891,#2892,#2893,#2894,#2895));
#461=EDGE_LOOP('',(#2896,#2897,#2898,#2899,#2900));
#462=EDGE_LOOP('',(#2901,#2902,#2903,#2904));
#463=EDGE_LOOP('',(#2905,#2906,#2907,#2908));
#464=EDGE_LOOP('',(#2909,#2910,#2911,#2912));
#465=EDGE_LOOP('',(#2913,#2914,#2915,#2916,#2917));
#466=EDGE_LOOP('',(#2918,#2919,#2920,#2921,#2922,#2923));
#467=EDGE_LOOP('',(#2924,#2925,#2926,#2927));
#468=EDGE_LOOP('',(#2928,#2929,#2930,#2931));
#469=EDGE_LOOP('',(#2932,#2933,#2934,#2935));
#470=EDGE_LOOP('',(#2936,#2937,#2938,#2939));
#471=EDGE_LOOP('',(#2940,#2941,#2942,#2943));
#472=EDGE_LOOP('',(#2944,#2945,#2946,#2947));
#473=EDGE_LOOP('',(#2948,#2949,#2950,#2951));
#474=EDGE_LOOP('',(#2952,#2953,#2954,#2955));
#475=EDGE_LOOP('',(#2956,#2957,#2958,#2959));
#476=EDGE_LOOP('',(#2960,#2961,#2962,#2963));
#477=EDGE_LOOP('',(#2964,#2965,#2966,#2967));
#478=EDGE_LOOP('',(#2968,#2969,#2970,#2971,#2972,#2973,#2974,#2975));
#479=EDGE_LOOP('',(#2976));
#480=EDGE_LOOP('',(#2977,#2978,#2979,#2980));
#481=EDGE_LOOP('',(#2981,#2982,#2983,#2984));
#482=EDGE_LOOP('',(#2985,#2986,#2987,#2988));
#483=EDGE_LOOP('',(#2989,#2990,#2991,#2992));
#484=EDGE_LOOP('',(#2993,#2994,#2995,#2996));
#485=EDGE_LOOP('',(#2997,#2998,#2999,#3000,#3001,#3002));
#486=EDGE_LOOP('',(#3003,#3004,#3005,#3006,#3007,#3008));
#487=EDGE_LOOP('',(#3009,#3010,#3011,#3012,#3013,#3014,#3015,#3016,#3017,
#3018));
#488=EDGE_LOOP('',(#3019,#3020,#3021,#3022,#3023,#3024));
#489=EDGE_LOOP('',(#3025,#3026,#3027,#3028,#3029,#3030));
#490=EDGE_LOOP('',(#3031,#3032,#3033,#3034));
#491=EDGE_LOOP('',(#3035,#3036,#3037,#3038));
#492=EDGE_LOOP('',(#3039,#3040,#3041,#3042));
#493=EDGE_LOOP('',(#3043,#3044,#3045,#3046));
#494=EDGE_LOOP('',(#3047,#3048,#3049,#3050));
#495=EDGE_LOOP('',(#3051,#3052,#3053,#3054,#3055,#3056,#3057,#3058));
#496=EDGE_LOOP('',(#3059));
#497=EDGE_LOOP('',(#3060,#3061,#3062,#3063));
#498=EDGE_LOOP('',(#3064,#3065,#3066,#3067));
#499=EDGE_LOOP('',(#3068,#3069,#3070,#3071));
#500=EDGE_LOOP('',(#3072,#3073,#3074,#3075));
#501=EDGE_LOOP('',(#3076,#3077,#3078,#3079));
#502=EDGE_LOOP('',(#3080,#3081,#3082,#3083));
#503=EDGE_LOOP('',(#3084,#3085,#3086,#3087));
#504=EDGE_LOOP('',(#3088,#3089,#3090,#3091));
#505=EDGE_LOOP('',(#3092,#3093,#3094,#3095));
#506=EDGE_LOOP('',(#3096,#3097,#3098,#3099));
#507=EDGE_LOOP('',(#3100,#3101,#3102,#3103));
#508=EDGE_LOOP('',(#3104,#3105,#3106,#3107));
#509=EDGE_LOOP('',(#3108,#3109,#3110,#3111));
#510=EDGE_LOOP('',(#3112,#3113,#3114,#3115,#3116,#3117,#3118,#3119));
#511=EDGE_LOOP('',(#3120));
#512=EDGE_LOOP('',(#3121,#3122,#3123,#3124));
#513=EDGE_LOOP('',(#3125,#3126,#3127,#3128));
#514=EDGE_LOOP('',(#3129,#3130,#3131,#3132));
#515=EDGE_LOOP('',(#3133,#3134,#3135,#3136,#3137,#3138,#3139,#3140,#3141,
#3142));
#516=EDGE_LOOP('',(#3143));
#517=EDGE_LOOP('',(#3144));
#518=EDGE_LOOP('',(#3145,#3146,#3147,#3148));
#519=EDGE_LOOP('',(#3149,#3150,#3151,#3152));
#520=EDGE_LOOP('',(#3153,#3154,#3155,#3156));
#521=EDGE_LOOP('',(#3157,#3158,#3159,#3160,#3161,#3162,#3163,#3164));
#522=EDGE_LOOP('',(#3165));
#523=EDGE_LOOP('',(#3166,#3167,#3168,#3169));
#524=EDGE_LOOP('',(#3170,#3171,#3172,#3173));
#525=EDGE_LOOP('',(#3174,#3175,#3176,#3177));
#526=EDGE_LOOP('',(#3178,#3179,#3180,#3181,#3182,#3183,#3184));
#527=EDGE_LOOP('',(#3185,#3186,#3187,#3188));
#528=EDGE_LOOP('',(#3189,#3190,#3191,#3192));
#529=EDGE_LOOP('',(#3193,#3194,#3195,#3196));
#530=EDGE_LOOP('',(#3197,#3198,#3199,#3200,#3201,#3202,#3203,#3204,#3205,
#3206,#3207,#3208,#3209,#3210,#3211,#3212,#3213,#3214,#3215,#3216,#3217,
#3218));
#531=EDGE_LOOP('',(#3219,#3220,#3221,#3222,#3223,#3224,#3225,#3226,#3227,
#3228,#3229,#3230,#3231,#3232,#3233,#3234,#3235,#3236,#3237,#3238,#3239,
#3240,#3241,#3242,#3243,#3244,#3245,#3246,#3247,#3248,#3249,#3250,#3251,
#3252,#3253,#3254,#3255,#3256));
#532=EDGE_LOOP('',(#3257));
#533=EDGE_LOOP('',(#3258));
#534=EDGE_LOOP('',(#3259));
#535=EDGE_LOOP('',(#3260,#3261,#3262,#3263,#3264,#3265,#3266,#3267));
#536=EDGE_LOOP('',(#3268));
#537=EDGE_LOOP('',(#3269));
#538=ELLIPSE('',#3555,3.53553390593274,2.5);
#539=ELLIPSE('',#3580,3.53553390593274,2.5);
#540=ELLIPSE('',#3586,2.12132034355964,1.5);
#541=ELLIPSE('',#3587,2.12132034355964,1.5);
#542=ELLIPSE('',#3588,2.12132034355964,1.5);
#543=ELLIPSE('',#3589,2.12132034355964,1.5);
#544=ELLIPSE('',#3590,2.12132034355964,1.5);
#545=ELLIPSE('',#3591,2.12132034355964,1.5);
#546=ELLIPSE('',#3602,4.24264068711928,3.);
#547=ELLIPSE('',#3604,4.24264068711928,3.);
#548=ELLIPSE('',#3607,3.53553390593274,2.5);
#549=ELLIPSE('',#3610,3.53553390593274,2.5);
#550=ELLIPSE('',#3611,3.53553390593274,2.5);
#551=ELLIPSE('',#3618,3.53553390593274,2.5);
#552=ELLIPSE('',#3622,3.53553390593274,2.5);
#553=ELLIPSE('',#3623,3.53553390593274,2.5);
#554=ELLIPSE('',#3690,2.12132034355964,1.5);
#555=ELLIPSE('',#3693,2.12132034355964,1.5);
#556=ELLIPSE('',#3702,2.12132034355965,1.5);
#557=ELLIPSE('',#3703,2.12132034355964,1.5);
#558=ELLIPSE('',#3706,2.12132034355964,1.5);
#559=ELLIPSE('',#3707,2.12132034355964,1.5);
#560=CIRCLE('',#3554,2.5);
#561=CIRCLE('',#3557,2.5);
#562=CIRCLE('',#3558,2.5);
#563=CIRCLE('',#3560,3.00000000000002);
#564=CIRCLE('',#3561,4.52400000000003);
#565=CIRCLE('',#3562,1.99999999999994);
#566=CIRCLE('',#3563,4.);
#567=CIRCLE('',#3564,1.99999999999999);
#568=CIRCLE('',#3565,0.689999999999991);
#569=CIRCLE('',#3566,2.);
#570=CIRCLE('',#3567,0.69);
#571=CIRCLE('',#3568,2.00000000000001);
#572=CIRCLE('',#3569,4.);
#573=CIRCLE('',#3570,2.00000000000001);
#574=CIRCLE('',#3571,5.3);
#575=CIRCLE('',#3572,2.99999999999998);
#576=CIRCLE('',#3573,2.99999999999999);
#577=CIRCLE('',#3574,3.00000000000002);
#578=CIRCLE('',#3575,3.5);
#579=CIRCLE('',#3576,3.5);
#580=CIRCLE('',#3578,3.00000000000002);
#581=CIRCLE('',#3581,2.5);
#582=CIRCLE('',#3583,2.5);
#583=CIRCLE('',#3584,2.5);
#584=CIRCLE('',#3594,3.);
#585=CIRCLE('',#3595,3.);
#586=CIRCLE('',#3596,1.75000000000001);
#587=CIRCLE('',#3598,3.);
#588=CIRCLE('',#3599,3.);
#589=CIRCLE('',#3600,1.75000000000001);
#590=CIRCLE('',#3606,2.5);
#591=CIRCLE('',#3613,2.5);
#592=CIRCLE('',#3616,2.5);
#593=CIRCLE('',#3619,2.5);
#594=CIRCLE('',#3625,2.5);
#595=CIRCLE('',#3628,2.5);
#596=CIRCLE('',#3629,1.75000000000001);
#597=CIRCLE('',#3632,1.75000000000001);
#598=CIRCLE('',#3637,2.5);
#599=CIRCLE('',#3638,2.5);
#600=CIRCLE('',#3641,2.5);
#601=CIRCLE('',#3642,2.5);
#602=CIRCLE('',#3644,3.);
#603=CIRCLE('',#3645,3.);
#604=CIRCLE('',#3647,2.);
#605=CIRCLE('',#3648,2.);
#606=CIRCLE('',#3650,2.5);
#607=CIRCLE('',#3651,2.5);
#608=CIRCLE('',#3653,2.);
#609=CIRCLE('',#3654,2.);
#610=CIRCLE('',#3656,2.99999999999998);
#611=CIRCLE('',#3658,2.);
#612=CIRCLE('',#3659,2.);
#613=CIRCLE('',#3661,2.5);
#614=CIRCLE('',#3662,2.5);
#615=CIRCLE('',#3664,2.);
#616=CIRCLE('',#3665,2.);
#617=CIRCLE('',#3667,2.5);
#618=CIRCLE('',#3668,2.5);
#619=CIRCLE('',#3670,2.5);
#620=CIRCLE('',#3671,2.5);
#621=CIRCLE('',#3673,1.5);
#622=CIRCLE('',#3674,1.5);
#623=CIRCLE('',#3678,2.5);
#624=CIRCLE('',#3679,2.5);
#625=CIRCLE('',#3681,2.5);
#626=CIRCLE('',#3682,2.5);
#627=CIRCLE('',#3684,1.5);
#628=CIRCLE('',#3685,1.5);
#629=CIRCLE('',#3698,1.5);
#630=CIRCLE('',#3699,1.5);
#631=CIRCLE('',#3700,1.5);
#632=CIRCLE('',#3716,1.5);
#633=CIRCLE('',#3718,1.5);
#634=CIRCLE('',#3721,1.5);
#635=CIRCLE('',#3726,2.);
#636=CIRCLE('',#3728,2.);
#637=CIRCLE('',#3729,2.);
#638=CIRCLE('',#3730,1.5);
#639=CIRCLE('',#3731,1.5);
#640=CIRCLE('',#3733,2.);
#641=CIRCLE('',#3735,2.);
#642=CIRCLE('',#3736,2.);
#643=CIRCLE('',#3737,1.5);
#644=CIRCLE('',#3738,1.5);
#645=CIRCLE('',#3740,2.);
#646=CIRCLE('',#3741,1.5);
#647=CIRCLE('',#3744,2.);
#648=CIRCLE('',#3745,1.5);
#649=CIRCLE('',#3755,1.99999999999999);
#650=CIRCLE('',#3756,4.);
#651=CIRCLE('',#3757,1.99999999999999);
#652=CIRCLE('',#3758,4.52400000000002);
#653=CIRCLE('',#3759,2.);
#654=CIRCLE('',#3760,3.);
#655=CIRCLE('',#3761,2.);
#656=CIRCLE('',#3762,2.25);
#657=CIRCLE('',#3763,1.49999999999999);
#658=CIRCLE('',#3764,3.5);
#659=CIRCLE('',#3766,2.25);
#660=CIRCLE('',#3767,4.524);
#661=CIRCLE('',#3768,2.00000000000004);
#662=CIRCLE('',#3769,4.);
#663=CIRCLE('',#3770,2.);
#664=CIRCLE('',#3771,3.5);
#665=CIRCLE('',#3773,1.);
#666=CIRCLE('',#3774,1.);
#667=CIRCLE('',#3776,3.);
#668=CIRCLE('',#3777,3.);
#669=CIRCLE('',#3779,1.);
#670=CIRCLE('',#3780,1.);
#671=CIRCLE('',#3782,1.);
#672=CIRCLE('',#3783,1.);
#673=CIRCLE('',#3785,3.);
#674=CIRCLE('',#3786,3.);
#675=CIRCLE('',#3788,1.);
#676=CIRCLE('',#3789,1.);
#677=CIRCLE('',#3791,1.5);
#678=CIRCLE('',#3792,1.5);
#679=CIRCLE('',#3794,1.5);
#680=CIRCLE('',#3795,1.5);
#681=CIRCLE('',#3797,3.5);
#682=CIRCLE('',#3799,1.39999999999999);
#683=CIRCLE('',#3801,3.5);
#684=CIRCLE('',#3803,1.40000000000001);
#685=CIRCLE('',#3805,3.5);
#686=CIRCLE('',#3807,1.4);
#687=CIRCLE('',#3809,3.5);
#688=CIRCLE('',#3811,1.4);
#689=CIRCLE('',#3813,2.);
#690=CIRCLE('',#3815,3.);
#691=CIRCLE('',#3817,2.);
#692=CIRCLE('',#3820,1.4);
#693=CIRCLE('',#3822,1.4);
#694=CIRCLE('',#3825,3.00000000000002);
#695=CIRCLE('',#3828,3.00000000000002);
#696=CIRCLE('',#3831,2.99999999999999);
#697=CIRCLE('',#3834,2.99999999999998);
#698=CIRCLE('',#3836,0.689999999999991);
#699=CIRCLE('',#3843,1.99999999999999);
#700=CIRCLE('',#3846,4.);
#701=CIRCLE('',#3849,1.99999999999994);
#702=CIRCLE('',#3852,1.99999999999999);
#703=CIRCLE('',#3855,4.);
#704=CIRCLE('',#3858,1.99999999999999);
#705=CIRCLE('',#3865,2.);
#706=CIRCLE('',#3868,4.);
#707=CIRCLE('',#3871,2.00000000000004);
#708=CIRCLE('',#3874,2.00000000000001);
#709=CIRCLE('',#3877,4.);
#710=CIRCLE('',#3880,2.00000000000001);
#711=CIRCLE('',#3883,0.69);
#712=CIRCLE('',#3886,2.);
#713=CIRCLE('',#3889,1.40000000000001);
#714=CIRCLE('',#3891,1.49999999999999);
#715=CIRCLE('',#3893,1.39999999999999);
#716=CIRCLE('',#3896,4.524);
#717=CIRCLE('',#3899,2.25);
#718=CIRCLE('',#3902,2.25);
#719=CIRCLE('',#3905,4.52400000000002);
#720=CIRCLE('',#3908,4.52400000000003);
#721=CIRCLE('',#3911,3.00000000000002);
#722=CIRCLE('',#3914,2.99999999999998);
#723=CIRCLE('',#3917,5.3);
#724=LINE('',#4982,#1038);
#725=LINE('',#4986,#1039);
#726=LINE('',#4999,#1040);
#727=LINE('',#5003,#1041);
#728=LINE('',#5007,#1042);
#729=LINE('',#5011,#1043);
#730=LINE('',#5015,#1044);
#731=LINE('',#5017,#1045);
#732=LINE('',#5019,#1046);
#733=LINE('',#5023,#1047);
#734=LINE('',#5027,#1048);
#735=LINE('',#5031,#1049);
#736=LINE('',#5033,#1050);
#737=LINE('',#5035,#1051);
#738=LINE('',#5037,#1052);
#739=LINE('',#5039,#1053);
#740=LINE('',#5043,#1054);
#741=LINE('',#5047,#1055);
#742=LINE('',#5051,#1056);
#743=LINE('',#5055,#1057);
#744=LINE('',#5059,#1058);
#745=LINE('',#5063,#1059);
#746=LINE('',#5065,#1060);
#747=LINE('',#5067,#1061);
#748=LINE('',#5071,#1062);
#749=LINE('',#5075,#1063);
#750=LINE('',#5077,#1064);
#751=LINE('',#5079,#1065);
#752=LINE('',#5083,#1066);
#753=LINE('',#5086,#1067);
#754=LINE('',#5095,#1068);
#755=LINE('',#5097,#1069);
#756=LINE('',#5098,#1070);
#757=LINE('',#5115,#1071);
#758=LINE('',#5118,#1072);
#759=LINE('',#5124,#1073);
#760=LINE('',#5135,#1074);
#761=LINE('',#5137,#1075);
#762=LINE('',#5139,#1076);
#763=LINE('',#5143,#1077);
#764=LINE('',#5147,#1078);
#765=LINE('',#5150,#1079);
#766=LINE('',#5154,#1080);
#767=LINE('',#5158,#1081);
#768=LINE('',#5160,#1082);
#769=LINE('',#5163,#1083);
#770=LINE('',#5165,#1084);
#771=LINE('',#5167,#1085);
#772=LINE('',#5168,#1086);
#773=LINE('',#5175,#1087);
#774=LINE('',#5183,#1088);
#775=LINE('',#5187,#1089);
#776=LINE('',#5191,#1090);
#777=LINE('',#5198,#1091);
#778=LINE('',#5201,#1092);
#779=LINE('',#5203,#1093);
#780=LINE('',#5204,#1094);
#781=LINE('',#5207,#1095);
#782=LINE('',#5209,#1096);
#783=LINE('',#5213,#1097);
#784=LINE('',#5217,#1098);
#785=LINE('',#5221,#1099);
#786=LINE('',#5222,#1100);
#787=LINE('',#5226,#1101);
#788=LINE('',#5232,#1102);
#789=LINE('',#5235,#1103);
#790=LINE('',#5238,#1104);
#791=LINE('',#5239,#1105);
#792=LINE('',#5241,#1106);
#793=LINE('',#5242,#1107);
#794=LINE('',#5245,#1108);
#795=LINE('',#5249,#1109);
#796=LINE('',#5253,#1110);
#797=LINE('',#5254,#1111);
#798=LINE('',#5259,#1112);
#799=LINE('',#5260,#1113);
#800=LINE('',#5263,#1114);
#801=LINE('',#5264,#1115);
#802=LINE('',#5267,#1116);
#803=LINE('',#5269,#1117);
#804=LINE('',#5271,#1118);
#805=LINE('',#5273,#1119);
#806=LINE('',#5277,#1120);
#807=LINE('',#5281,#1121);
#808=LINE('',#5283,#1122);
#809=LINE('',#5285,#1123);
#810=LINE('',#5288,#1124);
#811=LINE('',#5289,#1125);
#812=LINE('',#5295,#1126);
#813=LINE('',#5298,#1127);
#814=LINE('',#5301,#1128);
#815=LINE('',#5303,#1129);
#816=LINE('',#5304,#1130);
#817=LINE('',#5306,#1131);
#818=LINE('',#5308,#1132);
#819=LINE('',#5309,#1133);
#820=LINE('',#5314,#1134);
#821=LINE('',#5324,#1135);
#822=LINE('',#5327,#1136);
#823=LINE('',#5332,#1137);
#824=LINE('',#5339,#1138);
#825=LINE('',#5342,#1139);
#826=LINE('',#5344,#1140);
#827=LINE('',#5346,#1141);
#828=LINE('',#5353,#1142);
#829=LINE('',#5356,#1143);
#830=LINE('',#5390,#1144);
#831=LINE('',#5415,#1145);
#832=LINE('',#5429,#1146);
#833=LINE('',#5453,#1147);
#834=LINE('',#5469,#1148);
#835=LINE('',#5500,#1149);
#836=LINE('',#5525,#1150);
#837=LINE('',#5539,#1151);
#838=LINE('',#5563,#1152);
#839=LINE('',#5579,#1153);
#840=LINE('',#5585,#1154);
#841=LINE('',#5587,#1155);
#842=LINE('',#5588,#1156);
#843=LINE('',#5591,#1157);
#844=LINE('',#5595,#1158);
#845=LINE('',#5597,#1159);
#846=LINE('',#5598,#1160);
#847=LINE('',#5601,#1161);
#848=LINE('',#5604,#1162);
#849=LINE('',#5605,#1163);
#850=LINE('',#5607,#1164);
#851=LINE('',#5608,#1165);
#852=LINE('',#5611,#1166);
#853=LINE('',#5612,#1167);
#854=LINE('',#5615,#1168);
#855=LINE('',#5617,#1169);
#856=LINE('',#5618,#1170);
#857=LINE('',#5619,#1171);
#858=LINE('',#5620,#1172);
#859=LINE('',#5622,#1173);
#860=LINE('',#5623,#1174);
#861=LINE('',#5635,#1175);
#862=LINE('',#5636,#1176);
#863=LINE('',#5641,#1177);
#864=LINE('',#5642,#1178);
#865=LINE('',#5645,#1179);
#866=LINE('',#5646,#1180);
#867=LINE('',#5653,#1181);
#868=LINE('',#5657,#1182);
#869=LINE('',#5660,#1183);
#870=LINE('',#5664,#1184);
#871=LINE('',#5671,#1185);
#872=LINE('',#5678,#1186);
#873=LINE('',#5685,#1187);
#874=LINE('',#5692,#1188);
#875=LINE('',#5700,#1189);
#876=LINE('',#5703,#1190);
#877=LINE('',#5708,#1191);
#878=LINE('',#5711,#1192);
#879=LINE('',#5715,#1193);
#880=LINE('',#5717,#1194);
#881=LINE('',#5719,#1195);
#882=LINE('',#5720,#1196);
#883=LINE('',#5724,#1197);
#884=LINE('',#5726,#1198);
#885=LINE('',#5728,#1199);
#886=LINE('',#5729,#1200);
#887=LINE('',#5731,#1201);
#888=LINE('',#5732,#1202);
#889=LINE('',#5734,#1203);
#890=LINE('',#5737,#1204);
#891=LINE('',#5739,#1205);
#892=LINE('',#5741,#1206);
#893=LINE('',#5743,#1207);
#894=LINE('',#5745,#1208);
#895=LINE('',#5747,#1209);
#896=LINE('',#5749,#1210);
#897=LINE('',#5751,#1211);
#898=LINE('',#5752,#1212);
#899=LINE('',#5756,#1213);
#900=LINE('',#5757,#1214);
#901=LINE('',#5758,#1215);
#902=LINE('',#5762,#1216);
#903=LINE('',#5763,#1217);
#904=LINE('',#5764,#1218);
#905=LINE('',#5767,#1219);
#906=LINE('',#5771,#1220);
#907=LINE('',#5775,#1221);
#908=LINE('',#5779,#1222);
#909=LINE('',#5781,#1223);
#910=LINE('',#5783,#1224);
#911=LINE('',#5787,#1225);
#912=LINE('',#5795,#1226);
#913=LINE('',#5805,#1227);
#914=LINE('',#5809,#1228);
#915=LINE('',#5811,#1229);
#916=LINE('',#5813,#1230);
#917=LINE('',#5817,#1231);
#918=LINE('',#5821,#1232);
#919=LINE('',#5824,#1233);
#920=LINE('',#5831,#1234);
#921=LINE('',#5837,#1235);
#922=LINE('',#5846,#1236);
#923=LINE('',#5852,#1237);
#924=LINE('',#5861,#1238);
#925=LINE('',#5867,#1239);
#926=LINE('',#5872,#1240);
#927=LINE('',#5879,#1241);
#928=LINE('',#5886,#1242);
#929=LINE('',#5893,#1243);
#930=LINE('',#5901,#1244);
#931=LINE('',#5902,#1245);
#932=LINE('',#5906,#1246);
#933=LINE('',#5910,#1247);
#934=LINE('',#5913,#1248);
#935=LINE('',#5914,#1249);
#936=LINE('',#5917,#1250);
#937=LINE('',#5921,#1251);
#938=LINE('',#5926,#1252);
#939=LINE('',#5927,#1253);
#940=LINE('',#5928,#1254);
#941=LINE('',#5932,#1255);
#942=LINE('',#5935,#1256);
#943=LINE('',#5936,#1257);
#944=LINE('',#5940,#1258);
#945=LINE('',#5943,#1259);
#946=LINE('',#5944,#1260);
#947=LINE('',#5948,#1261);
#948=LINE('',#5951,#1262);
#949=LINE('',#5952,#1263);
#950=LINE('',#5959,#1264);
#951=LINE('',#5960,#1265);
#952=LINE('',#5963,#1266);
#953=LINE('',#5964,#1267);
#954=LINE('',#5967,#1268);
#955=LINE('',#5968,#1269);
#956=LINE('',#5971,#1270);
#957=LINE('',#5972,#1271);
#958=LINE('',#5975,#1272);
#959=LINE('',#5976,#1273);
#960=LINE('',#5979,#1274);
#961=LINE('',#5980,#1275);
#962=LINE('',#5984,#1276);
#963=LINE('',#5987,#1277);
#964=LINE('',#5988,#1278);
#965=LINE('',#5992,#1279);
#966=LINE('',#5995,#1280);
#967=LINE('',#5996,#1281);
#968=LINE('',#6000,#1282);
#969=LINE('',#6003,#1283);
#970=LINE('',#6004,#1284);
#971=LINE('',#6008,#1285);
#972=LINE('',#6011,#1286);
#973=LINE('',#6012,#1287);
#974=LINE('',#6016,#1288);
#975=LINE('',#6019,#1289);
#976=LINE('',#6020,#1290);
#977=LINE('',#6024,#1291);
#978=LINE('',#6027,#1292);
#979=LINE('',#6028,#1293);
#980=LINE('',#6031,#1294);
#981=LINE('',#6032,#1295);
#982=LINE('',#6033,#1296);
#983=LINE('',#6035,#1297);
#984=LINE('',#6037,#1298);
#985=LINE('',#6038,#1299);
#986=LINE('',#6041,#1300);
#987=LINE('',#6042,#1301);
#988=LINE('',#6045,#1302);
#989=LINE('',#6046,#1303);
#990=LINE('',#6050,#1304);
#991=LINE('',#6053,#1305);
#992=LINE('',#6054,#1306);
#993=LINE('',#6058,#1307);
#994=LINE('',#6061,#1308);
#995=LINE('',#6062,#1309);
#996=LINE('',#6066,#1310);
#997=LINE('',#6069,#1311);
#998=LINE('',#6070,#1312);
#999=LINE('',#6074,#1313);
#1000=LINE('',#6077,#1314);
#1001=LINE('',#6078,#1315);
#1002=LINE('',#6082,#1316);
#1003=LINE('',#6085,#1317);
#1004=LINE('',#6086,#1318);
#1005=LINE('',#6090,#1319);
#1006=LINE('',#6093,#1320);
#1007=LINE('',#6094,#1321);
#1008=LINE('',#6098,#1322);
#1009=LINE('',#6101,#1323);
#1010=LINE('',#6102,#1324);
#1011=LINE('',#6106,#1325);
#1012=LINE('',#6108,#1326);
#1013=LINE('',#6111,#1327);
#1014=LINE('',#6115,#1328);
#1015=LINE('',#6119,#1329);
#1016=LINE('',#6123,#1330);
#1017=LINE('',#6125,#1331);
#1018=LINE('',#6126,#1332);
#1019=LINE('',#6130,#1333);
#1020=LINE('',#6133,#1334);
#1021=LINE('',#6134,#1335);
#1022=LINE('',#6138,#1336);
#1023=LINE('',#6141,#1337);
#1024=LINE('',#6142,#1338);
#1025=LINE('',#6147,#1339);
#1026=LINE('',#6148,#1340);
#1027=LINE('',#6152,#1341);
#1028=LINE('',#6155,#1342);
#1029=LINE('',#6156,#1343);
#1030=LINE('',#6160,#1344);
#1031=LINE('',#6163,#1345);
#1032=LINE('',#6164,#1346);
#1033=LINE('',#6168,#1347);
#1034=LINE('',#6170,#1348);
#1035=LINE('',#6174,#1349);
#1036=LINE('',#6177,#1350);
#1037=LINE('',#6178,#1351);
#1038=VECTOR('',#3923,10.);
#1039=VECTOR('',#3926,10.);
#1040=VECTOR('',#3931,10.);
#1041=VECTOR('',#3934,10.);
#1042=VECTOR('',#3939,10.);
#1043=VECTOR('',#3942,10.);
#1044=VECTOR('',#3945,10.);
#1045=VECTOR('',#3946,10.);
#1046=VECTOR('',#3947,10.);
#1047=VECTOR('',#3950,10.);
#1048=VECTOR('',#3953,10.);
#1049=VECTOR('',#3956,10.);
#1050=VECTOR('',#3957,10.);
#1051=VECTOR('',#3958,10.);
#1052=VECTOR('',#3959,10.);
#1053=VECTOR('',#3960,10.);
#1054=VECTOR('',#3963,10.);
#1055=VECTOR('',#3966,10.);
#1056=VECTOR('',#3969,10.);
#1057=VECTOR('',#3972,10.);
#1058=VECTOR('',#3975,10.);
#1059=VECTOR('',#3978,10.);
#1060=VECTOR('',#3979,10.);
#1061=VECTOR('',#3980,10.);
#1062=VECTOR('',#3983,10.);
#1063=VECTOR('',#3986,10.);
#1064=VECTOR('',#3987,10.);
#1065=VECTOR('',#3988,10.);
#1066=VECTOR('',#3991,10.);
#1067=VECTOR('',#3994,10.);
#1068=VECTOR('',#4003,10.);
#1069=VECTOR('',#4004,10.);
#1070=VECTOR('',#4005,10.);
#1071=VECTOR('',#4010,10.);
#1072=VECTOR('',#4013,10.);
#1073=VECTOR('',#4020,10.);
#1074=VECTOR('',#4023,10.);
#1075=VECTOR('',#4024,10.);
#1076=VECTOR('',#4025,10.);
#1077=VECTOR('',#4028,10.);
#1078=VECTOR('',#4031,10.);
#1079=VECTOR('',#4034,10.);
#1080=VECTOR('',#4037,10.);
#1081=VECTOR('',#4040,10.);
#1082=VECTOR('',#4043,10.);
#1083=VECTOR('',#4046,10.);
#1084=VECTOR('',#4047,10.);
#1085=VECTOR('',#4048,10.);
#1086=VECTOR('',#4049,10.);
#1087=VECTOR('',#4056,2.375);
#1088=VECTOR('',#4065,2.375);
#1089=VECTOR('',#4070,3.);
#1090=VECTOR('',#4075,3.);
#1091=VECTOR('',#4084,10.);
#1092=VECTOR('',#4087,10.);
#1093=VECTOR('',#4088,10.);
#1094=VECTOR('',#4089,10.);
#1095=VECTOR('',#4092,10.);
#1096=VECTOR('',#4093,10.);
#1097=VECTOR('',#4096,10.);
#1098=VECTOR('',#4101,10.);
#1099=VECTOR('',#4106,10.);
#1100=VECTOR('',#4107,10.);
#1101=VECTOR('',#4112,10.);
#1102=VECTOR('',#4117,10.);
#1103=VECTOR('',#4120,10.);
#1104=VECTOR('',#4123,10.);
#1105=VECTOR('',#4124,10.);
#1106=VECTOR('',#4125,10.);
#1107=VECTOR('',#4126,10.);
#1108=VECTOR('',#4129,10.);
#1109=VECTOR('',#4132,10.);
#1110=VECTOR('',#4135,10.);
#1111=VECTOR('',#4136,10.);
#1112=VECTOR('',#4141,10.);
#1113=VECTOR('',#4142,10.);
#1114=VECTOR('',#4145,10.);
#1115=VECTOR('',#4146,10.);
#1116=VECTOR('',#4149,10.);
#1117=VECTOR('',#4150,10.);
#1118=VECTOR('',#4151,10.);
#1119=VECTOR('',#4154,10.);
#1120=VECTOR('',#4159,10.);
#1121=VECTOR('',#4164,1.75000000000001);
#1122=VECTOR('',#4167,1.75000000000001);
#1123=VECTOR('',#4170,10.);
#1124=VECTOR('',#4173,10.);
#1125=VECTOR('',#4174,10.);
#1126=VECTOR('',#4179,10.);
#1127=VECTOR('',#4182,10.);
#1128=VECTOR('',#4185,10.);
#1129=VECTOR('',#4186,10.);
#1130=VECTOR('',#4187,10.);
#1131=VECTOR('',#4188,10.);
#1132=VECTOR('',#4189,10.);
#1133=VECTOR('',#4190,10.);
#1134=VECTOR('',#4195,10.);
#1135=VECTOR('',#4208,10.);
#1136=VECTOR('',#4211,10.);
#1137=VECTOR('',#4216,10.);
#1138=VECTOR('',#4223,10.);
#1139=VECTOR('',#4226,10.);
#1140=VECTOR('',#4229,10.);
#1141=VECTOR('',#4230,10.);
#1142=VECTOR('',#4237,10.);
#1143=VECTOR('',#4240,10.);
#1144=VECTOR('',#4257,10.);
#1145=VECTOR('',#4260,10.);
#1146=VECTOR('',#4263,10.);
#1147=VECTOR('',#4266,10.);
#1148=VECTOR('',#4273,1.5);
#1149=VECTOR('',#4284,10.);
#1150=VECTOR('',#4287,10.);
#1151=VECTOR('',#4290,10.);
#1152=VECTOR('',#4293,10.);
#1153=VECTOR('',#4300,1.5);
#1154=VECTOR('',#4309,10.);
#1155=VECTOR('',#4310,10.);
#1156=VECTOR('',#4311,10.);
#1157=VECTOR('',#4314,10.);
#1158=VECTOR('',#4319,10.);
#1159=VECTOR('',#4320,10.);
#1160=VECTOR('',#4321,10.);
#1161=VECTOR('',#4324,10.);
#1162=VECTOR('',#4329,10.);
#1163=VECTOR('',#4330,10.);
#1164=VECTOR('',#4333,10.);
#1165=VECTOR('',#4334,10.);
#1166=VECTOR('',#4337,10.);
#1167=VECTOR('',#4338,10.);
#1168=VECTOR('',#4341,10.);
#1169=VECTOR('',#4342,10.);
#1170=VECTOR('',#4343,10.);
#1171=VECTOR('',#4344,10.);
#1172=VECTOR('',#4345,10.);
#1173=VECTOR('',#4346,10.);
#1174=VECTOR('',#4347,10.);
#1175=VECTOR('',#4362,10.);
#1176=VECTOR('',#4363,10.);
#1177=VECTOR('',#4372,10.);
#1178=VECTOR('',#4373,10.);
#1179=VECTOR('',#4378,10.);
#1180=VECTOR('',#4379,10.);
#1181=VECTOR('',#4390,1.5);
#1182=VECTOR('',#4395,1.5);
#1183=VECTOR('',#4400,10.);
#1184=VECTOR('',#4405,1.5);
#1185=VECTOR('',#4414,10.);
#1186=VECTOR('',#4423,1.75);
#1187=VECTOR('',#4430,10.);
#1188=VECTOR('',#4439,1.75);
#1189=VECTOR('',#4448,1.75);
#1190=VECTOR('',#4453,1.5);
#1191=VECTOR('',#4458,1.75);
#1192=VECTOR('',#4463,1.5);
#1193=VECTOR('',#4466,10.);
#1194=VECTOR('',#4467,10.);
#1195=VECTOR('',#4468,10.);
#1196=VECTOR('',#4469,10.);
#1197=VECTOR('',#4472,10.);
#1198=VECTOR('',#4473,10.);
#1199=VECTOR('',#4474,10.);
#1200=VECTOR('',#4475,10.);
#1201=VECTOR('',#4478,10.);
#1202=VECTOR('',#4479,10.);
#1203=VECTOR('',#4482,10.);
#1204=VECTOR('',#4485,10.);
#1205=VECTOR('',#4486,10.);
#1206=VECTOR('',#4487,10.);
#1207=VECTOR('',#4488,10.);
#1208=VECTOR('',#4489,10.);
#1209=VECTOR('',#4490,10.);
#1210=VECTOR('',#4491,10.);
#1211=VECTOR('',#4492,10.);
#1212=VECTOR('',#4493,10.);
#1213=VECTOR('',#4496,10.);
#1214=VECTOR('',#4497,10.);
#1215=VECTOR('',#4498,10.);
#1216=VECTOR('',#4501,10.);
#1217=VECTOR('',#4502,10.);
#1218=VECTOR('',#4503,10.);
#1219=VECTOR('',#4506,10.);
#1220=VECTOR('',#4509,10.);
#1221=VECTOR('',#4512,10.);
#1222=VECTOR('',#4515,10.);
#1223=VECTOR('',#4516,10.);
#1224=VECTOR('',#4517,10.);
#1225=VECTOR('',#4520,10.);
#1226=VECTOR('',#4527,10.);
#1227=VECTOR('',#4538,10.);
#1228=VECTOR('',#4541,10.);
#1229=VECTOR('',#4542,10.);
#1230=VECTOR('',#4543,10.);
#1231=VECTOR('',#4546,10.);
#1232=VECTOR('',#4549,10.);
#1233=VECTOR('',#4552,10.);
#1234=VECTOR('',#4559,10.);
#1235=VECTOR('',#4566,10.);
#1236=VECTOR('',#4579,10.);
#1237=VECTOR('',#4586,10.);
#1238=VECTOR('',#4599,1.5);
#1239=VECTOR('',#4606,1.5);
#1240=VECTOR('',#4613,3.5);
#1241=VECTOR('',#4622,3.5);
#1242=VECTOR('',#4631,3.5);
#1243=VECTOR('',#4640,3.5);
#1244=VECTOR('',#4649,10.);
#1245=VECTOR('',#4650,10.);
#1246=VECTOR('',#4655,10.);
#1247=VECTOR('',#4660,10.);
#1248=VECTOR('',#4663,10.);
#1249=VECTOR('',#4664,10.);
#1250=VECTOR('',#4667,1.4);
#1251=VECTOR('',#4672,1.4);
#1252=VECTOR('',#4677,10.);
#1253=VECTOR('',#4678,10.);
#1254=VECTOR('',#4679,10.);
#1255=VECTOR('',#4684,10.);
#1256=VECTOR('',#4687,10.);
#1257=VECTOR('',#4688,10.);
#1258=VECTOR('',#4693,10.);
#1259=VECTOR('',#4696,10.);
#1260=VECTOR('',#4697,10.);
#1261=VECTOR('',#4702,10.);
#1262=VECTOR('',#4705,10.);
#1263=VECTOR('',#4706,10.);
#1264=VECTOR('',#4715,10.);
#1265=VECTOR('',#4716,10.);
#1266=VECTOR('',#4719,10.);
#1267=VECTOR('',#4720,10.);
#1268=VECTOR('',#4723,10.);
#1269=VECTOR('',#4724,10.);
#1270=VECTOR('',#4727,10.);
#1271=VECTOR('',#4728,10.);
#1272=VECTOR('',#4731,10.);
#1273=VECTOR('',#4732,10.);
#1274=VECTOR('',#4735,10.);
#1275=VECTOR('',#4736,10.);
#1276=VECTOR('',#4741,10.);
#1277=VECTOR('',#4744,10.);
#1278=VECTOR('',#4745,10.);
#1279=VECTOR('',#4750,10.);
#1280=VECTOR('',#4753,10.);
#1281=VECTOR('',#4754,10.);
#1282=VECTOR('',#4759,10.);
#1283=VECTOR('',#4762,10.);
#1284=VECTOR('',#4763,10.);
#1285=VECTOR('',#4768,10.);
#1286=VECTOR('',#4771,10.);
#1287=VECTOR('',#4772,10.);
#1288=VECTOR('',#4777,10.);
#1289=VECTOR('',#4780,10.);
#1290=VECTOR('',#4781,10.);
#1291=VECTOR('',#4786,10.);
#1292=VECTOR('',#4789,10.);
#1293=VECTOR('',#4790,10.);
#1294=VECTOR('',#4793,10.);
#1295=VECTOR('',#4794,10.);
#1296=VECTOR('',#4795,10.);
#1297=VECTOR('',#4798,10.);
#1298=VECTOR('',#4799,10.);
#1299=VECTOR('',#4800,10.);
#1300=VECTOR('',#4803,10.);
#1301=VECTOR('',#4804,10.);
#1302=VECTOR('',#4807,10.);
#1303=VECTOR('',#4808,10.);
#1304=VECTOR('',#4813,10.);
#1305=VECTOR('',#4816,10.);
#1306=VECTOR('',#4817,10.);
#1307=VECTOR('',#4822,10.);
#1308=VECTOR('',#4825,10.);
#1309=VECTOR('',#4826,10.);
#1310=VECTOR('',#4831,10.);
#1311=VECTOR('',#4834,10.);
#1312=VECTOR('',#4835,10.);
#1313=VECTOR('',#4840,10.);
#1314=VECTOR('',#4843,10.);
#1315=VECTOR('',#4844,10.);
#1316=VECTOR('',#4849,10.);
#1317=VECTOR('',#4852,10.);
#1318=VECTOR('',#4853,10.);
#1319=VECTOR('',#4858,10.);
#1320=VECTOR('',#4861,10.);
#1321=VECTOR('',#4862,10.);
#1322=VECTOR('',#4867,10.);
#1323=VECTOR('',#4870,10.);
#1324=VECTOR('',#4871,10.);
#1325=VECTOR('',#4876,10.);
#1326=VECTOR('',#4879,10.);
#1327=VECTOR('',#4882,1.40000000000001);
#1328=VECTOR('',#4887,1.49999999999999);
#1329=VECTOR('',#4892,1.39999999999999);
#1330=VECTOR('',#4897,10.);
#1331=VECTOR('',#4898,10.);
#1332=VECTOR('',#4899,10.);
#1333=VECTOR('',#4904,10.);
#1334=VECTOR('',#4907,10.);
#1335=VECTOR('',#4908,10.);
#1336=VECTOR('',#4913,10.);
#1337=VECTOR('',#4916,10.);
#1338=VECTOR('',#4917,10.);
#1339=VECTOR('',#4924,10.);
#1340=VECTOR('',#4925,10.);
#1341=VECTOR('',#4930,10.);
#1342=VECTOR('',#4933,10.);
#1343=VECTOR('',#4934,10.);
#1344=VECTOR('',#4939,10.);
#1345=VECTOR('',#4942,10.);
#1346=VECTOR('',#4943,10.);
#1347=VECTOR('',#4948,10.);
#1348=VECTOR('',#4951,10.);
#1349=VECTOR('',#4956,10.);
#1350=VECTOR('',#4959,10.);
#1351=VECTOR('',#4960,10.);
#1352=B_SPLINE_CURVE_WITH_KNOTS('',3,(#4971,#4972,#4973,#4974,#4975,#4976,
#4977,#4978,#4979,#4980),.UNSPECIFIED.,.F.,.F.,(4,2,2,2,4),(0.142312606861825,
0.142639092902142,0.285278185804285,0.382009107484976,0.478740029165667),
 .UNSPECIFIED.);
#1353=B_SPLINE_CURVE_WITH_KNOTS('',3,(#4990,#4991,#4992,#4993,#4994,#4995,
#4996,#4997),.UNSPECIFIED.,.F.,.F.,(4,2,2,4),(1.94063345442008,1.98260585879466,
2.05318301459749,2.09916404119331),.UNSPECIFIED.);
#1354=B_SPLINE_CURVE_WITH_KNOTS('',3,(#5102,#5103,#5104,#5105,#5106,#5107,
#5108,#5109,#5110,#5111),.UNSPECIFIED.,.F.,.F.,(4,2,2,2,4),(1.2583778941457,
1.35510881582639,1.45183973750708,1.59447883040922,1.59480531644954),
 .UNSPECIFIED.);
#1355=B_SPLINE_CURVE_WITH_KNOTS('',3,(#5125,#5126,#5127,#5128,#5129,#5130,
#5131,#5132),.UNSPECIFIED.,.F.,.F.,(4,2,2,4),(0.829469274852405,0.87545030144873,
0.946027457251563,0.987999861626231),.UNSPECIFIED.);
#1356=B_SPLINE_CURVE_WITH_KNOTS('',3,(#5366,#5367,#5368,#5369,#5370,#5371,
#5372,#5373,#5374,#5375),.UNSPECIFIED.,.F.,.F.,(4,2,2,2,4),(0.699495542434742,
0.757598178124629,0.815700813814515,0.874180768530419,0.932660723246323),
 .UNSPECIFIED.);
#1357=B_SPLINE_CURVE_WITH_KNOTS('',3,(#5379,#5380,#5381,#5382,#5383,#5384,
#5385,#5386,#5387,#5388),.UNSPECIFIED.,.F.,.F.,(4,2,2,2,4),(0.466330361623164,
0.524810316339068,0.583290271054972,0.641392906744858,0.699495542434745),
 .UNSPECIFIED.);
#1358=B_SPLINE_CURVE_WITH_KNOTS('',3,(#5392,#5393,#5394,#5395,#5396,#5397,
#5398,#5399,#5400,#5401),.UNSPECIFIED.,.F.,.F.,(4,2,2,2,4),(0.233165180811581,
0.291267816501467,0.349370452191354,0.407850406907258,0.466330361623162),
 .UNSPECIFIED.);
#1359=B_SPLINE_CURVE_WITH_KNOTS('',3,(#5405,#5406,#5407,#5408,#5409,#5410,
#5411,#5412,#5413,#5414),.UNSPECIFIED.,.F.,.F.,(4,2,2,2,4),(0.466330361623162,
0.524810316339065,0.583290271054969,0.641392906744856,0.699495542434743),
 .UNSPECIFIED.);
#1360=B_SPLINE_CURVE_WITH_KNOTS('',3,(#5418,#5419,#5420,#5421,#5422,#5423,
#5424,#5425,#5426,#5427),.UNSPECIFIED.,.F.,.F.,(4,2,2,2,4),(0.466330361623162,
0.524810316339066,0.58329027105497,0.641392906744856,0.699495542434742),
 .UNSPECIFIED.);
#1361=B_SPLINE_CURVE_WITH_KNOTS('',3,(#5430,#5431,#5432,#5433,#5434,#5435,
#5436,#5437,#5438,#5439),.UNSPECIFIED.,.F.,.F.,(4,2,2,2,4),(0.233165180811581,
0.291267816501467,0.349370452191354,0.407850406907258,0.466330361623162),
 .UNSPECIFIED.);
#1362=B_SPLINE_CURVE_WITH_KNOTS('',3,(#5442,#5443,#5444,#5445,#5446,#5447,
#5448,#5449,#5450,#5451),.UNSPECIFIED.,.F.,.F.,(4,2,2,2,4),(0.466330361623162,
0.524810316339066,0.58329027105497,0.641392906744856,0.699495542434742),
 .UNSPECIFIED.);
#1363=B_SPLINE_CURVE_WITH_KNOTS('',3,(#5454,#5455,#5456,#5457,#5458,#5459,
#5460,#5461,#5462,#5463),.UNSPECIFIED.,.F.,.F.,(4,2,2,2,4),(0.699495542434743,
0.757598178124629,0.815700813814516,0.874180768530419,0.932660723246324),
 .UNSPECIFIED.);
#1364=B_SPLINE_CURVE_WITH_KNOTS('',3,(#5476,#5477,#5478,#5479,#5480,#5481,
#5482,#5483,#5484,#5485),.UNSPECIFIED.,.F.,.F.,(4,2,2,2,4),(0.233165180811581,
0.291267816501467,0.349370452191354,0.407850406907258,0.466330361623161),
 .UNSPECIFIED.);
#1365=B_SPLINE_CURVE_WITH_KNOTS('',3,(#5489,#5490,#5491,#5492,#5493,#5494,
#5495,#5496,#5497,#5498),.UNSPECIFIED.,.F.,.F.,(4,2,2,2,4),(0.466330361623161,
0.524810316339065,0.583290271054969,0.641392906744855,0.699495542434742),
 .UNSPECIFIED.);
#1366=B_SPLINE_CURVE_WITH_KNOTS('',3,(#5502,#5503,#5504,#5505,#5506,#5507,
#5508,#5509,#5510,#5511),.UNSPECIFIED.,.F.,.F.,(4,2,2,2,4),(0.233165180811581,
0.291267816501467,0.349370452191353,0.407850406907258,0.466330361623163),
 .UNSPECIFIED.);
#1367=B_SPLINE_CURVE_WITH_KNOTS('',3,(#5515,#5516,#5517,#5518,#5519,#5520,
#5521,#5522,#5523,#5524),.UNSPECIFIED.,.F.,.F.,(4,2,2,2,4),(0.932660723246326,
0.991140677962231,1.04962063267814,1.10772326836802,1.16582590405791),
 .UNSPECIFIED.);
#1368=B_SPLINE_CURVE_WITH_KNOTS('',3,(#5528,#5529,#5530,#5531,#5532,#5533,
#5534,#5535,#5536,#5537),.UNSPECIFIED.,.F.,.F.,(4,2,2,2,4),(0.466330361623162,
0.524810316339065,0.583290271054969,0.641392906744856,0.699495542434743),
 .UNSPECIFIED.);
#1369=B_SPLINE_CURVE_WITH_KNOTS('',3,(#5540,#5541,#5542,#5543,#5544,#5545,
#5546,#5547,#5548,#5549),.UNSPECIFIED.,.F.,.F.,(4,2,2,2,4),(0.233165180811581,
0.291267816501468,0.349370452191354,0.407850406907258,0.466330361623162),
 .UNSPECIFIED.);
#1370=B_SPLINE_CURVE_WITH_KNOTS('',3,(#5552,#5553,#5554,#5555,#5556,#5557,
#5558,#5559,#5560,#5561),.UNSPECIFIED.,.F.,.F.,(4,2,2,2,4),(0.932660723246323,
0.991140677962227,1.04962063267813,1.10772326836802,1.1658259040579),
 .UNSPECIFIED.);
#1371=B_SPLINE_CURVE_WITH_KNOTS('',3,(#5564,#5565,#5566,#5567,#5568,#5569,
#5570,#5571,#5572,#5573),.UNSPECIFIED.,.F.,.F.,(4,2,2,2,4),(0.233165180811581,
0.291267816501467,0.349370452191353,0.407850406907257,0.466330361623161),
 .UNSPECIFIED.);
#1372=VERTEX_POINT('',#4969);
#1373=VERTEX_POINT('',#4970);
#1374=VERTEX_POINT('',#4981);
#1375=VERTEX_POINT('',#4983);
#1376=VERTEX_POINT('',#4985);
#1377=VERTEX_POINT('',#4989);
#1378=VERTEX_POINT('',#4998);
#1379=VERTEX_POINT('',#5000);
#1380=VERTEX_POINT('',#5002);
#1381=VERTEX_POINT('',#5006);
#1382=VERTEX_POINT('',#5008);
#1383=VERTEX_POINT('',#5010);
#1384=VERTEX_POINT('',#5012);
#1385=VERTEX_POINT('',#5014);
#1386=VERTEX_POINT('',#5016);
#1387=VERTEX_POINT('',#5018);
#1388=VERTEX_POINT('',#5020);
#1389=VERTEX_POINT('',#5022);
#1390=VERTEX_POINT('',#5024);
#1391=VERTEX_POINT('',#5026);
#1392=VERTEX_POINT('',#5028);
#1393=VERTEX_POINT('',#5030);
#1394=VERTEX_POINT('',#5032);
#1395=VERTEX_POINT('',#5034);
#1396=VERTEX_POINT('',#5036);
#1397=VERTEX_POINT('',#5038);
#1398=VERTEX_POINT('',#5040);
#1399=VERTEX_POINT('',#5042);
#1400=VERTEX_POINT('',#5044);
#1401=VERTEX_POINT('',#5046);
#1402=VERTEX_POINT('',#5048);
#1403=VERTEX_POINT('',#5050);
#1404=VERTEX_POINT('',#5052);
#1405=VERTEX_POINT('',#5054);
#1406=VERTEX_POINT('',#5056);
#1407=VERTEX_POINT('',#5058);
#1408=VERTEX_POINT('',#5060);
#1409=VERTEX_POINT('',#5062);
#1410=VERTEX_POINT('',#5064);
#1411=VERTEX_POINT('',#5066);
#1412=VERTEX_POINT('',#5068);
#1413=VERTEX_POINT('',#5070);
#1414=VERTEX_POINT('',#5072);
#1415=VERTEX_POINT('',#5074);
#1416=VERTEX_POINT('',#5076);
#1417=VERTEX_POINT('',#5078);
#1418=VERTEX_POINT('',#5080);
#1419=VERTEX_POINT('',#5082);
#1420=VERTEX_POINT('',#5084);
#1421=VERTEX_POINT('',#5087);
#1422=VERTEX_POINT('',#5089);
#1423=VERTEX_POINT('',#5092);
#1424=VERTEX_POINT('',#5094);
#1425=VERTEX_POINT('',#5096);
#1426=VERTEX_POINT('',#5100);
#1427=VERTEX_POINT('',#5101);
#1428=VERTEX_POINT('',#5112);
#1429=VERTEX_POINT('',#5114);
#1430=VERTEX_POINT('',#5116);
#1431=VERTEX_POINT('',#5120);
#1432=VERTEX_POINT('',#5122);
#1433=VERTEX_POINT('',#5134);
#1434=VERTEX_POINT('',#5136);
#1435=VERTEX_POINT('',#5138);
#1436=VERTEX_POINT('',#5140);
#1437=VERTEX_POINT('',#5142);
#1438=VERTEX_POINT('',#5144);
#1439=VERTEX_POINT('',#5146);
#1440=VERTEX_POINT('',#5149);
#1441=VERTEX_POINT('',#5151);
#1442=VERTEX_POINT('',#5153);
#1443=VERTEX_POINT('',#5155);
#1444=VERTEX_POINT('',#5157);
#1445=VERTEX_POINT('',#5162);
#1446=VERTEX_POINT('',#5164);
#1447=VERTEX_POINT('',#5166);
#1448=VERTEX_POINT('',#5170);
#1449=VERTEX_POINT('',#5171);
#1450=VERTEX_POINT('',#5174);
#1451=VERTEX_POINT('',#5178);
#1452=VERTEX_POINT('',#5179);
#1453=VERTEX_POINT('',#5182);
#1454=VERTEX_POINT('',#5186);
#1455=VERTEX_POINT('',#5190);
#1456=VERTEX_POINT('',#5194);
#1457=VERTEX_POINT('',#5196);
#1458=VERTEX_POINT('',#5200);
#1459=VERTEX_POINT('',#5202);
#1460=VERTEX_POINT('',#5206);
#1461=VERTEX_POINT('',#5208);
#1462=VERTEX_POINT('',#5210);
#1463=VERTEX_POINT('',#5212);
#1464=VERTEX_POINT('',#5216);
#1465=VERTEX_POINT('',#5220);
#1466=VERTEX_POINT('',#5224);
#1467=VERTEX_POINT('',#5228);
#1468=VERTEX_POINT('',#5229);
#1469=VERTEX_POINT('',#5231);
#1470=VERTEX_POINT('',#5233);
#1471=VERTEX_POINT('',#5237);
#1472=VERTEX_POINT('',#5240);
#1473=VERTEX_POINT('',#5244);
#1474=VERTEX_POINT('',#5246);
#1475=VERTEX_POINT('',#5248);
#1476=VERTEX_POINT('',#5250);
#1477=VERTEX_POINT('',#5252);
#1478=VERTEX_POINT('',#5256);
#1479=VERTEX_POINT('',#5257);
#1480=VERTEX_POINT('',#5262);
#1481=VERTEX_POINT('',#5266);
#1482=VERTEX_POINT('',#5268);
#1483=VERTEX_POINT('',#5270);
#1484=VERTEX_POINT('',#5274);
#1485=VERTEX_POINT('',#5279);
#1486=VERTEX_POINT('',#5287);
#1487=VERTEX_POINT('',#5291);
#1488=VERTEX_POINT('',#5292);
#1489=VERTEX_POINT('',#5294);
#1490=VERTEX_POINT('',#5296);
#1491=VERTEX_POINT('',#5300);
#1492=VERTEX_POINT('',#5302);
#1493=VERTEX_POINT('',#5305);
#1494=VERTEX_POINT('',#5307);
#1495=VERTEX_POINT('',#5311);
#1496=VERTEX_POINT('',#5313);
#1497=VERTEX_POINT('',#5320);
#1498=VERTEX_POINT('',#5321);
#1499=VERTEX_POINT('',#5323);
#1500=VERTEX_POINT('',#5325);
#1501=VERTEX_POINT('',#5329);
#1502=VERTEX_POINT('',#5331);
#1503=VERTEX_POINT('',#5335);
#1504=VERTEX_POINT('',#5336);
#1505=VERTEX_POINT('',#5338);
#1506=VERTEX_POINT('',#5340);
#1507=VERTEX_POINT('',#5345);
#1508=VERTEX_POINT('',#5349);
#1509=VERTEX_POINT('',#5350);
#1510=VERTEX_POINT('',#5352);
#1511=VERTEX_POINT('',#5354);
#1512=VERTEX_POINT('',#5364);
#1513=VERTEX_POINT('',#5365);
#1514=VERTEX_POINT('',#5376);
#1515=VERTEX_POINT('',#5378);
#1516=VERTEX_POINT('',#5389);
#1517=VERTEX_POINT('',#5391);
#1518=VERTEX_POINT('',#5402);
#1519=VERTEX_POINT('',#5404);
#1520=VERTEX_POINT('',#5417);
#1521=VERTEX_POINT('',#5428);
#1522=VERTEX_POINT('',#5441);
#1523=VERTEX_POINT('',#5452);
#1524=VERTEX_POINT('',#5466);
#1525=VERTEX_POINT('',#5468);
#1526=VERTEX_POINT('',#5474);
#1527=VERTEX_POINT('',#5475);
#1528=VERTEX_POINT('',#5486);
#1529=VERTEX_POINT('',#5488);
#1530=VERTEX_POINT('',#5499);
#1531=VERTEX_POINT('',#5501);
#1532=VERTEX_POINT('',#5512);
#1533=VERTEX_POINT('',#5514);
#1534=VERTEX_POINT('',#5527);
#1535=VERTEX_POINT('',#5538);
#1536=VERTEX_POINT('',#5551);
#1537=VERTEX_POINT('',#5562);
#1538=VERTEX_POINT('',#5576);
#1539=VERTEX_POINT('',#5578);
#1540=VERTEX_POINT('',#5584);
#1541=VERTEX_POINT('',#5586);
#1542=VERTEX_POINT('',#5590);
#1543=VERTEX_POINT('',#5594);
#1544=VERTEX_POINT('',#5596);
#1545=VERTEX_POINT('',#5600);
#1546=VERTEX_POINT('',#5610);
#1547=VERTEX_POINT('',#5614);
#1548=VERTEX_POINT('',#5616);
#1549=VERTEX_POINT('',#5621);
#1550=VERTEX_POINT('',#5624);
#1551=VERTEX_POINT('',#5626);
#1552=VERTEX_POINT('',#5628);
#1553=VERTEX_POINT('',#5634);
#1554=VERTEX_POINT('',#5652);
#1555=VERTEX_POINT('',#5656);
#1556=VERTEX_POINT('',#5662);
#1557=VERTEX_POINT('',#5669);
#1558=VERTEX_POINT('',#5670);
#1559=VERTEX_POINT('',#5674);
#1560=VERTEX_POINT('',#5677);
#1561=VERTEX_POINT('',#5679);
#1562=VERTEX_POINT('',#5683);
#1563=VERTEX_POINT('',#5684);
#1564=VERTEX_POINT('',#5688);
#1565=VERTEX_POINT('',#5691);
#1566=VERTEX_POINT('',#5693);
#1567=VERTEX_POINT('',#5697);
#1568=VERTEX_POINT('',#5699);
#1569=VERTEX_POINT('',#5705);
#1570=VERTEX_POINT('',#5707);
#1571=VERTEX_POINT('',#5713);
#1572=VERTEX_POINT('',#5714);
#1573=VERTEX_POINT('',#5716);
#1574=VERTEX_POINT('',#5718);
#1575=VERTEX_POINT('',#5722);
#1576=VERTEX_POINT('',#5723);
#1577=VERTEX_POINT('',#5725);
#1578=VERTEX_POINT('',#5727);
#1579=VERTEX_POINT('',#5736);
#1580=VERTEX_POINT('',#5738);
#1581=VERTEX_POINT('',#5740);
#1582=VERTEX_POINT('',#5742);
#1583=VERTEX_POINT('',#5744);
#1584=VERTEX_POINT('',#5746);
#1585=VERTEX_POINT('',#5748);
#1586=VERTEX_POINT('',#5750);
#1587=VERTEX_POINT('',#5754);
#1588=VERTEX_POINT('',#5755);
#1589=VERTEX_POINT('',#5760);
#1590=VERTEX_POINT('',#5761);
#1591=VERTEX_POINT('',#5766);
#1592=VERTEX_POINT('',#5768);
#1593=VERTEX_POINT('',#5770);
#1594=VERTEX_POINT('',#5772);
#1595=VERTEX_POINT('',#5774);
#1596=VERTEX_POINT('',#5776);
#1597=VERTEX_POINT('',#5778);
#1598=VERTEX_POINT('',#5780);
#1599=VERTEX_POINT('',#5782);
#1600=VERTEX_POINT('',#5784);
#1601=VERTEX_POINT('',#5786);
#1602=VERTEX_POINT('',#5788);
#1603=VERTEX_POINT('',#5790);
#1604=VERTEX_POINT('',#5792);
#1605=VERTEX_POINT('',#5794);
#1606=VERTEX_POINT('',#5797);
#1607=VERTEX_POINT('',#5799);
#1608=VERTEX_POINT('',#5802);
#1609=VERTEX_POINT('',#5804);
#1610=VERTEX_POINT('',#5806);
#1611=VERTEX_POINT('',#5808);
#1612=VERTEX_POINT('',#5810);
#1613=VERTEX_POINT('',#5812);
#1614=VERTEX_POINT('',#5814);
#1615=VERTEX_POINT('',#5816);
#1616=VERTEX_POINT('',#5818);
#1617=VERTEX_POINT('',#5820);
#1618=VERTEX_POINT('',#5822);
#1619=VERTEX_POINT('',#5825);
#1620=VERTEX_POINT('',#5828);
#1621=VERTEX_POINT('',#5830);
#1622=VERTEX_POINT('',#5834);
#1623=VERTEX_POINT('',#5836);
#1624=VERTEX_POINT('',#5843);
#1625=VERTEX_POINT('',#5845);
#1626=VERTEX_POINT('',#5849);
#1627=VERTEX_POINT('',#5851);
#1628=VERTEX_POINT('',#5858);
#1629=VERTEX_POINT('',#5860);
#1630=VERTEX_POINT('',#5864);
#1631=VERTEX_POINT('',#5866);
#1632=VERTEX_POINT('',#5870);
#1633=VERTEX_POINT('',#5874);
#1634=VERTEX_POINT('',#5877);
#1635=VERTEX_POINT('',#5881);
#1636=VERTEX_POINT('',#5884);
#1637=VERTEX_POINT('',#5888);
#1638=VERTEX_POINT('',#5891);
#1639=VERTEX_POINT('',#5895);
#1640=VERTEX_POINT('',#5898);
#1641=VERTEX_POINT('',#5899);
#1642=VERTEX_POINT('',#5904);
#1643=VERTEX_POINT('',#5908);
#1644=VERTEX_POINT('',#5912);
#1645=VERTEX_POINT('',#5916);
#1646=VERTEX_POINT('',#5920);
#1647=VERTEX_POINT('',#5924);
#1648=VERTEX_POINT('',#5925);
#1649=VERTEX_POINT('',#5930);
#1650=VERTEX_POINT('',#5934);
#1651=VERTEX_POINT('',#5938);
#1652=VERTEX_POINT('',#5942);
#1653=VERTEX_POINT('',#5946);
#1654=VERTEX_POINT('',#5950);
#1655=VERTEX_POINT('',#5956);
#1656=VERTEX_POINT('',#5957);
#1657=VERTEX_POINT('',#5962);
#1658=VERTEX_POINT('',#5966);
#1659=VERTEX_POINT('',#5970);
#1660=VERTEX_POINT('',#5974);
#1661=VERTEX_POINT('',#5978);
#1662=VERTEX_POINT('',#5982);
#1663=VERTEX_POINT('',#5986);
#1664=VERTEX_POINT('',#5990);
#1665=VERTEX_POINT('',#5994);
#1666=VERTEX_POINT('',#5998);
#1667=VERTEX_POINT('',#6002);
#1668=VERTEX_POINT('',#6006);
#1669=VERTEX_POINT('',#6010);
#1670=VERTEX_POINT('',#6014);
#1671=VERTEX_POINT('',#6018);
#1672=VERTEX_POINT('',#6022);
#1673=VERTEX_POINT('',#6026);
#1674=VERTEX_POINT('',#6030);
#1675=VERTEX_POINT('',#6036);
#1676=VERTEX_POINT('',#6040);
#1677=VERTEX_POINT('',#6044);
#1678=VERTEX_POINT('',#6048);
#1679=VERTEX_POINT('',#6052);
#1680=VERTEX_POINT('',#6056);
#1681=VERTEX_POINT('',#6060);
#1682=VERTEX_POINT('',#6064);
#1683=VERTEX_POINT('',#6068);
#1684=VERTEX_POINT('',#6072);
#1685=VERTEX_POINT('',#6076);
#1686=VERTEX_POINT('',#6080);
#1687=VERTEX_POINT('',#6084);
#1688=VERTEX_POINT('',#6088);
#1689=VERTEX_POINT('',#6092);
#1690=VERTEX_POINT('',#6096);
#1691=VERTEX_POINT('',#6100);
#1692=VERTEX_POINT('',#6104);
#1693=VERTEX_POINT('',#6110);
#1694=VERTEX_POINT('',#6114);
#1695=VERTEX_POINT('',#6118);
#1696=VERTEX_POINT('',#6122);
#1697=VERTEX_POINT('',#6124);
#1698=VERTEX_POINT('',#6128);
#1699=VERTEX_POINT('',#6132);
#1700=VERTEX_POINT('',#6136);
#1701=VERTEX_POINT('',#6140);
#1702=VERTEX_POINT('',#6146);
#1703=VERTEX_POINT('',#6150);
#1704=VERTEX_POINT('',#6154);
#1705=VERTEX_POINT('',#6158);
#1706=VERTEX_POINT('',#6162);
#1707=VERTEX_POINT('',#6166);
#1708=VERTEX_POINT('',#6172);
#1709=VERTEX_POINT('',#6176);
#1710=EDGE_CURVE('',#1372,#1373,#1352,.F.);
#1711=EDGE_CURVE('',#1372,#1374,#724,.T.);
#1712=EDGE_CURVE('',#1374,#1375,#560,.T.);
#1713=EDGE_CURVE('',#1375,#1376,#725,.T.);
#1714=EDGE_CURVE('',#1376,#1373,#538,.T.);
#1715=EDGE_CURVE('',#1373,#1377,#1353,.F.);
#1716=EDGE_CURVE('',#1376,#1378,#726,.T.);
#1717=EDGE_CURVE('',#1378,#1379,#561,.T.);
#1718=EDGE_CURVE('',#1379,#1380,#727,.T.);
#1719=EDGE_CURVE('',#1380,#1377,#562,.T.);
#1720=EDGE_CURVE('',#1379,#1381,#728,.T.);
#1721=EDGE_CURVE('',#1381,#1382,#563,.T.);
#1722=EDGE_CURVE('',#1382,#1383,#729,.T.);
#1723=EDGE_CURVE('',#1383,#1384,#564,.T.);
#1724=EDGE_CURVE('',#1384,#1385,#730,.T.);
#1725=EDGE_CURVE('',#1386,#1385,#731,.T.);
#1726=EDGE_CURVE('',#1386,#1387,#732,.T.);
#1727=EDGE_CURVE('',#1387,#1388,#565,.T.);
#1728=EDGE_CURVE('',#1388,#1389,#733,.T.);
#1729=EDGE_CURVE('',#1389,#1390,#566,.T.);
#1730=EDGE_CURVE('',#1390,#1391,#734,.T.);
#1731=EDGE_CURVE('',#1391,#1392,#567,.T.);
#1732=EDGE_CURVE('',#1392,#1393,#735,.T.);
#1733=EDGE_CURVE('',#1393,#1394,#736,.T.);
#1734=EDGE_CURVE('',#1394,#1395,#737,.T.);
#1735=EDGE_CURVE('',#1395,#1396,#738,.T.);
#1736=EDGE_CURVE('',#1396,#1397,#739,.T.);
#1737=EDGE_CURVE('',#1397,#1398,#568,.T.);
#1738=EDGE_CURVE('',#1398,#1399,#740,.T.);
#1739=EDGE_CURVE('',#1399,#1400,#569,.T.);
#1740=EDGE_CURVE('',#1400,#1401,#741,.T.);
#1741=EDGE_CURVE('',#1401,#1402,#570,.T.);
#1742=EDGE_CURVE('',#1402,#1403,#742,.T.);
#1743=EDGE_CURVE('',#1403,#1404,#571,.T.);
#1744=EDGE_CURVE('',#1404,#1405,#743,.T.);
#1745=EDGE_CURVE('',#1405,#1406,#572,.T.);
#1746=EDGE_CURVE('',#1406,#1407,#744,.T.);
#1747=EDGE_CURVE('',#1407,#1408,#573,.T.);
#1748=EDGE_CURVE('',#1408,#1409,#745,.T.);
#1749=EDGE_CURVE('',#1410,#1409,#746,.T.);
#1750=EDGE_CURVE('',#1410,#1411,#747,.T.);
#1751=EDGE_CURVE('',#1411,#1412,#574,.T.);
#1752=EDGE_CURVE('',#1412,#1413,#748,.T.);
#1753=EDGE_CURVE('',#1413,#1414,#575,.T.);
#1754=EDGE_CURVE('',#1414,#1415,#749,.T.);
#1755=EDGE_CURVE('',#1416,#1415,#750,.T.);
#1756=EDGE_CURVE('',#1416,#1417,#751,.T.);
#1757=EDGE_CURVE('',#1417,#1418,#576,.T.);
#1758=EDGE_CURVE('',#1418,#1419,#752,.T.);
#1759=EDGE_CURVE('',#1419,#1420,#577,.T.);
#1760=EDGE_CURVE('',#1420,#1380,#753,.T.);
#1761=EDGE_CURVE('',#1421,#1421,#578,.T.);
#1762=EDGE_CURVE('',#1422,#1422,#579,.T.);
#1763=EDGE_CURVE('',#1372,#1423,#580,.T.);
#1764=EDGE_CURVE('',#1423,#1424,#754,.T.);
#1765=EDGE_CURVE('',#1425,#1424,#755,.T.);
#1766=EDGE_CURVE('',#1425,#1374,#756,.T.);
#1767=EDGE_CURVE('',#1426,#1427,#1354,.T.);
#1768=EDGE_CURVE('',#1427,#1428,#539,.T.);
#1769=EDGE_CURVE('',#1428,#1429,#757,.T.);
#1770=EDGE_CURVE('',#1429,#1430,#581,.T.);
#1771=EDGE_CURVE('',#1430,#1426,#758,.T.);
#1772=EDGE_CURVE('',#1416,#1431,#582,.F.);
#1773=EDGE_CURVE('',#1415,#1432,#583,.T.);
#1774=EDGE_CURVE('',#1432,#1428,#759,.T.);
#1775=EDGE_CURVE('',#1427,#1431,#1355,.T.);
#1776=EDGE_CURVE('',#1433,#1428,#760,.T.);
#1777=EDGE_CURVE('',#1434,#1433,#761,.T.);
#1778=EDGE_CURVE('',#1434,#1435,#762,.T.);
#1779=EDGE_CURVE('',#1435,#1436,#540,.T.);
#1780=EDGE_CURVE('',#1436,#1437,#763,.T.);
#1781=EDGE_CURVE('',#1438,#1437,#541,.F.);
#1782=EDGE_CURVE('',#1438,#1439,#764,.T.);
#1783=EDGE_CURVE('',#1435,#1439,#542,.F.);
#1784=EDGE_CURVE('',#1435,#1440,#765,.T.);
#1785=EDGE_CURVE('',#1440,#1441,#543,.T.);
#1786=EDGE_CURVE('',#1441,#1442,#766,.T.);
#1787=EDGE_CURVE('',#1443,#1442,#544,.F.);
#1788=EDGE_CURVE('',#1443,#1444,#767,.T.);
#1789=EDGE_CURVE('',#1440,#1444,#545,.F.);
#1790=EDGE_CURVE('',#1440,#1429,#768,.T.);
#1791=EDGE_CURVE('',#1432,#1445,#769,.T.);
#1792=EDGE_CURVE('',#1445,#1446,#770,.T.);
#1793=EDGE_CURVE('',#1447,#1446,#771,.T.);
#1794=EDGE_CURVE('',#1447,#1433,#772,.T.);
#1795=EDGE_CURVE('',#1448,#1449,#584,.T.);
#1796=EDGE_CURVE('',#1449,#1448,#585,.T.);
#1797=EDGE_CURVE('',#1449,#1450,#773,.T.);
#1798=EDGE_CURVE('',#1450,#1450,#586,.T.);
#1799=EDGE_CURVE('',#1451,#1452,#587,.T.);
#1800=EDGE_CURVE('',#1452,#1451,#588,.T.);
#1801=EDGE_CURVE('',#1452,#1453,#774,.T.);
#1802=EDGE_CURVE('',#1453,#1453,#589,.T.);
#1803=EDGE_CURVE('',#1451,#1454,#775,.T.);
#1804=EDGE_CURVE('',#1454,#1454,#546,.T.);
#1805=EDGE_CURVE('',#1448,#1455,#776,.T.);
#1806=EDGE_CURVE('',#1455,#1455,#547,.T.);
#1807=EDGE_CURVE('',#1456,#1447,#590,.T.);
#1808=EDGE_CURVE('',#1446,#1457,#548,.T.);
#1809=EDGE_CURVE('',#1457,#1456,#777,.T.);
#1810=EDGE_CURVE('',#1457,#1458,#778,.T.);
#1811=EDGE_CURVE('',#1459,#1458,#779,.T.);
#1812=EDGE_CURVE('',#1456,#1459,#780,.T.);
#1813=EDGE_CURVE('',#1460,#1445,#781,.T.);
#1814=EDGE_CURVE('',#1460,#1461,#782,.T.);
#1815=EDGE_CURVE('',#1462,#1461,#549,.T.);
#1816=EDGE_CURVE('',#1463,#1462,#783,.T.);
#1817=EDGE_CURVE('',#1458,#1463,#550,.T.);
#1818=EDGE_CURVE('',#1463,#1464,#784,.T.);
#1819=EDGE_CURVE('',#1464,#1459,#591,.T.);
#1820=EDGE_CURVE('',#1465,#1462,#785,.T.);
#1821=EDGE_CURVE('',#1465,#1464,#786,.T.);
#1822=EDGE_CURVE('',#1466,#1465,#592,.T.);
#1823=EDGE_CURVE('',#1461,#1466,#787,.T.);
#1824=EDGE_CURVE('',#1467,#1468,#551,.T.);
#1825=EDGE_CURVE('',#1468,#1469,#788,.T.);
#1826=EDGE_CURVE('',#1469,#1470,#593,.T.);
#1827=EDGE_CURVE('',#1470,#1467,#789,.T.);
#1828=EDGE_CURVE('',#1376,#1471,#790,.T.);
#1829=EDGE_CURVE('',#1471,#1469,#791,.T.);
#1830=EDGE_CURVE('',#1468,#1472,#792,.T.);
#1831=EDGE_CURVE('',#1472,#1378,#793,.T.);
#1832=EDGE_CURVE('',#1467,#1473,#794,.T.);
#1833=EDGE_CURVE('',#1474,#1473,#552,.T.);
#1834=EDGE_CURVE('',#1475,#1474,#795,.T.);
#1835=EDGE_CURVE('',#1476,#1475,#553,.T.);
#1836=EDGE_CURVE('',#1477,#1476,#796,.T.);
#1837=EDGE_CURVE('',#1477,#1472,#797,.T.);
#1838=EDGE_CURVE('',#1478,#1479,#594,.T.);
#1839=EDGE_CURVE('',#1479,#1474,#798,.T.);
#1840=EDGE_CURVE('',#1473,#1478,#799,.T.);
#1841=EDGE_CURVE('',#1479,#1480,#800,.T.);
#1842=EDGE_CURVE('',#1475,#1480,#801,.T.);
#1843=EDGE_CURVE('',#1481,#1471,#802,.T.);
#1844=EDGE_CURVE('',#1481,#1482,#803,.T.);
#1845=EDGE_CURVE('',#1482,#1483,#804,.T.);
#1846=EDGE_CURVE('',#1480,#1483,#595,.T.);
#1847=EDGE_CURVE('',#1470,#1478,#805,.T.);
#1848=EDGE_CURVE('',#1484,#1484,#596,.T.);
#1849=EDGE_CURVE('',#1483,#1476,#806,.T.);
#1850=EDGE_CURVE('',#1485,#1485,#597,.T.);
#1851=EDGE_CURVE('',#1485,#1450,#807,.T.);
#1852=EDGE_CURVE('',#1484,#1453,#808,.T.);
#1853=EDGE_CURVE('',#1477,#1482,#809,.T.);
#1854=EDGE_CURVE('',#1486,#1460,#810,.T.);
#1855=EDGE_CURVE('',#1486,#1466,#811,.T.);
#1856=EDGE_CURVE('',#1487,#1488,#598,.T.);
#1857=EDGE_CURVE('',#1488,#1489,#812,.T.);
#1858=EDGE_CURVE('',#1489,#1490,#599,.T.);
#1859=EDGE_CURVE('',#1490,#1487,#813,.T.);
#1860=EDGE_CURVE('',#1488,#1491,#814,.T.);
#1861=EDGE_CURVE('',#1492,#1491,#815,.T.);
#1862=EDGE_CURVE('',#1492,#1460,#816,.T.);
#1863=EDGE_CURVE('',#1493,#1414,#817,.T.);
#1864=EDGE_CURVE('',#1493,#1494,#818,.T.);
#1865=EDGE_CURVE('',#1494,#1489,#819,.T.);
#1866=EDGE_CURVE('',#1491,#1495,#600,.T.);
#1867=EDGE_CURVE('',#1495,#1496,#820,.T.);
#1868=EDGE_CURVE('',#1496,#1492,#601,.T.);
#1869=EDGE_CURVE('',#1496,#1490,#602,.T.);
#1870=EDGE_CURVE('',#1487,#1495,#603,.T.);
#1871=EDGE_CURVE('',#1497,#1498,#604,.T.);
#1872=EDGE_CURVE('',#1498,#1499,#821,.T.);
#1873=EDGE_CURVE('',#1499,#1500,#605,.T.);
#1874=EDGE_CURVE('',#1500,#1497,#822,.T.);
#1875=EDGE_CURVE('',#1501,#1498,#606,.T.);
#1876=EDGE_CURVE('',#1502,#1501,#823,.T.);
#1877=EDGE_CURVE('',#1502,#1499,#607,.T.);
#1878=EDGE_CURVE('',#1503,#1504,#608,.T.);
#1879=EDGE_CURVE('',#1504,#1505,#824,.T.);
#1880=EDGE_CURVE('',#1505,#1506,#609,.T.);
#1881=EDGE_CURVE('',#1506,#1503,#825,.T.);
#1882=EDGE_CURVE('',#1430,#1505,#826,.T.);
#1883=EDGE_CURVE('',#1504,#1507,#827,.T.);
#1884=EDGE_CURVE('',#1507,#1426,#610,.T.);
#1885=EDGE_CURVE('',#1508,#1509,#611,.T.);
#1886=EDGE_CURVE('',#1509,#1510,#828,.T.);
#1887=EDGE_CURVE('',#1510,#1511,#612,.T.);
#1888=EDGE_CURVE('',#1511,#1508,#829,.T.);
#1889=EDGE_CURVE('',#1510,#1506,#613,.T.);
#1890=EDGE_CURVE('',#1509,#1503,#614,.T.);
#1891=EDGE_CURVE('',#1424,#1502,#615,.T.);
#1892=EDGE_CURVE('',#1501,#1425,#616,.T.);
#1893=EDGE_CURVE('',#1512,#1513,#1356,.T.);
#1894=EDGE_CURVE('',#1514,#1512,#617,.T.);
#1895=EDGE_CURVE('',#1515,#1514,#1357,.T.);
#1896=EDGE_CURVE('',#1515,#1516,#830,.T.);
#1897=EDGE_CURVE('',#1517,#1516,#1358,.T.);
#1898=EDGE_CURVE('',#1518,#1517,#618,.T.);
#1899=EDGE_CURVE('',#1519,#1518,#1359,.T.);
#1900=EDGE_CURVE('',#1513,#1519,#831,.T.);
#1901=EDGE_CURVE('',#1520,#1512,#1360,.T.);
#1902=EDGE_CURVE('',#1520,#1521,#832,.T.);
#1903=EDGE_CURVE('',#1518,#1521,#1361,.T.);
#1904=EDGE_CURVE('',#1517,#1518,#619,.T.);
#1905=EDGE_CURVE('',#1522,#1517,#1362,.T.);
#1906=EDGE_CURVE('',#1523,#1522,#833,.T.);
#1907=EDGE_CURVE('',#1514,#1523,#1363,.T.);
#1908=EDGE_CURVE('',#1512,#1514,#620,.T.);
#1909=EDGE_CURVE('',#1524,#1524,#621,.T.);
#1910=EDGE_CURVE('',#1524,#1525,#834,.T.);
#1911=EDGE_CURVE('',#1525,#1525,#622,.T.);
#1912=EDGE_CURVE('',#1526,#1527,#1364,.T.);
#1913=EDGE_CURVE('',#1528,#1526,#623,.T.);
#1914=EDGE_CURVE('',#1529,#1528,#1365,.T.);
#1915=EDGE_CURVE('',#1530,#1529,#835,.T.);
#1916=EDGE_CURVE('',#1531,#1530,#1366,.T.);
#1917=EDGE_CURVE('',#1532,#1531,#624,.T.);
#1918=EDGE_CURVE('',#1533,#1532,#1367,.T.);
#1919=EDGE_CURVE('',#1533,#1527,#836,.T.);
#1920=EDGE_CURVE('',#1534,#1526,#1368,.T.);
#1921=EDGE_CURVE('',#1535,#1534,#837,.T.);
#1922=EDGE_CURVE('',#1532,#1535,#1369,.T.);
#1923=EDGE_CURVE('',#1531,#1532,#625,.T.);
#1924=EDGE_CURVE('',#1536,#1531,#1370,.T.);
#1925=EDGE_CURVE('',#1536,#1537,#838,.T.);
#1926=EDGE_CURVE('',#1528,#1537,#1371,.T.);
#1927=EDGE_CURVE('',#1526,#1528,#626,.T.);
#1928=EDGE_CURVE('',#1538,#1538,#627,.T.);
#1929=EDGE_CURVE('',#1538,#1539,#839,.T.);
#1930=EDGE_CURVE('',#1539,#1539,#628,.T.);
#1931=EDGE_CURVE('',#1540,#1519,#840,.T.);
#1932=EDGE_CURVE('',#1541,#1540,#841,.T.);
#1933=EDGE_CURVE('',#1513,#1541,#842,.T.);
#1934=EDGE_CURVE('',#1521,#1542,#843,.T.);
#1935=EDGE_CURVE('',#1542,#1540,#554,.F.);
#1936=EDGE_CURVE('',#1543,#1522,#844,.T.);
#1937=EDGE_CURVE('',#1544,#1543,#845,.T.);
#1938=EDGE_CURVE('',#1523,#1544,#846,.T.);
#1939=EDGE_CURVE('',#1516,#1545,#847,.T.);
#1940=EDGE_CURVE('',#1545,#1543,#555,.F.);
#1941=EDGE_CURVE('',#1537,#1443,#848,.T.);
#1942=EDGE_CURVE('',#1442,#1529,#849,.T.);
#1943=EDGE_CURVE('',#1527,#1438,#850,.T.);
#1944=EDGE_CURVE('',#1437,#1534,#851,.T.);
#1945=EDGE_CURVE('',#1546,#1520,#852,.T.);
#1946=EDGE_CURVE('',#1542,#1546,#853,.T.);
#1947=EDGE_CURVE('',#1547,#1481,#854,.T.);
#1948=EDGE_CURVE('',#1548,#1547,#855,.T.);
#1949=EDGE_CURVE('',#1548,#1375,#856,.T.);
#1950=EDGE_CURVE('',#1511,#1497,#857,.T.);
#1951=EDGE_CURVE('',#1434,#1486,#858,.T.);
#1952=EDGE_CURVE('',#1494,#1549,#859,.T.);
#1953=EDGE_CURVE('',#1549,#1477,#860,.T.);
#1954=EDGE_CURVE('',#1550,#1550,#629,.T.);
#1955=EDGE_CURVE('',#1551,#1551,#630,.T.);
#1956=EDGE_CURVE('',#1552,#1552,#631,.T.);
#1957=EDGE_CURVE('',#1541,#1547,#556,.F.);
#1958=EDGE_CURVE('',#1547,#1546,#557,.F.);
#1959=EDGE_CURVE('',#1553,#1515,#861,.T.);
#1960=EDGE_CURVE('',#1545,#1553,#862,.T.);
#1961=EDGE_CURVE('',#1544,#1548,#558,.F.);
#1962=EDGE_CURVE('',#1548,#1553,#559,.F.);
#1963=EDGE_CURVE('',#1535,#1436,#863,.T.);
#1964=EDGE_CURVE('',#1439,#1533,#864,.T.);
#1965=EDGE_CURVE('',#1530,#1441,#865,.T.);
#1966=EDGE_CURVE('',#1444,#1536,#866,.T.);
#1967=EDGE_CURVE('',#1550,#1554,#867,.T.);
#1968=EDGE_CURVE('',#1554,#1554,#632,.T.);
#1969=EDGE_CURVE('',#1551,#1555,#868,.T.);
#1970=EDGE_CURVE('',#1555,#1555,#633,.T.);
#1971=EDGE_CURVE('',#1500,#1508,#869,.T.);
#1972=EDGE_CURVE('',#1556,#1556,#634,.T.);
#1973=EDGE_CURVE('',#1556,#1552,#870,.T.);
#1974=EDGE_CURVE('',#1557,#1558,#871,.T.);
#1975=EDGE_CURVE('',#1557,#1558,#635,.T.);
#1976=EDGE_CURVE('',#1557,#1559,#636,.T.);
#1977=EDGE_CURVE('',#1559,#1558,#637,.T.);
#1978=EDGE_CURVE('',#1559,#1560,#872,.T.);
#1979=EDGE_CURVE('',#1561,#1560,#638,.T.);
#1980=EDGE_CURVE('',#1560,#1561,#639,.T.);
#1981=EDGE_CURVE('',#1562,#1563,#873,.T.);
#1982=EDGE_CURVE('',#1563,#1562,#640,.T.);
#1983=EDGE_CURVE('',#1563,#1564,#641,.T.);
#1984=EDGE_CURVE('',#1564,#1562,#642,.T.);
#1985=EDGE_CURVE('',#1564,#1565,#874,.T.);
#1986=EDGE_CURVE('',#1566,#1565,#643,.T.);
#1987=EDGE_CURVE('',#1565,#1566,#644,.T.);
#1988=EDGE_CURVE('',#1567,#1567,#645,.T.);
#1989=EDGE_CURVE('',#1567,#1568,#875,.T.);
#1990=EDGE_CURVE('',#1568,#1568,#646,.T.);
#1991=EDGE_CURVE('',#1568,#1561,#876,.T.);
#1992=EDGE_CURVE('',#1569,#1569,#647,.T.);
#1993=EDGE_CURVE('',#1569,#1570,#877,.T.);
#1994=EDGE_CURVE('',#1570,#1570,#648,.T.);
#1995=EDGE_CURVE('',#1570,#1566,#878,.T.);
#1996=EDGE_CURVE('',#1571,#1572,#879,.T.);
#1997=EDGE_CURVE('',#1573,#1571,#880,.T.);
#1998=EDGE_CURVE('',#1573,#1574,#881,.T.);
#1999=EDGE_CURVE('',#1572,#1574,#882,.T.);
#2000=EDGE_CURVE('',#1575,#1576,#883,.T.);
#2001=EDGE_CURVE('',#1575,#1577,#884,.T.);
#2002=EDGE_CURVE('',#1577,#1578,#885,.T.);
#2003=EDGE_CURVE('',#1576,#1578,#886,.T.);
#2004=EDGE_CURVE('',#1572,#1575,#887,.T.);
#2005=EDGE_CURVE('',#1574,#1577,#888,.T.);
#2006=EDGE_CURVE('',#1578,#1573,#889,.T.);
#2007=EDGE_CURVE('',#1571,#1579,#890,.T.);
#2008=EDGE_CURVE('',#1579,#1580,#891,.T.);
#2009=EDGE_CURVE('',#1580,#1581,#892,.T.);
#2010=EDGE_CURVE('',#1581,#1582,#893,.T.);
#2011=EDGE_CURVE('',#1582,#1583,#894,.T.);
#2012=EDGE_CURVE('',#1583,#1584,#895,.T.);
#2013=EDGE_CURVE('',#1584,#1585,#896,.T.);
#2014=EDGE_CURVE('',#1585,#1586,#897,.T.);
#2015=EDGE_CURVE('',#1586,#1576,#898,.T.);
#2016=EDGE_CURVE('',#1587,#1588,#899,.T.);
#2017=EDGE_CURVE('',#1587,#1580,#900,.T.);
#2018=EDGE_CURVE('',#1588,#1579,#901,.T.);
#2019=EDGE_CURVE('',#1589,#1590,#902,.T.);
#2020=EDGE_CURVE('',#1589,#1586,#903,.T.);
#2021=EDGE_CURVE('',#1590,#1585,#904,.T.);
#2022=EDGE_CURVE('',#1590,#1591,#905,.T.);
#2023=EDGE_CURVE('',#1591,#1592,#649,.T.);
#2024=EDGE_CURVE('',#1592,#1593,#906,.T.);
#2025=EDGE_CURVE('',#1593,#1594,#650,.T.);
#2026=EDGE_CURVE('',#1594,#1595,#907,.T.);
#2027=EDGE_CURVE('',#1595,#1596,#651,.T.);
#2028=EDGE_CURVE('',#1596,#1597,#908,.T.);
#2029=EDGE_CURVE('',#1598,#1597,#909,.T.);
#2030=EDGE_CURVE('',#1598,#1599,#910,.T.);
#2031=EDGE_CURVE('',#1599,#1600,#652,.T.);
#2032=EDGE_CURVE('',#1600,#1601,#911,.T.);
#2033=EDGE_CURVE('',#1602,#1601,#653,.T.);
#2034=EDGE_CURVE('',#1602,#1603,#654,.T.);
#2035=EDGE_CURVE('',#1604,#1603,#655,.T.);
#2036=EDGE_CURVE('',#1604,#1605,#912,.T.);
#2037=EDGE_CURVE('',#1605,#1589,#656,.T.);
#2038=EDGE_CURVE('',#1606,#1606,#657,.T.);
#2039=EDGE_CURVE('',#1607,#1607,#658,.T.);
#2040=EDGE_CURVE('',#1588,#1608,#659,.T.);
#2041=EDGE_CURVE('',#1608,#1609,#913,.T.);
#2042=EDGE_CURVE('',#1609,#1610,#660,.T.);
#2043=EDGE_CURVE('',#1610,#1611,#914,.T.);
#2044=EDGE_CURVE('',#1612,#1611,#915,.T.);
#2045=EDGE_CURVE('',#1612,#1613,#916,.T.);
#2046=EDGE_CURVE('',#1613,#1614,#661,.T.);
#2047=EDGE_CURVE('',#1614,#1615,#917,.T.);
#2048=EDGE_CURVE('',#1615,#1616,#662,.T.);
#2049=EDGE_CURVE('',#1616,#1617,#918,.T.);
#2050=EDGE_CURVE('',#1617,#1618,#663,.T.);
#2051=EDGE_CURVE('',#1618,#1587,#919,.T.);
#2052=EDGE_CURVE('',#1619,#1619,#664,.T.);
#2053=EDGE_CURVE('',#1409,#1620,#665,.T.);
#2054=EDGE_CURVE('',#1620,#1621,#920,.T.);
#2055=EDGE_CURVE('',#1621,#1410,#666,.T.);
#2056=EDGE_CURVE('',#1620,#1622,#667,.T.);
#2057=EDGE_CURVE('',#1623,#1622,#921,.T.);
#2058=EDGE_CURVE('',#1621,#1623,#668,.T.);
#2059=EDGE_CURVE('',#1622,#1612,#669,.T.);
#2060=EDGE_CURVE('',#1611,#1623,#670,.T.);
#2061=EDGE_CURVE('',#1597,#1624,#671,.T.);
#2062=EDGE_CURVE('',#1624,#1625,#922,.T.);
#2063=EDGE_CURVE('',#1625,#1598,#672,.T.);
#2064=EDGE_CURVE('',#1624,#1626,#673,.T.);
#2065=EDGE_CURVE('',#1627,#1626,#923,.T.);
#2066=EDGE_CURVE('',#1625,#1627,#674,.T.);
#2067=EDGE_CURVE('',#1626,#1386,#675,.T.);
#2068=EDGE_CURVE('',#1385,#1627,#676,.T.);
#2069=EDGE_CURVE('',#1628,#1628,#677,.T.);
#2070=EDGE_CURVE('',#1628,#1629,#924,.T.);
#2071=EDGE_CURVE('',#1629,#1629,#678,.T.);
#2072=EDGE_CURVE('',#1630,#1630,#679,.T.);
#2073=EDGE_CURVE('',#1630,#1631,#925,.T.);
#2074=EDGE_CURVE('',#1631,#1631,#680,.T.);
#2075=EDGE_CURVE('',#1632,#1632,#681,.T.);
#2076=EDGE_CURVE('',#1632,#1607,#926,.T.);
#2077=EDGE_CURVE('',#1633,#1633,#682,.T.);
#2078=EDGE_CURVE('',#1634,#1634,#683,.T.);
#2079=EDGE_CURVE('',#1634,#1421,#927,.T.);
#2080=EDGE_CURVE('',#1635,#1635,#684,.T.);
#2081=EDGE_CURVE('',#1636,#1636,#685,.T.);
#2082=EDGE_CURVE('',#1636,#1619,#928,.T.);
#2083=EDGE_CURVE('',#1637,#1637,#686,.T.);
#2084=EDGE_CURVE('',#1638,#1638,#687,.T.);
#2085=EDGE_CURVE('',#1638,#1422,#929,.T.);
#2086=EDGE_CURVE('',#1639,#1639,#688,.T.);
#2087=EDGE_CURVE('',#1640,#1641,#689,.T.);
#2088=EDGE_CURVE('',#1641,#1602,#930,.T.);
#2089=EDGE_CURVE('',#1601,#1640,#931,.T.);
#2090=EDGE_CURVE('',#1642,#1641,#690,.T.);
#2091=EDGE_CURVE('',#1603,#1642,#932,.T.);
#2092=EDGE_CURVE('',#1642,#1643,#691,.T.);
#2093=EDGE_CURVE('',#1643,#1604,#933,.T.);
#2094=EDGE_CURVE('',#1644,#1643,#934,.T.);
#2095=EDGE_CURVE('',#1644,#1605,#935,.T.);
#2096=EDGE_CURVE('',#1637,#1645,#936,.T.);
#2097=EDGE_CURVE('',#1645,#1645,#692,.T.);
#2098=EDGE_CURVE('',#1639,#1646,#937,.T.);
#2099=EDGE_CURVE('',#1646,#1646,#693,.T.);
#2100=EDGE_CURVE('',#1647,#1648,#938,.T.);
#2101=EDGE_CURVE('',#1647,#1507,#939,.T.);
#2102=EDGE_CURVE('',#1648,#1423,#940,.T.);
#2103=EDGE_CURVE('',#1648,#1649,#694,.T.);
#2104=EDGE_CURVE('',#1649,#1377,#941,.T.);
#2105=EDGE_CURVE('',#1649,#1650,#942,.T.);
#2106=EDGE_CURVE('',#1650,#1420,#943,.T.);
#2107=EDGE_CURVE('',#1650,#1651,#695,.T.);
#2108=EDGE_CURVE('',#1651,#1419,#944,.T.);
#2109=EDGE_CURVE('',#1651,#1652,#945,.T.);
#2110=EDGE_CURVE('',#1652,#1418,#946,.T.);
#2111=EDGE_CURVE('',#1652,#1653,#696,.T.);
#2112=EDGE_CURVE('',#1653,#1417,#947,.T.);
#2113=EDGE_CURVE('',#1653,#1654,#948,.T.);
#2114=EDGE_CURVE('',#1654,#1431,#949,.T.);
#2115=EDGE_CURVE('',#1654,#1647,#697,.T.);
#2116=EDGE_CURVE('',#1655,#1656,#698,.T.);
#2117=EDGE_CURVE('',#1655,#1398,#950,.T.);
#2118=EDGE_CURVE('',#1656,#1397,#951,.T.);
#2119=EDGE_CURVE('',#1656,#1657,#952,.T.);
#2120=EDGE_CURVE('',#1657,#1396,#953,.T.);
#2121=EDGE_CURVE('',#1657,#1658,#954,.T.);
#2122=EDGE_CURVE('',#1658,#1395,#955,.T.);
#2123=EDGE_CURVE('',#1658,#1659,#956,.T.);
#2124=EDGE_CURVE('',#1659,#1394,#957,.T.);
#2125=EDGE_CURVE('',#1659,#1660,#958,.T.);
#2126=EDGE_CURVE('',#1660,#1393,#959,.T.);
#2127=EDGE_CURVE('',#1660,#1661,#960,.T.);
#2128=EDGE_CURVE('',#1661,#1392,#961,.T.);
#2129=EDGE_CURVE('',#1661,#1662,#699,.T.);
#2130=EDGE_CURVE('',#1662,#1391,#962,.T.);
#2131=EDGE_CURVE('',#1662,#1663,#963,.T.);
#2132=EDGE_CURVE('',#1663,#1390,#964,.T.);
#2133=EDGE_CURVE('',#1663,#1664,#700,.T.);
#2134=EDGE_CURVE('',#1664,#1389,#965,.T.);
#2135=EDGE_CURVE('',#1664,#1665,#966,.T.);
#2136=EDGE_CURVE('',#1665,#1388,#967,.T.);
#2137=EDGE_CURVE('',#1665,#1666,#701,.T.);
#2138=EDGE_CURVE('',#1666,#1387,#968,.T.);
#2139=EDGE_CURVE('',#1666,#1667,#969,.T.);
#2140=EDGE_CURVE('',#1667,#1596,#970,.T.);
#2141=EDGE_CURVE('',#1667,#1668,#702,.T.);
#2142=EDGE_CURVE('',#1668,#1595,#971,.T.);
#2143=EDGE_CURVE('',#1668,#1669,#972,.T.);
#2144=EDGE_CURVE('',#1669,#1594,#973,.T.);
#2145=EDGE_CURVE('',#1669,#1670,#703,.T.);
#2146=EDGE_CURVE('',#1670,#1593,#974,.T.);
#2147=EDGE_CURVE('',#1670,#1671,#975,.T.);
#2148=EDGE_CURVE('',#1671,#1592,#976,.T.);
#2149=EDGE_CURVE('',#1671,#1672,#704,.T.);
#2150=EDGE_CURVE('',#1672,#1591,#977,.T.);
#2151=EDGE_CURVE('',#1672,#1673,#978,.T.);
#2152=EDGE_CURVE('',#1673,#1584,#979,.T.);
#2153=EDGE_CURVE('',#1673,#1674,#980,.T.);
#2154=EDGE_CURVE('',#1558,#1583,#981,.T.);
#2155=EDGE_CURVE('',#1674,#1557,#982,.T.);
#2156=EDGE_CURVE('',#1563,#1582,#983,.T.);
#2157=EDGE_CURVE('',#1675,#1562,#984,.T.);
#2158=EDGE_CURVE('',#1674,#1675,#985,.T.);
#2159=EDGE_CURVE('',#1675,#1676,#986,.T.);
#2160=EDGE_CURVE('',#1676,#1581,#987,.T.);
#2161=EDGE_CURVE('',#1676,#1677,#988,.T.);
#2162=EDGE_CURVE('',#1677,#1618,#989,.T.);
#2163=EDGE_CURVE('',#1677,#1678,#705,.T.);
#2164=EDGE_CURVE('',#1678,#1617,#990,.T.);
#2165=EDGE_CURVE('',#1678,#1679,#991,.T.);
#2166=EDGE_CURVE('',#1679,#1616,#992,.T.);
#2167=EDGE_CURVE('',#1679,#1680,#706,.T.);
#2168=EDGE_CURVE('',#1680,#1615,#993,.T.);
#2169=EDGE_CURVE('',#1680,#1681,#994,.T.);
#2170=EDGE_CURVE('',#1681,#1614,#995,.T.);
#2171=EDGE_CURVE('',#1681,#1682,#707,.T.);
#2172=EDGE_CURVE('',#1682,#1613,#996,.T.);
#2173=EDGE_CURVE('',#1683,#1408,#997,.T.);
#2174=EDGE_CURVE('',#1682,#1683,#998,.T.);
#2175=EDGE_CURVE('',#1683,#1684,#708,.T.);
#2176=EDGE_CURVE('',#1684,#1407,#999,.T.);
#2177=EDGE_CURVE('',#1684,#1685,#1000,.T.);
#2178=EDGE_CURVE('',#1685,#1406,#1001,.T.);
#2179=EDGE_CURVE('',#1685,#1686,#709,.T.);
#2180=EDGE_CURVE('',#1686,#1405,#1002,.T.);
#2181=EDGE_CURVE('',#1686,#1687,#1003,.T.);
#2182=EDGE_CURVE('',#1687,#1404,#1004,.T.);
#2183=EDGE_CURVE('',#1687,#1688,#710,.T.);
#2184=EDGE_CURVE('',#1688,#1403,#1005,.T.);
#2185=EDGE_CURVE('',#1688,#1689,#1006,.T.);
#2186=EDGE_CURVE('',#1689,#1402,#1007,.T.);
#2187=EDGE_CURVE('',#1689,#1690,#711,.T.);
#2188=EDGE_CURVE('',#1690,#1401,#1008,.T.);
#2189=EDGE_CURVE('',#1690,#1691,#1009,.T.);
#2190=EDGE_CURVE('',#1691,#1400,#1010,.T.);
#2191=EDGE_CURVE('',#1691,#1692,#712,.T.);
#2192=EDGE_CURVE('',#1692,#1399,#1011,.T.);
#2193=EDGE_CURVE('',#1692,#1655,#1012,.T.);
#2194=EDGE_CURVE('',#1635,#1693,#1013,.T.);
#2195=EDGE_CURVE('',#1693,#1693,#713,.T.);
#2196=EDGE_CURVE('',#1606,#1694,#1014,.T.);
#2197=EDGE_CURVE('',#1694,#1694,#714,.T.);
#2198=EDGE_CURVE('',#1633,#1695,#1015,.T.);
#2199=EDGE_CURVE('',#1695,#1695,#715,.T.);
#2200=EDGE_CURVE('',#1696,#1610,#1016,.T.);
#2201=EDGE_CURVE('',#1697,#1696,#1017,.T.);
#2202=EDGE_CURVE('',#1697,#1411,#1018,.T.);
#2203=EDGE_CURVE('',#1696,#1698,#716,.T.);
#2204=EDGE_CURVE('',#1698,#1609,#1019,.T.);
#2205=EDGE_CURVE('',#1698,#1699,#1020,.T.);
#2206=EDGE_CURVE('',#1699,#1608,#1021,.T.);
#2207=EDGE_CURVE('',#1700,#1699,#717,.T.);
#2208=EDGE_CURVE('',#1700,#1588,#1022,.T.);
#2209=EDGE_CURVE('',#1701,#1589,#1023,.T.);
#2210=EDGE_CURVE('',#1700,#1701,#1024,.T.);
#2211=EDGE_CURVE('',#1644,#1701,#718,.T.);
#2212=EDGE_CURVE('',#1702,#1600,#1025,.T.);
#2213=EDGE_CURVE('',#1640,#1702,#1026,.T.);
#2214=EDGE_CURVE('',#1702,#1703,#719,.T.);
#2215=EDGE_CURVE('',#1703,#1599,#1027,.T.);
#2216=EDGE_CURVE('',#1703,#1704,#1028,.T.);
#2217=EDGE_CURVE('',#1704,#1384,#1029,.T.);
#2218=EDGE_CURVE('',#1704,#1705,#720,.T.);
#2219=EDGE_CURVE('',#1705,#1383,#1030,.T.);
#2220=EDGE_CURVE('',#1705,#1706,#1031,.T.);
#2221=EDGE_CURVE('',#1706,#1382,#1032,.T.);
#2222=EDGE_CURVE('',#1707,#1706,#721,.T.);
#2223=EDGE_CURVE('',#1707,#1381,#1033,.T.);
#2224=EDGE_CURVE('',#1549,#1707,#1034,.T.);
#2225=EDGE_CURVE('',#1708,#1493,#722,.T.);
#2226=EDGE_CURVE('',#1708,#1413,#1035,.T.);
#2227=EDGE_CURVE('',#1709,#1708,#1036,.T.);
#2228=EDGE_CURVE('',#1709,#1412,#1037,.T.);
#2229=EDGE_CURVE('',#1709,#1697,#723,.T.);
#2230=ORIENTED_EDGE('',*,*,#1710,.F.);
#2231=ORIENTED_EDGE('',*,*,#1711,.T.);
#2232=ORIENTED_EDGE('',*,*,#1712,.T.);
#2233=ORIENTED_EDGE('',*,*,#1713,.T.);
#2234=ORIENTED_EDGE('',*,*,#1714,.T.);
#2235=ORIENTED_EDGE('',*,*,#1715,.F.);
#2236=ORIENTED_EDGE('',*,*,#1714,.F.);
#2237=ORIENTED_EDGE('',*,*,#1716,.T.);
#2238=ORIENTED_EDGE('',*,*,#1717,.T.);
#2239=ORIENTED_EDGE('',*,*,#1718,.T.);
#2240=ORIENTED_EDGE('',*,*,#1719,.T.);
#2241=ORIENTED_EDGE('',*,*,#1718,.F.);
#2242=ORIENTED_EDGE('',*,*,#1720,.T.);
#2243=ORIENTED_EDGE('',*,*,#1721,.T.);
#2244=ORIENTED_EDGE('',*,*,#1722,.T.);
#2245=ORIENTED_EDGE('',*,*,#1723,.T.);
#2246=ORIENTED_EDGE('',*,*,#1724,.T.);
#2247=ORIENTED_EDGE('',*,*,#1725,.F.);
#2248=ORIENTED_EDGE('',*,*,#1726,.T.);
#2249=ORIENTED_EDGE('',*,*,#1727,.T.);
#2250=ORIENTED_EDGE('',*,*,#1728,.T.);
#2251=ORIENTED_EDGE('',*,*,#1729,.T.);
#2252=ORIENTED_EDGE('',*,*,#1730,.T.);
#2253=ORIENTED_EDGE('',*,*,#1731,.T.);
#2254=ORIENTED_EDGE('',*,*,#1732,.T.);
#2255=ORIENTED_EDGE('',*,*,#1733,.T.);
#2256=ORIENTED_EDGE('',*,*,#1734,.T.);
#2257=ORIENTED_EDGE('',*,*,#1735,.T.);
#2258=ORIENTED_EDGE('',*,*,#1736,.T.);
#2259=ORIENTED_EDGE('',*,*,#1737,.T.);
#2260=ORIENTED_EDGE('',*,*,#1738,.T.);
#2261=ORIENTED_EDGE('',*,*,#1739,.T.);
#2262=ORIENTED_EDGE('',*,*,#1740,.T.);
#2263=ORIENTED_EDGE('',*,*,#1741,.T.);
#2264=ORIENTED_EDGE('',*,*,#1742,.T.);
#2265=ORIENTED_EDGE('',*,*,#1743,.T.);
#2266=ORIENTED_EDGE('',*,*,#1744,.T.);
#2267=ORIENTED_EDGE('',*,*,#1745,.T.);
#2268=ORIENTED_EDGE('',*,*,#1746,.T.);
#2269=ORIENTED_EDGE('',*,*,#1747,.T.);
#2270=ORIENTED_EDGE('',*,*,#1748,.T.);
#2271=ORIENTED_EDGE('',*,*,#1749,.F.);
#2272=ORIENTED_EDGE('',*,*,#1750,.T.);
#2273=ORIENTED_EDGE('',*,*,#1751,.T.);
#2274=ORIENTED_EDGE('',*,*,#1752,.T.);
#2275=ORIENTED_EDGE('',*,*,#1753,.T.);
#2276=ORIENTED_EDGE('',*,*,#1754,.T.);
#2277=ORIENTED_EDGE('',*,*,#1755,.F.);
#2278=ORIENTED_EDGE('',*,*,#1756,.T.);
#2279=ORIENTED_EDGE('',*,*,#1757,.T.);
#2280=ORIENTED_EDGE('',*,*,#1758,.T.);
#2281=ORIENTED_EDGE('',*,*,#1759,.T.);
#2282=ORIENTED_EDGE('',*,*,#1760,.T.);
#2283=ORIENTED_EDGE('',*,*,#1761,.T.);
#2284=ORIENTED_EDGE('',*,*,#1762,.T.);
#2285=ORIENTED_EDGE('',*,*,#1711,.F.);
#2286=ORIENTED_EDGE('',*,*,#1763,.T.);
#2287=ORIENTED_EDGE('',*,*,#1764,.T.);
#2288=ORIENTED_EDGE('',*,*,#1765,.F.);
#2289=ORIENTED_EDGE('',*,*,#1766,.T.);
#2290=ORIENTED_EDGE('',*,*,#1767,.T.);
#2291=ORIENTED_EDGE('',*,*,#1768,.T.);
#2292=ORIENTED_EDGE('',*,*,#1769,.T.);
#2293=ORIENTED_EDGE('',*,*,#1770,.T.);
#2294=ORIENTED_EDGE('',*,*,#1771,.T.);
#2295=ORIENTED_EDGE('',*,*,#1772,.F.);
#2296=ORIENTED_EDGE('',*,*,#1755,.T.);
#2297=ORIENTED_EDGE('',*,*,#1773,.T.);
#2298=ORIENTED_EDGE('',*,*,#1774,.T.);
#2299=ORIENTED_EDGE('',*,*,#1768,.F.);
#2300=ORIENTED_EDGE('',*,*,#1775,.T.);
#2301=ORIENTED_EDGE('',*,*,#1769,.F.);
#2302=ORIENTED_EDGE('',*,*,#1776,.F.);
#2303=ORIENTED_EDGE('',*,*,#1777,.F.);
#2304=ORIENTED_EDGE('',*,*,#1778,.T.);
#2305=ORIENTED_EDGE('',*,*,#1779,.T.);
#2306=ORIENTED_EDGE('',*,*,#1780,.T.);
#2307=ORIENTED_EDGE('',*,*,#1781,.F.);
#2308=ORIENTED_EDGE('',*,*,#1782,.T.);
#2309=ORIENTED_EDGE('',*,*,#1783,.F.);
#2310=ORIENTED_EDGE('',*,*,#1784,.T.);
#2311=ORIENTED_EDGE('',*,*,#1785,.T.);
#2312=ORIENTED_EDGE('',*,*,#1786,.T.);
#2313=ORIENTED_EDGE('',*,*,#1787,.F.);
#2314=ORIENTED_EDGE('',*,*,#1788,.T.);
#2315=ORIENTED_EDGE('',*,*,#1789,.F.);
#2316=ORIENTED_EDGE('',*,*,#1790,.T.);
#2317=ORIENTED_EDGE('',*,*,#1774,.F.);
#2318=ORIENTED_EDGE('',*,*,#1791,.T.);
#2319=ORIENTED_EDGE('',*,*,#1792,.T.);
#2320=ORIENTED_EDGE('',*,*,#1793,.F.);
#2321=ORIENTED_EDGE('',*,*,#1794,.T.);
#2322=ORIENTED_EDGE('',*,*,#1776,.T.);
#2323=ORIENTED_EDGE('',*,*,#1795,.F.);
#2324=ORIENTED_EDGE('',*,*,#1796,.F.);
#2325=ORIENTED_EDGE('',*,*,#1797,.T.);
#2326=ORIENTED_EDGE('',*,*,#1798,.F.);
#2327=ORIENTED_EDGE('',*,*,#1797,.F.);
#2328=ORIENTED_EDGE('',*,*,#1799,.F.);
#2329=ORIENTED_EDGE('',*,*,#1800,.F.);
#2330=ORIENTED_EDGE('',*,*,#1801,.T.);
#2331=ORIENTED_EDGE('',*,*,#1802,.F.);
#2332=ORIENTED_EDGE('',*,*,#1801,.F.);
#2333=ORIENTED_EDGE('',*,*,#1799,.T.);
#2334=ORIENTED_EDGE('',*,*,#1800,.T.);
#2335=ORIENTED_EDGE('',*,*,#1803,.T.);
#2336=ORIENTED_EDGE('',*,*,#1804,.F.);
#2337=ORIENTED_EDGE('',*,*,#1803,.F.);
#2338=ORIENTED_EDGE('',*,*,#1795,.T.);
#2339=ORIENTED_EDGE('',*,*,#1796,.T.);
#2340=ORIENTED_EDGE('',*,*,#1805,.T.);
#2341=ORIENTED_EDGE('',*,*,#1806,.F.);
#2342=ORIENTED_EDGE('',*,*,#1805,.F.);
#2343=ORIENTED_EDGE('',*,*,#1807,.T.);
#2344=ORIENTED_EDGE('',*,*,#1793,.T.);
#2345=ORIENTED_EDGE('',*,*,#1808,.T.);
#2346=ORIENTED_EDGE('',*,*,#1809,.T.);
#2347=ORIENTED_EDGE('',*,*,#1809,.F.);
#2348=ORIENTED_EDGE('',*,*,#1810,.T.);
#2349=ORIENTED_EDGE('',*,*,#1811,.F.);
#2350=ORIENTED_EDGE('',*,*,#1812,.F.);
#2351=ORIENTED_EDGE('',*,*,#1808,.F.);
#2352=ORIENTED_EDGE('',*,*,#1792,.F.);
#2353=ORIENTED_EDGE('',*,*,#1813,.F.);
#2354=ORIENTED_EDGE('',*,*,#1814,.T.);
#2355=ORIENTED_EDGE('',*,*,#1815,.F.);
#2356=ORIENTED_EDGE('',*,*,#1816,.F.);
#2357=ORIENTED_EDGE('',*,*,#1817,.F.);
#2358=ORIENTED_EDGE('',*,*,#1810,.F.);
#2359=ORIENTED_EDGE('',*,*,#1806,.T.);
#2360=ORIENTED_EDGE('',*,*,#1817,.T.);
#2361=ORIENTED_EDGE('',*,*,#1818,.T.);
#2362=ORIENTED_EDGE('',*,*,#1819,.T.);
#2363=ORIENTED_EDGE('',*,*,#1811,.T.);
#2364=ORIENTED_EDGE('',*,*,#1818,.F.);
#2365=ORIENTED_EDGE('',*,*,#1816,.T.);
#2366=ORIENTED_EDGE('',*,*,#1820,.F.);
#2367=ORIENTED_EDGE('',*,*,#1821,.T.);
#2368=ORIENTED_EDGE('',*,*,#1822,.T.);
#2369=ORIENTED_EDGE('',*,*,#1820,.T.);
#2370=ORIENTED_EDGE('',*,*,#1815,.T.);
#2371=ORIENTED_EDGE('',*,*,#1823,.T.);
#2372=ORIENTED_EDGE('',*,*,#1824,.T.);
#2373=ORIENTED_EDGE('',*,*,#1825,.T.);
#2374=ORIENTED_EDGE('',*,*,#1826,.T.);
#2375=ORIENTED_EDGE('',*,*,#1827,.T.);
#2376=ORIENTED_EDGE('',*,*,#1716,.F.);
#2377=ORIENTED_EDGE('',*,*,#1828,.T.);
#2378=ORIENTED_EDGE('',*,*,#1829,.T.);
#2379=ORIENTED_EDGE('',*,*,#1825,.F.);
#2380=ORIENTED_EDGE('',*,*,#1830,.T.);
#2381=ORIENTED_EDGE('',*,*,#1831,.T.);
#2382=ORIENTED_EDGE('',*,*,#1824,.F.);
#2383=ORIENTED_EDGE('',*,*,#1832,.T.);
#2384=ORIENTED_EDGE('',*,*,#1833,.F.);
#2385=ORIENTED_EDGE('',*,*,#1834,.F.);
#2386=ORIENTED_EDGE('',*,*,#1835,.F.);
#2387=ORIENTED_EDGE('',*,*,#1836,.F.);
#2388=ORIENTED_EDGE('',*,*,#1837,.T.);
#2389=ORIENTED_EDGE('',*,*,#1830,.F.);
#2390=ORIENTED_EDGE('',*,*,#1804,.T.);
#2391=ORIENTED_EDGE('',*,*,#1838,.T.);
#2392=ORIENTED_EDGE('',*,*,#1839,.T.);
#2393=ORIENTED_EDGE('',*,*,#1833,.T.);
#2394=ORIENTED_EDGE('',*,*,#1840,.T.);
#2395=ORIENTED_EDGE('',*,*,#1839,.F.);
#2396=ORIENTED_EDGE('',*,*,#1841,.T.);
#2397=ORIENTED_EDGE('',*,*,#1842,.F.);
#2398=ORIENTED_EDGE('',*,*,#1834,.T.);
#2399=ORIENTED_EDGE('',*,*,#1826,.F.);
#2400=ORIENTED_EDGE('',*,*,#1829,.F.);
#2401=ORIENTED_EDGE('',*,*,#1843,.F.);
#2402=ORIENTED_EDGE('',*,*,#1844,.T.);
#2403=ORIENTED_EDGE('',*,*,#1845,.T.);
#2404=ORIENTED_EDGE('',*,*,#1846,.F.);
#2405=ORIENTED_EDGE('',*,*,#1841,.F.);
#2406=ORIENTED_EDGE('',*,*,#1838,.F.);
#2407=ORIENTED_EDGE('',*,*,#1847,.F.);
#2408=ORIENTED_EDGE('',*,*,#1848,.T.);
#2409=ORIENTED_EDGE('',*,*,#1835,.T.);
#2410=ORIENTED_EDGE('',*,*,#1842,.T.);
#2411=ORIENTED_EDGE('',*,*,#1846,.T.);
#2412=ORIENTED_EDGE('',*,*,#1849,.T.);
#2413=ORIENTED_EDGE('',*,*,#1850,.F.);
#2414=ORIENTED_EDGE('',*,*,#1851,.T.);
#2415=ORIENTED_EDGE('',*,*,#1798,.T.);
#2416=ORIENTED_EDGE('',*,*,#1851,.F.);
#2417=ORIENTED_EDGE('',*,*,#1848,.F.);
#2418=ORIENTED_EDGE('',*,*,#1852,.T.);
#2419=ORIENTED_EDGE('',*,*,#1802,.T.);
#2420=ORIENTED_EDGE('',*,*,#1852,.F.);
#2421=ORIENTED_EDGE('',*,*,#1849,.F.);
#2422=ORIENTED_EDGE('',*,*,#1845,.F.);
#2423=ORIENTED_EDGE('',*,*,#1853,.F.);
#2424=ORIENTED_EDGE('',*,*,#1836,.T.);
#2425=ORIENTED_EDGE('',*,*,#1823,.F.);
#2426=ORIENTED_EDGE('',*,*,#1814,.F.);
#2427=ORIENTED_EDGE('',*,*,#1854,.F.);
#2428=ORIENTED_EDGE('',*,*,#1855,.T.);
#2429=ORIENTED_EDGE('',*,*,#1856,.T.);
#2430=ORIENTED_EDGE('',*,*,#1857,.T.);
#2431=ORIENTED_EDGE('',*,*,#1858,.T.);
#2432=ORIENTED_EDGE('',*,*,#1859,.T.);
#2433=ORIENTED_EDGE('',*,*,#1857,.F.);
#2434=ORIENTED_EDGE('',*,*,#1860,.T.);
#2435=ORIENTED_EDGE('',*,*,#1861,.F.);
#2436=ORIENTED_EDGE('',*,*,#1862,.T.);
#2437=ORIENTED_EDGE('',*,*,#1813,.T.);
#2438=ORIENTED_EDGE('',*,*,#1791,.F.);
#2439=ORIENTED_EDGE('',*,*,#1773,.F.);
#2440=ORIENTED_EDGE('',*,*,#1754,.F.);
#2441=ORIENTED_EDGE('',*,*,#1863,.F.);
#2442=ORIENTED_EDGE('',*,*,#1864,.T.);
#2443=ORIENTED_EDGE('',*,*,#1865,.T.);
#2444=ORIENTED_EDGE('',*,*,#1866,.T.);
#2445=ORIENTED_EDGE('',*,*,#1867,.T.);
#2446=ORIENTED_EDGE('',*,*,#1868,.T.);
#2447=ORIENTED_EDGE('',*,*,#1861,.T.);
#2448=ORIENTED_EDGE('',*,*,#1859,.F.);
#2449=ORIENTED_EDGE('',*,*,#1869,.F.);
#2450=ORIENTED_EDGE('',*,*,#1867,.F.);
#2451=ORIENTED_EDGE('',*,*,#1870,.F.);
#2452=ORIENTED_EDGE('',*,*,#1871,.T.);
#2453=ORIENTED_EDGE('',*,*,#1872,.T.);
#2454=ORIENTED_EDGE('',*,*,#1873,.T.);
#2455=ORIENTED_EDGE('',*,*,#1874,.T.);
#2456=ORIENTED_EDGE('',*,*,#1872,.F.);
#2457=ORIENTED_EDGE('',*,*,#1875,.F.);
#2458=ORIENTED_EDGE('',*,*,#1876,.F.);
#2459=ORIENTED_EDGE('',*,*,#1877,.T.);
#2460=ORIENTED_EDGE('',*,*,#1878,.T.);
#2461=ORIENTED_EDGE('',*,*,#1879,.T.);
#2462=ORIENTED_EDGE('',*,*,#1880,.T.);
#2463=ORIENTED_EDGE('',*,*,#1881,.T.);
#2464=ORIENTED_EDGE('',*,*,#1771,.F.);
#2465=ORIENTED_EDGE('',*,*,#1882,.T.);
#2466=ORIENTED_EDGE('',*,*,#1879,.F.);
#2467=ORIENTED_EDGE('',*,*,#1883,.T.);
#2468=ORIENTED_EDGE('',*,*,#1884,.T.);
#2469=ORIENTED_EDGE('',*,*,#1885,.T.);
#2470=ORIENTED_EDGE('',*,*,#1886,.T.);
#2471=ORIENTED_EDGE('',*,*,#1887,.T.);
#2472=ORIENTED_EDGE('',*,*,#1888,.T.);
#2473=ORIENTED_EDGE('',*,*,#1881,.F.);
#2474=ORIENTED_EDGE('',*,*,#1889,.F.);
#2475=ORIENTED_EDGE('',*,*,#1886,.F.);
#2476=ORIENTED_EDGE('',*,*,#1890,.T.);
#2477=ORIENTED_EDGE('',*,*,#1891,.T.);
#2478=ORIENTED_EDGE('',*,*,#1876,.T.);
#2479=ORIENTED_EDGE('',*,*,#1892,.T.);
#2480=ORIENTED_EDGE('',*,*,#1765,.T.);
#2481=ORIENTED_EDGE('',*,*,#1893,.F.);
#2482=ORIENTED_EDGE('',*,*,#1894,.F.);
#2483=ORIENTED_EDGE('',*,*,#1895,.F.);
#2484=ORIENTED_EDGE('',*,*,#1896,.T.);
#2485=ORIENTED_EDGE('',*,*,#1897,.F.);
#2486=ORIENTED_EDGE('',*,*,#1898,.F.);
#2487=ORIENTED_EDGE('',*,*,#1899,.F.);
#2488=ORIENTED_EDGE('',*,*,#1900,.F.);
#2489=ORIENTED_EDGE('',*,*,#1901,.F.);
#2490=ORIENTED_EDGE('',*,*,#1902,.T.);
#2491=ORIENTED_EDGE('',*,*,#1903,.F.);
#2492=ORIENTED_EDGE('',*,*,#1904,.F.);
#2493=ORIENTED_EDGE('',*,*,#1905,.F.);
#2494=ORIENTED_EDGE('',*,*,#1906,.F.);
#2495=ORIENTED_EDGE('',*,*,#1907,.F.);
#2496=ORIENTED_EDGE('',*,*,#1908,.F.);
#2497=ORIENTED_EDGE('',*,*,#1909,.F.);
#2498=ORIENTED_EDGE('',*,*,#1910,.T.);
#2499=ORIENTED_EDGE('',*,*,#1911,.F.);
#2500=ORIENTED_EDGE('',*,*,#1910,.F.);
#2501=ORIENTED_EDGE('',*,*,#1908,.T.);
#2502=ORIENTED_EDGE('',*,*,#1894,.T.);
#2503=ORIENTED_EDGE('',*,*,#1911,.T.);
#2504=ORIENTED_EDGE('',*,*,#1904,.T.);
#2505=ORIENTED_EDGE('',*,*,#1898,.T.);
#2506=ORIENTED_EDGE('',*,*,#1909,.T.);
#2507=ORIENTED_EDGE('',*,*,#1912,.F.);
#2508=ORIENTED_EDGE('',*,*,#1913,.F.);
#2509=ORIENTED_EDGE('',*,*,#1914,.F.);
#2510=ORIENTED_EDGE('',*,*,#1915,.F.);
#2511=ORIENTED_EDGE('',*,*,#1916,.F.);
#2512=ORIENTED_EDGE('',*,*,#1917,.F.);
#2513=ORIENTED_EDGE('',*,*,#1918,.F.);
#2514=ORIENTED_EDGE('',*,*,#1919,.T.);
#2515=ORIENTED_EDGE('',*,*,#1920,.F.);
#2516=ORIENTED_EDGE('',*,*,#1921,.F.);
#2517=ORIENTED_EDGE('',*,*,#1922,.F.);
#2518=ORIENTED_EDGE('',*,*,#1923,.F.);
#2519=ORIENTED_EDGE('',*,*,#1924,.F.);
#2520=ORIENTED_EDGE('',*,*,#1925,.T.);
#2521=ORIENTED_EDGE('',*,*,#1926,.F.);
#2522=ORIENTED_EDGE('',*,*,#1927,.F.);
#2523=ORIENTED_EDGE('',*,*,#1928,.F.);
#2524=ORIENTED_EDGE('',*,*,#1929,.T.);
#2525=ORIENTED_EDGE('',*,*,#1930,.F.);
#2526=ORIENTED_EDGE('',*,*,#1929,.F.);
#2527=ORIENTED_EDGE('',*,*,#1917,.T.);
#2528=ORIENTED_EDGE('',*,*,#1923,.T.);
#2529=ORIENTED_EDGE('',*,*,#1930,.T.);
#2530=ORIENTED_EDGE('',*,*,#1913,.T.);
#2531=ORIENTED_EDGE('',*,*,#1927,.T.);
#2532=ORIENTED_EDGE('',*,*,#1928,.T.);
#2533=ORIENTED_EDGE('',*,*,#1931,.F.);
#2534=ORIENTED_EDGE('',*,*,#1932,.F.);
#2535=ORIENTED_EDGE('',*,*,#1933,.F.);
#2536=ORIENTED_EDGE('',*,*,#1900,.T.);
#2537=ORIENTED_EDGE('',*,*,#1903,.T.);
#2538=ORIENTED_EDGE('',*,*,#1934,.T.);
#2539=ORIENTED_EDGE('',*,*,#1935,.T.);
#2540=ORIENTED_EDGE('',*,*,#1931,.T.);
#2541=ORIENTED_EDGE('',*,*,#1899,.T.);
#2542=ORIENTED_EDGE('',*,*,#1936,.F.);
#2543=ORIENTED_EDGE('',*,*,#1937,.F.);
#2544=ORIENTED_EDGE('',*,*,#1938,.F.);
#2545=ORIENTED_EDGE('',*,*,#1906,.T.);
#2546=ORIENTED_EDGE('',*,*,#1897,.T.);
#2547=ORIENTED_EDGE('',*,*,#1939,.T.);
#2548=ORIENTED_EDGE('',*,*,#1940,.T.);
#2549=ORIENTED_EDGE('',*,*,#1936,.T.);
#2550=ORIENTED_EDGE('',*,*,#1905,.T.);
#2551=ORIENTED_EDGE('',*,*,#1914,.T.);
#2552=ORIENTED_EDGE('',*,*,#1926,.T.);
#2553=ORIENTED_EDGE('',*,*,#1941,.T.);
#2554=ORIENTED_EDGE('',*,*,#1787,.T.);
#2555=ORIENTED_EDGE('',*,*,#1942,.T.);
#2556=ORIENTED_EDGE('',*,*,#1920,.T.);
#2557=ORIENTED_EDGE('',*,*,#1912,.T.);
#2558=ORIENTED_EDGE('',*,*,#1943,.T.);
#2559=ORIENTED_EDGE('',*,*,#1781,.T.);
#2560=ORIENTED_EDGE('',*,*,#1944,.T.);
#2561=ORIENTED_EDGE('',*,*,#1934,.F.);
#2562=ORIENTED_EDGE('',*,*,#1902,.F.);
#2563=ORIENTED_EDGE('',*,*,#1945,.F.);
#2564=ORIENTED_EDGE('',*,*,#1946,.F.);
#2565=ORIENTED_EDGE('',*,*,#1853,.T.);
#2566=ORIENTED_EDGE('',*,*,#1844,.F.);
#2567=ORIENTED_EDGE('',*,*,#1947,.F.);
#2568=ORIENTED_EDGE('',*,*,#1948,.F.);
#2569=ORIENTED_EDGE('',*,*,#1949,.T.);
#2570=ORIENTED_EDGE('',*,*,#1712,.F.);
#2571=ORIENTED_EDGE('',*,*,#1766,.F.);
#2572=ORIENTED_EDGE('',*,*,#1892,.F.);
#2573=ORIENTED_EDGE('',*,*,#1875,.T.);
#2574=ORIENTED_EDGE('',*,*,#1871,.F.);
#2575=ORIENTED_EDGE('',*,*,#1950,.F.);
#2576=ORIENTED_EDGE('',*,*,#1887,.F.);
#2577=ORIENTED_EDGE('',*,*,#1889,.T.);
#2578=ORIENTED_EDGE('',*,*,#1880,.F.);
#2579=ORIENTED_EDGE('',*,*,#1882,.F.);
#2580=ORIENTED_EDGE('',*,*,#1770,.F.);
#2581=ORIENTED_EDGE('',*,*,#1790,.F.);
#2582=ORIENTED_EDGE('',*,*,#1784,.F.);
#2583=ORIENTED_EDGE('',*,*,#1778,.F.);
#2584=ORIENTED_EDGE('',*,*,#1951,.T.);
#2585=ORIENTED_EDGE('',*,*,#1854,.T.);
#2586=ORIENTED_EDGE('',*,*,#1862,.F.);
#2587=ORIENTED_EDGE('',*,*,#1868,.F.);
#2588=ORIENTED_EDGE('',*,*,#1869,.T.);
#2589=ORIENTED_EDGE('',*,*,#1858,.F.);
#2590=ORIENTED_EDGE('',*,*,#1865,.F.);
#2591=ORIENTED_EDGE('',*,*,#1952,.T.);
#2592=ORIENTED_EDGE('',*,*,#1953,.T.);
#2593=ORIENTED_EDGE('',*,*,#1954,.T.);
#2594=ORIENTED_EDGE('',*,*,#1955,.T.);
#2595=ORIENTED_EDGE('',*,*,#1956,.T.);
#2596=ORIENTED_EDGE('',*,*,#1893,.T.);
#2597=ORIENTED_EDGE('',*,*,#1933,.T.);
#2598=ORIENTED_EDGE('',*,*,#1957,.T.);
#2599=ORIENTED_EDGE('',*,*,#1958,.T.);
#2600=ORIENTED_EDGE('',*,*,#1945,.T.);
#2601=ORIENTED_EDGE('',*,*,#1901,.T.);
#2602=ORIENTED_EDGE('',*,*,#1939,.F.);
#2603=ORIENTED_EDGE('',*,*,#1896,.F.);
#2604=ORIENTED_EDGE('',*,*,#1959,.F.);
#2605=ORIENTED_EDGE('',*,*,#1960,.F.);
#2606=ORIENTED_EDGE('',*,*,#1907,.T.);
#2607=ORIENTED_EDGE('',*,*,#1938,.T.);
#2608=ORIENTED_EDGE('',*,*,#1961,.T.);
#2609=ORIENTED_EDGE('',*,*,#1962,.T.);
#2610=ORIENTED_EDGE('',*,*,#1959,.T.);
#2611=ORIENTED_EDGE('',*,*,#1895,.T.);
#2612=ORIENTED_EDGE('',*,*,#1918,.T.);
#2613=ORIENTED_EDGE('',*,*,#1922,.T.);
#2614=ORIENTED_EDGE('',*,*,#1963,.T.);
#2615=ORIENTED_EDGE('',*,*,#1779,.F.);
#2616=ORIENTED_EDGE('',*,*,#1783,.T.);
#2617=ORIENTED_EDGE('',*,*,#1964,.T.);
#2618=ORIENTED_EDGE('',*,*,#1943,.F.);
#2619=ORIENTED_EDGE('',*,*,#1919,.F.);
#2620=ORIENTED_EDGE('',*,*,#1964,.F.);
#2621=ORIENTED_EDGE('',*,*,#1782,.F.);
#2622=ORIENTED_EDGE('',*,*,#1924,.T.);
#2623=ORIENTED_EDGE('',*,*,#1916,.T.);
#2624=ORIENTED_EDGE('',*,*,#1965,.T.);
#2625=ORIENTED_EDGE('',*,*,#1785,.F.);
#2626=ORIENTED_EDGE('',*,*,#1789,.T.);
#2627=ORIENTED_EDGE('',*,*,#1966,.T.);
#2628=ORIENTED_EDGE('',*,*,#1941,.F.);
#2629=ORIENTED_EDGE('',*,*,#1925,.F.);
#2630=ORIENTED_EDGE('',*,*,#1966,.F.);
#2631=ORIENTED_EDGE('',*,*,#1788,.F.);
#2632=ORIENTED_EDGE('',*,*,#1944,.F.);
#2633=ORIENTED_EDGE('',*,*,#1780,.F.);
#2634=ORIENTED_EDGE('',*,*,#1963,.F.);
#2635=ORIENTED_EDGE('',*,*,#1921,.T.);
#2636=ORIENTED_EDGE('',*,*,#1713,.F.);
#2637=ORIENTED_EDGE('',*,*,#1949,.F.);
#2638=ORIENTED_EDGE('',*,*,#1961,.F.);
#2639=ORIENTED_EDGE('',*,*,#1937,.T.);
#2640=ORIENTED_EDGE('',*,*,#1940,.F.);
#2641=ORIENTED_EDGE('',*,*,#1960,.T.);
#2642=ORIENTED_EDGE('',*,*,#1962,.F.);
#2643=ORIENTED_EDGE('',*,*,#1948,.T.);
#2644=ORIENTED_EDGE('',*,*,#1957,.F.);
#2645=ORIENTED_EDGE('',*,*,#1932,.T.);
#2646=ORIENTED_EDGE('',*,*,#1935,.F.);
#2647=ORIENTED_EDGE('',*,*,#1946,.T.);
#2648=ORIENTED_EDGE('',*,*,#1958,.F.);
#2649=ORIENTED_EDGE('',*,*,#1947,.T.);
#2650=ORIENTED_EDGE('',*,*,#1843,.T.);
#2651=ORIENTED_EDGE('',*,*,#1828,.F.);
#2652=ORIENTED_EDGE('',*,*,#1942,.F.);
#2653=ORIENTED_EDGE('',*,*,#1786,.F.);
#2654=ORIENTED_EDGE('',*,*,#1965,.F.);
#2655=ORIENTED_EDGE('',*,*,#1915,.T.);
#2656=ORIENTED_EDGE('',*,*,#1954,.F.);
#2657=ORIENTED_EDGE('',*,*,#1967,.T.);
#2658=ORIENTED_EDGE('',*,*,#1968,.F.);
#2659=ORIENTED_EDGE('',*,*,#1967,.F.);
#2660=ORIENTED_EDGE('',*,*,#1955,.F.);
#2661=ORIENTED_EDGE('',*,*,#1969,.T.);
#2662=ORIENTED_EDGE('',*,*,#1970,.F.);
#2663=ORIENTED_EDGE('',*,*,#1969,.F.);
#2664=ORIENTED_EDGE('',*,*,#1874,.F.);
#2665=ORIENTED_EDGE('',*,*,#1971,.T.);
#2666=ORIENTED_EDGE('',*,*,#1888,.F.);
#2667=ORIENTED_EDGE('',*,*,#1950,.T.);
#2668=ORIENTED_EDGE('',*,*,#1972,.F.);
#2669=ORIENTED_EDGE('',*,*,#1973,.T.);
#2670=ORIENTED_EDGE('',*,*,#1956,.F.);
#2671=ORIENTED_EDGE('',*,*,#1973,.F.);
#2672=ORIENTED_EDGE('',*,*,#1860,.F.);
#2673=ORIENTED_EDGE('',*,*,#1856,.F.);
#2674=ORIENTED_EDGE('',*,*,#1870,.T.);
#2675=ORIENTED_EDGE('',*,*,#1866,.F.);
#2676=ORIENTED_EDGE('',*,*,#1972,.T.);
#2677=ORIENTED_EDGE('',*,*,#1827,.F.);
#2678=ORIENTED_EDGE('',*,*,#1847,.T.);
#2679=ORIENTED_EDGE('',*,*,#1840,.F.);
#2680=ORIENTED_EDGE('',*,*,#1832,.F.);
#2681=ORIENTED_EDGE('',*,*,#1807,.F.);
#2682=ORIENTED_EDGE('',*,*,#1812,.T.);
#2683=ORIENTED_EDGE('',*,*,#1819,.F.);
#2684=ORIENTED_EDGE('',*,*,#1821,.F.);
#2685=ORIENTED_EDGE('',*,*,#1822,.F.);
#2686=ORIENTED_EDGE('',*,*,#1855,.F.);
#2687=ORIENTED_EDGE('',*,*,#1951,.F.);
#2688=ORIENTED_EDGE('',*,*,#1777,.T.);
#2689=ORIENTED_EDGE('',*,*,#1794,.F.);
#2690=ORIENTED_EDGE('',*,*,#1850,.T.);
#2691=ORIENTED_EDGE('',*,*,#1974,.T.);
#2692=ORIENTED_EDGE('',*,*,#1975,.F.);
#2693=ORIENTED_EDGE('',*,*,#1976,.F.);
#2694=ORIENTED_EDGE('',*,*,#1975,.T.);
#2695=ORIENTED_EDGE('',*,*,#1977,.F.);
#2696=ORIENTED_EDGE('',*,*,#1978,.T.);
#2697=ORIENTED_EDGE('',*,*,#1979,.F.);
#2698=ORIENTED_EDGE('',*,*,#1980,.F.);
#2699=ORIENTED_EDGE('',*,*,#1978,.F.);
#2700=ORIENTED_EDGE('',*,*,#1981,.F.);
#2701=ORIENTED_EDGE('',*,*,#1982,.F.);
#2702=ORIENTED_EDGE('',*,*,#1983,.F.);
#2703=ORIENTED_EDGE('',*,*,#1982,.T.);
#2704=ORIENTED_EDGE('',*,*,#1984,.F.);
#2705=ORIENTED_EDGE('',*,*,#1985,.T.);
#2706=ORIENTED_EDGE('',*,*,#1986,.F.);
#2707=ORIENTED_EDGE('',*,*,#1987,.F.);
#2708=ORIENTED_EDGE('',*,*,#1985,.F.);
#2709=ORIENTED_EDGE('',*,*,#1988,.F.);
#2710=ORIENTED_EDGE('',*,*,#1989,.T.);
#2711=ORIENTED_EDGE('',*,*,#1990,.T.);
#2712=ORIENTED_EDGE('',*,*,#1989,.F.);
#2713=ORIENTED_EDGE('',*,*,#1990,.F.);
#2714=ORIENTED_EDGE('',*,*,#1991,.T.);
#2715=ORIENTED_EDGE('',*,*,#1979,.T.);
#2716=ORIENTED_EDGE('',*,*,#1980,.T.);
#2717=ORIENTED_EDGE('',*,*,#1991,.F.);
#2718=ORIENTED_EDGE('',*,*,#1992,.F.);
#2719=ORIENTED_EDGE('',*,*,#1993,.T.);
#2720=ORIENTED_EDGE('',*,*,#1994,.T.);
#2721=ORIENTED_EDGE('',*,*,#1993,.F.);
#2722=ORIENTED_EDGE('',*,*,#1994,.F.);
#2723=ORIENTED_EDGE('',*,*,#1995,.T.);
#2724=ORIENTED_EDGE('',*,*,#1986,.T.);
#2725=ORIENTED_EDGE('',*,*,#1987,.T.);
#2726=ORIENTED_EDGE('',*,*,#1995,.F.);
#2727=ORIENTED_EDGE('',*,*,#1996,.F.);
#2728=ORIENTED_EDGE('',*,*,#1997,.F.);
#2729=ORIENTED_EDGE('',*,*,#1998,.T.);
#2730=ORIENTED_EDGE('',*,*,#1999,.F.);
#2731=ORIENTED_EDGE('',*,*,#2000,.F.);
#2732=ORIENTED_EDGE('',*,*,#2001,.T.);
#2733=ORIENTED_EDGE('',*,*,#2002,.T.);
#2734=ORIENTED_EDGE('',*,*,#2003,.F.);
#2735=ORIENTED_EDGE('',*,*,#2004,.F.);
#2736=ORIENTED_EDGE('',*,*,#1999,.T.);
#2737=ORIENTED_EDGE('',*,*,#2005,.T.);
#2738=ORIENTED_EDGE('',*,*,#2001,.F.);
#2739=ORIENTED_EDGE('',*,*,#2005,.F.);
#2740=ORIENTED_EDGE('',*,*,#1998,.F.);
#2741=ORIENTED_EDGE('',*,*,#2006,.F.);
#2742=ORIENTED_EDGE('',*,*,#2002,.F.);
#2743=ORIENTED_EDGE('',*,*,#2003,.T.);
#2744=ORIENTED_EDGE('',*,*,#2006,.T.);
#2745=ORIENTED_EDGE('',*,*,#1997,.T.);
#2746=ORIENTED_EDGE('',*,*,#2007,.T.);
#2747=ORIENTED_EDGE('',*,*,#2008,.T.);
#2748=ORIENTED_EDGE('',*,*,#2009,.T.);
#2749=ORIENTED_EDGE('',*,*,#2010,.T.);
#2750=ORIENTED_EDGE('',*,*,#2011,.T.);
#2751=ORIENTED_EDGE('',*,*,#2012,.T.);
#2752=ORIENTED_EDGE('',*,*,#2013,.T.);
#2753=ORIENTED_EDGE('',*,*,#2014,.T.);
#2754=ORIENTED_EDGE('',*,*,#2015,.T.);
#2755=ORIENTED_EDGE('',*,*,#2016,.F.);
#2756=ORIENTED_EDGE('',*,*,#2017,.T.);
#2757=ORIENTED_EDGE('',*,*,#2008,.F.);
#2758=ORIENTED_EDGE('',*,*,#2018,.F.);
#2759=ORIENTED_EDGE('',*,*,#2019,.F.);
#2760=ORIENTED_EDGE('',*,*,#2020,.T.);
#2761=ORIENTED_EDGE('',*,*,#2014,.F.);
#2762=ORIENTED_EDGE('',*,*,#2021,.F.);
#2763=ORIENTED_EDGE('',*,*,#2019,.T.);
#2764=ORIENTED_EDGE('',*,*,#2022,.T.);
#2765=ORIENTED_EDGE('',*,*,#2023,.T.);
#2766=ORIENTED_EDGE('',*,*,#2024,.T.);
#2767=ORIENTED_EDGE('',*,*,#2025,.T.);
#2768=ORIENTED_EDGE('',*,*,#2026,.T.);
#2769=ORIENTED_EDGE('',*,*,#2027,.T.);
#2770=ORIENTED_EDGE('',*,*,#2028,.T.);
#2771=ORIENTED_EDGE('',*,*,#2029,.F.);
#2772=ORIENTED_EDGE('',*,*,#2030,.T.);
#2773=ORIENTED_EDGE('',*,*,#2031,.T.);
#2774=ORIENTED_EDGE('',*,*,#2032,.T.);
#2775=ORIENTED_EDGE('',*,*,#2033,.F.);
#2776=ORIENTED_EDGE('',*,*,#2034,.T.);
#2777=ORIENTED_EDGE('',*,*,#2035,.F.);
#2778=ORIENTED_EDGE('',*,*,#2036,.T.);
#2779=ORIENTED_EDGE('',*,*,#2037,.T.);
#2780=ORIENTED_EDGE('',*,*,#2038,.T.);
#2781=ORIENTED_EDGE('',*,*,#2039,.T.);
#2782=ORIENTED_EDGE('',*,*,#2016,.T.);
#2783=ORIENTED_EDGE('',*,*,#2040,.T.);
#2784=ORIENTED_EDGE('',*,*,#2041,.T.);
#2785=ORIENTED_EDGE('',*,*,#2042,.T.);
#2786=ORIENTED_EDGE('',*,*,#2043,.T.);
#2787=ORIENTED_EDGE('',*,*,#2044,.F.);
#2788=ORIENTED_EDGE('',*,*,#2045,.T.);
#2789=ORIENTED_EDGE('',*,*,#2046,.T.);
#2790=ORIENTED_EDGE('',*,*,#2047,.T.);
#2791=ORIENTED_EDGE('',*,*,#2048,.T.);
#2792=ORIENTED_EDGE('',*,*,#2049,.T.);
#2793=ORIENTED_EDGE('',*,*,#2050,.T.);
#2794=ORIENTED_EDGE('',*,*,#2051,.T.);
#2795=ORIENTED_EDGE('',*,*,#2052,.T.);
#2796=ORIENTED_EDGE('',*,*,#2053,.T.);
#2797=ORIENTED_EDGE('',*,*,#2054,.T.);
#2798=ORIENTED_EDGE('',*,*,#2055,.T.);
#2799=ORIENTED_EDGE('',*,*,#1749,.T.);
#2800=ORIENTED_EDGE('',*,*,#2054,.F.);
#2801=ORIENTED_EDGE('',*,*,#2056,.T.);
#2802=ORIENTED_EDGE('',*,*,#2057,.F.);
#2803=ORIENTED_EDGE('',*,*,#2058,.F.);
#2804=ORIENTED_EDGE('',*,*,#2059,.T.);
#2805=ORIENTED_EDGE('',*,*,#2044,.T.);
#2806=ORIENTED_EDGE('',*,*,#2060,.T.);
#2807=ORIENTED_EDGE('',*,*,#2057,.T.);
#2808=ORIENTED_EDGE('',*,*,#2061,.T.);
#2809=ORIENTED_EDGE('',*,*,#2062,.T.);
#2810=ORIENTED_EDGE('',*,*,#2063,.T.);
#2811=ORIENTED_EDGE('',*,*,#2029,.T.);
#2812=ORIENTED_EDGE('',*,*,#2062,.F.);
#2813=ORIENTED_EDGE('',*,*,#2064,.T.);
#2814=ORIENTED_EDGE('',*,*,#2065,.F.);
#2815=ORIENTED_EDGE('',*,*,#2066,.F.);
#2816=ORIENTED_EDGE('',*,*,#2067,.T.);
#2817=ORIENTED_EDGE('',*,*,#1725,.T.);
#2818=ORIENTED_EDGE('',*,*,#2068,.T.);
#2819=ORIENTED_EDGE('',*,*,#2065,.T.);
#2820=ORIENTED_EDGE('',*,*,#2069,.F.);
#2821=ORIENTED_EDGE('',*,*,#2070,.T.);
#2822=ORIENTED_EDGE('',*,*,#2071,.F.);
#2823=ORIENTED_EDGE('',*,*,#2070,.F.);
#2824=ORIENTED_EDGE('',*,*,#2072,.F.);
#2825=ORIENTED_EDGE('',*,*,#2073,.T.);
#2826=ORIENTED_EDGE('',*,*,#2074,.F.);
#2827=ORIENTED_EDGE('',*,*,#2073,.F.);
#2828=ORIENTED_EDGE('',*,*,#2075,.F.);
#2829=ORIENTED_EDGE('',*,*,#2076,.T.);
#2830=ORIENTED_EDGE('',*,*,#2039,.F.);
#2831=ORIENTED_EDGE('',*,*,#2076,.F.);
#2832=ORIENTED_EDGE('',*,*,#2075,.T.);
#2833=ORIENTED_EDGE('',*,*,#2077,.T.);
#2834=ORIENTED_EDGE('',*,*,#2078,.F.);
#2835=ORIENTED_EDGE('',*,*,#2079,.T.);
#2836=ORIENTED_EDGE('',*,*,#1761,.F.);
#2837=ORIENTED_EDGE('',*,*,#2079,.F.);
#2838=ORIENTED_EDGE('',*,*,#2078,.T.);
#2839=ORIENTED_EDGE('',*,*,#2080,.T.);
#2840=ORIENTED_EDGE('',*,*,#2081,.F.);
#2841=ORIENTED_EDGE('',*,*,#2082,.T.);
#2842=ORIENTED_EDGE('',*,*,#2052,.F.);
#2843=ORIENTED_EDGE('',*,*,#2082,.F.);
#2844=ORIENTED_EDGE('',*,*,#2081,.T.);
#2845=ORIENTED_EDGE('',*,*,#2083,.T.);
#2846=ORIENTED_EDGE('',*,*,#2084,.F.);
#2847=ORIENTED_EDGE('',*,*,#2085,.T.);
#2848=ORIENTED_EDGE('',*,*,#1762,.F.);
#2849=ORIENTED_EDGE('',*,*,#2085,.F.);
#2850=ORIENTED_EDGE('',*,*,#2084,.T.);
#2851=ORIENTED_EDGE('',*,*,#2086,.T.);
#2852=ORIENTED_EDGE('',*,*,#2087,.T.);
#2853=ORIENTED_EDGE('',*,*,#2088,.T.);
#2854=ORIENTED_EDGE('',*,*,#2033,.T.);
#2855=ORIENTED_EDGE('',*,*,#2089,.T.);
#2856=ORIENTED_EDGE('',*,*,#2088,.F.);
#2857=ORIENTED_EDGE('',*,*,#2090,.F.);
#2858=ORIENTED_EDGE('',*,*,#2091,.F.);
#2859=ORIENTED_EDGE('',*,*,#2034,.F.);
#2860=ORIENTED_EDGE('',*,*,#2092,.T.);
#2861=ORIENTED_EDGE('',*,*,#2093,.T.);
#2862=ORIENTED_EDGE('',*,*,#2035,.T.);
#2863=ORIENTED_EDGE('',*,*,#2091,.T.);
#2864=ORIENTED_EDGE('',*,*,#2093,.F.);
#2865=ORIENTED_EDGE('',*,*,#2094,.F.);
#2866=ORIENTED_EDGE('',*,*,#2095,.T.);
#2867=ORIENTED_EDGE('',*,*,#2036,.F.);
#2868=ORIENTED_EDGE('',*,*,#2083,.F.);
#2869=ORIENTED_EDGE('',*,*,#2096,.T.);
#2870=ORIENTED_EDGE('',*,*,#2097,.F.);
#2871=ORIENTED_EDGE('',*,*,#2096,.F.);
#2872=ORIENTED_EDGE('',*,*,#2086,.F.);
#2873=ORIENTED_EDGE('',*,*,#2098,.T.);
#2874=ORIENTED_EDGE('',*,*,#2099,.F.);
#2875=ORIENTED_EDGE('',*,*,#2098,.F.);
#2876=ORIENTED_EDGE('',*,*,#2100,.F.);
#2877=ORIENTED_EDGE('',*,*,#2101,.T.);
#2878=ORIENTED_EDGE('',*,*,#1883,.F.);
#2879=ORIENTED_EDGE('',*,*,#1878,.F.);
#2880=ORIENTED_EDGE('',*,*,#1890,.F.);
#2881=ORIENTED_EDGE('',*,*,#1885,.F.);
#2882=ORIENTED_EDGE('',*,*,#1971,.F.);
#2883=ORIENTED_EDGE('',*,*,#1873,.F.);
#2884=ORIENTED_EDGE('',*,*,#1877,.F.);
#2885=ORIENTED_EDGE('',*,*,#1891,.F.);
#2886=ORIENTED_EDGE('',*,*,#1764,.F.);
#2887=ORIENTED_EDGE('',*,*,#2102,.F.);
#2888=ORIENTED_EDGE('',*,*,#1968,.T.);
#2889=ORIENTED_EDGE('',*,*,#1970,.T.);
#2890=ORIENTED_EDGE('',*,*,#2103,.F.);
#2891=ORIENTED_EDGE('',*,*,#2102,.T.);
#2892=ORIENTED_EDGE('',*,*,#1763,.F.);
#2893=ORIENTED_EDGE('',*,*,#1710,.T.);
#2894=ORIENTED_EDGE('',*,*,#1715,.T.);
#2895=ORIENTED_EDGE('',*,*,#2104,.F.);
#2896=ORIENTED_EDGE('',*,*,#2105,.F.);
#2897=ORIENTED_EDGE('',*,*,#2104,.T.);
#2898=ORIENTED_EDGE('',*,*,#1719,.F.);
#2899=ORIENTED_EDGE('',*,*,#1760,.F.);
#2900=ORIENTED_EDGE('',*,*,#2106,.F.);
#2901=ORIENTED_EDGE('',*,*,#2107,.F.);
#2902=ORIENTED_EDGE('',*,*,#2106,.T.);
#2903=ORIENTED_EDGE('',*,*,#1759,.F.);
#2904=ORIENTED_EDGE('',*,*,#2108,.F.);
#2905=ORIENTED_EDGE('',*,*,#2109,.F.);
#2906=ORIENTED_EDGE('',*,*,#2108,.T.);
#2907=ORIENTED_EDGE('',*,*,#1758,.F.);
#2908=ORIENTED_EDGE('',*,*,#2110,.F.);
#2909=ORIENTED_EDGE('',*,*,#2111,.F.);
#2910=ORIENTED_EDGE('',*,*,#2110,.T.);
#2911=ORIENTED_EDGE('',*,*,#1757,.F.);
#2912=ORIENTED_EDGE('',*,*,#2112,.F.);
#2913=ORIENTED_EDGE('',*,*,#2113,.F.);
#2914=ORIENTED_EDGE('',*,*,#2112,.T.);
#2915=ORIENTED_EDGE('',*,*,#1756,.F.);
#2916=ORIENTED_EDGE('',*,*,#1772,.T.);
#2917=ORIENTED_EDGE('',*,*,#2114,.F.);
#2918=ORIENTED_EDGE('',*,*,#2115,.F.);
#2919=ORIENTED_EDGE('',*,*,#2114,.T.);
#2920=ORIENTED_EDGE('',*,*,#1775,.F.);
#2921=ORIENTED_EDGE('',*,*,#1767,.F.);
#2922=ORIENTED_EDGE('',*,*,#1884,.F.);
#2923=ORIENTED_EDGE('',*,*,#2101,.F.);
#2924=ORIENTED_EDGE('',*,*,#2116,.F.);
#2925=ORIENTED_EDGE('',*,*,#2117,.T.);
#2926=ORIENTED_EDGE('',*,*,#1737,.F.);
#2927=ORIENTED_EDGE('',*,*,#2118,.F.);
#2928=ORIENTED_EDGE('',*,*,#2119,.F.);
#2929=ORIENTED_EDGE('',*,*,#2118,.T.);
#2930=ORIENTED_EDGE('',*,*,#1736,.F.);
#2931=ORIENTED_EDGE('',*,*,#2120,.F.);
#2932=ORIENTED_EDGE('',*,*,#2121,.F.);
#2933=ORIENTED_EDGE('',*,*,#2120,.T.);
#2934=ORIENTED_EDGE('',*,*,#1735,.F.);
#2935=ORIENTED_EDGE('',*,*,#2122,.F.);
#2936=ORIENTED_EDGE('',*,*,#2123,.F.);
#2937=ORIENTED_EDGE('',*,*,#2122,.T.);
#2938=ORIENTED_EDGE('',*,*,#1734,.F.);
#2939=ORIENTED_EDGE('',*,*,#2124,.F.);
#2940=ORIENTED_EDGE('',*,*,#2125,.F.);
#2941=ORIENTED_EDGE('',*,*,#2124,.T.);
#2942=ORIENTED_EDGE('',*,*,#1733,.F.);
#2943=ORIENTED_EDGE('',*,*,#2126,.F.);
#2944=ORIENTED_EDGE('',*,*,#2127,.F.);
#2945=ORIENTED_EDGE('',*,*,#2126,.T.);
#2946=ORIENTED_EDGE('',*,*,#1732,.F.);
#2947=ORIENTED_EDGE('',*,*,#2128,.F.);
#2948=ORIENTED_EDGE('',*,*,#2129,.F.);
#2949=ORIENTED_EDGE('',*,*,#2128,.T.);
#2950=ORIENTED_EDGE('',*,*,#1731,.F.);
#2951=ORIENTED_EDGE('',*,*,#2130,.F.);
#2952=ORIENTED_EDGE('',*,*,#2131,.F.);
#2953=ORIENTED_EDGE('',*,*,#2130,.T.);
#2954=ORIENTED_EDGE('',*,*,#1730,.F.);
#2955=ORIENTED_EDGE('',*,*,#2132,.F.);
#2956=ORIENTED_EDGE('',*,*,#2133,.F.);
#2957=ORIENTED_EDGE('',*,*,#2132,.T.);
#2958=ORIENTED_EDGE('',*,*,#1729,.F.);
#2959=ORIENTED_EDGE('',*,*,#2134,.F.);
#2960=ORIENTED_EDGE('',*,*,#2135,.F.);
#2961=ORIENTED_EDGE('',*,*,#2134,.T.);
#2962=ORIENTED_EDGE('',*,*,#1728,.F.);
#2963=ORIENTED_EDGE('',*,*,#2136,.F.);
#2964=ORIENTED_EDGE('',*,*,#2137,.F.);
#2965=ORIENTED_EDGE('',*,*,#2136,.T.);
#2966=ORIENTED_EDGE('',*,*,#1727,.F.);
#2967=ORIENTED_EDGE('',*,*,#2138,.F.);
#2968=ORIENTED_EDGE('',*,*,#2139,.F.);
#2969=ORIENTED_EDGE('',*,*,#2138,.T.);
#2970=ORIENTED_EDGE('',*,*,#1726,.F.);
#2971=ORIENTED_EDGE('',*,*,#2067,.F.);
#2972=ORIENTED_EDGE('',*,*,#2064,.F.);
#2973=ORIENTED_EDGE('',*,*,#2061,.F.);
#2974=ORIENTED_EDGE('',*,*,#2028,.F.);
#2975=ORIENTED_EDGE('',*,*,#2140,.F.);
#2976=ORIENTED_EDGE('',*,*,#2074,.T.);
#2977=ORIENTED_EDGE('',*,*,#2141,.F.);
#2978=ORIENTED_EDGE('',*,*,#2140,.T.);
#2979=ORIENTED_EDGE('',*,*,#2027,.F.);
#2980=ORIENTED_EDGE('',*,*,#2142,.F.);
#2981=ORIENTED_EDGE('',*,*,#2143,.F.);
#2982=ORIENTED_EDGE('',*,*,#2142,.T.);
#2983=ORIENTED_EDGE('',*,*,#2026,.F.);
#2984=ORIENTED_EDGE('',*,*,#2144,.F.);
#2985=ORIENTED_EDGE('',*,*,#2145,.F.);
#2986=ORIENTED_EDGE('',*,*,#2144,.T.);
#2987=ORIENTED_EDGE('',*,*,#2025,.F.);
#2988=ORIENTED_EDGE('',*,*,#2146,.F.);
#2989=ORIENTED_EDGE('',*,*,#2147,.F.);
#2990=ORIENTED_EDGE('',*,*,#2146,.T.);
#2991=ORIENTED_EDGE('',*,*,#2024,.F.);
#2992=ORIENTED_EDGE('',*,*,#2148,.F.);
#2993=ORIENTED_EDGE('',*,*,#2149,.F.);
#2994=ORIENTED_EDGE('',*,*,#2148,.T.);
#2995=ORIENTED_EDGE('',*,*,#2023,.F.);
#2996=ORIENTED_EDGE('',*,*,#2150,.F.);
#2997=ORIENTED_EDGE('',*,*,#2151,.F.);
#2998=ORIENTED_EDGE('',*,*,#2150,.T.);
#2999=ORIENTED_EDGE('',*,*,#2022,.F.);
#3000=ORIENTED_EDGE('',*,*,#2021,.T.);
#3001=ORIENTED_EDGE('',*,*,#2013,.F.);
#3002=ORIENTED_EDGE('',*,*,#2152,.F.);
#3003=ORIENTED_EDGE('',*,*,#2153,.F.);
#3004=ORIENTED_EDGE('',*,*,#2152,.T.);
#3005=ORIENTED_EDGE('',*,*,#2012,.F.);
#3006=ORIENTED_EDGE('',*,*,#2154,.F.);
#3007=ORIENTED_EDGE('',*,*,#1974,.F.);
#3008=ORIENTED_EDGE('',*,*,#2155,.F.);
#3009=ORIENTED_EDGE('',*,*,#1976,.T.);
#3010=ORIENTED_EDGE('',*,*,#1977,.T.);
#3011=ORIENTED_EDGE('',*,*,#2154,.T.);
#3012=ORIENTED_EDGE('',*,*,#2011,.F.);
#3013=ORIENTED_EDGE('',*,*,#2156,.F.);
#3014=ORIENTED_EDGE('',*,*,#1983,.T.);
#3015=ORIENTED_EDGE('',*,*,#1984,.T.);
#3016=ORIENTED_EDGE('',*,*,#2157,.F.);
#3017=ORIENTED_EDGE('',*,*,#2158,.F.);
#3018=ORIENTED_EDGE('',*,*,#2155,.T.);
#3019=ORIENTED_EDGE('',*,*,#2159,.F.);
#3020=ORIENTED_EDGE('',*,*,#2157,.T.);
#3021=ORIENTED_EDGE('',*,*,#1981,.T.);
#3022=ORIENTED_EDGE('',*,*,#2156,.T.);
#3023=ORIENTED_EDGE('',*,*,#2010,.F.);
#3024=ORIENTED_EDGE('',*,*,#2160,.F.);
#3025=ORIENTED_EDGE('',*,*,#2161,.F.);
#3026=ORIENTED_EDGE('',*,*,#2160,.T.);
#3027=ORIENTED_EDGE('',*,*,#2009,.F.);
#3028=ORIENTED_EDGE('',*,*,#2017,.F.);
#3029=ORIENTED_EDGE('',*,*,#2051,.F.);
#3030=ORIENTED_EDGE('',*,*,#2162,.F.);
#3031=ORIENTED_EDGE('',*,*,#2163,.F.);
#3032=ORIENTED_EDGE('',*,*,#2162,.T.);
#3033=ORIENTED_EDGE('',*,*,#2050,.F.);
#3034=ORIENTED_EDGE('',*,*,#2164,.F.);
#3035=ORIENTED_EDGE('',*,*,#2165,.F.);
#3036=ORIENTED_EDGE('',*,*,#2164,.T.);
#3037=ORIENTED_EDGE('',*,*,#2049,.F.);
#3038=ORIENTED_EDGE('',*,*,#2166,.F.);
#3039=ORIENTED_EDGE('',*,*,#2167,.F.);
#3040=ORIENTED_EDGE('',*,*,#2166,.T.);
#3041=ORIENTED_EDGE('',*,*,#2048,.F.);
#3042=ORIENTED_EDGE('',*,*,#2168,.F.);
#3043=ORIENTED_EDGE('',*,*,#2169,.F.);
#3044=ORIENTED_EDGE('',*,*,#2168,.T.);
#3045=ORIENTED_EDGE('',*,*,#2047,.F.);
#3046=ORIENTED_EDGE('',*,*,#2170,.F.);
#3047=ORIENTED_EDGE('',*,*,#2171,.F.);
#3048=ORIENTED_EDGE('',*,*,#2170,.T.);
#3049=ORIENTED_EDGE('',*,*,#2046,.F.);
#3050=ORIENTED_EDGE('',*,*,#2172,.F.);
#3051=ORIENTED_EDGE('',*,*,#1748,.F.);
#3052=ORIENTED_EDGE('',*,*,#2173,.F.);
#3053=ORIENTED_EDGE('',*,*,#2174,.F.);
#3054=ORIENTED_EDGE('',*,*,#2172,.T.);
#3055=ORIENTED_EDGE('',*,*,#2045,.F.);
#3056=ORIENTED_EDGE('',*,*,#2059,.F.);
#3057=ORIENTED_EDGE('',*,*,#2056,.F.);
#3058=ORIENTED_EDGE('',*,*,#2053,.F.);
#3059=ORIENTED_EDGE('',*,*,#2071,.T.);
#3060=ORIENTED_EDGE('',*,*,#2175,.F.);
#3061=ORIENTED_EDGE('',*,*,#2173,.T.);
#3062=ORIENTED_EDGE('',*,*,#1747,.F.);
#3063=ORIENTED_EDGE('',*,*,#2176,.F.);
#3064=ORIENTED_EDGE('',*,*,#2177,.F.);
#3065=ORIENTED_EDGE('',*,*,#2176,.T.);
#3066=ORIENTED_EDGE('',*,*,#1746,.F.);
#3067=ORIENTED_EDGE('',*,*,#2178,.F.);
#3068=ORIENTED_EDGE('',*,*,#2179,.F.);
#3069=ORIENTED_EDGE('',*,*,#2178,.T.);
#3070=ORIENTED_EDGE('',*,*,#1745,.F.);
#3071=ORIENTED_EDGE('',*,*,#2180,.F.);
#3072=ORIENTED_EDGE('',*,*,#2181,.F.);
#3073=ORIENTED_EDGE('',*,*,#2180,.T.);
#3074=ORIENTED_EDGE('',*,*,#1744,.F.);
#3075=ORIENTED_EDGE('',*,*,#2182,.F.);
#3076=ORIENTED_EDGE('',*,*,#2183,.F.);
#3077=ORIENTED_EDGE('',*,*,#2182,.T.);
#3078=ORIENTED_EDGE('',*,*,#1743,.F.);
#3079=ORIENTED_EDGE('',*,*,#2184,.F.);
#3080=ORIENTED_EDGE('',*,*,#2185,.F.);
#3081=ORIENTED_EDGE('',*,*,#2184,.T.);
#3082=ORIENTED_EDGE('',*,*,#1742,.F.);
#3083=ORIENTED_EDGE('',*,*,#2186,.F.);
#3084=ORIENTED_EDGE('',*,*,#2187,.F.);
#3085=ORIENTED_EDGE('',*,*,#2186,.T.);
#3086=ORIENTED_EDGE('',*,*,#1741,.F.);
#3087=ORIENTED_EDGE('',*,*,#2188,.F.);
#3088=ORIENTED_EDGE('',*,*,#2189,.F.);
#3089=ORIENTED_EDGE('',*,*,#2188,.T.);
#3090=ORIENTED_EDGE('',*,*,#1740,.F.);
#3091=ORIENTED_EDGE('',*,*,#2190,.F.);
#3092=ORIENTED_EDGE('',*,*,#2191,.F.);
#3093=ORIENTED_EDGE('',*,*,#2190,.T.);
#3094=ORIENTED_EDGE('',*,*,#1739,.F.);
#3095=ORIENTED_EDGE('',*,*,#2192,.F.);
#3096=ORIENTED_EDGE('',*,*,#2193,.F.);
#3097=ORIENTED_EDGE('',*,*,#2192,.T.);
#3098=ORIENTED_EDGE('',*,*,#1738,.F.);
#3099=ORIENTED_EDGE('',*,*,#2117,.F.);
#3100=ORIENTED_EDGE('',*,*,#2080,.F.);
#3101=ORIENTED_EDGE('',*,*,#2194,.T.);
#3102=ORIENTED_EDGE('',*,*,#2195,.F.);
#3103=ORIENTED_EDGE('',*,*,#2194,.F.);
#3104=ORIENTED_EDGE('',*,*,#2038,.F.);
#3105=ORIENTED_EDGE('',*,*,#2196,.T.);
#3106=ORIENTED_EDGE('',*,*,#2197,.F.);
#3107=ORIENTED_EDGE('',*,*,#2196,.F.);
#3108=ORIENTED_EDGE('',*,*,#2077,.F.);
#3109=ORIENTED_EDGE('',*,*,#2198,.T.);
#3110=ORIENTED_EDGE('',*,*,#2199,.F.);
#3111=ORIENTED_EDGE('',*,*,#2198,.F.);
#3112=ORIENTED_EDGE('',*,*,#2043,.F.);
#3113=ORIENTED_EDGE('',*,*,#2200,.F.);
#3114=ORIENTED_EDGE('',*,*,#2201,.F.);
#3115=ORIENTED_EDGE('',*,*,#2202,.T.);
#3116=ORIENTED_EDGE('',*,*,#1750,.F.);
#3117=ORIENTED_EDGE('',*,*,#2055,.F.);
#3118=ORIENTED_EDGE('',*,*,#2058,.T.);
#3119=ORIENTED_EDGE('',*,*,#2060,.F.);
#3120=ORIENTED_EDGE('',*,*,#2069,.T.);
#3121=ORIENTED_EDGE('',*,*,#2203,.F.);
#3122=ORIENTED_EDGE('',*,*,#2200,.T.);
#3123=ORIENTED_EDGE('',*,*,#2042,.F.);
#3124=ORIENTED_EDGE('',*,*,#2204,.F.);
#3125=ORIENTED_EDGE('',*,*,#2205,.F.);
#3126=ORIENTED_EDGE('',*,*,#2204,.T.);
#3127=ORIENTED_EDGE('',*,*,#2041,.F.);
#3128=ORIENTED_EDGE('',*,*,#2206,.F.);
#3129=ORIENTED_EDGE('',*,*,#2207,.T.);
#3130=ORIENTED_EDGE('',*,*,#2206,.T.);
#3131=ORIENTED_EDGE('',*,*,#2040,.F.);
#3132=ORIENTED_EDGE('',*,*,#2208,.F.);
#3133=ORIENTED_EDGE('',*,*,#2000,.T.);
#3134=ORIENTED_EDGE('',*,*,#2015,.F.);
#3135=ORIENTED_EDGE('',*,*,#2020,.F.);
#3136=ORIENTED_EDGE('',*,*,#2209,.F.);
#3137=ORIENTED_EDGE('',*,*,#2210,.F.);
#3138=ORIENTED_EDGE('',*,*,#2208,.T.);
#3139=ORIENTED_EDGE('',*,*,#2018,.T.);
#3140=ORIENTED_EDGE('',*,*,#2007,.F.);
#3141=ORIENTED_EDGE('',*,*,#1996,.T.);
#3142=ORIENTED_EDGE('',*,*,#2004,.T.);
#3143=ORIENTED_EDGE('',*,*,#1988,.T.);
#3144=ORIENTED_EDGE('',*,*,#1992,.T.);
#3145=ORIENTED_EDGE('',*,*,#2211,.T.);
#3146=ORIENTED_EDGE('',*,*,#2209,.T.);
#3147=ORIENTED_EDGE('',*,*,#2037,.F.);
#3148=ORIENTED_EDGE('',*,*,#2095,.F.);
#3149=ORIENTED_EDGE('',*,*,#2089,.F.);
#3150=ORIENTED_EDGE('',*,*,#2032,.F.);
#3151=ORIENTED_EDGE('',*,*,#2212,.F.);
#3152=ORIENTED_EDGE('',*,*,#2213,.F.);
#3153=ORIENTED_EDGE('',*,*,#2214,.F.);
#3154=ORIENTED_EDGE('',*,*,#2212,.T.);
#3155=ORIENTED_EDGE('',*,*,#2031,.F.);
#3156=ORIENTED_EDGE('',*,*,#2215,.F.);
#3157=ORIENTED_EDGE('',*,*,#2216,.F.);
#3158=ORIENTED_EDGE('',*,*,#2215,.T.);
#3159=ORIENTED_EDGE('',*,*,#2030,.F.);
#3160=ORIENTED_EDGE('',*,*,#2063,.F.);
#3161=ORIENTED_EDGE('',*,*,#2066,.T.);
#3162=ORIENTED_EDGE('',*,*,#2068,.F.);
#3163=ORIENTED_EDGE('',*,*,#1724,.F.);
#3164=ORIENTED_EDGE('',*,*,#2217,.F.);
#3165=ORIENTED_EDGE('',*,*,#2072,.T.);
#3166=ORIENTED_EDGE('',*,*,#2218,.F.);
#3167=ORIENTED_EDGE('',*,*,#2217,.T.);
#3168=ORIENTED_EDGE('',*,*,#1723,.F.);
#3169=ORIENTED_EDGE('',*,*,#2219,.F.);
#3170=ORIENTED_EDGE('',*,*,#2220,.F.);
#3171=ORIENTED_EDGE('',*,*,#2219,.T.);
#3172=ORIENTED_EDGE('',*,*,#1722,.F.);
#3173=ORIENTED_EDGE('',*,*,#2221,.F.);
#3174=ORIENTED_EDGE('',*,*,#2222,.T.);
#3175=ORIENTED_EDGE('',*,*,#2221,.T.);
#3176=ORIENTED_EDGE('',*,*,#1721,.F.);
#3177=ORIENTED_EDGE('',*,*,#2223,.F.);
#3178=ORIENTED_EDGE('',*,*,#2224,.T.);
#3179=ORIENTED_EDGE('',*,*,#2223,.T.);
#3180=ORIENTED_EDGE('',*,*,#1720,.F.);
#3181=ORIENTED_EDGE('',*,*,#1717,.F.);
#3182=ORIENTED_EDGE('',*,*,#1831,.F.);
#3183=ORIENTED_EDGE('',*,*,#1837,.F.);
#3184=ORIENTED_EDGE('',*,*,#1953,.F.);
#3185=ORIENTED_EDGE('',*,*,#2225,.T.);
#3186=ORIENTED_EDGE('',*,*,#1863,.T.);
#3187=ORIENTED_EDGE('',*,*,#1753,.F.);
#3188=ORIENTED_EDGE('',*,*,#2226,.F.);
#3189=ORIENTED_EDGE('',*,*,#2227,.T.);
#3190=ORIENTED_EDGE('',*,*,#2226,.T.);
#3191=ORIENTED_EDGE('',*,*,#1752,.F.);
#3192=ORIENTED_EDGE('',*,*,#2228,.F.);
#3193=ORIENTED_EDGE('',*,*,#2229,.F.);
#3194=ORIENTED_EDGE('',*,*,#2228,.T.);
#3195=ORIENTED_EDGE('',*,*,#1751,.F.);
#3196=ORIENTED_EDGE('',*,*,#2202,.F.);
#3197=ORIENTED_EDGE('',*,*,#2201,.T.);
#3198=ORIENTED_EDGE('',*,*,#2203,.T.);
#3199=ORIENTED_EDGE('',*,*,#2205,.T.);
#3200=ORIENTED_EDGE('',*,*,#2207,.F.);
#3201=ORIENTED_EDGE('',*,*,#2210,.T.);
#3202=ORIENTED_EDGE('',*,*,#2211,.F.);
#3203=ORIENTED_EDGE('',*,*,#2094,.T.);
#3204=ORIENTED_EDGE('',*,*,#2092,.F.);
#3205=ORIENTED_EDGE('',*,*,#2090,.T.);
#3206=ORIENTED_EDGE('',*,*,#2087,.F.);
#3207=ORIENTED_EDGE('',*,*,#2213,.T.);
#3208=ORIENTED_EDGE('',*,*,#2214,.T.);
#3209=ORIENTED_EDGE('',*,*,#2216,.T.);
#3210=ORIENTED_EDGE('',*,*,#2218,.T.);
#3211=ORIENTED_EDGE('',*,*,#2220,.T.);
#3212=ORIENTED_EDGE('',*,*,#2222,.F.);
#3213=ORIENTED_EDGE('',*,*,#2224,.F.);
#3214=ORIENTED_EDGE('',*,*,#1952,.F.);
#3215=ORIENTED_EDGE('',*,*,#1864,.F.);
#3216=ORIENTED_EDGE('',*,*,#2225,.F.);
#3217=ORIENTED_EDGE('',*,*,#2227,.F.);
#3218=ORIENTED_EDGE('',*,*,#2229,.T.);
#3219=ORIENTED_EDGE('',*,*,#2174,.T.);
#3220=ORIENTED_EDGE('',*,*,#2175,.T.);
#3221=ORIENTED_EDGE('',*,*,#2177,.T.);
#3222=ORIENTED_EDGE('',*,*,#2179,.T.);
#3223=ORIENTED_EDGE('',*,*,#2181,.T.);
#3224=ORIENTED_EDGE('',*,*,#2183,.T.);
#3225=ORIENTED_EDGE('',*,*,#2185,.T.);
#3226=ORIENTED_EDGE('',*,*,#2187,.T.);
#3227=ORIENTED_EDGE('',*,*,#2189,.T.);
#3228=ORIENTED_EDGE('',*,*,#2191,.T.);
#3229=ORIENTED_EDGE('',*,*,#2193,.T.);
#3230=ORIENTED_EDGE('',*,*,#2116,.T.);
#3231=ORIENTED_EDGE('',*,*,#2119,.T.);
#3232=ORIENTED_EDGE('',*,*,#2121,.T.);
#3233=ORIENTED_EDGE('',*,*,#2123,.T.);
#3234=ORIENTED_EDGE('',*,*,#2125,.T.);
#3235=ORIENTED_EDGE('',*,*,#2127,.T.);
#3236=ORIENTED_EDGE('',*,*,#2129,.T.);
#3237=ORIENTED_EDGE('',*,*,#2131,.T.);
#3238=ORIENTED_EDGE('',*,*,#2133,.T.);
#3239=ORIENTED_EDGE('',*,*,#2135,.T.);
#3240=ORIENTED_EDGE('',*,*,#2137,.T.);
#3241=ORIENTED_EDGE('',*,*,#2139,.T.);
#3242=ORIENTED_EDGE('',*,*,#2141,.T.);
#3243=ORIENTED_EDGE('',*,*,#2143,.T.);
#3244=ORIENTED_EDGE('',*,*,#2145,.T.);
#3245=ORIENTED_EDGE('',*,*,#2147,.T.);
#3246=ORIENTED_EDGE('',*,*,#2149,.T.);
#3247=ORIENTED_EDGE('',*,*,#2151,.T.);
#3248=ORIENTED_EDGE('',*,*,#2153,.T.);
#3249=ORIENTED_EDGE('',*,*,#2158,.T.);
#3250=ORIENTED_EDGE('',*,*,#2159,.T.);
#3251=ORIENTED_EDGE('',*,*,#2161,.T.);
#3252=ORIENTED_EDGE('',*,*,#2163,.T.);
#3253=ORIENTED_EDGE('',*,*,#2165,.T.);
#3254=ORIENTED_EDGE('',*,*,#2167,.T.);
#3255=ORIENTED_EDGE('',*,*,#2169,.T.);
#3256=ORIENTED_EDGE('',*,*,#2171,.T.);
#3257=ORIENTED_EDGE('',*,*,#2199,.T.);
#3258=ORIENTED_EDGE('',*,*,#2197,.T.);
#3259=ORIENTED_EDGE('',*,*,#2195,.T.);
#3260=ORIENTED_EDGE('',*,*,#2115,.T.);
#3261=ORIENTED_EDGE('',*,*,#2100,.T.);
#3262=ORIENTED_EDGE('',*,*,#2103,.T.);
#3263=ORIENTED_EDGE('',*,*,#2105,.T.);
#3264=ORIENTED_EDGE('',*,*,#2107,.T.);
#3265=ORIENTED_EDGE('',*,*,#2109,.T.);
#3266=ORIENTED_EDGE('',*,*,#2111,.T.);
#3267=ORIENTED_EDGE('',*,*,#2113,.T.);
#3268=ORIENTED_EDGE('',*,*,#2099,.T.);
#3269=ORIENTED_EDGE('',*,*,#2097,.T.);
#3270=CYLINDRICAL_SURFACE('',#3553,2.5);
#3271=CYLINDRICAL_SURFACE('',#3556,2.5);
#3272=CYLINDRICAL_SURFACE('',#3579,2.5);
#3273=CYLINDRICAL_SURFACE('',#3582,2.5);
#3274=CYLINDRICAL_SURFACE('',#3601,3.);
#3275=CYLINDRICAL_SURFACE('',#3603,3.);
#3276=CYLINDRICAL_SURFACE('',#3605,2.5);
#3277=CYLINDRICAL_SURFACE('',#3612,2.5);
#3278=CYLINDRICAL_SURFACE('',#3615,2.5);
#3279=CYLINDRICAL_SURFACE('',#3617,2.5);
#3280=CYLINDRICAL_SURFACE('',#3624,2.5);
#3281=CYLINDRICAL_SURFACE('',#3630,2.5);
#3282=CYLINDRICAL_SURFACE('',#3631,1.75000000000001);
#3283=CYLINDRICAL_SURFACE('',#3633,1.75000000000001);
#3284=CYLINDRICAL_SURFACE('',#3636,2.5);
#3285=CYLINDRICAL_SURFACE('',#3640,2.5);
#3286=CYLINDRICAL_SURFACE('',#3643,3.);
#3287=CYLINDRICAL_SURFACE('',#3646,2.);
#3288=CYLINDRICAL_SURFACE('',#3649,2.5);
#3289=CYLINDRICAL_SURFACE('',#3652,2.);
#3290=CYLINDRICAL_SURFACE('',#3657,2.);
#3291=CYLINDRICAL_SURFACE('',#3660,2.5);
#3292=CYLINDRICAL_SURFACE('',#3663,2.);
#3293=CYLINDRICAL_SURFACE('',#3666,2.5);
#3294=CYLINDRICAL_SURFACE('',#3669,2.5);
#3295=CYLINDRICAL_SURFACE('',#3672,1.5);
#3296=CYLINDRICAL_SURFACE('',#3677,2.5);
#3297=CYLINDRICAL_SURFACE('',#3680,2.5);
#3298=CYLINDRICAL_SURFACE('',#3683,1.5);
#3299=CYLINDRICAL_SURFACE('',#3689,1.5);
#3300=CYLINDRICAL_SURFACE('',#3692,1.5);
#3301=CYLINDRICAL_SURFACE('',#3694,1.5);
#3302=CYLINDRICAL_SURFACE('',#3695,1.5);
#3303=CYLINDRICAL_SURFACE('',#3701,1.5);
#3304=CYLINDRICAL_SURFACE('',#3705,1.5);
#3305=CYLINDRICAL_SURFACE('',#3708,1.5);
#3306=CYLINDRICAL_SURFACE('',#3710,1.5);
#3307=CYLINDRICAL_SURFACE('',#3715,1.5);
#3308=CYLINDRICAL_SURFACE('',#3717,1.5);
#3309=CYLINDRICAL_SURFACE('',#3720,1.5);
#3310=CYLINDRICAL_SURFACE('',#3742,1.5);
#3311=CYLINDRICAL_SURFACE('',#3746,1.5);
#3312=CYLINDRICAL_SURFACE('',#3772,1.);
#3313=CYLINDRICAL_SURFACE('',#3775,3.);
#3314=CYLINDRICAL_SURFACE('',#3778,1.);
#3315=CYLINDRICAL_SURFACE('',#3781,1.);
#3316=CYLINDRICAL_SURFACE('',#3784,3.);
#3317=CYLINDRICAL_SURFACE('',#3787,1.);
#3318=CYLINDRICAL_SURFACE('',#3790,1.5);
#3319=CYLINDRICAL_SURFACE('',#3793,1.5);
#3320=CYLINDRICAL_SURFACE('',#3796,3.5);
#3321=CYLINDRICAL_SURFACE('',#3800,3.5);
#3322=CYLINDRICAL_SURFACE('',#3804,3.5);
#3323=CYLINDRICAL_SURFACE('',#3808,3.5);
#3324=CYLINDRICAL_SURFACE('',#3812,2.);
#3325=CYLINDRICAL_SURFACE('',#3814,3.);
#3326=CYLINDRICAL_SURFACE('',#3816,2.);
#3327=CYLINDRICAL_SURFACE('',#3819,1.4);
#3328=CYLINDRICAL_SURFACE('',#3821,1.4);
#3329=CYLINDRICAL_SURFACE('',#3824,3.00000000000002);
#3330=CYLINDRICAL_SURFACE('',#3827,3.00000000000002);
#3331=CYLINDRICAL_SURFACE('',#3830,2.99999999999999);
#3332=CYLINDRICAL_SURFACE('',#3833,2.99999999999998);
#3333=CYLINDRICAL_SURFACE('',#3835,0.689999999999991);
#3334=CYLINDRICAL_SURFACE('',#3842,1.99999999999999);
#3335=CYLINDRICAL_SURFACE('',#3845,4.);
#3336=CYLINDRICAL_SURFACE('',#3848,1.99999999999994);
#3337=CYLINDRICAL_SURFACE('',#3851,1.99999999999999);
#3338=CYLINDRICAL_SURFACE('',#3854,4.);
#3339=CYLINDRICAL_SURFACE('',#3857,1.99999999999999);
#3340=CYLINDRICAL_SURFACE('',#3864,2.);
#3341=CYLINDRICAL_SURFACE('',#3867,4.);
#3342=CYLINDRICAL_SURFACE('',#3870,2.00000000000004);
#3343=CYLINDRICAL_SURFACE('',#3873,2.00000000000001);
#3344=CYLINDRICAL_SURFACE('',#3876,4.);
#3345=CYLINDRICAL_SURFACE('',#3879,2.00000000000001);
#3346=CYLINDRICAL_SURFACE('',#3882,0.69);
#3347=CYLINDRICAL_SURFACE('',#3885,2.);
#3348=CYLINDRICAL_SURFACE('',#3888,1.40000000000001);
#3349=CYLINDRICAL_SURFACE('',#3890,1.49999999999999);
#3350=CYLINDRICAL_SURFACE('',#3892,1.39999999999999);
#3351=CYLINDRICAL_SURFACE('',#3895,4.524);
#3352=CYLINDRICAL_SURFACE('',#3898,2.25);
#3353=CYLINDRICAL_SURFACE('',#3901,2.25);
#3354=CYLINDRICAL_SURFACE('',#3904,4.52400000000002);
#3355=CYLINDRICAL_SURFACE('',#3907,4.52400000000003);
#3356=CYLINDRICAL_SURFACE('',#3910,3.00000000000002);
#3357=CYLINDRICAL_SURFACE('',#3913,2.99999999999998);
#3358=CYLINDRICAL_SURFACE('',#3916,5.3);
#3359=ADVANCED_FACE('',(#142),#3270,.F.);
#3360=ADVANCED_FACE('',(#143),#3271,.F.);
#3361=ADVANCED_FACE('',(#144,#21,#22),#57,.F.);
#3362=ADVANCED_FACE('',(#145),#58,.F.);
#3363=ADVANCED_FACE('',(#146),#3272,.F.);
#3364=ADVANCED_FACE('',(#147),#3273,.F.);
#3365=ADVANCED_FACE('',(#148),#59,.T.);
#3366=ADVANCED_FACE('',(#149),#60,.T.);
#3367=ADVANCED_FACE('',(#150),#15,.F.);
#3368=ADVANCED_FACE('',(#151),#16,.F.);
#3369=ADVANCED_FACE('',(#152),#3274,.F.);
#3370=ADVANCED_FACE('',(#153),#3275,.F.);
#3371=ADVANCED_FACE('',(#154),#3276,.T.);
#3372=ADVANCED_FACE('',(#155),#61,.T.);
#3373=ADVANCED_FACE('',(#156,#23),#62,.T.);
#3374=ADVANCED_FACE('',(#157),#3277,.T.);
#3375=ADVANCED_FACE('',(#158),#63,.T.);
#3376=ADVANCED_FACE('',(#159),#3278,.T.);
#3377=ADVANCED_FACE('',(#160),#3279,.T.);
#3378=ADVANCED_FACE('',(#161),#64,.T.);
#3379=ADVANCED_FACE('',(#162,#24),#65,.T.);
#3380=ADVANCED_FACE('',(#163),#3280,.T.);
#3381=ADVANCED_FACE('',(#164),#66,.T.);
#3382=ADVANCED_FACE('',(#165,#25),#67,.T.);
#3383=ADVANCED_FACE('',(#166),#3281,.T.);
#3384=ADVANCED_FACE('',(#167),#3282,.F.);
#3385=ADVANCED_FACE('',(#168),#3283,.F.);
#3386=ADVANCED_FACE('',(#169),#68,.T.);
#3387=ADVANCED_FACE('',(#170),#69,.T.);
#3388=ADVANCED_FACE('',(#171),#3284,.F.);
#3389=ADVANCED_FACE('',(#172),#70,.T.);
#3390=ADVANCED_FACE('',(#173),#3285,.F.);
#3391=ADVANCED_FACE('',(#174),#3286,.T.);
#3392=ADVANCED_FACE('',(#175),#3287,.F.);
#3393=ADVANCED_FACE('',(#176),#3288,.T.);
#3394=ADVANCED_FACE('',(#177),#3289,.F.);
#3395=ADVANCED_FACE('',(#178),#71,.F.);
#3396=ADVANCED_FACE('',(#179),#3290,.F.);
#3397=ADVANCED_FACE('',(#180),#3291,.T.);
#3398=ADVANCED_FACE('',(#181),#3292,.F.);
#3399=ADVANCED_FACE('',(#182),#3293,.T.);
#3400=ADVANCED_FACE('',(#183),#3294,.T.);
#3401=ADVANCED_FACE('',(#184),#3295,.F.);
#3402=ADVANCED_FACE('',(#185,#26),#72,.T.);
#3403=ADVANCED_FACE('',(#186,#27),#73,.F.);
#3404=ADVANCED_FACE('',(#187),#3296,.T.);
#3405=ADVANCED_FACE('',(#188),#3297,.T.);
#3406=ADVANCED_FACE('',(#189),#3298,.F.);
#3407=ADVANCED_FACE('',(#190,#28),#74,.T.);
#3408=ADVANCED_FACE('',(#191,#29),#75,.F.);
#3409=ADVANCED_FACE('',(#192),#76,.T.);
#3410=ADVANCED_FACE('',(#193),#3299,.T.);
#3411=ADVANCED_FACE('',(#194),#77,.T.);
#3412=ADVANCED_FACE('',(#195),#3300,.T.);
#3413=ADVANCED_FACE('',(#196),#3301,.T.);
#3414=ADVANCED_FACE('',(#197),#3302,.T.);
#3415=ADVANCED_FACE('',(#198),#78,.T.);
#3416=ADVANCED_FACE('',(#199,#30,#31,#32),#79,.T.);
#3417=ADVANCED_FACE('',(#200),#3303,.T.);
#3418=ADVANCED_FACE('',(#201),#80,.T.);
#3419=ADVANCED_FACE('',(#202),#3304,.T.);
#3420=ADVANCED_FACE('',(#203),#3305,.T.);
#3421=ADVANCED_FACE('',(#204),#81,.T.);
#3422=ADVANCED_FACE('',(#205),#3306,.T.);
#3423=ADVANCED_FACE('',(#206),#82,.T.);
#3424=ADVANCED_FACE('',(#207),#83,.T.);
#3425=ADVANCED_FACE('',(#208),#84,.T.);
#3426=ADVANCED_FACE('',(#209),#85,.T.);
#3427=ADVANCED_FACE('',(#210),#3307,.F.);
#3428=ADVANCED_FACE('',(#211),#3308,.F.);
#3429=ADVANCED_FACE('',(#212),#86,.F.);
#3430=ADVANCED_FACE('',(#213),#3309,.F.);
#3431=ADVANCED_FACE('',(#214,#33),#87,.F.);
#3432=ADVANCED_FACE('',(#215),#88,.T.);
#3433=ADVANCED_FACE('',(#216,#34),#89,.T.);
#3434=ADVANCED_FACE('',(#217),#90,.F.);
#3435=ADVANCED_FACE('',(#218),#17,.F.);
#3436=ADVANCED_FACE('',(#219),#91,.F.);
#3437=ADVANCED_FACE('',(#220),#18,.F.);
#3438=ADVANCED_FACE('',(#221),#19,.F.);
#3439=ADVANCED_FACE('',(#222),#3310,.F.);
#3440=ADVANCED_FACE('',(#223),#20,.F.);
#3441=ADVANCED_FACE('',(#224),#3311,.F.);
#3442=ADVANCED_FACE('',(#225),#92,.F.);
#3443=ADVANCED_FACE('',(#226),#93,.F.);
#3444=ADVANCED_FACE('',(#227),#94,.F.);
#3445=ADVANCED_FACE('',(#228),#95,.F.);
#3446=ADVANCED_FACE('',(#229),#96,.T.);
#3447=ADVANCED_FACE('',(#230),#97,.T.);
#3448=ADVANCED_FACE('',(#231),#98,.T.);
#3449=ADVANCED_FACE('',(#232,#35,#36),#99,.F.);
#3450=ADVANCED_FACE('',(#233,#37),#100,.F.);
#3451=ADVANCED_FACE('',(#234),#3312,.F.);
#3452=ADVANCED_FACE('',(#235),#3313,.T.);
#3453=ADVANCED_FACE('',(#236),#3314,.F.);
#3454=ADVANCED_FACE('',(#237),#3315,.F.);
#3455=ADVANCED_FACE('',(#238),#3316,.T.);
#3456=ADVANCED_FACE('',(#239),#3317,.F.);
#3457=ADVANCED_FACE('',(#240),#3318,.F.);
#3458=ADVANCED_FACE('',(#241),#3319,.F.);
#3459=ADVANCED_FACE('',(#242),#3320,.T.);
#3460=ADVANCED_FACE('',(#243,#38),#101,.T.);
#3461=ADVANCED_FACE('',(#244),#3321,.T.);
#3462=ADVANCED_FACE('',(#245,#39),#102,.T.);
#3463=ADVANCED_FACE('',(#246),#3322,.T.);
#3464=ADVANCED_FACE('',(#247,#40),#103,.T.);
#3465=ADVANCED_FACE('',(#248),#3323,.T.);
#3466=ADVANCED_FACE('',(#249,#41),#104,.T.);
#3467=ADVANCED_FACE('',(#250),#3324,.F.);
#3468=ADVANCED_FACE('',(#251),#3325,.T.);
#3469=ADVANCED_FACE('',(#252),#3326,.F.);
#3470=ADVANCED_FACE('',(#253),#105,.T.);
#3471=ADVANCED_FACE('',(#254),#3327,.F.);
#3472=ADVANCED_FACE('',(#255),#3328,.F.);
#3473=ADVANCED_FACE('',(#256,#42,#43),#106,.T.);
#3474=ADVANCED_FACE('',(#257),#3329,.F.);
#3475=ADVANCED_FACE('',(#258),#107,.T.);
#3476=ADVANCED_FACE('',(#259),#3330,.F.);
#3477=ADVANCED_FACE('',(#260),#108,.T.);
#3478=ADVANCED_FACE('',(#261),#3331,.F.);
#3479=ADVANCED_FACE('',(#262),#109,.T.);
#3480=ADVANCED_FACE('',(#263),#3332,.F.);
#3481=ADVANCED_FACE('',(#264),#3333,.T.);
#3482=ADVANCED_FACE('',(#265),#110,.T.);
#3483=ADVANCED_FACE('',(#266),#111,.T.);
#3484=ADVANCED_FACE('',(#267),#112,.T.);
#3485=ADVANCED_FACE('',(#268),#113,.T.);
#3486=ADVANCED_FACE('',(#269),#114,.T.);
#3487=ADVANCED_FACE('',(#270),#3334,.F.);
#3488=ADVANCED_FACE('',(#271),#115,.T.);
#3489=ADVANCED_FACE('',(#272),#3335,.T.);
#3490=ADVANCED_FACE('',(#273),#116,.T.);
#3491=ADVANCED_FACE('',(#274),#3336,.F.);
#3492=ADVANCED_FACE('',(#275,#44),#117,.T.);
#3493=ADVANCED_FACE('',(#276),#3337,.F.);
#3494=ADVANCED_FACE('',(#277),#118,.T.);
#3495=ADVANCED_FACE('',(#278),#3338,.T.);
#3496=ADVANCED_FACE('',(#279),#119,.T.);
#3497=ADVANCED_FACE('',(#280),#3339,.F.);
#3498=ADVANCED_FACE('',(#281),#120,.T.);
#3499=ADVANCED_FACE('',(#282),#121,.T.);
#3500=ADVANCED_FACE('',(#283),#122,.T.);
#3501=ADVANCED_FACE('',(#284),#123,.T.);
#3502=ADVANCED_FACE('',(#285),#124,.T.);
#3503=ADVANCED_FACE('',(#286),#3340,.F.);
#3504=ADVANCED_FACE('',(#287),#125,.T.);
#3505=ADVANCED_FACE('',(#288),#3341,.T.);
#3506=ADVANCED_FACE('',(#289),#126,.T.);
#3507=ADVANCED_FACE('',(#290),#3342,.F.);
#3508=ADVANCED_FACE('',(#291,#45),#127,.T.);
#3509=ADVANCED_FACE('',(#292),#3343,.F.);
#3510=ADVANCED_FACE('',(#293),#128,.T.);
#3511=ADVANCED_FACE('',(#294),#3344,.T.);
#3512=ADVANCED_FACE('',(#295),#129,.T.);
#3513=ADVANCED_FACE('',(#296),#3345,.F.);
#3514=ADVANCED_FACE('',(#297),#130,.T.);
#3515=ADVANCED_FACE('',(#298),#3346,.T.);
#3516=ADVANCED_FACE('',(#299),#131,.T.);
#3517=ADVANCED_FACE('',(#300),#3347,.F.);
#3518=ADVANCED_FACE('',(#301),#132,.T.);
#3519=ADVANCED_FACE('',(#302),#3348,.F.);
#3520=ADVANCED_FACE('',(#303),#3349,.F.);
#3521=ADVANCED_FACE('',(#304),#3350,.F.);
#3522=ADVANCED_FACE('',(#305,#46),#133,.T.);
#3523=ADVANCED_FACE('',(#306),#3351,.T.);
#3524=ADVANCED_FACE('',(#307),#134,.T.);
#3525=ADVANCED_FACE('',(#308),#3352,.F.);
#3526=ADVANCED_FACE('',(#309,#47,#48),#135,.T.);
#3527=ADVANCED_FACE('',(#310),#3353,.F.);
#3528=ADVANCED_FACE('',(#311),#136,.T.);
#3529=ADVANCED_FACE('',(#312),#3354,.T.);
#3530=ADVANCED_FACE('',(#313,#49),#137,.T.);
#3531=ADVANCED_FACE('',(#314),#3355,.T.);
#3532=ADVANCED_FACE('',(#315),#138,.T.);
#3533=ADVANCED_FACE('',(#316),#3356,.F.);
#3534=ADVANCED_FACE('',(#317),#139,.T.);
#3535=ADVANCED_FACE('',(#318),#3357,.F.);
#3536=ADVANCED_FACE('',(#319),#140,.T.);
#3537=ADVANCED_FACE('',(#320),#3358,.T.);
#3538=ADVANCED_FACE('',(#321,#50,#51,#52,#53,#54,#55,#56),#141,.T.);
#3539=CLOSED_SHELL('',(#3359,#3360,#3361,#3362,#3363,#3364,#3365,#3366,
#3367,#3368,#3369,#3370,#3371,#3372,#3373,#3374,#3375,#3376,#3377,#3378,
#3379,#3380,#3381,#3382,#3383,#3384,#3385,#3386,#3387,#3388,#3389,#3390,
#3391,#3392,#3393,#3394,#3395,#3396,#3397,#3398,#3399,#3400,#3401,#3402,
#3403,#3404,#3405,#3406,#3407,#3408,#3409,#3410,#3411,#3412,#3413,#3414,
#3415,#3416,#3417,#3418,#3419,#3420,#3421,#3422,#3423,#3424,#3425,#3426,
#3427,#3428,#3429,#3430,#3431,#3432,#3433,#3434,#3435,#3436,#3437,#3438,
#3439,#3440,#3441,#3442,#3443,#3444,#3445,#3446,#3447,#3448,#3449,#3450,
#3451,#3452,#3453,#3454,#3455,#3456,#3457,#3458,#3459,#3460,#3461,#3462,
#3463,#3464,#3465,#3466,#3467,#3468,#3469,#3470,#3471,#3472,#3473,#3474,
#3475,#3476,#3477,#3478,#3479,#3480,#3481,#3482,#3483,#3484,#3485,#3486,
#3487,#3488,#3489,#3490,#3491,#3492,#3493,#3494,#3495,#3496,#3497,#3498,
#3499,#3500,#3501,#3502,#3503,#3504,#3505,#3506,#3507,#3508,#3509,#3510,
#3511,#3512,#3513,#3514,#3515,#3516,#3517,#3518,#3519,#3520,#3521,#3522,
#3523,#3524,#3525,#3526,#3527,#3528,#3529,#3530,#3531,#3532,#3533,#3534,
#3535,#3536,#3537,#3538));
#3540=DERIVED_UNIT_ELEMENT(#3542,1.);
#3541=DERIVED_UNIT_ELEMENT(#6187,-3.);
#3542=(
MASS_UNIT()
NAMED_UNIT(*)
SI_UNIT(.KILO.,.GRAM.)
);
#3543=DERIVED_UNIT((#3540,#3541));
#3544=MEASURE_REPRESENTATION_ITEM('density measure',
POSITIVE_RATIO_MEASURE(7850.),#3543);
#3545=PROPERTY_DEFINITION_REPRESENTATION(#3550,#3547);
#3546=PROPERTY_DEFINITION_REPRESENTATION(#3551,#3548);
#3547=REPRESENTATION('material name',(#3549),#6184);
#3548=REPRESENTATION('density',(#3544),#6184);
#3549=DESCRIPTIVE_REPRESENTATION_ITEM('Steel','Steel');
#3550=PROPERTY_DEFINITION('material property','material name',#6194);
#3551=PROPERTY_DEFINITION('material property','density of part',#6194);
#3552=AXIS2_PLACEMENT_3D('',#4967,#3919,#3920);
#3553=AXIS2_PLACEMENT_3D('',#4968,#3921,#3922);
#3554=AXIS2_PLACEMENT_3D('',#4984,#3924,#3925);
#3555=AXIS2_PLACEMENT_3D('',#4987,#3927,#3928);
#3556=AXIS2_PLACEMENT_3D('',#4988,#3929,#3930);
#3557=AXIS2_PLACEMENT_3D('',#5001,#3932,#3933);
#3558=AXIS2_PLACEMENT_3D('',#5004,#3935,#3936);
#3559=AXIS2_PLACEMENT_3D('',#5005,#3937,#3938);
#3560=AXIS2_PLACEMENT_3D('',#5009,#3940,#3941);
#3561=AXIS2_PLACEMENT_3D('',#5013,#3943,#3944);
#3562=AXIS2_PLACEMENT_3D('',#5021,#3948,#3949);
#3563=AXIS2_PLACEMENT_3D('',#5025,#3951,#3952);
#3564=AXIS2_PLACEMENT_3D('',#5029,#3954,#3955);
#3565=AXIS2_PLACEMENT_3D('',#5041,#3961,#3962);
#3566=AXIS2_PLACEMENT_3D('',#5045,#3964,#3965);
#3567=AXIS2_PLACEMENT_3D('',#5049,#3967,#3968);
#3568=AXIS2_PLACEMENT_3D('',#5053,#3970,#3971);
#3569=AXIS2_PLACEMENT_3D('',#5057,#3973,#3974);
#3570=AXIS2_PLACEMENT_3D('',#5061,#3976,#3977);
#3571=AXIS2_PLACEMENT_3D('',#5069,#3981,#3982);
#3572=AXIS2_PLACEMENT_3D('',#5073,#3984,#3985);
#3573=AXIS2_PLACEMENT_3D('',#5081,#3989,#3990);
#3574=AXIS2_PLACEMENT_3D('',#5085,#3992,#3993);
#3575=AXIS2_PLACEMENT_3D('',#5088,#3995,#3996);
#3576=AXIS2_PLACEMENT_3D('',#5090,#3997,#3998);
#3577=AXIS2_PLACEMENT_3D('',#5091,#3999,#4000);
#3578=AXIS2_PLACEMENT_3D('',#5093,#4001,#4002);
#3579=AXIS2_PLACEMENT_3D('',#5099,#4006,#4007);
#3580=AXIS2_PLACEMENT_3D('',#5113,#4008,#4009);
#3581=AXIS2_PLACEMENT_3D('',#5117,#4011,#4012);
#3582=AXIS2_PLACEMENT_3D('',#5119,#4014,#4015);
#3583=AXIS2_PLACEMENT_3D('',#5121,#4016,#4017);
#3584=AXIS2_PLACEMENT_3D('',#5123,#4018,#4019);
#3585=AXIS2_PLACEMENT_3D('',#5133,#4021,#4022);
#3586=AXIS2_PLACEMENT_3D('',#5141,#4026,#4027);
#3587=AXIS2_PLACEMENT_3D('',#5145,#4029,#4030);
#3588=AXIS2_PLACEMENT_3D('',#5148,#4032,#4033);
#3589=AXIS2_PLACEMENT_3D('',#5152,#4035,#4036);
#3590=AXIS2_PLACEMENT_3D('',#5156,#4038,#4039);
#3591=AXIS2_PLACEMENT_3D('',#5159,#4041,#4042);
#3592=AXIS2_PLACEMENT_3D('',#5161,#4044,#4045);
#3593=AXIS2_PLACEMENT_3D('',#5169,#4050,#4051);
#3594=AXIS2_PLACEMENT_3D('',#5172,#4052,#4053);
#3595=AXIS2_PLACEMENT_3D('',#5173,#4054,#4055);
#3596=AXIS2_PLACEMENT_3D('',#5176,#4057,#4058);
#3597=AXIS2_PLACEMENT_3D('',#5177,#4059,#4060);
#3598=AXIS2_PLACEMENT_3D('',#5180,#4061,#4062);
#3599=AXIS2_PLACEMENT_3D('',#5181,#4063,#4064);
#3600=AXIS2_PLACEMENT_3D('',#5184,#4066,#4067);
#3601=AXIS2_PLACEMENT_3D('',#5185,#4068,#4069);
#3602=AXIS2_PLACEMENT_3D('',#5188,#4071,#4072);
#3603=AXIS2_PLACEMENT_3D('',#5189,#4073,#4074);
#3604=AXIS2_PLACEMENT_3D('',#5192,#4076,#4077);
#3605=AXIS2_PLACEMENT_3D('',#5193,#4078,#4079);
#3606=AXIS2_PLACEMENT_3D('',#5195,#4080,#4081);
#3607=AXIS2_PLACEMENT_3D('',#5197,#4082,#4083);
#3608=AXIS2_PLACEMENT_3D('',#5199,#4085,#4086);
#3609=AXIS2_PLACEMENT_3D('',#5205,#4090,#4091);
#3610=AXIS2_PLACEMENT_3D('',#5211,#4094,#4095);
#3611=AXIS2_PLACEMENT_3D('',#5214,#4097,#4098);
#3612=AXIS2_PLACEMENT_3D('',#5215,#4099,#4100);
#3613=AXIS2_PLACEMENT_3D('',#5218,#4102,#4103);
#3614=AXIS2_PLACEMENT_3D('',#5219,#4104,#4105);
#3615=AXIS2_PLACEMENT_3D('',#5223,#4108,#4109);
#3616=AXIS2_PLACEMENT_3D('',#5225,#4110,#4111);
#3617=AXIS2_PLACEMENT_3D('',#5227,#4113,#4114);
#3618=AXIS2_PLACEMENT_3D('',#5230,#4115,#4116);
#3619=AXIS2_PLACEMENT_3D('',#5234,#4118,#4119);
#3620=AXIS2_PLACEMENT_3D('',#5236,#4121,#4122);
#3621=AXIS2_PLACEMENT_3D('',#5243,#4127,#4128);
#3622=AXIS2_PLACEMENT_3D('',#5247,#4130,#4131);
#3623=AXIS2_PLACEMENT_3D('',#5251,#4133,#4134);
#3624=AXIS2_PLACEMENT_3D('',#5255,#4137,#4138);
#3625=AXIS2_PLACEMENT_3D('',#5258,#4139,#4140);
#3626=AXIS2_PLACEMENT_3D('',#5261,#4143,#4144);
#3627=AXIS2_PLACEMENT_3D('',#5265,#4147,#4148);
#3628=AXIS2_PLACEMENT_3D('',#5272,#4152,#4153);
#3629=AXIS2_PLACEMENT_3D('',#5275,#4155,#4156);
#3630=AXIS2_PLACEMENT_3D('',#5276,#4157,#4158);
#3631=AXIS2_PLACEMENT_3D('',#5278,#4160,#4161);
#3632=AXIS2_PLACEMENT_3D('',#5280,#4162,#4163);
#3633=AXIS2_PLACEMENT_3D('',#5282,#4165,#4166);
#3634=AXIS2_PLACEMENT_3D('',#5284,#4168,#4169);
#3635=AXIS2_PLACEMENT_3D('',#5286,#4171,#4172);
#3636=AXIS2_PLACEMENT_3D('',#5290,#4175,#4176);
#3637=AXIS2_PLACEMENT_3D('',#5293,#4177,#4178);
#3638=AXIS2_PLACEMENT_3D('',#5297,#4180,#4181);
#3639=AXIS2_PLACEMENT_3D('',#5299,#4183,#4184);
#3640=AXIS2_PLACEMENT_3D('',#5310,#4191,#4192);
#3641=AXIS2_PLACEMENT_3D('',#5312,#4193,#4194);
#3642=AXIS2_PLACEMENT_3D('',#5315,#4196,#4197);
#3643=AXIS2_PLACEMENT_3D('',#5316,#4198,#4199);
#3644=AXIS2_PLACEMENT_3D('',#5317,#4200,#4201);
#3645=AXIS2_PLACEMENT_3D('',#5318,#4202,#4203);
#3646=AXIS2_PLACEMENT_3D('',#5319,#4204,#4205);
#3647=AXIS2_PLACEMENT_3D('',#5322,#4206,#4207);
#3648=AXIS2_PLACEMENT_3D('',#5326,#4209,#4210);
#3649=AXIS2_PLACEMENT_3D('',#5328,#4212,#4213);
#3650=AXIS2_PLACEMENT_3D('',#5330,#4214,#4215);
#3651=AXIS2_PLACEMENT_3D('',#5333,#4217,#4218);
#3652=AXIS2_PLACEMENT_3D('',#5334,#4219,#4220);
#3653=AXIS2_PLACEMENT_3D('',#5337,#4221,#4222);
#3654=AXIS2_PLACEMENT_3D('',#5341,#4224,#4225);
#3655=AXIS2_PLACEMENT_3D('',#5343,#4227,#4228);
#3656=AXIS2_PLACEMENT_3D('',#5347,#4231,#4232);
#3657=AXIS2_PLACEMENT_3D('',#5348,#4233,#4234);
#3658=AXIS2_PLACEMENT_3D('',#5351,#4235,#4236);
#3659=AXIS2_PLACEMENT_3D('',#5355,#4238,#4239);
#3660=AXIS2_PLACEMENT_3D('',#5357,#4241,#4242);
#3661=AXIS2_PLACEMENT_3D('',#5358,#4243,#4244);
#3662=AXIS2_PLACEMENT_3D('',#5359,#4245,#4246);
#3663=AXIS2_PLACEMENT_3D('',#5360,#4247,#4248);
#3664=AXIS2_PLACEMENT_3D('',#5361,#4249,#4250);
#3665=AXIS2_PLACEMENT_3D('',#5362,#4251,#4252);
#3666=AXIS2_PLACEMENT_3D('',#5363,#4253,#4254);
#3667=AXIS2_PLACEMENT_3D('',#5377,#4255,#4256);
#3668=AXIS2_PLACEMENT_3D('',#5403,#4258,#4259);
#3669=AXIS2_PLACEMENT_3D('',#5416,#4261,#4262);
#3670=AXIS2_PLACEMENT_3D('',#5440,#4264,#4265);
#3671=AXIS2_PLACEMENT_3D('',#5464,#4267,#4268);
#3672=AXIS2_PLACEMENT_3D('',#5465,#4269,#4270);
#3673=AXIS2_PLACEMENT_3D('',#5467,#4271,#4272);
#3674=AXIS2_PLACEMENT_3D('',#5470,#4274,#4275);
#3675=AXIS2_PLACEMENT_3D('',#5471,#4276,#4277);
#3676=AXIS2_PLACEMENT_3D('',#5472,#4278,#4279);
#3677=AXIS2_PLACEMENT_3D('',#5473,#4280,#4281);
#3678=AXIS2_PLACEMENT_3D('',#5487,#4282,#4283);
#3679=AXIS2_PLACEMENT_3D('',#5513,#4285,#4286);
#3680=AXIS2_PLACEMENT_3D('',#5526,#4288,#4289);
#3681=AXIS2_PLACEMENT_3D('',#5550,#4291,#4292);
#3682=AXIS2_PLACEMENT_3D('',#5574,#4294,#4295);
#3683=AXIS2_PLACEMENT_3D('',#5575,#4296,#4297);
#3684=AXIS2_PLACEMENT_3D('',#5577,#4298,#4299);
#3685=AXIS2_PLACEMENT_3D('',#5580,#4301,#4302);
#3686=AXIS2_PLACEMENT_3D('',#5581,#4303,#4304);
#3687=AXIS2_PLACEMENT_3D('',#5582,#4305,#4306);
#3688=AXIS2_PLACEMENT_3D('',#5583,#4307,#4308);
#3689=AXIS2_PLACEMENT_3D('',#5589,#4312,#4313);
#3690=AXIS2_PLACEMENT_3D('',#5592,#4315,#4316);
#3691=AXIS2_PLACEMENT_3D('',#5593,#4317,#4318);
#3692=AXIS2_PLACEMENT_3D('',#5599,#4322,#4323);
#3693=AXIS2_PLACEMENT_3D('',#5602,#4325,#4326);
#3694=AXIS2_PLACEMENT_3D('',#5603,#4327,#4328);
#3695=AXIS2_PLACEMENT_3D('',#5606,#4331,#4332);
#3696=AXIS2_PLACEMENT_3D('',#5609,#4335,#4336);
#3697=AXIS2_PLACEMENT_3D('',#5613,#4339,#4340);
#3698=AXIS2_PLACEMENT_3D('',#5625,#4348,#4349);
#3699=AXIS2_PLACEMENT_3D('',#5627,#4350,#4351);
#3700=AXIS2_PLACEMENT_3D('',#5629,#4352,#4353);
#3701=AXIS2_PLACEMENT_3D('',#5630,#4354,#4355);
#3702=AXIS2_PLACEMENT_3D('',#5631,#4356,#4357);
#3703=AXIS2_PLACEMENT_3D('',#5632,#4358,#4359);
#3704=AXIS2_PLACEMENT_3D('',#5633,#4360,#4361);
#3705=AXIS2_PLACEMENT_3D('',#5637,#4364,#4365);
#3706=AXIS2_PLACEMENT_3D('',#5638,#4366,#4367);
#3707=AXIS2_PLACEMENT_3D('',#5639,#4368,#4369);
#3708=AXIS2_PLACEMENT_3D('',#5640,#4370,#4371);
#3709=AXIS2_PLACEMENT_3D('',#5643,#4374,#4375);
#3710=AXIS2_PLACEMENT_3D('',#5644,#4376,#4377);
#3711=AXIS2_PLACEMENT_3D('',#5647,#4380,#4381);
#3712=AXIS2_PLACEMENT_3D('',#5648,#4382,#4383);
#3713=AXIS2_PLACEMENT_3D('',#5649,#4384,#4385);
#3714=AXIS2_PLACEMENT_3D('',#5650,#4386,#4387);
#3715=AXIS2_PLACEMENT_3D('',#5651,#4388,#4389);
#3716=AXIS2_PLACEMENT_3D('',#5654,#4391,#4392);
#3717=AXIS2_PLACEMENT_3D('',#5655,#4393,#4394);
#3718=AXIS2_PLACEMENT_3D('',#5658,#4396,#4397);
#3719=AXIS2_PLACEMENT_3D('',#5659,#4398,#4399);
#3720=AXIS2_PLACEMENT_3D('',#5661,#4401,#4402);
#3721=AXIS2_PLACEMENT_3D('',#5663,#4403,#4404);
#3722=AXIS2_PLACEMENT_3D('',#5665,#4406,#4407);
#3723=AXIS2_PLACEMENT_3D('',#5666,#4408,#4409);
#3724=AXIS2_PLACEMENT_3D('',#5667,#4410,#4411);
#3725=AXIS2_PLACEMENT_3D('',#5668,#4412,#4413);
#3726=AXIS2_PLACEMENT_3D('',#5672,#4415,#4416);
#3727=AXIS2_PLACEMENT_3D('',#5673,#4417,#4418);
#3728=AXIS2_PLACEMENT_3D('',#5675,#4419,#4420);
#3729=AXIS2_PLACEMENT_3D('',#5676,#4421,#4422);
#3730=AXIS2_PLACEMENT_3D('',#5680,#4424,#4425);
#3731=AXIS2_PLACEMENT_3D('',#5681,#4426,#4427);
#3732=AXIS2_PLACEMENT_3D('',#5682,#4428,#4429);
#3733=AXIS2_PLACEMENT_3D('',#5686,#4431,#4432);
#3734=AXIS2_PLACEMENT_3D('',#5687,#4433,#4434);
#3735=AXIS2_PLACEMENT_3D('',#5689,#4435,#4436);
#3736=AXIS2_PLACEMENT_3D('',#5690,#4437,#4438);
#3737=AXIS2_PLACEMENT_3D('',#5694,#4440,#4441);
#3738=AXIS2_PLACEMENT_3D('',#5695,#4442,#4443);
#3739=AXIS2_PLACEMENT_3D('',#5696,#4444,#4445);
#3740=AXIS2_PLACEMENT_3D('',#5698,#4446,#4447);
#3741=AXIS2_PLACEMENT_3D('',#5701,#4449,#4450);
#3742=AXIS2_PLACEMENT_3D('',#5702,#4451,#4452);
#3743=AXIS2_PLACEMENT_3D('',#5704,#4454,#4455);
#3744=AXIS2_PLACEMENT_3D('',#5706,#4456,#4457);
#3745=AXIS2_PLACEMENT_3D('',#5709,#4459,#4460);
#3746=AXIS2_PLACEMENT_3D('',#5710,#4461,#4462);
#3747=AXIS2_PLACEMENT_3D('',#5712,#4464,#4465);
#3748=AXIS2_PLACEMENT_3D('',#5721,#4470,#4471);
#3749=AXIS2_PLACEMENT_3D('',#5730,#4476,#4477);
#3750=AXIS2_PLACEMENT_3D('',#5733,#4480,#4481);
#3751=AXIS2_PLACEMENT_3D('',#5735,#4483,#4484);
#3752=AXIS2_PLACEMENT_3D('',#5753,#4494,#4495);
#3753=AXIS2_PLACEMENT_3D('',#5759,#4499,#4500);
#3754=AXIS2_PLACEMENT_3D('',#5765,#4504,#4505);
#3755=AXIS2_PLACEMENT_3D('',#5769,#4507,#4508);
#3756=AXIS2_PLACEMENT_3D('',#5773,#4510,#4511);
#3757=AXIS2_PLACEMENT_3D('',#5777,#4513,#4514);
#3758=AXIS2_PLACEMENT_3D('',#5785,#4518,#4519);
#3759=AXIS2_PLACEMENT_3D('',#5789,#4521,#4522);
#3760=AXIS2_PLACEMENT_3D('',#5791,#4523,#4524);
#3761=AXIS2_PLACEMENT_3D('',#5793,#4525,#4526);
#3762=AXIS2_PLACEMENT_3D('',#5796,#4528,#4529);
#3763=AXIS2_PLACEMENT_3D('',#5798,#4530,#4531);
#3764=AXIS2_PLACEMENT_3D('',#5800,#4532,#4533);
#3765=AXIS2_PLACEMENT_3D('',#5801,#4534,#4535);
#3766=AXIS2_PLACEMENT_3D('',#5803,#4536,#4537);
#3767=AXIS2_PLACEMENT_3D('',#5807,#4539,#4540);
#3768=AXIS2_PLACEMENT_3D('',#5815,#4544,#4545);
#3769=AXIS2_PLACEMENT_3D('',#5819,#4547,#4548);
#3770=AXIS2_PLACEMENT_3D('',#5823,#4550,#4551);
#3771=AXIS2_PLACEMENT_3D('',#5826,#4553,#4554);
#3772=AXIS2_PLACEMENT_3D('',#5827,#4555,#4556);
#3773=AXIS2_PLACEMENT_3D('',#5829,#4557,#4558);
#3774=AXIS2_PLACEMENT_3D('',#5832,#4560,#4561);
#3775=AXIS2_PLACEMENT_3D('',#5833,#4562,#4563);
#3776=AXIS2_PLACEMENT_3D('',#5835,#4564,#4565);
#3777=AXIS2_PLACEMENT_3D('',#5838,#4567,#4568);
#3778=AXIS2_PLACEMENT_3D('',#5839,#4569,#4570);
#3779=AXIS2_PLACEMENT_3D('',#5840,#4571,#4572);
#3780=AXIS2_PLACEMENT_3D('',#5841,#4573,#4574);
#3781=AXIS2_PLACEMENT_3D('',#5842,#4575,#4576);
#3782=AXIS2_PLACEMENT_3D('',#5844,#4577,#4578);
#3783=AXIS2_PLACEMENT_3D('',#5847,#4580,#4581);
#3784=AXIS2_PLACEMENT_3D('',#5848,#4582,#4583);
#3785=AXIS2_PLACEMENT_3D('',#5850,#4584,#4585);
#3786=AXIS2_PLACEMENT_3D('',#5853,#4587,#4588);
#3787=AXIS2_PLACEMENT_3D('',#5854,#4589,#4590);
#3788=AXIS2_PLACEMENT_3D('',#5855,#4591,#4592);
#3789=AXIS2_PLACEMENT_3D('',#5856,#4593,#4594);
#3790=AXIS2_PLACEMENT_3D('',#5857,#4595,#4596);
#3791=AXIS2_PLACEMENT_3D('',#5859,#4597,#4598);
#3792=AXIS2_PLACEMENT_3D('',#5862,#4600,#4601);
#3793=AXIS2_PLACEMENT_3D('',#5863,#4602,#4603);
#3794=AXIS2_PLACEMENT_3D('',#5865,#4604,#4605);
#3795=AXIS2_PLACEMENT_3D('',#5868,#4607,#4608);
#3796=AXIS2_PLACEMENT_3D('',#5869,#4609,#4610);
#3797=AXIS2_PLACEMENT_3D('',#5871,#4611,#4612);
#3798=AXIS2_PLACEMENT_3D('',#5873,#4614,#4615);
#3799=AXIS2_PLACEMENT_3D('',#5875,#4616,#4617);
#3800=AXIS2_PLACEMENT_3D('',#5876,#4618,#4619);
#3801=AXIS2_PLACEMENT_3D('',#5878,#4620,#4621);
#3802=AXIS2_PLACEMENT_3D('',#5880,#4623,#4624);
#3803=AXIS2_PLACEMENT_3D('',#5882,#4625,#4626);
#3804=AXIS2_PLACEMENT_3D('',#5883,#4627,#4628);
#3805=AXIS2_PLACEMENT_3D('',#5885,#4629,#4630);
#3806=AXIS2_PLACEMENT_3D('',#5887,#4632,#4633);
#3807=AXIS2_PLACEMENT_3D('',#5889,#4634,#4635);
#3808=AXIS2_PLACEMENT_3D('',#5890,#4636,#4637);
#3809=AXIS2_PLACEMENT_3D('',#5892,#4638,#4639);
#3810=AXIS2_PLACEMENT_3D('',#5894,#4641,#4642);
#3811=AXIS2_PLACEMENT_3D('',#5896,#4643,#4644);
#3812=AXIS2_PLACEMENT_3D('',#5897,#4645,#4646);
#3813=AXIS2_PLACEMENT_3D('',#5900,#4647,#4648);
#3814=AXIS2_PLACEMENT_3D('',#5903,#4651,#4652);
#3815=AXIS2_PLACEMENT_3D('',#5905,#4653,#4654);
#3816=AXIS2_PLACEMENT_3D('',#5907,#4656,#4657);
#3817=AXIS2_PLACEMENT_3D('',#5909,#4658,#4659);
#3818=AXIS2_PLACEMENT_3D('',#5911,#4661,#4662);
#3819=AXIS2_PLACEMENT_3D('',#5915,#4665,#4666);
#3820=AXIS2_PLACEMENT_3D('',#5918,#4668,#4669);
#3821=AXIS2_PLACEMENT_3D('',#5919,#4670,#4671);
#3822=AXIS2_PLACEMENT_3D('',#5922,#4673,#4674);
#3823=AXIS2_PLACEMENT_3D('',#5923,#4675,#4676);
#3824=AXIS2_PLACEMENT_3D('',#5929,#4680,#4681);
#3825=AXIS2_PLACEMENT_3D('',#5931,#4682,#4683);
#3826=AXIS2_PLACEMENT_3D('',#5933,#4685,#4686);
#3827=AXIS2_PLACEMENT_3D('',#5937,#4689,#4690);
#3828=AXIS2_PLACEMENT_3D('',#5939,#4691,#4692);
#3829=AXIS2_PLACEMENT_3D('',#5941,#4694,#4695);
#3830=AXIS2_PLACEMENT_3D('',#5945,#4698,#4699);
#3831=AXIS2_PLACEMENT_3D('',#5947,#4700,#4701);
#3832=AXIS2_PLACEMENT_3D('',#5949,#4703,#4704);
#3833=AXIS2_PLACEMENT_3D('',#5953,#4707,#4708);
#3834=AXIS2_PLACEMENT_3D('',#5954,#4709,#4710);
#3835=AXIS2_PLACEMENT_3D('',#5955,#4711,#4712);
#3836=AXIS2_PLACEMENT_3D('',#5958,#4713,#4714);
#3837=AXIS2_PLACEMENT_3D('',#5961,#4717,#4718);
#3838=AXIS2_PLACEMENT_3D('',#5965,#4721,#4722);
#3839=AXIS2_PLACEMENT_3D('',#5969,#4725,#4726);
#3840=AXIS2_PLACEMENT_3D('',#5973,#4729,#4730);
#3841=AXIS2_PLACEMENT_3D('',#5977,#4733,#4734);
#3842=AXIS2_PLACEMENT_3D('',#5981,#4737,#4738);
#3843=AXIS2_PLACEMENT_3D('',#5983,#4739,#4740);
#3844=AXIS2_PLACEMENT_3D('',#5985,#4742,#4743);
#3845=AXIS2_PLACEMENT_3D('',#5989,#4746,#4747);
#3846=AXIS2_PLACEMENT_3D('',#5991,#4748,#4749);
#3847=AXIS2_PLACEMENT_3D('',#5993,#4751,#4752);
#3848=AXIS2_PLACEMENT_3D('',#5997,#4755,#4756);
#3849=AXIS2_PLACEMENT_3D('',#5999,#4757,#4758);
#3850=AXIS2_PLACEMENT_3D('',#6001,#4760,#4761);
#3851=AXIS2_PLACEMENT_3D('',#6005,#4764,#4765);
#3852=AXIS2_PLACEMENT_3D('',#6007,#4766,#4767);
#3853=AXIS2_PLACEMENT_3D('',#6009,#4769,#4770);
#3854=AXIS2_PLACEMENT_3D('',#6013,#4773,#4774);
#3855=AXIS2_PLACEMENT_3D('',#6015,#4775,#4776);
#3856=AXIS2_PLACEMENT_3D('',#6017,#4778,#4779);
#3857=AXIS2_PLACEMENT_3D('',#6021,#4782,#4783);
#3858=AXIS2_PLACEMENT_3D('',#6023,#4784,#4785);
#3859=AXIS2_PLACEMENT_3D('',#6025,#4787,#4788);
#3860=AXIS2_PLACEMENT_3D('',#6029,#4791,#4792);
#3861=AXIS2_PLACEMENT_3D('',#6034,#4796,#4797);
#3862=AXIS2_PLACEMENT_3D('',#6039,#4801,#4802);
#3863=AXIS2_PLACEMENT_3D('',#6043,#4805,#4806);
#3864=AXIS2_PLACEMENT_3D('',#6047,#4809,#4810);
#3865=AXIS2_PLACEMENT_3D('',#6049,#4811,#4812);
#3866=AXIS2_PLACEMENT_3D('',#6051,#4814,#4815);
#3867=AXIS2_PLACEMENT_3D('',#6055,#4818,#4819);
#3868=AXIS2_PLACEMENT_3D('',#6057,#4820,#4821);
#3869=AXIS2_PLACEMENT_3D('',#6059,#4823,#4824);
#3870=AXIS2_PLACEMENT_3D('',#6063,#4827,#4828);
#3871=AXIS2_PLACEMENT_3D('',#6065,#4829,#4830);
#3872=AXIS2_PLACEMENT_3D('',#6067,#4832,#4833);
#3873=AXIS2_PLACEMENT_3D('',#6071,#4836,#4837);
#3874=AXIS2_PLACEMENT_3D('',#6073,#4838,#4839);
#3875=AXIS2_PLACEMENT_3D('',#6075,#4841,#4842);
#3876=AXIS2_PLACEMENT_3D('',#6079,#4845,#4846);
#3877=AXIS2_PLACEMENT_3D('',#6081,#4847,#4848);
#3878=AXIS2_PLACEMENT_3D('',#6083,#4850,#4851);
#3879=AXIS2_PLACEMENT_3D('',#6087,#4854,#4855);
#3880=AXIS2_PLACEMENT_3D('',#6089,#4856,#4857);
#3881=AXIS2_PLACEMENT_3D('',#6091,#4859,#4860);
#3882=AXIS2_PLACEMENT_3D('',#6095,#4863,#4864);
#3883=AXIS2_PLACEMENT_3D('',#6097,#4865,#4866);
#3884=AXIS2_PLACEMENT_3D('',#6099,#4868,#4869);
#3885=AXIS2_PLACEMENT_3D('',#6103,#4872,#4873);
#3886=AXIS2_PLACEMENT_3D('',#6105,#4874,#4875);
#3887=AXIS2_PLACEMENT_3D('',#6107,#4877,#4878);
#3888=AXIS2_PLACEMENT_3D('',#6109,#4880,#4881);
#3889=AXIS2_PLACEMENT_3D('',#6112,#4883,#4884);
#3890=AXIS2_PLACEMENT_3D('',#6113,#4885,#4886);
#3891=AXIS2_PLACEMENT_3D('',#6116,#4888,#4889);
#3892=AXIS2_PLACEMENT_3D('',#6117,#4890,#4891);
#3893=AXIS2_PLACEMENT_3D('',#6120,#4893,#4894);
#3894=AXIS2_PLACEMENT_3D('',#6121,#4895,#4896);
#3895=AXIS2_PLACEMENT_3D('',#6127,#4900,#4901);
#3896=AXIS2_PLACEMENT_3D('',#6129,#4902,#4903);
#3897=AXIS2_PLACEMENT_3D('',#6131,#4905,#4906);
#3898=AXIS2_PLACEMENT_3D('',#6135,#4909,#4910);
#3899=AXIS2_PLACEMENT_3D('',#6137,#4911,#4912);
#3900=AXIS2_PLACEMENT_3D('',#6139,#4914,#4915);
#3901=AXIS2_PLACEMENT_3D('',#6143,#4918,#4919);
#3902=AXIS2_PLACEMENT_3D('',#6144,#4920,#4921);
#3903=AXIS2_PLACEMENT_3D('',#6145,#4922,#4923);
#3904=AXIS2_PLACEMENT_3D('',#6149,#4926,#4927);
#3905=AXIS2_PLACEMENT_3D('',#6151,#4928,#4929);
#3906=AXIS2_PLACEMENT_3D('',#6153,#4931,#4932);
#3907=AXIS2_PLACEMENT_3D('',#6157,#4935,#4936);
#3908=AXIS2_PLACEMENT_3D('',#6159,#4937,#4938);
#3909=AXIS2_PLACEMENT_3D('',#6161,#4940,#4941);
#3910=AXIS2_PLACEMENT_3D('',#6165,#4944,#4945);
#3911=AXIS2_PLACEMENT_3D('',#6167,#4946,#4947);
#3912=AXIS2_PLACEMENT_3D('',#6169,#4949,#4950);
#3913=AXIS2_PLACEMENT_3D('',#6171,#4952,#4953);
#3914=AXIS2_PLACEMENT_3D('',#6173,#4954,#4955);
#3915=AXIS2_PLACEMENT_3D('',#6175,#4957,#4958);
#3916=AXIS2_PLACEMENT_3D('',#6179,#4961,#4962);
#3917=AXIS2_PLACEMENT_3D('',#6180,#4963,#4964);
#3918=AXIS2_PLACEMENT_3D('',#6181,#4965,#4966);
#3919=DIRECTION('axis',(0.,0.,1.));
#3920=DIRECTION('refdir',(1.,0.,0.));
#3921=DIRECTION('center_axis',(0.,-1.,0.));
#3922=DIRECTION('ref_axis',(-0.707106781186548,0.,-0.707106781186547));
#3923=DIRECTION('',(0.,1.,0.));
#3924=DIRECTION('center_axis',(0.,1.,0.));
#3925=DIRECTION('ref_axis',(-0.707106781186548,0.,-0.707106781186547));
#3926=DIRECTION('',(0.,-1.,0.));
#3927=DIRECTION('center_axis',(-0.707106781186548,-0.707106781186548,-3.14018491736755E-16));
#3928=DIRECTION('ref_axis',(-0.707106781186548,0.707106781186548,-3.14018491736755E-16));
#3929=DIRECTION('center_axis',(-1.,0.,-1.22464679914735E-16));
#3930=DIRECTION('ref_axis',(0.,0.707106781186548,-0.707106781186547));
#3931=DIRECTION('',(-1.,0.,-1.22464679914735E-16));
#3932=DIRECTION('center_axis',(-1.,0.,-1.22464679914735E-16));
#3933=DIRECTION('ref_axis',(0.,0.707106781186548,-0.707106781186547));
#3934=DIRECTION('',(1.,0.,1.22464679914735E-16));
#3935=DIRECTION('center_axis',(1.,0.,1.22464679914735E-16));
#3936=DIRECTION('ref_axis',(0.,0.707106781186548,-0.707106781186547));
#3937=DIRECTION('center_axis',(1.22464679914735E-16,0.,-1.));
#3938=DIRECTION('ref_axis',(-1.,0.,-1.22464679914735E-16));
#3939=DIRECTION('',(0.,-1.,0.));
#3940=DIRECTION('center_axis',(1.22464679914735E-16,0.,-1.));
#3941=DIRECTION('ref_axis',(1.,-8.88178419700118E-15,1.22464679914735E-16));
#3942=DIRECTION('',(-1.,0.,-1.22464679914735E-16));
#3943=DIRECTION('center_axis',(-1.22464679914735E-16,0.,1.));
#3944=DIRECTION('ref_axis',(-1.,5.88977731896631E-15,-1.22464679914735E-16));
#3945=DIRECTION('',(0.,-1.,0.));
#3946=DIRECTION('',(-1.,0.,-1.22464679914735E-16));
#3947=DIRECTION('',(0.,1.,0.));
#3948=DIRECTION('center_axis',(1.22464679914735E-16,0.,-1.));
#3949=DIRECTION('ref_axis',(-1.,-1.7763568394003E-14,-1.22464679914735E-16));
#3950=DIRECTION('',(1.,0.,1.22464679914735E-16));
#3951=DIRECTION('center_axis',(-1.22464679914735E-16,0.,1.));
#3952=DIRECTION('ref_axis',(-1.,0.,-1.22464679914735E-16));
#3953=DIRECTION('',(0.,1.,0.));
#3954=DIRECTION('center_axis',(1.22464679914735E-16,0.,-1.));
#3955=DIRECTION('ref_axis',(-1.,-4.44089209850064E-15,-1.22464679914735E-16));
#3956=DIRECTION('',(1.,0.,1.22464679914735E-16));
#3957=DIRECTION('',(0.912871693697957,0.408246580934885,1.11794539771943E-16));
#3958=DIRECTION('',(0.999999999999999,-4.15047029856832E-8,1.22464679914735E-16));
#3959=DIRECTION('',(0.940912392517601,-0.338650069550862,1.15228534977476E-16));
#3960=DIRECTION('',(1.,0.,1.22464679914735E-16));
#3961=DIRECTION('center_axis',(-1.22464679914735E-16,0.,1.));
#3962=DIRECTION('ref_axis',(1.,1.28721510101469E-14,1.22464679914735E-16));
#3963=DIRECTION('',(0.,1.,0.));
#3964=DIRECTION('center_axis',(1.22464679914735E-16,0.,-1.));
#3965=DIRECTION('ref_axis',(-1.,0.,-1.22464679914735E-16));
#3966=DIRECTION('',(0.,-1.,0.));
#3967=DIRECTION('center_axis',(-1.22464679914735E-16,0.,1.));
#3968=DIRECTION('ref_axis',(0.,-1.,0.));
#3969=DIRECTION('',(1.,0.,1.22464679914735E-16));
#3970=DIRECTION('center_axis',(1.22464679914735E-16,0.,-1.));
#3971=DIRECTION('ref_axis',(4.4408920985006E-15,1.,5.43852429378754E-31));
#3972=DIRECTION('',(0.,-1.,0.));
#3973=DIRECTION('center_axis',(-1.22464679914735E-16,0.,1.));
#3974=DIRECTION('ref_axis',(-1.,0.,-1.22464679914735E-16));
#3975=DIRECTION('',(1.,0.,1.22464679914735E-16));
#3976=DIRECTION('center_axis',(1.22464679914735E-16,0.,-1.));
#3977=DIRECTION('ref_axis',(5.55111512312575E-15,1.,6.79815536723442E-31));
#3978=DIRECTION('',(2.61228946970625E-17,-1.,3.1991319375221E-33));
#3979=DIRECTION('',(-1.,0.,-1.22464679914735E-16));
#3980=DIRECTION('',(-3.0182226637265E-17,1.,-3.69625672424666E-33));
#3981=DIRECTION('center_axis',(-1.22464679914735E-16,0.,1.));
#3982=DIRECTION('ref_axis',(0.,1.,0.));
#3983=DIRECTION('',(-1.,0.,-1.22464679914735E-16));
#3984=DIRECTION('center_axis',(1.22464679914735E-16,0.,-1.));
#3985=DIRECTION('ref_axis',(4.44089209850066E-15,-1.,5.4385242937876E-31));
#3986=DIRECTION('',(-2.69144975666705E-16,1.,-3.29607532956822E-32));
#3987=DIRECTION('',(1.,0.,1.22464679914735E-16));
#3988=DIRECTION('',(0.,-1.,0.));
#3989=DIRECTION('center_axis',(1.22464679914735E-16,0.,-1.));
#3990=DIRECTION('ref_axis',(1.,2.96059473233376E-15,1.22464679914735E-16));
#3991=DIRECTION('',(-1.,0.,-1.22464679914735E-16));
#3992=DIRECTION('center_axis',(1.22464679914735E-16,0.,-1.));
#3993=DIRECTION('ref_axis',(-5.92118946466745E-15,-1.,-7.25136572505002E-31));
#3994=DIRECTION('',(0.,1.,0.));
#3995=DIRECTION('center_axis',(1.22464679914735E-16,0.,-1.));
#3996=DIRECTION('ref_axis',(-1.,0.,0.));
#3997=DIRECTION('center_axis',(1.22464679914735E-16,0.,-1.));
#3998=DIRECTION('ref_axis',(-1.,0.,0.));
#3999=DIRECTION('center_axis',(1.22464679914735E-16,0.,-1.));
#4000=DIRECTION('ref_axis',(-1.,0.,-1.22464679914735E-16));
#4001=DIRECTION('center_axis',(1.22464679914735E-16,0.,-1.));
#4002=DIRECTION('ref_axis',(-1.,5.92118946466747E-15,-1.22464679914735E-16));
#4003=DIRECTION('',(1.,0.,1.22464679914735E-16));
#4004=DIRECTION('',(0.,-1.,0.));
#4005=DIRECTION('',(-1.,0.,-1.22464679914735E-16));
#4006=DIRECTION('center_axis',(0.,1.,0.));
#4007=DIRECTION('ref_axis',(0.707106781186548,0.,-0.707106781186547));
#4008=DIRECTION('center_axis',(0.707106781186548,-0.707106781186548,0.));
#4009=DIRECTION('ref_axis',(-0.707106781186547,-0.707106781186547,0.));
#4010=DIRECTION('',(0.,1.,0.));
#4011=DIRECTION('center_axis',(0.,1.,0.));
#4012=DIRECTION('ref_axis',(0.707106781186548,0.,-0.707106781186547));
#4013=DIRECTION('',(0.,-1.,0.));
#4014=DIRECTION('center_axis',(-1.,0.,-1.22464679914735E-16));
#4015=DIRECTION('ref_axis',(0.,0.707106781186547,-0.707106781186547));
#4016=DIRECTION('center_axis',(-1.,0.,-1.22464679914735E-16));
#4017=DIRECTION('ref_axis',(0.,0.707106781186547,-0.707106781186547));
#4018=DIRECTION('center_axis',(1.,2.69144975666705E-16,1.22464679914735E-16));
#4019=DIRECTION('ref_axis',(0.,0.707106781186547,-0.707106781186547));
#4020=DIRECTION('',(-1.,0.,-1.22464679914735E-16));
#4021=DIRECTION('center_axis',(-1.,0.,0.));
#4022=DIRECTION('ref_axis',(0.,0.,-1.));
#4023=DIRECTION('',(0.,0.,-1.));
#4024=DIRECTION('',(0.,-1.,0.));
#4025=DIRECTION('',(0.,0.,-1.));
#4026=DIRECTION('center_axis',(1.,0.,0.));
#4027=DIRECTION('ref_axis',(0.,-1.30841038223648E-16,1.));
#4028=DIRECTION('',(0.,-1.,0.));
#4029=DIRECTION('center_axis',(1.,0.,0.));
#4030=DIRECTION('ref_axis',(0.,0.,-1.));
#4031=DIRECTION('',(0.,1.,0.));
#4032=DIRECTION('center_axis',(1.,0.,0.));
#4033=DIRECTION('ref_axis',(0.,-1.96261557335472E-16,-1.));
#4034=DIRECTION('',(0.,0.,-1.));
#4035=DIRECTION('center_axis',(1.,0.,0.));
#4036=DIRECTION('ref_axis',(0.,-6.5420519111824E-17,1.));
#4037=DIRECTION('',(0.,-1.,0.));
#4038=DIRECTION('center_axis',(1.,0.,0.));
#4039=DIRECTION('ref_axis',(0.,3.2710259555912E-16,-1.));
#4040=DIRECTION('',(0.,1.,0.));
#4041=DIRECTION('center_axis',(1.,0.,0.));
#4042=DIRECTION('ref_axis',(0.,-3.2710259555912E-16,-1.));
#4043=DIRECTION('',(0.,0.,-1.));
#4044=DIRECTION('center_axis',(0.,-1.,0.));
#4045=DIRECTION('ref_axis',(0.,0.,-1.));
#4046=DIRECTION('',(0.,0.,1.));
#4047=DIRECTION('',(0.707106781186547,0.,0.707106781186548));
#4048=DIRECTION('',(0.,0.,-1.));
#4049=DIRECTION('',(-1.,0.,0.));
#4050=DIRECTION('center_axis',(0.,0.,-1.));
#4051=DIRECTION('ref_axis',(-1.,0.,0.));
#4052=DIRECTION('center_axis',(0.,0.,1.));
#4053=DIRECTION('ref_axis',(1.,0.,0.));
#4054=DIRECTION('center_axis',(0.,0.,1.));
#4055=DIRECTION('ref_axis',(1.,0.,0.));
#4056=DIRECTION('',(-0.707106781186547,-8.65956056235493E-17,0.707106781186547));
#4057=DIRECTION('center_axis',(0.,0.,-1.));
#4058=DIRECTION('ref_axis',(-1.,0.,0.));
#4059=DIRECTION('center_axis',(0.,0.,-1.));
#4060=DIRECTION('ref_axis',(-1.,0.,0.));
#4061=DIRECTION('center_axis',(0.,0.,1.));
#4062=DIRECTION('ref_axis',(1.,0.,0.));
#4063=DIRECTION('center_axis',(0.,0.,1.));
#4064=DIRECTION('ref_axis',(1.,0.,0.));
#4065=DIRECTION('',(-0.707106781186547,-8.65956056235493E-17,0.707106781186547));
#4066=DIRECTION('center_axis',(0.,0.,-1.));
#4067=DIRECTION('ref_axis',(-1.,0.,0.));
#4068=DIRECTION('center_axis',(0.,0.,-1.));
#4069=DIRECTION('ref_axis',(1.,0.,0.));
#4070=DIRECTION('',(0.,0.,-1.));
#4071=DIRECTION('center_axis',(0.707106781186547,0.,0.707106781186548));
#4072=DIRECTION('ref_axis',(0.707106781186548,0.,-0.707106781186547));
#4073=DIRECTION('center_axis',(0.,0.,-1.));
#4074=DIRECTION('ref_axis',(1.,0.,0.));
#4075=DIRECTION('',(0.,0.,-1.));
#4076=DIRECTION('center_axis',(-0.707106781186548,0.,0.707106781186547));
#4077=DIRECTION('ref_axis',(0.707106781186547,0.,0.707106781186548));
#4078=DIRECTION('center_axis',(0.,0.,1.));
#4079=DIRECTION('ref_axis',(0.70710678118655,-0.707106781186545,0.));
#4080=DIRECTION('center_axis',(0.,0.,-1.));
#4081=DIRECTION('ref_axis',(0.70710678118655,-0.707106781186545,0.));
#4082=DIRECTION('center_axis',(-0.707106781186548,0.,0.707106781186547));
#4083=DIRECTION('ref_axis',(0.707106781186547,0.,0.707106781186548));
#4084=DIRECTION('',(0.,0.,1.));
#4085=DIRECTION('center_axis',(1.,0.,0.));
#4086=DIRECTION('ref_axis',(0.,0.,1.));
#4087=DIRECTION('',(0.,1.,0.));
#4088=DIRECTION('',(0.,0.,-1.));
#4089=DIRECTION('',(0.,1.,0.));
#4090=DIRECTION('center_axis',(0.707106781186548,0.,-0.707106781186547));
#4091=DIRECTION('ref_axis',(0.707106781186547,0.,0.707106781186548));
#4092=DIRECTION('',(0.,-1.,0.));
#4093=DIRECTION('',(0.,1.,0.));
#4094=DIRECTION('center_axis',(-0.707106781186548,0.,0.707106781186547));
#4095=DIRECTION('ref_axis',(-0.707106781186547,0.,-0.707106781186548));
#4096=DIRECTION('',(-0.707106781186547,0.,-0.707106781186548));
#4097=DIRECTION('center_axis',(-0.707106781186548,0.,0.707106781186547));
#4098=DIRECTION('ref_axis',(0.707106781186547,0.,0.707106781186548));
#4099=DIRECTION('center_axis',(0.,0.,-1.));
#4100=DIRECTION('ref_axis',(0.707106781186547,0.707106781186547,0.));
#4101=DIRECTION('',(0.,0.,1.));
#4102=DIRECTION('center_axis',(0.,0.,-1.));
#4103=DIRECTION('ref_axis',(0.707106781186547,0.707106781186547,0.));
#4104=DIRECTION('center_axis',(0.,1.,0.));
#4105=DIRECTION('ref_axis',(0.,0.,1.));
#4106=DIRECTION('',(0.,0.,-1.));
#4107=DIRECTION('',(1.,0.,0.));
#4108=DIRECTION('center_axis',(0.,0.,1.));
#4109=DIRECTION('ref_axis',(-0.707106781186547,0.707106781186547,0.));
#4110=DIRECTION('center_axis',(0.,0.,-1.));
#4111=DIRECTION('ref_axis',(-0.707106781186547,0.707106781186547,0.));
#4112=DIRECTION('',(0.,0.,1.));
#4113=DIRECTION('center_axis',(0.,0.,-1.));
#4114=DIRECTION('ref_axis',(-0.70710678118655,-0.707106781186545,0.));
#4115=DIRECTION('center_axis',(0.707106781186547,0.,0.707106781186548));
#4116=DIRECTION('ref_axis',(-0.707106781186548,0.,0.707106781186547));
#4117=DIRECTION('',(0.,0.,1.));
#4118=DIRECTION('center_axis',(0.,0.,-1.));
#4119=DIRECTION('ref_axis',(-0.70710678118655,-0.707106781186545,0.));
#4120=DIRECTION('',(0.,0.,-1.));
#4121=DIRECTION('center_axis',(0.,-1.,0.));
#4122=DIRECTION('ref_axis',(0.,0.,-1.));
#4123=DIRECTION('',(0.,0.,1.));
#4124=DIRECTION('',(-1.,0.,0.));
#4125=DIRECTION('',(0.707106781186548,0.,-0.707106781186547));
#4126=DIRECTION('',(0.,0.,-1.));
#4127=DIRECTION('center_axis',(-0.707106781186547,0.,-0.707106781186548));
#4128=DIRECTION('ref_axis',(0.707106781186548,0.,-0.707106781186547));
#4129=DIRECTION('',(0.,1.,0.));
#4130=DIRECTION('center_axis',(0.707106781186547,0.,0.707106781186548));
#4131=DIRECTION('ref_axis',(-0.707106781186548,0.,0.707106781186547));
#4132=DIRECTION('',(-0.707106781186548,0.,0.707106781186547));
#4133=DIRECTION('center_axis',(0.707106781186547,0.,0.707106781186548));
#4134=DIRECTION('ref_axis',(0.707106781186548,0.,-0.707106781186547));
#4135=DIRECTION('',(0.,1.,0.));
#4136=DIRECTION('',(0.,-1.,0.));
#4137=DIRECTION('center_axis',(0.,0.,1.));
#4138=DIRECTION('ref_axis',(-0.707106781186547,0.707106781186547,0.));
#4139=DIRECTION('center_axis',(0.,0.,-1.));
#4140=DIRECTION('ref_axis',(-0.707106781186547,0.707106781186547,0.));
#4141=DIRECTION('',(0.,0.,-1.));
#4142=DIRECTION('',(0.,0.,1.));
#4143=DIRECTION('center_axis',(0.,1.,0.));
#4144=DIRECTION('ref_axis',(0.,0.,1.));
#4145=DIRECTION('',(1.,0.,0.));
#4146=DIRECTION('',(0.,0.,1.));
#4147=DIRECTION('center_axis',(0.,0.,1.));
#4148=DIRECTION('ref_axis',(-1.,0.,0.));
#4149=DIRECTION('',(0.,-1.,0.));
#4150=DIRECTION('',(-1.,0.,0.));
#4151=DIRECTION('',(0.,1.,0.));
#4152=DIRECTION('center_axis',(0.,0.,-1.));
#4153=DIRECTION('ref_axis',(0.707106781186547,0.707106781186547,0.));
#4154=DIRECTION('',(0.,1.,0.));
#4155=DIRECTION('center_axis',(0.,0.,-1.));
#4156=DIRECTION('ref_axis',(-1.,0.,0.));
#4157=DIRECTION('center_axis',(0.,0.,-1.));
#4158=DIRECTION('ref_axis',(0.707106781186547,0.707106781186547,0.));
#4159=DIRECTION('',(0.,0.,-1.));
#4160=DIRECTION('center_axis',(0.,0.,-1.));
#4161=DIRECTION('ref_axis',(-1.,0.,0.));
#4162=DIRECTION('center_axis',(0.,0.,-1.));
#4163=DIRECTION('ref_axis',(-1.,0.,0.));
#4164=DIRECTION('',(0.,0.,-1.));
#4165=DIRECTION('center_axis',(0.,0.,-1.));
#4166=DIRECTION('ref_axis',(-1.,0.,0.));
#4167=DIRECTION('',(0.,0.,-1.));
#4168=DIRECTION('center_axis',(1.,0.,0.));
#4169=DIRECTION('ref_axis',(0.,0.,-1.));
#4170=DIRECTION('',(0.,0.,1.));
#4171=DIRECTION('center_axis',(-1.,0.,0.));
#4172=DIRECTION('ref_axis',(0.,0.,1.));
#4173=DIRECTION('',(0.,0.,-1.));
#4174=DIRECTION('',(0.,1.,0.));
#4175=DIRECTION('center_axis',(0.,-1.,0.));
#4176=DIRECTION('ref_axis',(-0.738548945875995,0.,0.674199862463243));
#4177=DIRECTION('center_axis',(0.,-1.,0.));
#4178=DIRECTION('ref_axis',(-0.738548945875995,0.,0.674199862463243));
#4179=DIRECTION('',(-2.69144975666705E-16,1.,-3.29607532956822E-32));
#4180=DIRECTION('center_axis',(0.,1.,0.));
#4181=DIRECTION('ref_axis',(-0.738548945875995,0.,0.674199862463243));
#4182=DIRECTION('',(0.,-1.,0.));
#4183=DIRECTION('center_axis',(1.,2.69144975666705E-16,1.22464679914735E-16));
#4184=DIRECTION('ref_axis',(-2.69144975666705E-16,1.,-3.29607532956822E-32));
#4185=DIRECTION('',(-1.22464679914735E-16,0.,1.));
#4186=DIRECTION('',(2.69144975666705E-16,-1.,3.29607532956822E-32));
#4187=DIRECTION('',(-1.22464679914735E-16,0.,1.));
#4188=DIRECTION('',(-1.22464679914735E-16,0.,1.));
#4189=DIRECTION('',(-2.69144975666705E-16,1.,-3.29607532956822E-32));
#4190=DIRECTION('',(-1.22464679914735E-16,0.,1.));
#4191=DIRECTION('center_axis',(0.,1.,0.));
#4192=DIRECTION('ref_axis',(-0.738548945875996,0.,-0.674199862463243));
#4193=DIRECTION('center_axis',(0.,-1.,0.));
#4194=DIRECTION('ref_axis',(-0.738548945875996,0.,-0.674199862463243));
#4195=DIRECTION('',(0.,1.,0.));
#4196=DIRECTION('center_axis',(0.,1.,0.));
#4197=DIRECTION('ref_axis',(-0.738548945875996,0.,-0.674199862463243));
#4198=DIRECTION('center_axis',(0.,-1.,0.));
#4199=DIRECTION('ref_axis',(1.,0.,-1.22464679914735E-16));
#4200=DIRECTION('center_axis',(0.,1.,0.));
#4201=DIRECTION('ref_axis',(-1.,0.,0.));
#4202=DIRECTION('center_axis',(0.,-1.,0.));
#4203=DIRECTION('ref_axis',(-1.,0.,0.));
#4204=DIRECTION('center_axis',(0.,-1.,0.));
#4205=DIRECTION('ref_axis',(-0.52704627669473,0.,-0.849836585598798));
#4206=DIRECTION('center_axis',(0.,1.,0.));
#4207=DIRECTION('ref_axis',(-0.52704627669473,0.,-0.849836585598798));
#4208=DIRECTION('',(0.,-1.,0.));
#4209=DIRECTION('center_axis',(0.,-1.,0.));
#4210=DIRECTION('ref_axis',(-0.52704627669473,0.,-0.849836585598798));
#4211=DIRECTION('',(0.,1.,0.));
#4212=DIRECTION('center_axis',(0.,-1.,0.));
#4213=DIRECTION('ref_axis',(-1.,0.,0.));
#4214=DIRECTION('center_axis',(0.,1.,0.));
#4215=DIRECTION('ref_axis',(-1.,0.,0.));
#4216=DIRECTION('',(0.,1.,0.));
#4217=DIRECTION('center_axis',(0.,1.,0.));
#4218=DIRECTION('ref_axis',(-1.,0.,0.));
#4219=DIRECTION('center_axis',(0.,-1.,0.));
#4220=DIRECTION('ref_axis',(-0.527046276694733,0.,-0.849836585598796));
#4221=DIRECTION('center_axis',(0.,-1.,0.));
#4222=DIRECTION('ref_axis',(-0.527046276694733,0.,-0.849836585598796));
#4223=DIRECTION('',(0.,1.,0.));
#4224=DIRECTION('center_axis',(0.,1.,0.));
#4225=DIRECTION('ref_axis',(-0.527046276694733,0.,-0.849836585598796));
#4226=DIRECTION('',(0.,-1.,0.));
#4227=DIRECTION('center_axis',(1.22464679914735E-16,0.,-1.));
#4228=DIRECTION('ref_axis',(-1.,0.,-1.22464679914735E-16));
#4229=DIRECTION('',(-1.,0.,-1.22464679914735E-16));
#4230=DIRECTION('',(1.,0.,1.22464679914735E-16));
#4231=DIRECTION('center_axis',(1.22464679914735E-16,0.,-1.));
#4232=DIRECTION('ref_axis',(-4.44089209850066E-15,1.,-5.4385242937876E-31));
#4233=DIRECTION('center_axis',(0.,1.,0.));
#4234=DIRECTION('ref_axis',(0.527046276694731,0.,-0.849836585598797));
#4235=DIRECTION('center_axis',(0.,-1.,0.));
#4236=DIRECTION('ref_axis',(0.527046276694731,0.,-0.849836585598797));
#4237=DIRECTION('',(0.,1.,0.));
#4238=DIRECTION('center_axis',(0.,1.,0.));
#4239=DIRECTION('ref_axis',(0.527046276694731,0.,-0.849836585598797));
#4240=DIRECTION('',(0.,-1.,0.));
#4241=DIRECTION('center_axis',(0.,-1.,0.));
#4242=DIRECTION('ref_axis',(-1.,0.,0.));
#4243=DIRECTION('center_axis',(0.,1.,0.));
#4244=DIRECTION('ref_axis',(-1.,0.,0.));
#4245=DIRECTION('center_axis',(0.,1.,0.));
#4246=DIRECTION('ref_axis',(-1.,0.,0.));
#4247=DIRECTION('center_axis',(0.,1.,0.));
#4248=DIRECTION('ref_axis',(0.52704627669473,0.,-0.849836585598797));
#4249=DIRECTION('center_axis',(0.,-1.,0.));
#4250=DIRECTION('ref_axis',(0.52704627669473,0.,-0.849836585598797));
#4251=DIRECTION('center_axis',(0.,1.,0.));
#4252=DIRECTION('ref_axis',(0.52704627669473,0.,-0.849836585598797));
#4253=DIRECTION('center_axis',(0.,-1.,0.));
#4254=DIRECTION('ref_axis',(-1.,0.,0.));
#4255=DIRECTION('center_axis',(0.,1.,0.));
#4256=DIRECTION('ref_axis',(-1.,0.,0.));
#4257=DIRECTION('',(0.,-1.,0.));
#4258=DIRECTION('center_axis',(0.,-1.,0.));
#4259=DIRECTION('ref_axis',(-1.,0.,0.));
#4260=DIRECTION('',(0.,-1.,0.));
#4261=DIRECTION('center_axis',(0.,-1.,0.));
#4262=DIRECTION('ref_axis',(1.,0.,1.89882151931499E-15));
#4263=DIRECTION('',(0.,-1.,0.));
#4264=DIRECTION('center_axis',(0.,-1.,0.));
#4265=DIRECTION('ref_axis',(-1.,0.,0.));
#4266=DIRECTION('',(0.,-1.,0.));
#4267=DIRECTION('center_axis',(0.,1.,0.));
#4268=DIRECTION('ref_axis',(-1.,0.,0.));
#4269=DIRECTION('center_axis',(0.,-1.,0.));
#4270=DIRECTION('ref_axis',(-1.,0.,0.));
#4271=DIRECTION('center_axis',(0.,1.,0.));
#4272=DIRECTION('ref_axis',(-1.,0.,0.));
#4273=DIRECTION('',(0.,1.,0.));
#4274=DIRECTION('center_axis',(0.,-1.,0.));
#4275=DIRECTION('ref_axis',(-1.,0.,0.));
#4276=DIRECTION('center_axis',(0.,1.,0.));
#4277=DIRECTION('ref_axis',(-1.,0.,0.));
#4278=DIRECTION('center_axis',(0.,1.,0.));
#4279=DIRECTION('ref_axis',(-1.,0.,0.));
#4280=DIRECTION('center_axis',(0.,-1.,0.));
#4281=DIRECTION('ref_axis',(1.,0.,-2.54207057918564E-15));
#4282=DIRECTION('center_axis',(0.,-1.,0.));
#4283=DIRECTION('ref_axis',(-1.,0.,0.));
#4284=DIRECTION('',(0.,-1.,0.));
#4285=DIRECTION('center_axis',(0.,1.,0.));
#4286=DIRECTION('ref_axis',(-1.,0.,0.));
#4287=DIRECTION('',(0.,-1.,0.));
#4288=DIRECTION('center_axis',(0.,-1.,0.));
#4289=DIRECTION('ref_axis',(-1.,0.,0.));
#4290=DIRECTION('',(0.,-1.,0.));
#4291=DIRECTION('center_axis',(0.,1.,0.));
#4292=DIRECTION('ref_axis',(-1.,0.,0.));
#4293=DIRECTION('',(0.,-1.,0.));
#4294=DIRECTION('center_axis',(0.,-1.,0.));
#4295=DIRECTION('ref_axis',(-1.,0.,0.));
#4296=DIRECTION('center_axis',(0.,-1.,0.));
#4297=DIRECTION('ref_axis',(-1.,0.,0.));
#4298=DIRECTION('center_axis',(0.,1.,0.));
#4299=DIRECTION('ref_axis',(-1.,0.,0.));
#4300=DIRECTION('',(0.,1.,0.));
#4301=DIRECTION('center_axis',(0.,-1.,0.));
#4302=DIRECTION('ref_axis',(-1.,0.,0.));
#4303=DIRECTION('center_axis',(0.,1.,0.));
#4304=DIRECTION('ref_axis',(-1.,0.,0.));
#4305=DIRECTION('center_axis',(0.,1.,0.));
#4306=DIRECTION('ref_axis',(-1.,0.,0.));
#4307=DIRECTION('center_axis',(-0.707106781186549,0.,-0.707106781186547));
#4308=DIRECTION('ref_axis',(0.707106781186546,0.,-0.707106781186548));
#4309=DIRECTION('',(0.707106781186546,0.,-0.707106781186548));
#4310=DIRECTION('',(0.,-1.,0.));
#4311=DIRECTION('',(-0.707106781186546,0.,0.707106781186548));
#4312=DIRECTION('center_axis',(-0.707106781186547,0.,0.707106781186548));
#4313=DIRECTION('ref_axis',(0.500000000000003,-0.707106781186544,0.500000000000002));
#4314=DIRECTION('',(-0.707106781186547,0.,0.707106781186548));
#4315=DIRECTION('center_axis',(-1.,0.,0.));
#4316=DIRECTION('ref_axis',(0.,0.,1.));
#4317=DIRECTION('center_axis',(0.707106781186548,0.,-0.707106781186548));
#4318=DIRECTION('ref_axis',(0.707106781186548,0.,0.707106781186548));
#4319=DIRECTION('',(0.707106781186548,0.,0.707106781186548));
#4320=DIRECTION('',(0.,-1.,0.));
#4321=DIRECTION('',(-0.707106781186548,0.,-0.707106781186548));
#4322=DIRECTION('center_axis',(-0.707106781186548,0.,-0.707106781186547));
#4323=DIRECTION('ref_axis',(-0.500000000000003,-0.707106781186544,0.500000000000002));
#4324=DIRECTION('',(-0.707106781186548,0.,-0.707106781186547));
#4325=DIRECTION('center_axis',(-1.,0.,0.));
#4326=DIRECTION('ref_axis',(0.,3.2710259555912E-16,1.));
#4327=DIRECTION('center_axis',(-0.707106781186548,0.,0.707106781186547));
#4328=DIRECTION('ref_axis',(0.500000000000002,-0.707106781186545,0.500000000000002));
#4329=DIRECTION('',(0.707106781186547,0.,-0.707106781186548));
#4330=DIRECTION('',(-0.707106781186548,0.,0.707106781186547));
#4331=DIRECTION('center_axis',(-0.707106781186547,0.,-0.707106781186548));
#4332=DIRECTION('ref_axis',(-0.500000000000002,-0.707106781186545,0.500000000000002));
#4333=DIRECTION('',(0.707106781186548,0.,0.707106781186548));
#4334=DIRECTION('',(-0.707106781186547,0.,-0.707106781186548));
#4335=DIRECTION('center_axis',(0.707106781186548,0.,0.707106781186547));
#4336=DIRECTION('ref_axis',(-0.707106781186547,0.,0.707106781186548));
#4337=DIRECTION('',(0.707106781186547,0.,-0.707106781186548));
#4338=DIRECTION('',(0.,1.,0.));
#4339=DIRECTION('center_axis',(0.,1.,0.));
#4340=DIRECTION('ref_axis',(-1.,0.,-1.22464679914735E-16));
#4341=DIRECTION('',(0.,0.,1.));
#4342=DIRECTION('',(0.,0.,1.));
#4343=DIRECTION('',(0.,0.,-1.));
#4344=DIRECTION('',(-1.,0.,-1.22464679914735E-16));
#4345=DIRECTION('',(1.,0.,0.));
#4346=DIRECTION('',(-1.,0.,-1.22464679914735E-16));
#4347=DIRECTION('',(-1.22464679914735E-16,0.,1.));
#4348=DIRECTION('center_axis',(0.,-1.,0.));
#4349=DIRECTION('ref_axis',(-1.,0.,0.));
#4350=DIRECTION('center_axis',(0.,-1.,0.));
#4351=DIRECTION('ref_axis',(-1.,0.,0.));
#4352=DIRECTION('center_axis',(0.,-1.,0.));
#4353=DIRECTION('ref_axis',(-1.,0.,0.));
#4354=DIRECTION('center_axis',(-0.707106781186547,0.,0.707106781186549));
#4355=DIRECTION('ref_axis',(-0.500000000000003,0.707106781186544,-0.500000000000001));
#4356=DIRECTION('center_axis',(-1.,0.,0.));
#4357=DIRECTION('ref_axis',(0.,-1.30841038223648E-16,-1.));
#4358=DIRECTION('center_axis',(-1.,0.,0.));
#4359=DIRECTION('ref_axis',(0.,-6.54205191118239E-17,1.));
#4360=DIRECTION('center_axis',(-0.707106781186547,0.,0.707106781186548));
#4361=DIRECTION('ref_axis',(-0.707106781186548,0.,-0.707106781186547));
#4362=DIRECTION('',(0.707106781186548,0.,0.707106781186547));
#4363=DIRECTION('',(0.,1.,0.));
#4364=DIRECTION('center_axis',(-0.707106781186548,0.,-0.707106781186548));
#4365=DIRECTION('ref_axis',(0.500000000000002,0.707106781186545,-0.500000000000002));
#4366=DIRECTION('center_axis',(-1.,0.,0.));
#4367=DIRECTION('ref_axis',(0.,0.,-1.));
#4368=DIRECTION('center_axis',(-1.,0.,0.));
#4369=DIRECTION('ref_axis',(0.,-6.5420519111824E-17,1.));
#4370=DIRECTION('center_axis',(-0.707106781186548,0.,-0.707106781186548));
#4371=DIRECTION('ref_axis',(0.500000000000004,0.707106781186542,-0.500000000000004));
#4372=DIRECTION('',(0.707106781186547,0.,0.707106781186548));
#4373=DIRECTION('',(-0.707106781186548,0.,-0.707106781186548));
#4374=DIRECTION('center_axis',(0.707106781186548,0.,-0.707106781186548));
#4375=DIRECTION('ref_axis',(0.707106781186548,0.,0.707106781186548));
#4376=DIRECTION('center_axis',(-0.707106781186547,0.,0.707106781186548));
#4377=DIRECTION('ref_axis',(-0.500000000000002,0.707106781186545,-0.500000000000002));
#4378=DIRECTION('',(0.707106781186548,0.,-0.707106781186547));
#4379=DIRECTION('',(-0.707106781186547,0.,0.707106781186548));
#4380=DIRECTION('center_axis',(-0.707106781186548,0.,-0.707106781186547));
#4381=DIRECTION('ref_axis',(0.707106781186547,0.,-0.707106781186548));
#4382=DIRECTION('center_axis',(-0.707106781186548,0.,0.707106781186547));
#4383=DIRECTION('ref_axis',(-0.707106781186547,0.,-0.707106781186548));
#4384=DIRECTION('center_axis',(1.,0.,0.));
#4385=DIRECTION('ref_axis',(0.,0.,1.));
#4386=DIRECTION('center_axis',(0.707106781186547,0.,0.707106781186548));
#4387=DIRECTION('ref_axis',(-0.707106781186548,0.,0.707106781186547));
#4388=DIRECTION('center_axis',(0.,-1.,0.));
#4389=DIRECTION('ref_axis',(-1.,0.,0.));
#4390=DIRECTION('',(0.,-1.,0.));
#4391=DIRECTION('center_axis',(0.,1.,0.));
#4392=DIRECTION('ref_axis',(-1.,0.,0.));
#4393=DIRECTION('center_axis',(0.,-1.,0.));
#4394=DIRECTION('ref_axis',(-1.,0.,0.));
#4395=DIRECTION('',(0.,-1.,0.));
#4396=DIRECTION('center_axis',(0.,1.,0.));
#4397=DIRECTION('ref_axis',(-1.,0.,0.));
#4398=DIRECTION('center_axis',(1.22464679914735E-16,0.,-1.));
#4399=DIRECTION('ref_axis',(-1.,0.,-1.22464679914735E-16));
#4400=DIRECTION('',(1.,0.,1.22464679914735E-16));
#4401=DIRECTION('center_axis',(0.,-1.,0.));
#4402=DIRECTION('ref_axis',(-1.,0.,0.));
#4403=DIRECTION('center_axis',(0.,1.,0.));
#4404=DIRECTION('ref_axis',(-1.,0.,0.));
#4405=DIRECTION('',(0.,1.,0.));
#4406=DIRECTION('center_axis',(0.,1.,0.));
#4407=DIRECTION('ref_axis',(-1.,0.,0.));
#4408=DIRECTION('center_axis',(-1.,0.,0.));
#4409=DIRECTION('ref_axis',(0.,0.,-1.));
#4410=DIRECTION('center_axis',(0.,0.,1.));
#4411=DIRECTION('ref_axis',(-1.,0.,0.));
#4412=DIRECTION('center_axis',(0.,1.,0.));
#4413=DIRECTION('ref_axis',(0.,0.,-1.));
#4414=DIRECTION('',(-1.22464679914735E-16,0.,1.));
#4415=DIRECTION('center_axis',(0.,1.,0.));
#4416=DIRECTION('ref_axis',(0.,0.,1.));
#4417=DIRECTION('center_axis',(0.,1.,0.));
#4418=DIRECTION('ref_axis',(0.,0.,1.));
#4419=DIRECTION('center_axis',(0.,-1.,0.));
#4420=DIRECTION('ref_axis',(0.,0.,1.));
#4421=DIRECTION('center_axis',(0.,-1.,0.));
#4422=DIRECTION('ref_axis',(0.,0.,1.));
#4423=DIRECTION('',(-8.65956056235493E-17,-0.707106781186548,0.707106781186547));
#4424=DIRECTION('center_axis',(0.,1.,0.));
#4425=DIRECTION('ref_axis',(0.,0.,-1.));
#4426=DIRECTION('center_axis',(0.,1.,0.));
#4427=DIRECTION('ref_axis',(0.,0.,-1.));
#4428=DIRECTION('center_axis',(0.,1.,0.));
#4429=DIRECTION('ref_axis',(0.,0.,-1.));
#4430=DIRECTION('',(-1.22464679914735E-16,0.,1.));
#4431=DIRECTION('center_axis',(0.,1.,0.));
#4432=DIRECTION('ref_axis',(0.,0.,1.));
#4433=DIRECTION('center_axis',(0.,1.,0.));
#4434=DIRECTION('ref_axis',(0.,0.,1.));
#4435=DIRECTION('center_axis',(0.,-1.,0.));
#4436=DIRECTION('ref_axis',(0.,0.,1.));
#4437=DIRECTION('center_axis',(0.,-1.,0.));
#4438=DIRECTION('ref_axis',(0.,0.,1.));
#4439=DIRECTION('',(-8.65956056235493E-17,-0.707106781186548,0.707106781186547));
#4440=DIRECTION('center_axis',(0.,1.,0.));
#4441=DIRECTION('ref_axis',(0.,0.,-1.));
#4442=DIRECTION('center_axis',(0.,1.,0.));
#4443=DIRECTION('ref_axis',(0.,0.,-1.));
#4444=DIRECTION('center_axis',(0.,-1.,0.));
#4445=DIRECTION('ref_axis',(0.,0.,-1.));
#4446=DIRECTION('center_axis',(0.,1.,0.));
#4447=DIRECTION('ref_axis',(0.,0.,-1.));
#4448=DIRECTION('',(-8.65956056235493E-17,0.707106781186548,-0.707106781186547));
#4449=DIRECTION('center_axis',(0.,1.,0.));
#4450=DIRECTION('ref_axis',(0.,0.,-1.));
#4451=DIRECTION('center_axis',(0.,1.,0.));
#4452=DIRECTION('ref_axis',(0.,0.,-1.));
#4453=DIRECTION('',(0.,1.,0.));
#4454=DIRECTION('center_axis',(0.,-1.,0.));
#4455=DIRECTION('ref_axis',(0.,0.,-1.));
#4456=DIRECTION('center_axis',(0.,1.,0.));
#4457=DIRECTION('ref_axis',(0.,0.,-1.));
#4458=DIRECTION('',(-8.65956056235493E-17,0.707106781186548,-0.707106781186547));
#4459=DIRECTION('center_axis',(0.,1.,0.));
#4460=DIRECTION('ref_axis',(0.,0.,-1.));
#4461=DIRECTION('center_axis',(0.,1.,0.));
#4462=DIRECTION('ref_axis',(0.,0.,-1.));
#4463=DIRECTION('',(0.,1.,0.));
#4464=DIRECTION('center_axis',(0.707106781186548,0.,0.707106781186547));
#4465=DIRECTION('ref_axis',(0.707106781186547,0.,-0.707106781186548));
#4466=DIRECTION('',(0.707106781186547,0.,-0.707106781186548));
#4467=DIRECTION('',(0.,-1.,0.));
#4468=DIRECTION('',(0.707106781186547,0.,-0.707106781186548));
#4469=DIRECTION('',(0.,1.,0.));
#4470=DIRECTION('center_axis',(-0.707106781186548,0.,0.707106781186548));
#4471=DIRECTION('ref_axis',(0.707106781186548,0.,0.707106781186548));
#4472=DIRECTION('',(0.707106781186548,0.,0.707106781186548));
#4473=DIRECTION('',(0.,1.,0.));
#4474=DIRECTION('',(0.707106781186548,0.,0.707106781186548));
#4475=DIRECTION('',(0.,1.,0.));
#4476=DIRECTION('center_axis',(0.,0.,-1.));
#4477=DIRECTION('ref_axis',(-1.,0.,0.));
#4478=DIRECTION('',(-1.,0.,0.));
#4479=DIRECTION('',(-1.,0.,0.));
#4480=DIRECTION('center_axis',(0.,1.,0.));
#4481=DIRECTION('ref_axis',(0.,0.,1.));
#4482=DIRECTION('',(1.,0.,0.));
#4483=DIRECTION('center_axis',(0.,0.,1.));
#4484=DIRECTION('ref_axis',(1.,0.,0.));
#4485=DIRECTION('',(1.,3.22364409008466E-17,0.));
#4486=DIRECTION('',(0.,1.,0.));
#4487=DIRECTION('',(-1.,0.,0.));
#4488=DIRECTION('',(0.,-1.,0.));
#4489=DIRECTION('',(-1.,0.,0.));
#4490=DIRECTION('',(0.,1.,0.));
#4491=DIRECTION('',(-1.,0.,0.));
#4492=DIRECTION('',(0.,-1.,0.));
#4493=DIRECTION('',(1.,3.22364409008466E-17,0.));
#4494=DIRECTION('center_axis',(1.,0.,0.));
#4495=DIRECTION('ref_axis',(0.,1.,0.));
#4496=DIRECTION('',(0.,-1.,0.));
#4497=DIRECTION('',(0.,0.,1.));
#4498=DIRECTION('',(0.,0.,1.));
#4499=DIRECTION('center_axis',(-1.,0.,0.));
#4500=DIRECTION('ref_axis',(0.,-1.,0.));
#4501=DIRECTION('',(0.,1.,0.));
#4502=DIRECTION('',(0.,0.,1.));
#4503=DIRECTION('',(0.,0.,1.));
#4504=DIRECTION('center_axis',(1.22464679914735E-16,0.,-1.));
#4505=DIRECTION('ref_axis',(-1.,0.,-1.22464679914735E-16));
#4506=DIRECTION('',(-1.,-1.43254583822601E-17,-1.22464679914735E-16));
#4507=DIRECTION('center_axis',(1.22464679914735E-16,0.,-1.));
#4508=DIRECTION('ref_axis',(0.,-1.,0.));
#4509=DIRECTION('',(0.,1.,0.));
#4510=DIRECTION('center_axis',(-1.22464679914735E-16,0.,1.));
#4511=DIRECTION('ref_axis',(-1.,0.,-1.22464679914735E-16));
#4512=DIRECTION('',(-1.,0.,-1.22464679914735E-16));
#4513=DIRECTION('center_axis',(1.22464679914735E-16,0.,-1.));
#4514=DIRECTION('ref_axis',(0.,-1.,0.));
#4515=DIRECTION('',(0.,1.,0.));
#4516=DIRECTION('',(1.,0.,1.22464679914735E-16));
#4517=DIRECTION('',(0.,-1.,0.));
#4518=DIRECTION('center_axis',(-1.22464679914735E-16,0.,1.));
#4519=DIRECTION('ref_axis',(-3.92651821264421E-15,-1.,-4.80859796090852E-31));
#4520=DIRECTION('',(1.,1.22066917123885E-17,1.22464679914735E-16));
#4521=DIRECTION('center_axis',(-1.22464679914735E-16,0.,1.));
#4522=DIRECTION('ref_axis',(0.632455532033676,0.774596669241483,7.74534642908079E-17));
#4523=DIRECTION('center_axis',(-1.22464679914735E-16,0.,1.));
#4524=DIRECTION('ref_axis',(-1.,0.,-1.22464679914735E-16));
#4525=DIRECTION('center_axis',(-1.22464679914735E-16,0.,1.));
#4526=DIRECTION('ref_axis',(-0.632455532033676,0.774596669241484,-7.74534642908073E-17));
#4527=DIRECTION('',(1.,1.22066917123885E-17,1.22464679914735E-16));
#4528=DIRECTION('center_axis',(1.22464679914735E-16,0.,-1.));
#4529=DIRECTION('ref_axis',(0.,1.,0.));
#4530=DIRECTION('center_axis',(1.22464679914735E-16,0.,-1.));
#4531=DIRECTION('ref_axis',(-1.,0.,-1.22464679914735E-16));
#4532=DIRECTION('center_axis',(1.22464679914735E-16,0.,-1.));
#4533=DIRECTION('ref_axis',(-1.,0.,0.));
#4534=DIRECTION('center_axis',(1.22464679914735E-16,0.,-1.));
#4535=DIRECTION('ref_axis',(-1.,0.,-1.22464679914735E-16));
#4536=DIRECTION('center_axis',(1.22464679914735E-16,0.,-1.));
#4537=DIRECTION('ref_axis',(-0.989512911724317,0.144444444444444,-1.21180382005816E-16));
#4538=DIRECTION('',(1.,1.22066917123885E-17,1.22464679914735E-16));
#4539=DIRECTION('center_axis',(-1.22464679914735E-16,0.,1.));
#4540=DIRECTION('ref_axis',(1.,-1.47244432974159E-15,1.22464679914735E-16));
#4541=DIRECTION('',(-3.0182226637265E-17,1.,-3.69625672424666E-33));
#4542=DIRECTION('',(1.,0.,1.22464679914735E-16));
#4543=DIRECTION('',(2.61228946970625E-17,-1.,3.1991319375221E-33));
#4544=DIRECTION('center_axis',(1.22464679914735E-16,0.,-1.));
#4545=DIRECTION('ref_axis',(1.,-8.8817841970011E-15,1.22464679914735E-16));
#4546=DIRECTION('',(-1.,0.,-1.22464679914735E-16));
#4547=DIRECTION('center_axis',(-1.22464679914735E-16,0.,1.));
#4548=DIRECTION('ref_axis',(-1.,0.,-1.22464679914735E-16));
#4549=DIRECTION('',(0.,-1.,0.));
#4550=DIRECTION('center_axis',(1.22464679914735E-16,0.,-1.));
#4551=DIRECTION('ref_axis',(1.,5.55111512312578E-16,1.22464679914735E-16));
#4552=DIRECTION('',(-1.,-1.43254583822601E-17,-1.22464679914735E-16));
#4553=DIRECTION('center_axis',(1.22464679914735E-16,0.,-1.));
#4554=DIRECTION('ref_axis',(-1.,0.,0.));
#4555=DIRECTION('center_axis',(1.,0.,0.));
#4556=DIRECTION('ref_axis',(0.,-0.612372435695794,-0.790569415042095));
#4557=DIRECTION('center_axis',(-1.,-2.61228946970625E-17,-1.22464679914735E-16));
#4558=DIRECTION('ref_axis',(0.,-0.612372435695794,-0.790569415042095));
#4559=DIRECTION('',(1.,0.,0.));
#4560=DIRECTION('center_axis',(1.,3.0182226637265E-17,1.22464679914735E-16));
#4561=DIRECTION('ref_axis',(0.,-0.612372435695794,-0.790569415042095));
#4562=DIRECTION('center_axis',(-1.,0.,0.));
#4563=DIRECTION('ref_axis',(0.,1.,0.));
#4564=DIRECTION('center_axis',(1.,2.61228946970625E-17,1.22464679914735E-16));
#4565=DIRECTION('ref_axis',(0.,1.,0.));
#4566=DIRECTION('',(-1.,0.,0.));
#4567=DIRECTION('center_axis',(1.,0.,0.));
#4568=DIRECTION('ref_axis',(0.,1.,0.));
#4569=DIRECTION('center_axis',(-1.,0.,0.));
#4570=DIRECTION('ref_axis',(0.,0.612372435695793,-0.790569415042096));
#4571=DIRECTION('center_axis',(-1.,-2.61228946970625E-17,-1.22464679914735E-16));
#4572=DIRECTION('ref_axis',(0.,0.612372435695793,-0.790569415042096));
#4573=DIRECTION('center_axis',(1.,3.0182226637265E-17,1.22464679914735E-16));
#4574=DIRECTION('ref_axis',(0.,0.612372435695793,-0.790569415042096));
#4575=DIRECTION('center_axis',(-1.,0.,0.));
#4576=DIRECTION('ref_axis',(0.,0.612372435695794,-0.790569415042095));
#4577=DIRECTION('center_axis',(1.,0.,1.22464679914735E-16));
#4578=DIRECTION('ref_axis',(0.,0.612372435695794,-0.790569415042095));
#4579=DIRECTION('',(-1.,0.,0.));
#4580=DIRECTION('center_axis',(-1.,0.,-1.22464679914735E-16));
#4581=DIRECTION('ref_axis',(0.,0.612372435695794,-0.790569415042095));
#4582=DIRECTION('center_axis',(1.,0.,0.));
#4583=DIRECTION('ref_axis',(0.,-1.,0.));
#4584=DIRECTION('center_axis',(-1.,0.,-1.22464679914735E-16));
#4585=DIRECTION('ref_axis',(0.,-1.,0.));
#4586=DIRECTION('',(1.,0.,0.));
#4587=DIRECTION('center_axis',(-1.,0.,0.));
#4588=DIRECTION('ref_axis',(0.,-1.,0.));
#4589=DIRECTION('center_axis',(1.,0.,0.));
#4590=DIRECTION('ref_axis',(0.,-0.612372435695794,-0.790569415042095));
#4591=DIRECTION('center_axis',(1.,0.,1.22464679914735E-16));
#4592=DIRECTION('ref_axis',(0.,-0.612372435695794,-0.790569415042095));
#4593=DIRECTION('center_axis',(-1.,0.,-1.22464679914735E-16));
#4594=DIRECTION('ref_axis',(0.,-0.612372435695794,-0.790569415042095));
#4595=DIRECTION('center_axis',(-1.,0.,0.));
#4596=DIRECTION('ref_axis',(0.,1.,0.));
#4597=DIRECTION('center_axis',(-1.,-3.0182226637265E-17,-1.22464679914735E-16));
#4598=DIRECTION('ref_axis',(0.,1.,0.));
#4599=DIRECTION('',(-1.,0.,0.));
#4600=DIRECTION('center_axis',(1.,2.61228946970625E-17,1.22464679914735E-16));
#4601=DIRECTION('ref_axis',(0.,1.,0.));
#4602=DIRECTION('center_axis',(1.,0.,0.));
#4603=DIRECTION('ref_axis',(0.,-1.,0.));
#4604=DIRECTION('center_axis',(1.,0.,1.22464679914735E-16));
#4605=DIRECTION('ref_axis',(0.,-1.,0.));
#4606=DIRECTION('',(1.,0.,0.));
#4607=DIRECTION('center_axis',(-1.,0.,-1.22464679914735E-16));
#4608=DIRECTION('ref_axis',(0.,-1.,0.));
#4609=DIRECTION('center_axis',(0.,0.,1.));
#4610=DIRECTION('ref_axis',(-1.,0.,0.));
#4611=DIRECTION('center_axis',(0.,0.,1.));
#4612=DIRECTION('ref_axis',(-1.,0.,0.));
#4613=DIRECTION('',(0.,0.,-1.));
#4614=DIRECTION('center_axis',(0.,0.,1.));
#4615=DIRECTION('ref_axis',(-1.,0.,0.));
#4616=DIRECTION('center_axis',(0.,0.,-1.));
#4617=DIRECTION('ref_axis',(-1.,0.,0.));
#4618=DIRECTION('center_axis',(0.,0.,1.));
#4619=DIRECTION('ref_axis',(-1.,0.,0.));
#4620=DIRECTION('center_axis',(0.,0.,1.));
#4621=DIRECTION('ref_axis',(-1.,0.,0.));
#4622=DIRECTION('',(0.,0.,-1.));
#4623=DIRECTION('center_axis',(0.,0.,1.));
#4624=DIRECTION('ref_axis',(-1.,0.,0.));
#4625=DIRECTION('center_axis',(0.,0.,-1.));
#4626=DIRECTION('ref_axis',(-1.,0.,0.));
#4627=DIRECTION('center_axis',(0.,0.,1.));
#4628=DIRECTION('ref_axis',(-1.,0.,0.));
#4629=DIRECTION('center_axis',(0.,0.,1.));
#4630=DIRECTION('ref_axis',(-1.,0.,0.));
#4631=DIRECTION('',(0.,0.,-1.));
#4632=DIRECTION('center_axis',(0.,0.,1.));
#4633=DIRECTION('ref_axis',(-1.,0.,0.));
#4634=DIRECTION('center_axis',(-2.46519032881566E-32,0.,-1.));
#4635=DIRECTION('ref_axis',(-1.,0.,2.46519032881567E-32));
#4636=DIRECTION('center_axis',(0.,0.,1.));
#4637=DIRECTION('ref_axis',(-1.,0.,0.));
#4638=DIRECTION('center_axis',(0.,0.,1.));
#4639=DIRECTION('ref_axis',(-1.,0.,0.));
#4640=DIRECTION('',(0.,0.,-1.));
#4641=DIRECTION('center_axis',(0.,0.,1.));
#4642=DIRECTION('ref_axis',(-1.,0.,0.));
#4643=DIRECTION('center_axis',(-2.46519032881566E-32,0.,-1.));
#4644=DIRECTION('ref_axis',(-1.,0.,2.46519032881567E-32));
#4645=DIRECTION('center_axis',(-1.22464679914735E-16,0.,1.));
#4646=DIRECTION('ref_axis',(0.632455532033676,0.774596669241483,7.74534642908079E-17));
#4647=DIRECTION('center_axis',(1.22464679914735E-16,0.,-1.));
#4648=DIRECTION('ref_axis',(0.632455532033676,0.774596669241483,7.74534642908079E-17));
#4649=DIRECTION('',(-1.22464679914735E-16,0.,1.));
#4650=DIRECTION('',(1.22464679914735E-16,0.,-1.));
#4651=DIRECTION('center_axis',(-1.22464679914735E-16,0.,1.));
#4652=DIRECTION('ref_axis',(-1.,0.,-1.22464679914735E-16));
#4653=DIRECTION('center_axis',(1.22464679914735E-16,0.,-1.));
#4654=DIRECTION('ref_axis',(-1.,0.,-1.22464679914735E-16));
#4655=DIRECTION('',(1.22464679914735E-16,0.,-1.));
#4656=DIRECTION('center_axis',(-1.22464679914735E-16,0.,1.));
#4657=DIRECTION('ref_axis',(-0.632455532033676,0.774596669241484,-7.74534642908073E-17));
#4658=DIRECTION('center_axis',(1.22464679914735E-16,0.,-1.));
#4659=DIRECTION('ref_axis',(-0.632455532033676,0.774596669241484,-7.74534642908073E-17));
#4660=DIRECTION('',(-1.22464679914735E-16,0.,1.));
#4661=DIRECTION('center_axis',(1.22066917123885E-17,-1.,1.49488859337551E-33));
#4662=DIRECTION('ref_axis',(1.,1.22066917123885E-17,1.22464679914735E-16));
#4663=DIRECTION('',(-1.,-1.22066917123885E-17,-1.22464679914735E-16));
#4664=DIRECTION('',(-1.22464679914735E-16,0.,1.));
#4665=DIRECTION('center_axis',(-1.22464679914735E-16,0.,1.));
#4666=DIRECTION('ref_axis',(-1.,0.,-1.22464679914735E-16));
#4667=DIRECTION('',(1.22464679914735E-16,0.,-1.));
#4668=DIRECTION('center_axis',(-1.22464679914735E-16,0.,1.));
#4669=DIRECTION('ref_axis',(-1.,0.,-1.22464679914735E-16));
#4670=DIRECTION('center_axis',(-1.22464679914735E-16,0.,1.));
#4671=DIRECTION('ref_axis',(-1.,0.,-1.22464679914735E-16));
#4672=DIRECTION('',(1.22464679914735E-16,0.,-1.));
#4673=DIRECTION('center_axis',(-1.22464679914735E-16,0.,1.));
#4674=DIRECTION('ref_axis',(-1.,0.,-1.22464679914735E-16));
#4675=DIRECTION('center_axis',(0.,-1.,0.));
#4676=DIRECTION('ref_axis',(1.,0.,1.22464679914735E-16));
#4677=DIRECTION('',(-1.,0.,-1.22464679914735E-16));
#4678=DIRECTION('',(-1.22464679914735E-16,0.,1.));
#4679=DIRECTION('',(-1.22464679914735E-16,0.,1.));
#4680=DIRECTION('center_axis',(-1.22464679914735E-16,0.,1.));
#4681=DIRECTION('ref_axis',(-1.,5.92118946466747E-15,-1.22464679914735E-16));
#4682=DIRECTION('center_axis',(-1.22464679914735E-16,0.,1.));
#4683=DIRECTION('ref_axis',(-1.,5.92118946466747E-15,-1.22464679914735E-16));
#4684=DIRECTION('',(-1.22464679914735E-16,0.,1.));
#4685=DIRECTION('center_axis',(1.,0.,1.22464679914735E-16));
#4686=DIRECTION('ref_axis',(0.,1.,0.));
#4687=DIRECTION('',(0.,-1.,0.));
#4688=DIRECTION('',(-1.22464679914735E-16,0.,1.));
#4689=DIRECTION('center_axis',(-1.22464679914735E-16,0.,1.));
#4690=DIRECTION('ref_axis',(-5.92118946466745E-15,-1.,-7.25136572505002E-31));
#4691=DIRECTION('center_axis',(-1.22464679914735E-16,0.,1.));
#4692=DIRECTION('ref_axis',(-5.92118946466745E-15,-1.,-7.25136572505002E-31));
#4693=DIRECTION('',(-1.22464679914735E-16,0.,1.));
#4694=DIRECTION('center_axis',(0.,1.,0.));
#4695=DIRECTION('ref_axis',(-1.,0.,-1.22464679914735E-16));
#4696=DIRECTION('',(1.,0.,1.22464679914735E-16));
#4697=DIRECTION('',(-1.22464679914735E-16,0.,1.));
#4698=DIRECTION('center_axis',(-1.22464679914735E-16,0.,1.));
#4699=DIRECTION('ref_axis',(1.,2.96059473233376E-15,1.22464679914735E-16));
#4700=DIRECTION('center_axis',(-1.22464679914735E-16,0.,1.));
#4701=DIRECTION('ref_axis',(1.,2.96059473233376E-15,1.22464679914735E-16));
#4702=DIRECTION('',(-1.22464679914735E-16,0.,1.));
#4703=DIRECTION('center_axis',(-1.,0.,-1.22464679914735E-16));
#4704=DIRECTION('ref_axis',(0.,-1.,0.));
#4705=DIRECTION('',(0.,1.,0.));
#4706=DIRECTION('',(-1.22464679914735E-16,0.,1.));
#4707=DIRECTION('center_axis',(-1.22464679914735E-16,0.,1.));
#4708=DIRECTION('ref_axis',(-4.44089209850066E-15,1.,-5.4385242937876E-31));
#4709=DIRECTION('center_axis',(-1.22464679914735E-16,0.,1.));
#4710=DIRECTION('ref_axis',(-4.44089209850066E-15,1.,-5.4385242937876E-31));
#4711=DIRECTION('center_axis',(-1.22464679914735E-16,0.,1.));
#4712=DIRECTION('ref_axis',(1.,1.28721510101469E-14,1.22464679914735E-16));
#4713=DIRECTION('center_axis',(1.22464679914735E-16,0.,-1.));
#4714=DIRECTION('ref_axis',(1.,1.28721510101469E-14,1.22464679914735E-16));
#4715=DIRECTION('',(-1.22464679914735E-16,0.,1.));
#4716=DIRECTION('',(-1.22464679914735E-16,0.,1.));
#4717=DIRECTION('center_axis',(0.,-1.,0.));
#4718=DIRECTION('ref_axis',(1.,0.,1.22464679914735E-16));
#4719=DIRECTION('',(-1.,0.,-1.22464679914735E-16));
#4720=DIRECTION('',(-1.22464679914735E-16,0.,1.));
#4721=DIRECTION('center_axis',(-0.338650069550862,-0.940912392517601,-4.14726723706492E-17));
#4722=DIRECTION('ref_axis',(0.940912392517601,-0.338650069550862,1.15228534977476E-16));
#4723=DIRECTION('',(-0.940912392517601,0.338650069550862,-1.15228534977476E-16));
#4724=DIRECTION('',(-1.22464679914735E-16,0.,1.));
#4725=DIRECTION('center_axis',(-4.15047029856832E-8,-0.999999999999999,
-5.08286016609785E-24));
#4726=DIRECTION('ref_axis',(0.999999999999999,-4.15047029856832E-8,1.22464679914735E-16));
#4727=DIRECTION('',(-0.999999999999999,4.15047029856832E-8,-1.22464679914735E-16));
#4728=DIRECTION('',(-1.22464679914735E-16,0.,1.));
#4729=DIRECTION('center_axis',(0.408246580934885,-0.912871693697957,4.99957868604758E-17));
#4730=DIRECTION('ref_axis',(0.912871693697957,0.408246580934885,1.11794539771943E-16));
#4731=DIRECTION('',(-0.912871693697957,-0.408246580934885,-1.11794539771943E-16));
#4732=DIRECTION('',(-1.22464679914735E-16,0.,1.));
#4733=DIRECTION('center_axis',(0.,-1.,0.));
#4734=DIRECTION('ref_axis',(1.,0.,1.22464679914735E-16));
#4735=DIRECTION('',(-1.,0.,-1.22464679914735E-16));
#4736=DIRECTION('',(-1.22464679914735E-16,0.,1.));
#4737=DIRECTION('center_axis',(-1.22464679914735E-16,0.,1.));
#4738=DIRECTION('ref_axis',(-1.,-4.44089209850064E-15,-1.22464679914735E-16));
#4739=DIRECTION('center_axis',(-1.22464679914735E-16,0.,1.));
#4740=DIRECTION('ref_axis',(-1.,-4.44089209850064E-15,-1.22464679914735E-16));
#4741=DIRECTION('',(-1.22464679914735E-16,0.,1.));
#4742=DIRECTION('center_axis',(1.,0.,1.22464679914735E-16));
#4743=DIRECTION('ref_axis',(0.,1.,0.));
#4744=DIRECTION('',(0.,-1.,0.));
#4745=DIRECTION('',(-1.22464679914735E-16,0.,1.));
#4746=DIRECTION('center_axis',(-1.22464679914735E-16,0.,1.));
#4747=DIRECTION('ref_axis',(-1.,0.,-1.22464679914735E-16));
#4748=DIRECTION('center_axis',(1.22464679914735E-16,0.,-1.));
#4749=DIRECTION('ref_axis',(-1.,0.,-1.22464679914735E-16));
#4750=DIRECTION('',(-1.22464679914735E-16,0.,1.));
#4751=DIRECTION('center_axis',(0.,-1.,0.));
#4752=DIRECTION('ref_axis',(1.,0.,1.22464679914735E-16));
#4753=DIRECTION('',(-1.,0.,-1.22464679914735E-16));
#4754=DIRECTION('',(-1.22464679914735E-16,0.,1.));
#4755=DIRECTION('center_axis',(-1.22464679914735E-16,0.,1.));
#4756=DIRECTION('ref_axis',(-1.,-1.7763568394003E-14,-1.22464679914735E-16));
#4757=DIRECTION('center_axis',(-1.22464679914735E-16,0.,1.));
#4758=DIRECTION('ref_axis',(-1.,-1.7763568394003E-14,-1.22464679914735E-16));
#4759=DIRECTION('',(-1.22464679914735E-16,0.,1.));
#4760=DIRECTION('center_axis',(1.,0.,1.22464679914735E-16));
#4761=DIRECTION('ref_axis',(0.,1.,0.));
#4762=DIRECTION('',(0.,-1.,0.));
#4763=DIRECTION('',(-1.22464679914735E-16,0.,1.));
#4764=DIRECTION('center_axis',(-1.22464679914735E-16,0.,1.));
#4765=DIRECTION('ref_axis',(0.,-1.,0.));
#4766=DIRECTION('center_axis',(-1.22464679914735E-16,0.,1.));
#4767=DIRECTION('ref_axis',(0.,-1.,0.));
#4768=DIRECTION('',(-1.22464679914735E-16,0.,1.));
#4769=DIRECTION('center_axis',(0.,1.,0.));
#4770=DIRECTION('ref_axis',(-1.,0.,-1.22464679914735E-16));
#4771=DIRECTION('',(1.,0.,1.22464679914735E-16));
#4772=DIRECTION('',(-1.22464679914735E-16,0.,1.));
#4773=DIRECTION('center_axis',(-1.22464679914735E-16,0.,1.));
#4774=DIRECTION('ref_axis',(-1.,0.,-1.22464679914735E-16));
#4775=DIRECTION('center_axis',(1.22464679914735E-16,0.,-1.));
#4776=DIRECTION('ref_axis',(-1.,0.,-1.22464679914735E-16));
#4777=DIRECTION('',(-1.22464679914735E-16,0.,1.));
#4778=DIRECTION('center_axis',(1.,0.,1.22464679914735E-16));
#4779=DIRECTION('ref_axis',(0.,1.,0.));
#4780=DIRECTION('',(0.,-1.,0.));
#4781=DIRECTION('',(-1.22464679914735E-16,0.,1.));
#4782=DIRECTION('center_axis',(-1.22464679914735E-16,0.,1.));
#4783=DIRECTION('ref_axis',(0.,-1.,0.));
#4784=DIRECTION('center_axis',(-1.22464679914735E-16,0.,1.));
#4785=DIRECTION('ref_axis',(0.,-1.,0.));
#4786=DIRECTION('',(-1.22464679914735E-16,0.,1.));
#4787=DIRECTION('center_axis',(-1.43254583822601E-17,1.,-1.75436267541534E-33));
#4788=DIRECTION('ref_axis',(-1.,-1.43254583822601E-17,-1.22464679914735E-16));
#4789=DIRECTION('',(1.,1.43254583822601E-17,1.22464679914735E-16));
#4790=DIRECTION('',(-1.22464679914735E-16,0.,1.));
#4791=DIRECTION('center_axis',(1.,0.,1.22464679914735E-16));
#4792=DIRECTION('ref_axis',(0.,1.,0.));
#4793=DIRECTION('',(0.,-1.,0.));
#4794=DIRECTION('',(-1.22464679914735E-16,0.,1.));
#4795=DIRECTION('',(-1.22464679914735E-16,0.,1.));
#4796=DIRECTION('center_axis',(0.,1.,0.));
#4797=DIRECTION('ref_axis',(-1.,0.,-1.22464679914735E-16));
#4798=DIRECTION('',(-1.22464679914735E-16,0.,1.));
#4799=DIRECTION('',(-1.22464679914735E-16,0.,1.));
#4800=DIRECTION('',(1.,0.,1.22464679914735E-16));
#4801=DIRECTION('center_axis',(-1.,0.,-1.22464679914735E-16));
#4802=DIRECTION('ref_axis',(0.,-1.,0.));
#4803=DIRECTION('',(0.,1.,0.));
#4804=DIRECTION('',(-1.22464679914735E-16,0.,1.));
#4805=DIRECTION('center_axis',(-1.43254583822601E-17,1.,-1.75436267541534E-33));
#4806=DIRECTION('ref_axis',(-1.,-1.43254583822601E-17,-1.22464679914735E-16));
#4807=DIRECTION('',(1.,1.43254583822601E-17,1.22464679914735E-16));
#4808=DIRECTION('',(-1.22464679914735E-16,0.,1.));
#4809=DIRECTION('center_axis',(-1.22464679914735E-16,0.,1.));
#4810=DIRECTION('ref_axis',(1.,5.55111512312578E-16,1.22464679914735E-16));
#4811=DIRECTION('center_axis',(-1.22464679914735E-16,0.,1.));
#4812=DIRECTION('ref_axis',(1.,5.55111512312578E-16,1.22464679914735E-16));
#4813=DIRECTION('',(-1.22464679914735E-16,0.,1.));
#4814=DIRECTION('center_axis',(-1.,0.,-1.22464679914735E-16));
#4815=DIRECTION('ref_axis',(0.,-1.,0.));
#4816=DIRECTION('',(0.,1.,0.));
#4817=DIRECTION('',(-1.22464679914735E-16,0.,1.));
#4818=DIRECTION('center_axis',(-1.22464679914735E-16,0.,1.));
#4819=DIRECTION('ref_axis',(-1.,0.,-1.22464679914735E-16));
#4820=DIRECTION('center_axis',(1.22464679914735E-16,0.,-1.));
#4821=DIRECTION('ref_axis',(-1.,0.,-1.22464679914735E-16));
#4822=DIRECTION('',(-1.22464679914735E-16,0.,1.));
#4823=DIRECTION('center_axis',(0.,1.,0.));
#4824=DIRECTION('ref_axis',(-1.,0.,-1.22464679914735E-16));
#4825=DIRECTION('',(1.,0.,1.22464679914735E-16));
#4826=DIRECTION('',(-1.22464679914735E-16,0.,1.));
#4827=DIRECTION('center_axis',(-1.22464679914735E-16,0.,1.));
#4828=DIRECTION('ref_axis',(1.,-8.8817841970011E-15,1.22464679914735E-16));
#4829=DIRECTION('center_axis',(-1.22464679914735E-16,0.,1.));
#4830=DIRECTION('ref_axis',(1.,-8.8817841970011E-15,1.22464679914735E-16));
#4831=DIRECTION('',(-1.22464679914735E-16,0.,1.));
#4832=DIRECTION('center_axis',(-1.,-2.61228946970625E-17,-1.22464679914735E-16));
#4833=DIRECTION('ref_axis',(2.61228946970625E-17,-1.,3.1991319375221E-33));
#4834=DIRECTION('',(-1.22464679914735E-16,0.,1.));
#4835=DIRECTION('',(-2.61228946970625E-17,1.,-3.1991319375221E-33));
#4836=DIRECTION('center_axis',(-1.22464679914735E-16,0.,1.));
#4837=DIRECTION('ref_axis',(5.55111512312575E-15,1.,6.79815536723442E-31));
#4838=DIRECTION('center_axis',(-1.22464679914735E-16,0.,1.));
#4839=DIRECTION('ref_axis',(5.55111512312575E-15,1.,6.79815536723442E-31));
#4840=DIRECTION('',(-1.22464679914735E-16,0.,1.));
#4841=DIRECTION('center_axis',(0.,-1.,0.));
#4842=DIRECTION('ref_axis',(1.,0.,1.22464679914735E-16));
#4843=DIRECTION('',(-1.,0.,-1.22464679914735E-16));
#4844=DIRECTION('',(-1.22464679914735E-16,0.,1.));
#4845=DIRECTION('center_axis',(-1.22464679914735E-16,0.,1.));
#4846=DIRECTION('ref_axis',(-1.,0.,-1.22464679914735E-16));
#4847=DIRECTION('center_axis',(1.22464679914735E-16,0.,-1.));
#4848=DIRECTION('ref_axis',(-1.,0.,-1.22464679914735E-16));
#4849=DIRECTION('',(-1.22464679914735E-16,0.,1.));
#4850=DIRECTION('center_axis',(-1.,0.,-1.22464679914735E-16));
#4851=DIRECTION('ref_axis',(0.,-1.,0.));
#4852=DIRECTION('',(0.,1.,0.));
#4853=DIRECTION('',(-1.22464679914735E-16,0.,1.));
#4854=DIRECTION('center_axis',(-1.22464679914735E-16,0.,1.));
#4855=DIRECTION('ref_axis',(4.4408920985006E-15,1.,5.43852429378754E-31));
#4856=DIRECTION('center_axis',(-1.22464679914735E-16,0.,1.));
#4857=DIRECTION('ref_axis',(4.4408920985006E-15,1.,5.43852429378754E-31));
#4858=DIRECTION('',(-1.22464679914735E-16,0.,1.));
#4859=DIRECTION('center_axis',(0.,-1.,0.));
#4860=DIRECTION('ref_axis',(1.,0.,1.22464679914735E-16));
#4861=DIRECTION('',(-1.,0.,-1.22464679914735E-16));
#4862=DIRECTION('',(-1.22464679914735E-16,0.,1.));
#4863=DIRECTION('center_axis',(-1.22464679914735E-16,0.,1.));
#4864=DIRECTION('ref_axis',(0.,-1.,0.));
#4865=DIRECTION('center_axis',(1.22464679914735E-16,0.,-1.));
#4866=DIRECTION('ref_axis',(0.,-1.,0.));
#4867=DIRECTION('',(-1.22464679914735E-16,0.,1.));
#4868=DIRECTION('center_axis',(-1.,0.,-1.22464679914735E-16));
#4869=DIRECTION('ref_axis',(0.,-1.,0.));
#4870=DIRECTION('',(0.,1.,0.));
#4871=DIRECTION('',(-1.22464679914735E-16,0.,1.));
#4872=DIRECTION('center_axis',(-1.22464679914735E-16,0.,1.));
#4873=DIRECTION('ref_axis',(-1.,0.,-1.22464679914735E-16));
#4874=DIRECTION('center_axis',(-1.22464679914735E-16,0.,1.));
#4875=DIRECTION('ref_axis',(-1.,0.,-1.22464679914735E-16));
#4876=DIRECTION('',(-1.22464679914735E-16,0.,1.));
#4877=DIRECTION('center_axis',(1.,0.,1.22464679914735E-16));
#4878=DIRECTION('ref_axis',(0.,1.,0.));
#4879=DIRECTION('',(0.,-1.,0.));
#4880=DIRECTION('center_axis',(-1.22464679914735E-16,0.,1.));
#4881=DIRECTION('ref_axis',(-1.,0.,-1.22464679914735E-16));
#4882=DIRECTION('',(1.22464679914735E-16,0.,-1.));
#4883=DIRECTION('center_axis',(-1.22464679914735E-16,0.,1.));
#4884=DIRECTION('ref_axis',(-1.,0.,-1.22464679914735E-16));
#4885=DIRECTION('center_axis',(-1.22464679914735E-16,0.,1.));
#4886=DIRECTION('ref_axis',(-1.,0.,-1.22464679914735E-16));
#4887=DIRECTION('',(1.22464679914735E-16,0.,-1.));
#4888=DIRECTION('center_axis',(-1.22464679914735E-16,0.,1.));
#4889=DIRECTION('ref_axis',(-1.,0.,-1.22464679914735E-16));
#4890=DIRECTION('center_axis',(-1.22464679914735E-16,0.,1.));
#4891=DIRECTION('ref_axis',(-1.,0.,-1.22464679914735E-16));
#4892=DIRECTION('',(1.22464679914735E-16,0.,-1.));
#4893=DIRECTION('center_axis',(-1.22464679914735E-16,0.,1.));
#4894=DIRECTION('ref_axis',(-1.,0.,-1.22464679914735E-16));
#4895=DIRECTION('center_axis',(1.,3.0182226637265E-17,1.22464679914735E-16));
#4896=DIRECTION('ref_axis',(-3.0182226637265E-17,1.,-3.69625672424666E-33));
#4897=DIRECTION('',(-1.22464679914735E-16,0.,1.));
#4898=DIRECTION('',(3.0182226637265E-17,-1.,3.69625672424666E-33));
#4899=DIRECTION('',(-1.22464679914735E-16,0.,1.));
#4900=DIRECTION('center_axis',(-1.22464679914735E-16,0.,1.));
#4901=DIRECTION('ref_axis',(1.,-1.47244432974159E-15,1.22464679914735E-16));
#4902=DIRECTION('center_axis',(1.22464679914735E-16,0.,-1.));
#4903=DIRECTION('ref_axis',(1.,-1.47244432974159E-15,1.22464679914735E-16));
#4904=DIRECTION('',(-1.22464679914735E-16,0.,1.));
#4905=DIRECTION('center_axis',(1.22066917123885E-17,-1.,1.49488859337551E-33));
#4906=DIRECTION('ref_axis',(1.,1.22066917123885E-17,1.22464679914735E-16));
#4907=DIRECTION('',(-1.,-1.22066917123885E-17,-1.22464679914735E-16));
#4908=DIRECTION('',(-1.22464679914735E-16,0.,1.));
#4909=DIRECTION('center_axis',(-1.22464679914735E-16,0.,1.));
#4910=DIRECTION('ref_axis',(-0.989512911724317,0.144444444444444,-1.21180382005816E-16));
#4911=DIRECTION('center_axis',(1.22464679914735E-16,0.,-1.));
#4912=DIRECTION('ref_axis',(-0.989512911724317,0.144444444444444,-1.21180382005816E-16));
#4913=DIRECTION('',(-1.22464679914735E-16,0.,1.));
#4914=DIRECTION('center_axis',(0.,-1.,0.));
#4915=DIRECTION('ref_axis',(1.,0.,1.22464679914735E-16));
#4916=DIRECTION('',(-1.22464679914735E-16,0.,1.));
#4917=DIRECTION('',(-1.,0.,-1.22464679914735E-16));
#4918=DIRECTION('center_axis',(-1.22464679914735E-16,0.,1.));
#4919=DIRECTION('ref_axis',(0.,1.,0.));
#4920=DIRECTION('center_axis',(1.22464679914735E-16,0.,-1.));
#4921=DIRECTION('ref_axis',(0.,1.,0.));
#4922=DIRECTION('center_axis',(1.22066917123885E-17,-1.,1.49488859337551E-33));
#4923=DIRECTION('ref_axis',(1.,1.22066917123885E-17,1.22464679914735E-16));
#4924=DIRECTION('',(-1.22464679914735E-16,0.,1.));
#4925=DIRECTION('',(-1.,-1.22066917123885E-17,-1.22464679914735E-16));
#4926=DIRECTION('center_axis',(-1.22464679914735E-16,0.,1.));
#4927=DIRECTION('ref_axis',(-3.92651821264421E-15,-1.,-4.80859796090852E-31));
#4928=DIRECTION('center_axis',(1.22464679914735E-16,0.,-1.));
#4929=DIRECTION('ref_axis',(-3.92651821264421E-15,-1.,-4.80859796090852E-31));
#4930=DIRECTION('',(-1.22464679914735E-16,0.,1.));
#4931=DIRECTION('center_axis',(-1.,0.,-1.22464679914735E-16));
#4932=DIRECTION('ref_axis',(0.,-1.,0.));
#4933=DIRECTION('',(0.,1.,0.));
#4934=DIRECTION('',(-1.22464679914735E-16,0.,1.));
#4935=DIRECTION('center_axis',(-1.22464679914735E-16,0.,1.));
#4936=DIRECTION('ref_axis',(-1.,5.88977731896631E-15,-1.22464679914735E-16));
#4937=DIRECTION('center_axis',(1.22464679914735E-16,0.,-1.));
#4938=DIRECTION('ref_axis',(-1.,5.88977731896631E-15,-1.22464679914735E-16));
#4939=DIRECTION('',(-1.22464679914735E-16,0.,1.));
#4940=DIRECTION('center_axis',(0.,1.,0.));
#4941=DIRECTION('ref_axis',(-1.,0.,-1.22464679914735E-16));
#4942=DIRECTION('',(1.,0.,1.22464679914735E-16));
#4943=DIRECTION('',(-1.22464679914735E-16,0.,1.));
#4944=DIRECTION('center_axis',(-1.22464679914735E-16,0.,1.));
#4945=DIRECTION('ref_axis',(1.,-8.88178419700118E-15,1.22464679914735E-16));
#4946=DIRECTION('center_axis',(1.22464679914735E-16,0.,-1.));
#4947=DIRECTION('ref_axis',(1.,-8.88178419700118E-15,1.22464679914735E-16));
#4948=DIRECTION('',(-1.22464679914735E-16,0.,1.));
#4949=DIRECTION('center_axis',(-1.,0.,-1.22464679914735E-16));
#4950=DIRECTION('ref_axis',(0.,-1.,0.));
#4951=DIRECTION('',(0.,-1.,0.));
#4952=DIRECTION('center_axis',(-1.22464679914735E-16,0.,1.));
#4953=DIRECTION('ref_axis',(4.44089209850066E-15,-1.,5.4385242937876E-31));
#4954=DIRECTION('center_axis',(1.22464679914735E-16,0.,-1.));
#4955=DIRECTION('ref_axis',(4.44089209850066E-15,-1.,5.4385242937876E-31));
#4956=DIRECTION('',(-1.22464679914735E-16,0.,1.));
#4957=DIRECTION('center_axis',(0.,1.,0.));
#4958=DIRECTION('ref_axis',(-1.,0.,-1.22464679914735E-16));
#4959=DIRECTION('',(-1.,0.,-1.22464679914735E-16));
#4960=DIRECTION('',(-1.22464679914735E-16,0.,1.));
#4961=DIRECTION('center_axis',(-1.22464679914735E-16,0.,1.));
#4962=DIRECTION('ref_axis',(0.,1.,0.));
#4963=DIRECTION('center_axis',(1.22464679914735E-16,0.,-1.));
#4964=DIRECTION('ref_axis',(0.,1.,0.));
#4965=DIRECTION('center_axis',(1.22464679914735E-16,0.,-1.));
#4966=DIRECTION('ref_axis',(-1.,0.,-1.22464679914735E-16));
#4967=CARTESIAN_POINT('',(0.,0.,0.));
#4968=CARTESIAN_POINT('Origin',(-1.92509937286378,62.375,5.49999999999999));
#4969=CARTESIAN_POINT('',(-1.92509937286378,80.1580398915498,3.));
#4970=CARTESIAN_POINT('',(-4.21867854542145,78.2935791725577,4.50526657882142));
#4971=CARTESIAN_POINT('Ctrl Pts',(-4.21867854542144,78.2935791725577,4.50526657882138));
#4972=CARTESIAN_POINT('Ctrl Pts',(-4.21835236555857,78.2944124083163,4.50451449859157));
#4973=CARTESIAN_POINT('Ctrl Pts',(-4.21802578914035,78.2952455584101,4.50376251702327));
#4974=CARTESIAN_POINT('Ctrl Pts',(-4.07484702310286,78.6600379585037,4.17451988347219));
#4975=CARTESIAN_POINT('Ctrl Pts',(-3.85390022100365,79.0070815400178,3.86548988081413));
#4976=CARTESIAN_POINT('Ctrl Pts',(-3.37792124282686,79.493946924771,3.44949637481452));
#4977=CARTESIAN_POINT('Ctrl Pts',(-3.13130657355314,79.6884912182789,3.2890845765635));
#4978=CARTESIAN_POINT('Ctrl Pts',(-2.56419268503492,79.9939575501918,3.06388776941538));
#4979=CARTESIAN_POINT('Ctrl Pts',(-2.24302595628363,80.1043004906161,2.99999999999999));
#4980=CARTESIAN_POINT('Ctrl Pts',(-1.92509937286378,80.1580398915498,2.99999999999999));
#4981=CARTESIAN_POINT('',(-1.92509937286378,84.5,3.));
#4982=CARTESIAN_POINT('',(-1.92509937286378,62.375,3.));
#4983=CARTESIAN_POINT('',(-4.42509937286378,84.5,5.5));
#4984=CARTESIAN_POINT('Origin',(-1.92509937286378,84.5,5.49999999999999));
#4985=CARTESIAN_POINT('',(-4.42509937286378,78.5,5.5));
#4986=CARTESIAN_POINT('',(-4.42509937286378,62.375,5.49999999999999));
#4987=CARTESIAN_POINT('Origin',(-1.92509937286378,76.,5.49999999999999));
#4988=CARTESIAN_POINT('Origin',(8.20240062713623,76.,5.5));
#4989=CARTESIAN_POINT('',(-4.42509937286378,77.2000000000001,3.30682878005395));
#4990=CARTESIAN_POINT('Ctrl Pts',(-4.42509937286378,77.2000000000001,3.30682878005394));
#4991=CARTESIAN_POINT('Ctrl Pts',(-4.42509937286377,77.328413961786,3.37709085204428));
#4992=CARTESIAN_POINT('Ctrl Pts',(-4.41665282719158,77.4536845297414,3.46059874508684));
#4993=CARTESIAN_POINT('Ctrl Pts',(-4.37787112673117,77.7656952493643,3.71239494687054));
#4994=CARTESIAN_POINT('Ctrl Pts',(-4.33670382242562,77.9356352921917,3.90090296494083));
#4995=CARTESIAN_POINT('Ctrl Pts',(-4.27167095000824,78.1512754421552,4.21748390938521));
#4996=CARTESIAN_POINT('Ctrl Pts',(-4.2438732288368,78.2292186355114,4.35686904420518));
#4997=CARTESIAN_POINT('Ctrl Pts',(-4.21867854542211,78.293579172556,4.50526657881758));
#4998=CARTESIAN_POINT('',(-10.4250993728638,78.5,5.49999999999999));
#4999=CARTESIAN_POINT('',(8.20240062713623,78.5,5.5));
#5000=CARTESIAN_POINT('',(-10.4250993728638,76.,2.99999999999999));
#5001=CARTESIAN_POINT('Origin',(-10.4250993728638,76.,5.49999999999999));
#5002=CARTESIAN_POINT('',(-4.42509937286378,76.,3.));
#5003=CARTESIAN_POINT('',(8.20240062713623,76.,3.));
#5004=CARTESIAN_POINT('Origin',(-4.42509937286378,76.,5.49999999999999));
#5005=CARTESIAN_POINT('Origin',(28.5749006271362,40.25,3.));
#5006=CARTESIAN_POINT('',(-10.4250993728638,68.,2.99999999999999));
#5007=CARTESIAN_POINT('',(-10.4250993728638,84.5,2.99999999999999));
#5008=CARTESIAN_POINT('',(-13.4250993728638,65.,2.99999999999999));
#5009=CARTESIAN_POINT('Origin',(-13.4250993728638,68.,2.99999999999999));
#5010=CARTESIAN_POINT('',(-16.9010993728638,65.,2.99999999999999));
#5011=CARTESIAN_POINT('',(-16.9010993728638,65.,2.99999999999999));
#5012=CARTESIAN_POINT('',(-21.4250993728638,60.476,2.99999999999999));
#5013=CARTESIAN_POINT('Origin',(-16.9010993728637,60.476,2.99999999999999));
#5014=CARTESIAN_POINT('',(-21.4250993728638,36.3729833462074,2.99999999999999));
#5015=CARTESIAN_POINT('',(-21.4250993728638,4.524,2.99999999999999));
#5016=CARTESIAN_POINT('',(-18.4250993728638,36.3729833462074,2.99999999999999));
#5017=CARTESIAN_POINT('',(-21.4250993728638,36.3729833462074,2.99999999999999));
#5018=CARTESIAN_POINT('',(-18.4250993728638,53.75,2.99999999999999));
#5019=CARTESIAN_POINT('',(-18.4250993728638,11.25,2.99999999999999));
#5020=CARTESIAN_POINT('',(-16.4250993728638,55.75,2.99999999999999));
#5021=CARTESIAN_POINT('Origin',(-16.4250993728638,53.7500000000001,2.99999999999999));
#5022=CARTESIAN_POINT('',(-16.1750993728638,55.75,2.99999999999999));
#5023=CARTESIAN_POINT('',(-16.4250993728638,55.75,2.99999999999999));
#5024=CARTESIAN_POINT('',(-12.1750993728638,59.75,2.99999999999999));
#5025=CARTESIAN_POINT('Origin',(-16.1750993728638,59.75,2.99999999999999));
#5026=CARTESIAN_POINT('',(-12.1750993728638,60.,2.99999999999999));
#5027=CARTESIAN_POINT('',(-12.1750993728638,60.,2.99999999999999));
#5028=CARTESIAN_POINT('',(-10.1750993728638,62.,2.99999999999999));
#5029=CARTESIAN_POINT('Origin',(-10.1750993728638,60.,2.99999999999999));
#5030=CARTESIAN_POINT('',(-6.06309937286376,62.,2.99999999999999));
#5031=CARTESIAN_POINT('',(-10.1750993728638,62.,2.99999999999999));
#5032=CARTESIAN_POINT('',(-1.59094094543743,64.0000008608665,3.));
#5033=CARTESIAN_POINT('',(-6.06309937286376,62.,2.99999999999999));
#5034=CARTESIAN_POINT('',(16.3720590545625,64.0000001153175,3.));
#5035=CARTESIAN_POINT('',(19.1504798408494,64.,3.));
#5036=CARTESIAN_POINT('',(21.9289006271362,62.,3.));
#5037=CARTESIAN_POINT('',(21.9289006271362,62.,3.));
#5038=CARTESIAN_POINT('',(27.8569006271362,62.,3.));
#5039=CARTESIAN_POINT('',(27.8569006271362,62.,3.));
#5040=CARTESIAN_POINT('',(28.5469006271362,62.69,3.));
#5041=CARTESIAN_POINT('Origin',(27.8569006271362,62.69,3.));
#5042=CARTESIAN_POINT('',(28.5469006271362,62.691,3.));
#5043=CARTESIAN_POINT('',(28.5469006271362,62.69,3.));
#5044=CARTESIAN_POINT('',(32.5469006271362,62.691,3.));
#5045=CARTESIAN_POINT('Origin',(30.5469006271362,62.691,3.));
#5046=CARTESIAN_POINT('',(32.5469006271362,62.69,3.));
#5047=CARTESIAN_POINT('',(32.5469006271362,62.69,3.));
#5048=CARTESIAN_POINT('',(33.2369006271362,62.,3.));
#5049=CARTESIAN_POINT('Origin',(33.2369006271362,62.69,3.));
#5050=CARTESIAN_POINT('',(67.3249006271362,62.,3.));
#5051=CARTESIAN_POINT('',(67.3249006271362,62.,3.));
#5052=CARTESIAN_POINT('',(69.3249006271362,60.,3.));
#5053=CARTESIAN_POINT('Origin',(67.3249006271362,60.,3.));
#5054=CARTESIAN_POINT('',(69.3249006271362,59.75,3.));
#5055=CARTESIAN_POINT('',(69.3249006271362,60.,3.));
#5056=CARTESIAN_POINT('',(73.3249006271362,55.75,3.));
#5057=CARTESIAN_POINT('Origin',(73.3249006271362,59.75,3.));
#5058=CARTESIAN_POINT('',(73.5749006271362,55.75,3.));
#5059=CARTESIAN_POINT('',(73.5749006271362,55.75,3.));
#5060=CARTESIAN_POINT('',(75.5749006271362,53.75,3.));
#5061=CARTESIAN_POINT('Origin',(73.5749006271362,53.75,3.));
#5062=CARTESIAN_POINT('',(75.5749006271362,36.3729833462074,3.));
#5063=CARTESIAN_POINT('',(75.5749006271362,53.75,3.));
#5064=CARTESIAN_POINT('',(78.5749006271362,36.3729833462074,3.00000000000001));
#5065=CARTESIAN_POINT('',(78.5749006271362,36.3729833462074,3.00000000000001));
#5066=CARTESIAN_POINT('',(78.5749006271362,59.7,3.00000000000001));
#5067=CARTESIAN_POINT('',(78.5749006271362,59.7,3.00000000000001));
#5068=CARTESIAN_POINT('',(73.2749006271362,65.,3.));
#5069=CARTESIAN_POINT('Origin',(73.2749006271362,59.7,3.));
#5070=CARTESIAN_POINT('',(54.0749006271362,65.,3.));
#5071=CARTESIAN_POINT('',(73.2749006271362,65.,3.));
#5072=CARTESIAN_POINT('',(51.0749006271362,68.,3.));
#5073=CARTESIAN_POINT('Origin',(54.0749006271362,68.,3.));
#5074=CARTESIAN_POINT('',(51.0749006271362,76.,3.));
#5075=CARTESIAN_POINT('',(51.0749006271362,68.,3.));
#5076=CARTESIAN_POINT('',(45.0749006271362,76.,3.));
#5077=CARTESIAN_POINT('',(40.6981506271362,76.,3.));
#5078=CARTESIAN_POINT('',(45.0749006271362,71.,3.));
#5079=CARTESIAN_POINT('',(45.0749006271362,71.,3.));
#5080=CARTESIAN_POINT('',(42.0749006271362,68.,3.));
#5081=CARTESIAN_POINT('Origin',(42.0749006271362,71.,3.));
#5082=CARTESIAN_POINT('',(-1.42509937286377,68.,3.));
#5083=CARTESIAN_POINT('',(-1.42509937286377,68.,3.));
#5084=CARTESIAN_POINT('',(-4.42509937286378,71.,3.));
#5085=CARTESIAN_POINT('Origin',(-1.42509937286375,71.,3.));
#5086=CARTESIAN_POINT('',(-4.42509937286378,77.2,3.));
#5087=CARTESIAN_POINT('',(-12.9250993728638,60.,3.));
#5088=CARTESIAN_POINT('Origin',(-16.4250993728638,60.,3.));
#5089=CARTESIAN_POINT('',(77.0749006271362,60.,3.));
#5090=CARTESIAN_POINT('Origin',(73.5749006271362,60.,3.));
#5091=CARTESIAN_POINT('Origin',(28.5749006271362,40.25,3.));
#5092=CARTESIAN_POINT('',(-1.42509937286375,80.2,3.));
#5093=CARTESIAN_POINT('Origin',(-1.42509937286376,77.2,3.));
#5094=CARTESIAN_POINT('',(-0.956228247013042,80.2,3.));
#5095=CARTESIAN_POINT('',(42.0749006271362,80.2,3.));
#5096=CARTESIAN_POINT('',(-0.956228247013042,84.5,3.));
#5097=CARTESIAN_POINT('',(-0.956228247013047,84.5,3.));
#5098=CARTESIAN_POINT('',(51.0749006271362,84.5,3.));
#5099=CARTESIAN_POINT('Origin',(42.5749006271362,62.375,5.5));
#5100=CARTESIAN_POINT('',(42.5749006271362,80.1580398915498,3.));
#5101=CARTESIAN_POINT('',(44.8684797996939,78.2935791725577,4.50526657882142));
#5102=CARTESIAN_POINT('Ctrl Pts',(42.5749006271362,80.1580398915498,3.));
#5103=CARTESIAN_POINT('Ctrl Pts',(42.8928272105561,80.1043004906161,3.));
#5104=CARTESIAN_POINT('Ctrl Pts',(43.2139939393074,79.9939575501918,3.06388776941539));
#5105=CARTESIAN_POINT('Ctrl Pts',(43.7811078278256,79.6884912182789,3.28908457656351));
#5106=CARTESIAN_POINT('Ctrl Pts',(44.0277224970993,79.4939469247711,3.44949637481453));
#5107=CARTESIAN_POINT('Ctrl Pts',(44.5037014752761,79.0070815400178,3.86548988081413));
#5108=CARTESIAN_POINT('Ctrl Pts',(44.7246482773753,78.6600379585037,4.1745198834722));
#5109=CARTESIAN_POINT('Ctrl Pts',(44.8678270434128,78.2952455584101,4.50376251702329));
#5110=CARTESIAN_POINT('Ctrl Pts',(44.868153619831,78.2944124083163,4.50451449859161));
#5111=CARTESIAN_POINT('Ctrl Pts',(44.8684797996939,78.2935791725577,4.50526657882143));
#5112=CARTESIAN_POINT('',(45.0749006271362,78.5,5.5));
#5113=CARTESIAN_POINT('Origin',(42.5749006271362,76.,5.5));
#5114=CARTESIAN_POINT('',(45.0749006271362,84.5,5.5));
#5115=CARTESIAN_POINT('',(45.0749006271362,62.375,5.5));
#5116=CARTESIAN_POINT('',(42.5749006271362,84.5,3.));
#5117=CARTESIAN_POINT('Origin',(42.5749006271362,84.5,5.5));
#5118=CARTESIAN_POINT('',(42.5749006271362,62.375,3.));
#5119=CARTESIAN_POINT('Origin',(40.6981506271362,76.,5.5));
#5120=CARTESIAN_POINT('',(45.0749006271362,77.1999999999993,3.30682878005352));
#5121=CARTESIAN_POINT('Origin',(45.0749006271362,76.,5.5));
#5122=CARTESIAN_POINT('',(51.0749006271362,78.5,5.5));
#5123=CARTESIAN_POINT('Origin',(51.0749006271362,76.,5.5));
#5124=CARTESIAN_POINT('',(40.6981506271362,78.5,5.5));
#5125=CARTESIAN_POINT('Ctrl Pts',(44.8684797996937,78.2935791725582,4.50526657882256));
#5126=CARTESIAN_POINT('Ctrl Pts',(44.8936744831086,78.2292186355131,4.35686904420831));
#5127=CARTESIAN_POINT('Ctrl Pts',(44.9214722042804,78.1512754421561,4.21748390938662));
#5128=CARTESIAN_POINT('Ctrl Pts',(44.9865050766981,77.9356352921917,3.90090296494086));
#5129=CARTESIAN_POINT('Ctrl Pts',(45.0276723810036,77.7656952493643,3.71239494687055));
#5130=CARTESIAN_POINT('Ctrl Pts',(45.0664540814641,77.4536845297412,3.46059874508666));
#5131=CARTESIAN_POINT('Ctrl Pts',(45.0749006271363,77.3284139617854,3.37709085204394));
#5132=CARTESIAN_POINT('Ctrl Pts',(45.0749006271362,77.1999999999993,3.30682878005351));
#5133=CARTESIAN_POINT('Origin',(45.0749006271362,84.5,55.));
#5134=CARTESIAN_POINT('',(45.0749006271362,78.5,55.));
#5135=CARTESIAN_POINT('',(45.0749006271362,78.5,55.));
#5136=CARTESIAN_POINT('',(45.0749006271362,84.5,55.));
#5137=CARTESIAN_POINT('',(45.0749006271362,84.5,55.));
#5138=CARTESIAN_POINT('',(45.0749006271362,84.5,35.));
#5139=CARTESIAN_POINT('',(45.0749006271362,84.5,55.));
#5140=CARTESIAN_POINT('',(45.0749006271362,83.,37.1213203435597));
#5141=CARTESIAN_POINT('Origin',(45.0749006271362,83.,35.));
#5142=CARTESIAN_POINT('',(45.0749006271362,81.6,37.1213203435597));
#5143=CARTESIAN_POINT('',(45.0749006271362,84.5,37.1213203435597));
#5144=CARTESIAN_POINT('',(45.0749006271362,81.6,32.8786796564404));
#5145=CARTESIAN_POINT('Origin',(45.0749006271362,81.6,35.));
#5146=CARTESIAN_POINT('',(45.0749006271362,83.,32.8786796564404));
#5147=CARTESIAN_POINT('',(45.0749006271362,84.5,32.8786796564404));
#5148=CARTESIAN_POINT('Origin',(45.0749006271362,83.,35.));
#5149=CARTESIAN_POINT('',(45.0749006271362,84.5,20.));
#5150=CARTESIAN_POINT('',(45.0749006271362,84.5,55.));
#5151=CARTESIAN_POINT('',(45.0749006271362,83.,22.1213203435596));
#5152=CARTESIAN_POINT('Origin',(45.0749006271362,83.,20.));
#5153=CARTESIAN_POINT('',(45.0749006271362,81.6,22.1213203435596));
#5154=CARTESIAN_POINT('',(45.0749006271362,84.5,22.1213203435596));
#5155=CARTESIAN_POINT('',(45.0749006271362,81.6,17.8786796564404));
#5156=CARTESIAN_POINT('Origin',(45.0749006271362,81.6,20.));
#5157=CARTESIAN_POINT('',(45.0749006271362,83.,17.8786796564404));
#5158=CARTESIAN_POINT('',(45.0749006271362,84.5,17.8786796564404));
#5159=CARTESIAN_POINT('Origin',(45.0749006271362,83.,20.));
#5160=CARTESIAN_POINT('',(45.0749006271362,84.5,55.));
#5161=CARTESIAN_POINT('Origin',(52.8214006271362,78.5,29.));
#5162=CARTESIAN_POINT('',(51.0749006271362,78.5,41.51));
#5163=CARTESIAN_POINT('',(51.0749006271362,78.5,0.));
#5164=CARTESIAN_POINT('',(58.0679006271362,78.5,48.503));
#5165=CARTESIAN_POINT('',(60.5679006271362,78.5,51.003));
#5166=CARTESIAN_POINT('',(58.0679006271362,78.5,55.));
#5167=CARTESIAN_POINT('',(58.0679006271362,78.5,40.0015));
#5168=CARTESIAN_POINT('',(45.0749006271362,78.5,55.));
#5169=CARTESIAN_POINT('Origin',(55.5679006271362,85.936,50.475));
#5170=CARTESIAN_POINT('',(52.5679006271362,85.936,49.85));
#5171=CARTESIAN_POINT('',(58.5679006271362,85.936,49.85));
#5172=CARTESIAN_POINT('Origin',(55.5679006271362,85.936,49.85));
#5173=CARTESIAN_POINT('Origin',(55.5679006271362,85.936,49.85));
#5174=CARTESIAN_POINT('',(57.3179006271362,85.936,51.1));
#5175=CARTESIAN_POINT('',(57.9429006271362,85.936,50.475));
#5176=CARTESIAN_POINT('Origin',(55.5679006271362,85.936,51.1));
#5177=CARTESIAN_POINT('Origin',(-14.9150993728638,85.936,50.475));
#5178=CARTESIAN_POINT('',(-17.9150993728638,85.936,49.85));
#5179=CARTESIAN_POINT('',(-11.9150993728638,85.936,49.85));
#5180=CARTESIAN_POINT('Origin',(-14.9150993728638,85.936,49.85));
#5181=CARTESIAN_POINT('Origin',(-14.9150993728638,85.936,49.85));
#5182=CARTESIAN_POINT('',(-13.1650993728638,85.936,51.1));
#5183=CARTESIAN_POINT('',(-12.5400993728638,85.936,50.475));
#5184=CARTESIAN_POINT('Origin',(-14.9150993728638,85.936,51.1));
#5185=CARTESIAN_POINT('Origin',(-14.9150993728638,85.936,49.85));
#5186=CARTESIAN_POINT('',(-17.9150993728638,85.936,49.));
#5187=CARTESIAN_POINT('',(-17.9150993728638,85.936,49.85));
#5188=CARTESIAN_POINT('Origin',(-14.9150993728638,85.936,46.));
#5189=CARTESIAN_POINT('Origin',(55.5679006271362,85.936,49.85));
#5190=CARTESIAN_POINT('',(52.5679006271362,85.936,43.003));
#5191=CARTESIAN_POINT('',(52.5679006271362,85.936,49.85));
#5192=CARTESIAN_POINT('Origin',(55.5679006271362,85.936,46.003));
#5193=CARTESIAN_POINT('Origin',(58.0679006271362,81.,40.0015));
#5194=CARTESIAN_POINT('',(60.5679006271362,81.,55.));
#5195=CARTESIAN_POINT('Origin',(58.0679006271362,81.,55.));
#5196=CARTESIAN_POINT('',(60.5679006271362,81.,51.003));
#5197=CARTESIAN_POINT('Origin',(58.0679006271362,81.,48.503));
#5198=CARTESIAN_POINT('',(60.5679006271362,81.,40.0015));
#5199=CARTESIAN_POINT('Origin',(60.5679006271362,84.5,51.003));
#5200=CARTESIAN_POINT('',(60.5679006271362,87.554,51.003));
#5201=CARTESIAN_POINT('',(60.5679006271362,84.5,51.003));
#5202=CARTESIAN_POINT('',(60.5679006271362,87.554,55.));
#5203=CARTESIAN_POINT('',(60.5679006271362,87.554,49.629));
#5204=CARTESIAN_POINT('',(60.5679006271362,84.5,55.));
#5205=CARTESIAN_POINT('Origin',(51.0749006271362,84.5,41.51));
#5206=CARTESIAN_POINT('',(51.0749006271362,84.5,41.51));
#5207=CARTESIAN_POINT('',(51.0749006271362,84.5,41.51));
#5208=CARTESIAN_POINT('',(51.0749006271362,87.554,41.51));
#5209=CARTESIAN_POINT('',(51.0749006271362,84.5,41.51));
#5210=CARTESIAN_POINT('',(53.5749006271362,90.054,44.01));
#5211=CARTESIAN_POINT('Origin',(53.5749006271362,87.554,44.01));
#5212=CARTESIAN_POINT('',(58.0679006271362,90.054,48.503));
#5213=CARTESIAN_POINT('',(60.5679006271362,90.054,51.003));
#5214=CARTESIAN_POINT('Origin',(58.0679006271362,87.554,48.503));
#5215=CARTESIAN_POINT('Origin',(58.0679006271362,87.554,49.629));
#5216=CARTESIAN_POINT('',(58.0679006271362,90.054,55.));
#5217=CARTESIAN_POINT('',(58.0679006271362,90.054,49.629));
#5218=CARTESIAN_POINT('Origin',(58.0679006271362,87.554,55.));
#5219=CARTESIAN_POINT('Origin',(55.8214006271362,90.054,48.255));
#5220=CARTESIAN_POINT('',(53.5749006271362,90.054,55.));
#5221=CARTESIAN_POINT('',(53.5749006271362,90.054,44.8825));
#5222=CARTESIAN_POINT('',(45.0749006271362,90.054,55.));
#5223=CARTESIAN_POINT('Origin',(53.5749006271362,87.554,44.8825));
#5224=CARTESIAN_POINT('',(51.0749006271362,87.554,55.));
#5225=CARTESIAN_POINT('Origin',(53.5749006271362,87.554,55.));
#5226=CARTESIAN_POINT('',(51.0749006271362,87.554,44.8825));
#5227=CARTESIAN_POINT('Origin',(-17.4150993728638,81.,42.));
#5228=CARTESIAN_POINT('',(-19.9150993728638,81.,51.));
#5229=CARTESIAN_POINT('',(-17.4150993728638,78.5,48.5));
#5230=CARTESIAN_POINT('Origin',(-17.4150993728638,81.,48.5));
#5231=CARTESIAN_POINT('',(-17.4150993728638,78.5,55.));
#5232=CARTESIAN_POINT('',(-17.4150993728638,78.5,42.));
#5233=CARTESIAN_POINT('',(-19.9150993728638,81.,55.));
#5234=CARTESIAN_POINT('Origin',(-17.4150993728638,81.,55.));
#5235=CARTESIAN_POINT('',(-19.9150993728638,81.,42.));
#5236=CARTESIAN_POINT('Origin',(-12.1700993728638,78.5,29.));
#5237=CARTESIAN_POINT('',(-4.42509937286378,78.5,55.));
#5238=CARTESIAN_POINT('',(-4.42509937286378,78.5,55.));
#5239=CARTESIAN_POINT('',(-4.42509937286378,78.5,55.));
#5240=CARTESIAN_POINT('',(-10.4250993728638,78.5,41.51));
#5241=CARTESIAN_POINT('',(-19.9150993728638,78.5,51.));
#5242=CARTESIAN_POINT('',(-10.4250993728638,78.5,-8.88178419700125E-15));
#5243=CARTESIAN_POINT('Origin',(-19.9150993728638,84.5,51.));
#5244=CARTESIAN_POINT('',(-19.9150993728638,87.554,51.));
#5245=CARTESIAN_POINT('',(-19.9150993728638,84.5,51.));
#5246=CARTESIAN_POINT('',(-17.4150993728638,90.054,48.5));
#5247=CARTESIAN_POINT('Origin',(-17.4150993728638,87.554,48.5));
#5248=CARTESIAN_POINT('',(-12.9250993728638,90.054,44.01));
#5249=CARTESIAN_POINT('',(-19.9150993728638,90.054,51.));
#5250=CARTESIAN_POINT('',(-10.4250993728638,87.554,41.51));
#5251=CARTESIAN_POINT('Origin',(-12.9250993728638,87.554,44.01));
#5252=CARTESIAN_POINT('',(-10.4250993728638,84.5,41.51));
#5253=CARTESIAN_POINT('',(-10.4250993728638,84.5,41.51));
#5254=CARTESIAN_POINT('',(-10.4250993728638,84.5,41.51));
#5255=CARTESIAN_POINT('Origin',(-17.4150993728638,87.554,51.6275));
#5256=CARTESIAN_POINT('',(-19.9150993728638,87.554,55.));
#5257=CARTESIAN_POINT('',(-17.4150993728638,90.054,55.));
#5258=CARTESIAN_POINT('Origin',(-17.4150993728638,87.554,55.));
#5259=CARTESIAN_POINT('',(-17.4150993728638,90.054,51.6275));
#5260=CARTESIAN_POINT('',(-19.9150993728638,87.554,51.6275));
#5261=CARTESIAN_POINT('Origin',(-15.1700993728638,90.054,48.255));
#5262=CARTESIAN_POINT('',(-12.9250993728638,90.054,55.));
#5263=CARTESIAN_POINT('',(-4.42509937286378,90.054,55.));
#5264=CARTESIAN_POINT('',(-12.9250993728638,90.054,51.6275));
#5265=CARTESIAN_POINT('Origin',(-4.42509937286378,84.5,55.));
#5266=CARTESIAN_POINT('',(-4.42509937286378,84.5,55.));
#5267=CARTESIAN_POINT('',(-4.42509937286378,84.5,55.));
#5268=CARTESIAN_POINT('',(-10.4250993728638,84.5,55.));
#5269=CARTESIAN_POINT('',(-4.42509937286378,84.5,55.));
#5270=CARTESIAN_POINT('',(-10.4250993728638,87.554,55.));
#5271=CARTESIAN_POINT('',(-10.4250993728638,84.5,55.));
#5272=CARTESIAN_POINT('Origin',(-12.9250993728638,87.554,55.));
#5273=CARTESIAN_POINT('',(-19.9150993728638,84.5,55.));
#5274=CARTESIAN_POINT('',(-13.1650993728638,85.936,55.));
#5275=CARTESIAN_POINT('Origin',(-14.9150993728638,85.936,55.));
#5276=CARTESIAN_POINT('Origin',(-12.9250993728638,87.554,51.6275));
#5277=CARTESIAN_POINT('',(-10.4250993728638,87.554,51.6275));
#5278=CARTESIAN_POINT('Origin',(55.5679006271362,85.936,55.));
#5279=CARTESIAN_POINT('',(57.3179006271362,85.936,55.));
#5280=CARTESIAN_POINT('Origin',(55.5679006271362,85.936,55.));
#5281=CARTESIAN_POINT('',(57.3179006271362,85.936,55.));
#5282=CARTESIAN_POINT('Origin',(-14.9150993728638,85.936,55.));
#5283=CARTESIAN_POINT('',(-13.1650993728638,85.936,55.));
#5284=CARTESIAN_POINT('Origin',(-10.4250993728638,84.5,55.));
#5285=CARTESIAN_POINT('',(-10.4250993728638,84.5,27.5));
#5286=CARTESIAN_POINT('Origin',(51.0749006271362,84.5,41.51));
#5287=CARTESIAN_POINT('',(51.0749006271362,84.5,55.));
#5288=CARTESIAN_POINT('',(51.0749006271362,84.5,20.755));
#5289=CARTESIAN_POINT('',(51.0749006271362,84.5,55.));
#5290=CARTESIAN_POINT('Origin',(53.5749006271362,84.5,11.5227746782681));
#5291=CARTESIAN_POINT('',(53.3476278998635,81.5,14.0124226669279));
#5292=CARTESIAN_POINT('',(51.0749006271362,81.5,11.5227746782681));
#5293=CARTESIAN_POINT('Origin',(53.5749006271362,81.5,11.5227746782681));
#5294=CARTESIAN_POINT('',(51.0749006271362,84.5,11.5227746782681));
#5295=CARTESIAN_POINT('',(51.0749006271362,84.5,11.5227746782681));
#5296=CARTESIAN_POINT('',(53.3476278998635,84.5,14.0124226669279));
#5297=CARTESIAN_POINT('Origin',(53.5749006271362,84.5,11.5227746782681));
#5298=CARTESIAN_POINT('',(53.3476278998635,84.5,14.0124226669279));
#5299=CARTESIAN_POINT('Origin',(51.0749006271362,68.,1.44354632966197E-15));
#5300=CARTESIAN_POINT('',(51.0749006271362,81.5,22.4772258283714));
#5301=CARTESIAN_POINT('',(51.0749006271362,81.5,8.50000012665987));
#5302=CARTESIAN_POINT('',(51.0749006271362,84.5,22.4772258283714));
#5303=CARTESIAN_POINT('',(51.0749006271362,84.5,22.4772258283714));
#5304=CARTESIAN_POINT('',(51.0749006271362,84.5,1.44354632966197E-15));
#5305=CARTESIAN_POINT('',(51.0749006271362,68.,1.44354632966197E-15));
#5306=CARTESIAN_POINT('',(51.0749006271362,68.,1.44354632966197E-15));
#5307=CARTESIAN_POINT('',(51.0749006271362,84.5,1.44354632966197E-15));
#5308=CARTESIAN_POINT('',(51.0749006271362,68.,1.44354632966197E-15));
#5309=CARTESIAN_POINT('',(51.0749006271362,84.5,1.44354632966197E-15));
#5310=CARTESIAN_POINT('Origin',(53.5749006271362,84.5,22.4772258283714));
#5311=CARTESIAN_POINT('',(53.3476278998635,81.5,19.9875778397116));
#5312=CARTESIAN_POINT('Origin',(53.5749006271362,81.5,22.4772258283714));
#5313=CARTESIAN_POINT('',(53.3476278998635,84.5,19.9875778397116));
#5314=CARTESIAN_POINT('',(53.3476278998635,84.5,19.9875778397116));
#5315=CARTESIAN_POINT('Origin',(53.5749006271362,84.5,22.4772258283714));
#5316=CARTESIAN_POINT('Origin',(53.0749006271362,84.5,17.0000002533197));
#5317=CARTESIAN_POINT('Origin',(53.0749006271362,84.5,17.0000002533197));
#5318=CARTESIAN_POINT('Origin',(53.0749006271362,81.5,17.0000002533197));
#5319=CARTESIAN_POINT('Origin',(7.1060295012855,84.5,5.));
#5320=CARTESIAN_POINT('',(7.1060295012855,84.5,3.));
#5321=CARTESIAN_POINT('',(5.31441666833027,84.5,4.11111111111111));
#5322=CARTESIAN_POINT('Origin',(7.1060295012855,84.5,5.));
#5323=CARTESIAN_POINT('',(5.31441666833027,80.2,4.11111111111111));
#5324=CARTESIAN_POINT('',(5.31441666833027,84.5,4.11111111111111));
#5325=CARTESIAN_POINT('',(7.1060295012855,80.2,3.));
#5326=CARTESIAN_POINT('Origin',(7.1060295012855,80.2,5.));
#5327=CARTESIAN_POINT('',(7.1060295012855,84.5,3.));
#5328=CARTESIAN_POINT('Origin',(3.07490062713623,84.5,3.));
#5329=CARTESIAN_POINT('',(0.835384585942187,84.5,4.11111111111111));
#5330=CARTESIAN_POINT('Origin',(3.07490062713623,84.5,3.));
#5331=CARTESIAN_POINT('',(0.835384585942187,80.2,4.11111111111111));
#5332=CARTESIAN_POINT('',(0.835384585942187,84.5,4.11111111111111));
#5333=CARTESIAN_POINT('Origin',(3.07490062713623,80.2,3.));
#5334=CARTESIAN_POINT('Origin',(41.6060295012855,84.5,5.));
#5335=CARTESIAN_POINT('',(39.8144166683303,80.2,4.11111111111111));
#5336=CARTESIAN_POINT('',(41.6060295012855,80.2,3.));
#5337=CARTESIAN_POINT('Origin',(41.6060295012855,80.2,5.));
#5338=CARTESIAN_POINT('',(41.6060295012855,84.5,3.));
#5339=CARTESIAN_POINT('',(41.6060295012855,84.5,3.));
#5340=CARTESIAN_POINT('',(39.8144166683303,84.5,4.11111111111111));
#5341=CARTESIAN_POINT('Origin',(41.6060295012855,84.5,5.));
#5342=CARTESIAN_POINT('',(39.8144166683303,84.5,4.11111111111111));
#5343=CARTESIAN_POINT('Origin',(28.5749006271362,40.25,3.));
#5344=CARTESIAN_POINT('',(51.0749006271362,84.5,3.));
#5345=CARTESIAN_POINT('',(42.0749006271362,80.2,3.));
#5346=CARTESIAN_POINT('',(42.0749006271362,80.2,3.));
#5347=CARTESIAN_POINT('Origin',(42.0749006271362,77.2,3.));
#5348=CARTESIAN_POINT('Origin',(33.543771752987,84.5,5.));
#5349=CARTESIAN_POINT('',(33.543771752987,80.2,3.));
#5350=CARTESIAN_POINT('',(35.3353845859422,80.2,4.11111111111111));
#5351=CARTESIAN_POINT('Origin',(33.543771752987,80.2,5.));
#5352=CARTESIAN_POINT('',(35.3353845859422,84.5,4.11111111111111));
#5353=CARTESIAN_POINT('',(35.3353845859422,84.5,4.11111111111111));
#5354=CARTESIAN_POINT('',(33.543771752987,84.5,3.));
#5355=CARTESIAN_POINT('Origin',(33.543771752987,84.5,5.));
#5356=CARTESIAN_POINT('',(33.543771752987,84.5,3.));
#5357=CARTESIAN_POINT('Origin',(37.5749006271362,84.5,3.));
#5358=CARTESIAN_POINT('Origin',(37.5749006271362,84.5,3.));
#5359=CARTESIAN_POINT('Origin',(37.5749006271362,80.2,3.));
#5360=CARTESIAN_POINT('Origin',(-0.956228247013047,84.5,5.));
#5361=CARTESIAN_POINT('Origin',(-0.956228247013047,80.2,5.));
#5362=CARTESIAN_POINT('Origin',(-0.956228247013047,84.5,5.));
#5363=CARTESIAN_POINT('Origin',(3.07490062713623,84.5,27.5));
#5364=CARTESIAN_POINT('',(1.30713367416986,84.5,29.2677669529664));
#5365=CARTESIAN_POINT('',(0.600026892983311,83.,27.8535533905933));
#5366=CARTESIAN_POINT('Ctrl Pts',(1.30713367416986,84.5,29.2677669529664));
#5367=CARTESIAN_POINT('Ctrl Pts',(1.17018444849943,84.5,29.1308177272959));
#5368=CARTESIAN_POINT('Ctrl Pts',(1.04374166172757,84.4602518599738,28.9697788547425));
#5369=CARTESIAN_POINT('Ctrl Pts',(0.845532585940905,84.3054604786833,28.6470722350213));
#5370=CARTESIAN_POINT('Ctrl Pts',(0.772975430760105,84.1906609077778,28.485774000343));
#5371=CARTESIAN_POINT('Ctrl Pts',(0.67494643439301,83.9298152098615,28.2149114730301));
#5372=CARTESIAN_POINT('Ctrl Pts',(0.642699879519458,83.7646870785423,28.0856382578571));
#5373=CARTESIAN_POINT('Ctrl Pts',(0.606042404611839,83.3975790287165,27.9041197788531));
#5374=CARTESIAN_POINT('Ctrl Pts',(0.60002689298331,83.1949331823864,27.8535533905933));
#5375=CARTESIAN_POINT('Ctrl Pts',(0.60002689298331,83.,27.8535533905933));
#5376=CARTESIAN_POINT('',(1.30713367416987,84.5,25.7322330470336));
#5377=CARTESIAN_POINT('Origin',(3.07490062713623,84.5,27.5));
#5378=CARTESIAN_POINT('',(0.600026892983311,83.,27.1464466094067));
#5379=CARTESIAN_POINT('Ctrl Pts',(0.60002689298331,83.,27.1464466094067));
#5380=CARTESIAN_POINT('Ctrl Pts',(0.60002689298331,83.1949331823863,27.1464466094067));
#5381=CARTESIAN_POINT('Ctrl Pts',(0.606042404611835,83.3975790287165,27.0958802211469));
#5382=CARTESIAN_POINT('Ctrl Pts',(0.642699879519454,83.7646870785422,26.9143617421429));
#5383=CARTESIAN_POINT('Ctrl Pts',(0.674946434393009,83.9298152098615,26.7850885269699));
#5384=CARTESIAN_POINT('Ctrl Pts',(0.772975430760104,84.1906609077778,26.514225999657));
#5385=CARTESIAN_POINT('Ctrl Pts',(0.845532585940904,84.3054604786833,26.3529277649787));
#5386=CARTESIAN_POINT('Ctrl Pts',(1.04374166172757,84.4602518599738,26.0302211452575));
#5387=CARTESIAN_POINT('Ctrl Pts',(1.17018444849942,84.5,25.8691822727041));
#5388=CARTESIAN_POINT('Ctrl Pts',(1.30713367416986,84.5,25.7322330470336));
#5389=CARTESIAN_POINT('',(0.600026892983311,81.6,27.1464466094067));
#5390=CARTESIAN_POINT('',(0.600026892983311,84.5,27.1464466094067));
#5391=CARTESIAN_POINT('',(1.30713367416986,80.1,25.7322330470336));
#5392=CARTESIAN_POINT('Ctrl Pts',(1.30713367416986,80.1,25.7322330470336));
#5393=CARTESIAN_POINT('Ctrl Pts',(1.17018444849943,80.1,25.8691822727041));
#5394=CARTESIAN_POINT('Ctrl Pts',(1.04374166172757,80.1397481400262,26.0302211452575));
#5395=CARTESIAN_POINT('Ctrl Pts',(0.845532585940909,80.2945395213167,26.3529277649787));
#5396=CARTESIAN_POINT('Ctrl Pts',(0.772975430760108,80.4093390922222,26.514225999657));
#5397=CARTESIAN_POINT('Ctrl Pts',(0.674946434393012,80.6701847901385,26.7850885269699));
#5398=CARTESIAN_POINT('Ctrl Pts',(0.642699879519459,80.8353129214578,26.9143617421429));
#5399=CARTESIAN_POINT('Ctrl Pts',(0.60604240461184,81.2024209712835,27.0958802211469));
#5400=CARTESIAN_POINT('Ctrl Pts',(0.600026892983311,81.4050668176137,27.1464466094067));
#5401=CARTESIAN_POINT('Ctrl Pts',(0.600026892983311,81.6,27.1464466094067));
#5402=CARTESIAN_POINT('',(1.30713367416986,80.1,29.2677669529664));
#5403=CARTESIAN_POINT('Origin',(3.07490062713623,80.1,27.5));
#5404=CARTESIAN_POINT('',(0.600026892983311,81.6,27.8535533905933));
#5405=CARTESIAN_POINT('Ctrl Pts',(0.60002689298331,81.6,27.8535533905933));
#5406=CARTESIAN_POINT('Ctrl Pts',(0.60002689298331,81.4050668176137,27.8535533905933));
#5407=CARTESIAN_POINT('Ctrl Pts',(0.606042404611839,81.2024209712835,27.9041197788531));
#5408=CARTESIAN_POINT('Ctrl Pts',(0.642699879519457,80.8353129214578,28.0856382578571));
#5409=CARTESIAN_POINT('Ctrl Pts',(0.674946434393011,80.6701847901385,28.2149114730301));
#5410=CARTESIAN_POINT('Ctrl Pts',(0.772975430760106,80.4093390922222,28.485774000343));
#5411=CARTESIAN_POINT('Ctrl Pts',(0.84553258594091,80.2945395213167,28.6470722350213));
#5412=CARTESIAN_POINT('Ctrl Pts',(1.04374166172757,80.1397481400262,28.9697788547425));
#5413=CARTESIAN_POINT('Ctrl Pts',(1.17018444849942,80.1,29.1308177272959));
#5414=CARTESIAN_POINT('Ctrl Pts',(1.30713367416986,80.1,29.2677669529664));
#5415=CARTESIAN_POINT('',(0.600026892983311,84.5,27.8535533905933));
#5416=CARTESIAN_POINT('Origin',(3.07490062713623,84.5,27.5));
#5417=CARTESIAN_POINT('',(2.72134723654295,83.,29.9748737341529));
#5418=CARTESIAN_POINT('Ctrl Pts',(2.72134723654295,83.,29.9748737341529));
#5419=CARTESIAN_POINT('Ctrl Pts',(2.72134723654296,83.1949331823863,29.9748737341529));
#5420=CARTESIAN_POINT('Ctrl Pts',(2.67078084828312,83.3975790287165,29.9688582225244));
#5421=CARTESIAN_POINT('Ctrl Pts',(2.48926236927915,83.7646870785422,29.9322007476168));
#5422=CARTESIAN_POINT('Ctrl Pts',(2.35998915410609,83.9298152098615,29.8999541927432));
#5423=CARTESIAN_POINT('Ctrl Pts',(2.08912662679325,84.1906609077778,29.8019251963761));
#5424=CARTESIAN_POINT('Ctrl Pts',(1.92782839211493,84.3054604786833,29.7293680411953));
#5425=CARTESIAN_POINT('Ctrl Pts',(1.60512177239372,84.4602518599738,29.5311589654087));
#5426=CARTESIAN_POINT('Ctrl Pts',(1.4440828998403,84.5,29.4047161786368));
#5427=CARTESIAN_POINT('Ctrl Pts',(1.30713367416986,84.5,29.2677669529664));
#5428=CARTESIAN_POINT('',(2.72134723654295,81.6,29.9748737341529));
#5429=CARTESIAN_POINT('',(2.72134723654295,84.5,29.9748737341529));
#5430=CARTESIAN_POINT('Ctrl Pts',(1.30713367416986,80.1,29.2677669529664));
#5431=CARTESIAN_POINT('Ctrl Pts',(1.4440828998403,80.1,29.4047161786368));
#5432=CARTESIAN_POINT('Ctrl Pts',(1.60512177239371,80.1397481400262,29.5311589654087));
#5433=CARTESIAN_POINT('Ctrl Pts',(1.92782839211492,80.2945395213167,29.7293680411953));
#5434=CARTESIAN_POINT('Ctrl Pts',(2.08912662679325,80.4093390922222,29.8019251963761));
#5435=CARTESIAN_POINT('Ctrl Pts',(2.35998915410609,80.6701847901385,29.8999541927432));
#5436=CARTESIAN_POINT('Ctrl Pts',(2.48926236927914,80.8353129214578,29.9322007476168));
#5437=CARTESIAN_POINT('Ctrl Pts',(2.6707808482831,81.2024209712835,29.9688582225244));
#5438=CARTESIAN_POINT('Ctrl Pts',(2.72134723654296,81.4050668176137,29.9748737341529));
#5439=CARTESIAN_POINT('Ctrl Pts',(2.72134723654296,81.6,29.9748737341529));
#5440=CARTESIAN_POINT('Origin',(3.07490062713623,80.1,27.5));
#5441=CARTESIAN_POINT('',(2.72134723654296,81.6,25.0251262658471));
#5442=CARTESIAN_POINT('Ctrl Pts',(2.72134723654296,81.6,25.0251262658471));
#5443=CARTESIAN_POINT('Ctrl Pts',(2.72134723654296,81.4050668176137,25.0251262658471));
#5444=CARTESIAN_POINT('Ctrl Pts',(2.6707808482831,81.2024209712835,25.0311417774756));
#5445=CARTESIAN_POINT('Ctrl Pts',(2.48926236927914,80.8353129214578,25.0677992523832));
#5446=CARTESIAN_POINT('Ctrl Pts',(2.3599891541061,80.6701847901385,25.1000458072568));
#5447=CARTESIAN_POINT('Ctrl Pts',(2.08912662679325,80.4093390922222,25.1980748036239));
#5448=CARTESIAN_POINT('Ctrl Pts',(1.92782839211492,80.2945395213167,25.2706319588047));
#5449=CARTESIAN_POINT('Ctrl Pts',(1.60512177239372,80.1397481400262,25.4688410345913));
#5450=CARTESIAN_POINT('Ctrl Pts',(1.4440828998403,80.1,25.5952838213632));
#5451=CARTESIAN_POINT('Ctrl Pts',(1.30713367416986,80.1,25.7322330470336));
#5452=CARTESIAN_POINT('',(2.72134723654296,83.,25.0251262658471));
#5453=CARTESIAN_POINT('',(2.72134723654296,84.5,25.0251262658471));
#5454=CARTESIAN_POINT('Ctrl Pts',(1.30713367416987,84.5,25.7322330470336));
#5455=CARTESIAN_POINT('Ctrl Pts',(1.4440828998403,84.5,25.5952838213632));
#5456=CARTESIAN_POINT('Ctrl Pts',(1.60512177239372,84.4602518599738,25.4688410345913));
#5457=CARTESIAN_POINT('Ctrl Pts',(1.92782839211493,84.3054604786833,25.2706319588047));
#5458=CARTESIAN_POINT('Ctrl Pts',(2.08912662679326,84.1906609077778,25.1980748036239));
#5459=CARTESIAN_POINT('Ctrl Pts',(2.3599891541061,83.9298152098615,25.1000458072568));
#5460=CARTESIAN_POINT('Ctrl Pts',(2.48926236927917,83.7646870785422,25.0677992523832));
#5461=CARTESIAN_POINT('Ctrl Pts',(2.67078084828313,83.3975790287165,25.0311417774756));
#5462=CARTESIAN_POINT('Ctrl Pts',(2.72134723654297,83.1949331823863,25.0251262658471));
#5463=CARTESIAN_POINT('Ctrl Pts',(2.72134723654297,83.,25.0251262658471));
#5464=CARTESIAN_POINT('Origin',(3.07490062713623,84.5,27.5));
#5465=CARTESIAN_POINT('Origin',(3.07490062713623,84.5,27.5));
#5466=CARTESIAN_POINT('',(4.57490062713623,80.1,27.5));
#5467=CARTESIAN_POINT('Origin',(3.07490062713623,80.1,27.5));
#5468=CARTESIAN_POINT('',(4.57490062713623,84.5,27.5));
#5469=CARTESIAN_POINT('',(4.57490062713623,84.5,27.5));
#5470=CARTESIAN_POINT('Origin',(3.07490062713623,84.5,27.5));
#5471=CARTESIAN_POINT('Origin',(3.07490062713623,84.5,27.5));
#5472=CARTESIAN_POINT('Origin',(3.07490062713623,80.1,27.5));
#5473=CARTESIAN_POINT('Origin',(37.5749006271362,84.5,27.5));
#5474=CARTESIAN_POINT('',(39.3426675801026,80.1,29.2677669529664));
#5475=CARTESIAN_POINT('',(40.0497743612891,81.6,27.8535533905933));
#5476=CARTESIAN_POINT('Ctrl Pts',(39.3426675801026,80.1,29.2677669529664));
#5477=CARTESIAN_POINT('Ctrl Pts',(39.479616805773,80.1,29.1308177272959));
#5478=CARTESIAN_POINT('Ctrl Pts',(39.6060595925449,80.1397481400262,28.9697788547425));
#5479=CARTESIAN_POINT('Ctrl Pts',(39.8042686683316,80.2945395213167,28.6470722350213));
#5480=CARTESIAN_POINT('Ctrl Pts',(39.8768258235123,80.4093390922222,28.485774000343));
#5481=CARTESIAN_POINT('Ctrl Pts',(39.9748548198794,80.6701847901385,28.2149114730301));
#5482=CARTESIAN_POINT('Ctrl Pts',(40.007101374753,80.8353129214578,28.0856382578571));
#5483=CARTESIAN_POINT('Ctrl Pts',(40.0437588496606,81.2024209712835,27.9041197788531));
#5484=CARTESIAN_POINT('Ctrl Pts',(40.0497743612891,81.4050668176137,27.8535533905933));
#5485=CARTESIAN_POINT('Ctrl Pts',(40.0497743612891,81.6,27.8535533905933));
#5486=CARTESIAN_POINT('',(39.3426675801026,80.1,25.7322330470336));
#5487=CARTESIAN_POINT('Origin',(37.5749006271362,80.1,27.5));
#5488=CARTESIAN_POINT('',(40.0497743612891,81.6,27.1464466094067));
#5489=CARTESIAN_POINT('Ctrl Pts',(40.0497743612891,81.6,27.1464466094067));
#5490=CARTESIAN_POINT('Ctrl Pts',(40.0497743612891,81.4050668176137,27.1464466094067));
#5491=CARTESIAN_POINT('Ctrl Pts',(40.0437588496606,81.2024209712835,27.0958802211469));
#5492=CARTESIAN_POINT('Ctrl Pts',(40.007101374753,80.8353129214578,26.9143617421429));
#5493=CARTESIAN_POINT('Ctrl Pts',(39.9748548198794,80.6701847901385,26.7850885269699));
#5494=CARTESIAN_POINT('Ctrl Pts',(39.8768258235123,80.4093390922222,26.514225999657));
#5495=CARTESIAN_POINT('Ctrl Pts',(39.8042686683315,80.2945395213167,26.3529277649787));
#5496=CARTESIAN_POINT('Ctrl Pts',(39.6060595925449,80.1397481400262,26.0302211452575));
#5497=CARTESIAN_POINT('Ctrl Pts',(39.479616805773,80.1,25.8691822727041));
#5498=CARTESIAN_POINT('Ctrl Pts',(39.3426675801026,80.1,25.7322330470336));
#5499=CARTESIAN_POINT('',(40.0497743612891,83.,27.1464466094067));
#5500=CARTESIAN_POINT('',(40.0497743612891,84.5,27.1464466094067));
#5501=CARTESIAN_POINT('',(39.3426675801026,84.5,25.7322330470336));
#5502=CARTESIAN_POINT('Ctrl Pts',(39.3426675801026,84.5,25.7322330470336));
#5503=CARTESIAN_POINT('Ctrl Pts',(39.479616805773,84.5,25.8691822727041));
#5504=CARTESIAN_POINT('Ctrl Pts',(39.6060595925449,84.4602518599738,26.0302211452575));
#5505=CARTESIAN_POINT('Ctrl Pts',(39.8042686683315,84.3054604786833,26.3529277649787));
#5506=CARTESIAN_POINT('Ctrl Pts',(39.8768258235123,84.1906609077778,26.514225999657));
#5507=CARTESIAN_POINT('Ctrl Pts',(39.9748548198794,83.9298152098615,26.7850885269699));
#5508=CARTESIAN_POINT('Ctrl Pts',(40.007101374753,83.7646870785422,26.9143617421429));
#5509=CARTESIAN_POINT('Ctrl Pts',(40.0437588496606,83.3975790287165,27.0958802211468));
#5510=CARTESIAN_POINT('Ctrl Pts',(40.0497743612891,83.1949331823864,27.1464466094067));
#5511=CARTESIAN_POINT('Ctrl Pts',(40.0497743612891,83.,27.1464466094067));
#5512=CARTESIAN_POINT('',(39.3426675801026,84.5,29.2677669529664));
#5513=CARTESIAN_POINT('Origin',(37.5749006271362,84.5,27.5));
#5514=CARTESIAN_POINT('',(40.0497743612891,83.,27.8535533905933));
#5515=CARTESIAN_POINT('Ctrl Pts',(40.0497743612891,83.,27.8535533905933));
#5516=CARTESIAN_POINT('Ctrl Pts',(40.0497743612891,83.1949331823864,27.8535533905933));
#5517=CARTESIAN_POINT('Ctrl Pts',(40.0437588496606,83.3975790287165,27.9041197788531));
#5518=CARTESIAN_POINT('Ctrl Pts',(40.007101374753,83.7646870785423,28.0856382578571));
#5519=CARTESIAN_POINT('Ctrl Pts',(39.9748548198794,83.9298152098615,28.2149114730301));
#5520=CARTESIAN_POINT('Ctrl Pts',(39.8768258235123,84.1906609077778,28.485774000343));
#5521=CARTESIAN_POINT('Ctrl Pts',(39.8042686683315,84.3054604786833,28.6470722350213));
#5522=CARTESIAN_POINT('Ctrl Pts',(39.6060595925449,84.4602518599738,28.9697788547425));
#5523=CARTESIAN_POINT('Ctrl Pts',(39.479616805773,84.5,29.1308177272959));
#5524=CARTESIAN_POINT('Ctrl Pts',(39.3426675801026,84.5,29.2677669529664));
#5525=CARTESIAN_POINT('',(40.0497743612891,84.5,27.8535533905933));
#5526=CARTESIAN_POINT('Origin',(37.5749006271362,84.5,27.5));
#5527=CARTESIAN_POINT('',(37.9284540177295,81.6,29.9748737341529));
#5528=CARTESIAN_POINT('Ctrl Pts',(37.9284540177295,81.6,29.9748737341529));
#5529=CARTESIAN_POINT('Ctrl Pts',(37.9284540177295,81.4050668176137,29.9748737341529));
#5530=CARTESIAN_POINT('Ctrl Pts',(37.9790204059894,81.2024209712835,29.9688582225244));
#5531=CARTESIAN_POINT('Ctrl Pts',(38.1605388849933,80.8353129214577,29.9322007476168));
#5532=CARTESIAN_POINT('Ctrl Pts',(38.2898121001664,80.6701847901385,29.8999541927432));
#5533=CARTESIAN_POINT('Ctrl Pts',(38.5606746274792,80.4093390922222,29.8019251963761));
#5534=CARTESIAN_POINT('Ctrl Pts',(38.7219728621575,80.2945395213167,29.7293680411953));
#5535=CARTESIAN_POINT('Ctrl Pts',(39.0446794818787,80.1397481400262,29.5311589654087));
#5536=CARTESIAN_POINT('Ctrl Pts',(39.2057183544322,80.1,29.4047161786368));
#5537=CARTESIAN_POINT('Ctrl Pts',(39.3426675801026,80.1,29.2677669529664));
#5538=CARTESIAN_POINT('',(37.9284540177295,83.,29.9748737341529));
#5539=CARTESIAN_POINT('',(37.9284540177295,84.5,29.9748737341529));
#5540=CARTESIAN_POINT('Ctrl Pts',(39.3426675801026,84.5,29.2677669529664));
#5541=CARTESIAN_POINT('Ctrl Pts',(39.2057183544322,84.5,29.4047161786368));
#5542=CARTESIAN_POINT('Ctrl Pts',(39.0446794818787,84.4602518599738,29.5311589654087));
#5543=CARTESIAN_POINT('Ctrl Pts',(38.7219728621575,84.3054604786833,29.7293680411953));
#5544=CARTESIAN_POINT('Ctrl Pts',(38.5606746274792,84.1906609077778,29.8019251963761));
#5545=CARTESIAN_POINT('Ctrl Pts',(38.2898121001664,83.9298152098615,29.8999541927432));
#5546=CARTESIAN_POINT('Ctrl Pts',(38.1605388849933,83.7646870785422,29.9322007476168));
#5547=CARTESIAN_POINT('Ctrl Pts',(37.9790204059893,83.3975790287165,29.9688582225244));
#5548=CARTESIAN_POINT('Ctrl Pts',(37.9284540177295,83.1949331823863,29.9748737341529));
#5549=CARTESIAN_POINT('Ctrl Pts',(37.9284540177295,83.,29.9748737341529));
#5550=CARTESIAN_POINT('Origin',(37.5749006271362,84.5,27.5));
#5551=CARTESIAN_POINT('',(37.9284540177295,83.,25.0251262658471));
#5552=CARTESIAN_POINT('Ctrl Pts',(37.9284540177295,83.,25.0251262658471));
#5553=CARTESIAN_POINT('Ctrl Pts',(37.9284540177295,83.1949331823864,25.0251262658471));
#5554=CARTESIAN_POINT('Ctrl Pts',(37.9790204059894,83.3975790287165,25.0311417774756));
#5555=CARTESIAN_POINT('Ctrl Pts',(38.1605388849933,83.7646870785423,25.0677992523832));
#5556=CARTESIAN_POINT('Ctrl Pts',(38.2898121001664,83.9298152098615,25.1000458072568));
#5557=CARTESIAN_POINT('Ctrl Pts',(38.5606746274792,84.1906609077778,25.1980748036239));
#5558=CARTESIAN_POINT('Ctrl Pts',(38.7219728621575,84.3054604786833,25.2706319588047));
#5559=CARTESIAN_POINT('Ctrl Pts',(39.0446794818787,84.4602518599738,25.4688410345913));
#5560=CARTESIAN_POINT('Ctrl Pts',(39.2057183544322,84.5,25.5952838213632));
#5561=CARTESIAN_POINT('Ctrl Pts',(39.3426675801026,84.5,25.7322330470336));
#5562=CARTESIAN_POINT('',(37.9284540177295,81.6,25.0251262658471));
#5563=CARTESIAN_POINT('',(37.9284540177295,84.5,25.0251262658471));
#5564=CARTESIAN_POINT('Ctrl Pts',(39.3426675801026,80.1,25.7322330470336));
#5565=CARTESIAN_POINT('Ctrl Pts',(39.2057183544322,80.1,25.5952838213632));
#5566=CARTESIAN_POINT('Ctrl Pts',(39.0446794818788,80.1397481400262,25.4688410345913));
#5567=CARTESIAN_POINT('Ctrl Pts',(38.7219728621576,80.2945395213167,25.2706319588047));
#5568=CARTESIAN_POINT('Ctrl Pts',(38.5606746274792,80.4093390922222,25.1980748036239));
#5569=CARTESIAN_POINT('Ctrl Pts',(38.2898121001664,80.6701847901385,25.1000458072568));
#5570=CARTESIAN_POINT('Ctrl Pts',(38.1605388849933,80.8353129214578,25.0677992523832));
#5571=CARTESIAN_POINT('Ctrl Pts',(37.9790204059894,81.2024209712835,25.0311417774756));
#5572=CARTESIAN_POINT('Ctrl Pts',(37.9284540177295,81.4050668176137,25.0251262658471));
#5573=CARTESIAN_POINT('Ctrl Pts',(37.9284540177295,81.6,25.0251262658471));
#5574=CARTESIAN_POINT('Origin',(37.5749006271362,80.1,27.5));
#5575=CARTESIAN_POINT('Origin',(37.5749006271362,84.5,27.5));
#5576=CARTESIAN_POINT('',(39.0749006271362,80.1,27.5));
#5577=CARTESIAN_POINT('Origin',(37.5749006271362,80.1,27.5));
#5578=CARTESIAN_POINT('',(39.0749006271362,84.5,27.5));
#5579=CARTESIAN_POINT('',(39.0749006271362,84.5,27.5));
#5580=CARTESIAN_POINT('Origin',(37.5749006271362,84.5,27.5));
#5581=CARTESIAN_POINT('Origin',(37.5749006271362,84.5,27.5));
#5582=CARTESIAN_POINT('Origin',(37.5749006271362,80.1,27.5));
#5583=CARTESIAN_POINT('Origin',(-4.42509937286378,84.5,32.8786796564404));
#5584=CARTESIAN_POINT('',(-4.42509937286378,81.6,32.8786796564404));
#5585=CARTESIAN_POINT('',(-3.43398284934696,81.6,31.8875631329236));
#5586=CARTESIAN_POINT('',(-4.42509937286378,83.,32.8786796564404));
#5587=CARTESIAN_POINT('',(-4.42509937286378,84.5,32.8786796564404));
#5588=CARTESIAN_POINT('',(17.6695705412463,83.,10.7840097423303));
#5589=CARTESIAN_POINT('Origin',(0.139240455356407,81.6,30.4356601717798));
#5590=CARTESIAN_POINT('',(-4.42509937286378,81.6,37.1213203435597));
#5591=CARTESIAN_POINT('',(1.19990062713623,81.6,31.4963203435596));
#5592=CARTESIAN_POINT('Origin',(-4.42509937286378,81.6,35.));
#5593=CARTESIAN_POINT('Origin',(-4.42509937286378,84.5,17.8786796564403));
#5594=CARTESIAN_POINT('',(-4.42509937286378,81.6,17.8786796564403));
#5595=CARTESIAN_POINT('',(-2.37332267756714,81.6,19.930456351737));
#5596=CARTESIAN_POINT('',(-4.42509937286378,83.,17.8786796564403));
#5597=CARTESIAN_POINT('',(-4.42509937286378,84.5,17.8786796564403));
#5598=CARTESIAN_POINT('',(4.98023071302614,83.,27.2840097423303));
#5599=CARTESIAN_POINT('Origin',(0.139240455356404,81.6,24.5643398282202));
#5600=CARTESIAN_POINT('',(-4.42509937286378,81.6,22.1213203435596));
#5601=CARTESIAN_POINT('',(-0.921419716423418,81.6,25.625));
#5602=CARTESIAN_POINT('Origin',(-4.42509937286378,81.6,20.));
#5603=CARTESIAN_POINT('Origin',(43.0231239318396,81.6,22.0517766952966));
#5604=CARTESIAN_POINT('',(39.4499006271362,81.6,23.5036796564404));
#5605=CARTESIAN_POINT('',(44.0837841036194,81.6,23.1124368670765));
#5606=CARTESIAN_POINT('Origin',(44.0837841036194,81.6,34.0088834764832));
#5607=CARTESIAN_POINT('',(41.5712209706959,81.6,29.375));
#5608=CARTESIAN_POINT('',(43.0231239318396,81.6,35.069543648263));
#5609=CARTESIAN_POINT('Origin',(2.72134723654295,84.5,29.9748737341529));
#5610=CARTESIAN_POINT('',(-4.42509937286378,83.,37.1213203435597));
#5611=CARTESIAN_POINT('',(22.3034540177295,83.,10.3927669529664));
#5612=CARTESIAN_POINT('',(-4.42509937286378,84.5,37.1213203435597));
#5613=CARTESIAN_POINT('Origin',(51.0749006271362,84.5,1.44354632966197E-15));
#5614=CARTESIAN_POINT('',(-4.42509937286378,84.5,35.));
#5615=CARTESIAN_POINT('',(-4.42509937286378,84.5,1.5));
#5616=CARTESIAN_POINT('',(-4.42509937286378,84.5,20.));
#5617=CARTESIAN_POINT('',(-4.42509937286378,84.5,1.5));
#5618=CARTESIAN_POINT('',(-4.42509937286378,84.5,55.));
#5619=CARTESIAN_POINT('',(51.0749006271362,84.5,3.));
#5620=CARTESIAN_POINT('',(45.0749006271362,84.5,55.));
#5621=CARTESIAN_POINT('',(-10.4250993728638,84.5,-6.08803148509426E-15));
#5622=CARTESIAN_POINT('',(51.0749006271362,84.5,1.44354632966197E-15));
#5623=CARTESIAN_POINT('',(-10.4250993728638,84.5,-6.08803148509426E-15));
#5624=CARTESIAN_POINT('',(39.0749006271362,84.5,3.));
#5625=CARTESIAN_POINT('Origin',(37.5749006271362,84.5,3.));
#5626=CARTESIAN_POINT('',(4.57490062713623,84.5,3.));
#5627=CARTESIAN_POINT('Origin',(3.07490062713623,84.5,3.));
#5628=CARTESIAN_POINT('',(54.5749006271362,84.5,17.0000002533197));
#5629=CARTESIAN_POINT('Origin',(53.0749006271362,84.5,17.0000002533197));
#5630=CARTESIAN_POINT('Origin',(18.7302307130261,83.,11.8446699141101));
#5631=CARTESIAN_POINT('Origin',(-4.42509937286377,83.,35.));
#5632=CARTESIAN_POINT('Origin',(-4.42509937286378,83.,35.));
#5633=CARTESIAN_POINT('Origin',(0.600026892983311,84.5,27.1464466094067));
#5634=CARTESIAN_POINT('',(-4.42509937286378,83.,22.1213203435596));
#5635=CARTESIAN_POINT('',(6.43213367416988,83.,32.9785533905933));
#5636=CARTESIAN_POINT('',(-4.42509937286378,84.5,22.1213203435596));
#5637=CARTESIAN_POINT('Origin',(3.91957054124632,83.,28.3446699141101));
#5638=CARTESIAN_POINT('Origin',(-4.42509937286378,83.,20.));
#5639=CARTESIAN_POINT('Origin',(-4.42509937286378,83.,20.));
#5640=CARTESIAN_POINT('Origin',(34.7820074083228,83.,24.7071067811865));
#5641=CARTESIAN_POINT('',(37.2945705412463,83.,29.3409902576697));
#5642=CARTESIAN_POINT('',(35.8426675801026,83.,23.6464466094067));
#5643=CARTESIAN_POINT('Origin',(40.0497743612891,84.5,27.8535533905933));
#5644=CARTESIAN_POINT('Origin',(48.5320074083228,83.,16.5428932188135));
#5645=CARTESIAN_POINT('',(52.1052307130261,83.,15.0909902576697));
#5646=CARTESIAN_POINT('',(47.471347236543,83.,15.4822330470336));
#5647=CARTESIAN_POINT('Origin',(37.9284540177295,84.5,25.0251262658471));
#5648=CARTESIAN_POINT('Origin',(45.0749006271362,84.5,37.1213203435597));
#5649=CARTESIAN_POINT('Origin',(-4.42509937286378,84.5,3.));
#5650=CARTESIAN_POINT('Origin',(45.0749006271362,84.5,22.1213203435596));
#5651=CARTESIAN_POINT('Origin',(37.5749006271362,84.5,3.));
#5652=CARTESIAN_POINT('',(39.0749006271362,80.2,3.));
#5653=CARTESIAN_POINT('',(39.0749006271362,84.5,3.));
#5654=CARTESIAN_POINT('Origin',(37.5749006271362,80.2,3.));
#5655=CARTESIAN_POINT('Origin',(3.07490062713623,84.5,3.));
#5656=CARTESIAN_POINT('',(4.57490062713623,80.2,3.));
#5657=CARTESIAN_POINT('',(4.57490062713623,84.5,3.));
#5658=CARTESIAN_POINT('Origin',(3.07490062713623,80.2,3.));
#5659=CARTESIAN_POINT('Origin',(28.5749006271362,40.25,3.));
#5660=CARTESIAN_POINT('',(42.0749006271362,80.2,3.));
#5661=CARTESIAN_POINT('Origin',(53.0749006271362,84.5,17.0000002533197));
#5662=CARTESIAN_POINT('',(54.5749006271362,81.5,17.0000002533197));
#5663=CARTESIAN_POINT('Origin',(53.0749006271362,81.5,17.0000002533197));
#5664=CARTESIAN_POINT('',(54.5749006271362,84.5,17.0000002533197));
#5665=CARTESIAN_POINT('Origin',(53.5749006271362,81.5,17.0000002533197));
#5666=CARTESIAN_POINT('Origin',(-19.9150993728638,84.5,55.));
#5667=CARTESIAN_POINT('Origin',(60.5679006271362,84.5,55.));
#5668=CARTESIAN_POINT('Origin',(15.4093582047515,2.075,14.04));
#5669=CARTESIAN_POINT('',(13.4163582047515,2.075,13.8728144743108));
#5670=CARTESIAN_POINT('',(13.4163582047515,2.075,14.2071855256892));
#5671=CARTESIAN_POINT('',(13.4163582047515,2.075,-3.16829501415087E-15));
#5672=CARTESIAN_POINT('Origin',(15.4093582047515,2.075,14.04));
#5673=CARTESIAN_POINT('Origin',(15.4093582047515,1.825,14.04));
#5674=CARTESIAN_POINT('',(15.4093582047515,2.075,12.04));
#5675=CARTESIAN_POINT('Origin',(15.4093582047515,2.075,14.04));
#5676=CARTESIAN_POINT('Origin',(15.4093582047515,2.075,14.04));
#5677=CARTESIAN_POINT('',(15.4093582047515,1.575,12.54));
#5678=CARTESIAN_POINT('',(15.4093582047515,1.825,12.29));
#5679=CARTESIAN_POINT('',(15.4093582047515,1.575,15.54));
#5680=CARTESIAN_POINT('Origin',(15.4093582047515,1.575,14.04));
#5681=CARTESIAN_POINT('Origin',(15.4093582047515,1.575,14.04));
#5682=CARTESIAN_POINT('Origin',(25.2433582047515,2.075,14.04));
#5683=CARTESIAN_POINT('',(27.2363582047515,2.075,13.8728144743107));
#5684=CARTESIAN_POINT('',(27.2363582047515,2.075,14.2071855256893));
#5685=CARTESIAN_POINT('',(27.2363582047515,2.075,-1.47583313772922E-15));
#5686=CARTESIAN_POINT('Origin',(25.2433582047515,2.075,14.04));
#5687=CARTESIAN_POINT('Origin',(25.2433582047515,1.825,14.04));
#5688=CARTESIAN_POINT('',(25.2433582047515,2.075,12.04));
#5689=CARTESIAN_POINT('Origin',(25.2433582047515,2.075,14.04));
#5690=CARTESIAN_POINT('Origin',(25.2433582047515,2.075,14.04));
#5691=CARTESIAN_POINT('',(25.2433582047515,1.575,12.54));
#5692=CARTESIAN_POINT('',(25.2433582047515,1.825,12.29));
#5693=CARTESIAN_POINT('',(25.2433582047515,1.575,15.54));
#5694=CARTESIAN_POINT('Origin',(25.2433582047515,1.575,14.04));
#5695=CARTESIAN_POINT('Origin',(25.2433582047515,1.575,14.04));
#5696=CARTESIAN_POINT('Origin',(15.4093582047515,-1.675,14.04));
#5697=CARTESIAN_POINT('',(15.4093582047515,-1.925,16.04));
#5698=CARTESIAN_POINT('Origin',(15.4093582047515,-1.925,14.04));
#5699=CARTESIAN_POINT('',(15.4093582047515,-1.425,15.54));
#5700=CARTESIAN_POINT('',(15.4093582047515,-1.675,15.79));
#5701=CARTESIAN_POINT('Origin',(15.4093582047515,-1.425,14.04));
#5702=CARTESIAN_POINT('Origin',(15.4093582047515,0.275,14.04));
#5703=CARTESIAN_POINT('',(15.4093582047515,0.275,15.54));
#5704=CARTESIAN_POINT('Origin',(25.2433582047515,-1.675,14.04));
#5705=CARTESIAN_POINT('',(25.2433582047515,-1.925,16.04));
#5706=CARTESIAN_POINT('Origin',(25.2433582047515,-1.925,14.04));
#5707=CARTESIAN_POINT('',(25.2433582047515,-1.425,15.54));
#5708=CARTESIAN_POINT('',(25.2433582047515,-1.675,15.79));
#5709=CARTESIAN_POINT('Origin',(25.2433582047515,-1.425,14.04));
#5710=CARTESIAN_POINT('Origin',(25.2433582047515,0.275,14.04));
#5711=CARTESIAN_POINT('',(25.2433582047515,0.275,15.54));
#5712=CARTESIAN_POINT('Origin',(23.9363582047515,-1.925,23.932));
#5713=CARTESIAN_POINT('',(23.9363582047515,-1.925,23.932));
#5714=CARTESIAN_POINT('',(28.1793582047515,-1.925,19.689));
#5715=CARTESIAN_POINT('',(26.8643582047515,-1.925,21.004));
#5716=CARTESIAN_POINT('',(23.9363582047515,1.175,23.932));
#5717=CARTESIAN_POINT('',(23.9363582047515,-0.69375,23.932));
#5718=CARTESIAN_POINT('',(28.1793582047515,1.175,19.689));
#5719=CARTESIAN_POINT('',(23.9363582047515,1.175,23.932));
#5720=CARTESIAN_POINT('',(28.1793582047515,-1.925,19.689));
#5721=CARTESIAN_POINT('Origin',(12.4733582047515,-1.925,19.689));
#5722=CARTESIAN_POINT('',(12.4733582047515,-1.925,19.689));
#5723=CARTESIAN_POINT('',(16.7163582047515,-1.925,23.932));
#5724=CARTESIAN_POINT('',(7.36185820475148,-1.925,14.5775));
#5725=CARTESIAN_POINT('',(12.4733582047515,1.175,19.689));
#5726=CARTESIAN_POINT('',(12.4733582047515,-1.925,19.689));
#5727=CARTESIAN_POINT('',(16.7163582047515,1.175,23.932));
#5728=CARTESIAN_POINT('',(12.4733582047515,1.175,19.689));
#5729=CARTESIAN_POINT('',(16.7163582047515,-0.69375,23.932));
#5730=CARTESIAN_POINT('Origin',(28.1793582047515,-1.925,19.689));
#5731=CARTESIAN_POINT('',(19.9478582047515,-1.925,19.689));
#5732=CARTESIAN_POINT('',(12.4733582047515,1.175,19.689));
#5733=CARTESIAN_POINT('Origin',(20.3263582047515,1.175,21.8105));
#5734=CARTESIAN_POINT('',(20.3263582047515,1.175,23.932));
#5735=CARTESIAN_POINT('Origin',(20.3263582047515,0.5375,23.932));
#5736=CARTESIAN_POINT('',(28.9363582047515,-1.925,23.932));
#5737=CARTESIAN_POINT('',(11.7163582047515,-1.925,23.932));
#5738=CARTESIAN_POINT('',(28.9363582047515,3.,23.932));
#5739=CARTESIAN_POINT('',(28.9363582047515,-1.925,23.932));
#5740=CARTESIAN_POINT('',(27.2363582047515,3.,23.932));
#5741=CARTESIAN_POINT('',(27.2363582047515,3.,23.932));
#5742=CARTESIAN_POINT('',(27.2363582047515,2.075,23.932));
#5743=CARTESIAN_POINT('',(27.2363582047515,2.075,23.932));
#5744=CARTESIAN_POINT('',(13.4163582047515,2.075,23.932));
#5745=CARTESIAN_POINT('',(13.4163582047515,2.075,23.932));
#5746=CARTESIAN_POINT('',(13.4163582047515,3.,23.932));
#5747=CARTESIAN_POINT('',(13.4163582047515,2.075,23.932));
#5748=CARTESIAN_POINT('',(11.7163582047515,3.,23.932));
#5749=CARTESIAN_POINT('',(11.7163582047515,3.,23.932));
#5750=CARTESIAN_POINT('',(11.7163582047515,-1.925,23.932));
#5751=CARTESIAN_POINT('',(11.7163582047515,-1.925,23.932));
#5752=CARTESIAN_POINT('',(11.7163582047515,-1.925,23.932));
#5753=CARTESIAN_POINT('Origin',(28.9363582047515,-1.925,3.));
#5754=CARTESIAN_POINT('',(28.9363582047515,3.,3.));
#5755=CARTESIAN_POINT('',(28.9363582047515,-1.925,3.));
#5756=CARTESIAN_POINT('',(28.9363582047515,19.1625,3.));
#5757=CARTESIAN_POINT('',(28.9363582047515,3.,3.));
#5758=CARTESIAN_POINT('',(28.9363582047515,-1.925,3.));
#5759=CARTESIAN_POINT('Origin',(11.7163582047515,3.,3.));
#5760=CARTESIAN_POINT('',(11.7163582047515,-1.925,3.));
#5761=CARTESIAN_POINT('',(11.7163582047515,3.,3.));
#5762=CARTESIAN_POINT('',(11.7163582047515,21.625,3.));
#5763=CARTESIAN_POINT('',(11.7163582047515,-1.925,3.));
#5764=CARTESIAN_POINT('',(11.7163582047515,3.,3.));
#5765=CARTESIAN_POINT('Origin',(28.5749006271362,40.25,3.));
#5766=CARTESIAN_POINT('',(-10.1750993728638,3.,2.99999999999999));
#5767=CARTESIAN_POINT('',(67.3249006271362,3.,3.));
#5768=CARTESIAN_POINT('',(-12.1750993728638,4.99999999999999,2.99999999999999));
#5769=CARTESIAN_POINT('Origin',(-10.1750993728638,4.99999999999999,2.99999999999999));
#5770=CARTESIAN_POINT('',(-12.1750993728638,5.25,2.99999999999999));
#5771=CARTESIAN_POINT('',(-12.1750993728638,4.99999999999999,2.99999999999999));
#5772=CARTESIAN_POINT('',(-16.1750993728638,9.25,2.99999999999999));
#5773=CARTESIAN_POINT('Origin',(-16.1750993728638,5.25,2.99999999999999));
#5774=CARTESIAN_POINT('',(-16.4250993728638,9.25,2.99999999999999));
#5775=CARTESIAN_POINT('',(-16.4250993728638,9.25,2.99999999999999));
#5776=CARTESIAN_POINT('',(-18.4250993728638,11.25,2.99999999999999));
#5777=CARTESIAN_POINT('Origin',(-16.4250993728638,11.25,2.99999999999999));
#5778=CARTESIAN_POINT('',(-18.4250993728638,28.6270166537926,2.99999999999999));
#5779=CARTESIAN_POINT('',(-18.4250993728638,11.25,2.99999999999999));
#5780=CARTESIAN_POINT('',(-21.4250993728638,28.6270166537926,2.99999999999999));
#5781=CARTESIAN_POINT('',(-21.4250993728638,28.6270166537926,2.99999999999999));
#5782=CARTESIAN_POINT('',(-21.4250993728638,4.524,2.99999999999999));
#5783=CARTESIAN_POINT('',(-21.4250993728638,4.524,2.99999999999999));
#5784=CARTESIAN_POINT('',(-16.9010993728638,0.,2.99999999999999));
#5785=CARTESIAN_POINT('Origin',(-16.9010993728637,4.52400000000002,2.99999999999999));
#5786=CARTESIAN_POINT('',(-6.20800481776095,1.3052730868556E-16,2.99999999999999));
#5787=CARTESIAN_POINT('',(74.0509006271362,1.11022302462516E-15,3.));
#5788=CARTESIAN_POINT('',(-4.24841302353441,-1.6,2.99999999999999));
#5789=CARTESIAN_POINT('Origin',(-6.20800481776095,-2.,2.99999999999999));
#5790=CARTESIAN_POINT('',(1.63036235914522,-1.6,3.));
#5791=CARTESIAN_POINT('Origin',(-1.3090253321946,-1.,3.));
#5792=CARTESIAN_POINT('',(3.58995415337175,2.50127973256808E-16,3.));
#5793=CARTESIAN_POINT('Origin',(3.58995415337176,-2.,3.));
#5794=CARTESIAN_POINT('',(9.48995415337176,0.,3.));
#5795=CARTESIAN_POINT('',(74.0509006271362,1.11022302462516E-15,3.));
#5796=CARTESIAN_POINT('Origin',(9.48995415337176,-2.25,3.));
#5797=CARTESIAN_POINT('',(0.190974667805399,-1.,3.));
#5798=CARTESIAN_POINT('Origin',(-1.3090253321946,-1.,3.));
#5799=CARTESIAN_POINT('',(-12.9250993728638,5.,3.));
#5800=CARTESIAN_POINT('Origin',(-16.4250993728638,5.,3.));
#5801=CARTESIAN_POINT('Origin',(28.5749006271362,40.25,3.));
#5802=CARTESIAN_POINT('',(31.1627622561312,0.,3.));
#5803=CARTESIAN_POINT('Origin',(31.1627622561312,-2.25,3.));
#5804=CARTESIAN_POINT('',(74.0509006271362,5.55111512312578E-16,3.));
#5805=CARTESIAN_POINT('',(74.0509006271362,1.11022302462516E-15,3.));
#5806=CARTESIAN_POINT('',(78.5749006271362,4.52399999999999,3.00000000000001));
#5807=CARTESIAN_POINT('Origin',(74.0509006271362,4.524,3.));
#5808=CARTESIAN_POINT('',(78.5749006271362,28.6270166537926,3.00000000000001));
#5809=CARTESIAN_POINT('',(78.5749006271362,59.7,3.00000000000001));
#5810=CARTESIAN_POINT('',(75.5749006271362,28.6270166537926,3.));
#5811=CARTESIAN_POINT('',(78.5749006271362,28.6270166537926,3.00000000000001));
#5812=CARTESIAN_POINT('',(75.5749006271362,11.25,3.));
#5813=CARTESIAN_POINT('',(75.5749006271362,53.75,3.));
#5814=CARTESIAN_POINT('',(73.5749006271362,9.25,3.));
#5815=CARTESIAN_POINT('Origin',(73.5749006271362,11.25,3.));
#5816=CARTESIAN_POINT('',(73.3249006271362,9.25,3.));
#5817=CARTESIAN_POINT('',(73.5749006271362,9.25,3.));
#5818=CARTESIAN_POINT('',(69.3249006271362,5.25,3.));
#5819=CARTESIAN_POINT('Origin',(73.3249006271362,5.25,3.));
#5820=CARTESIAN_POINT('',(69.3249006271362,5.,3.));
#5821=CARTESIAN_POINT('',(69.3249006271362,5.,3.));
#5822=CARTESIAN_POINT('',(67.3249006271362,3.,3.));
#5823=CARTESIAN_POINT('Origin',(67.3249006271362,5.,3.));
#5824=CARTESIAN_POINT('',(67.3249006271362,3.,3.));
#5825=CARTESIAN_POINT('',(77.0749006271362,5.,3.));
#5826=CARTESIAN_POINT('Origin',(73.5749006271362,5.,3.));
#5827=CARTESIAN_POINT('Origin',(78.5749006271362,36.3729833462074,4.00000000000001));
#5828=CARTESIAN_POINT('',(75.5749006271362,35.4047375096556,3.75));
#5829=CARTESIAN_POINT('Origin',(75.5749006271362,36.3729833462074,4.00000000000001));
#5830=CARTESIAN_POINT('',(78.5749006271362,35.4047375096556,3.75));
#5831=CARTESIAN_POINT('',(78.5749006271362,35.4047375096556,3.75));
#5832=CARTESIAN_POINT('Origin',(78.5749006271362,36.3729833462074,4.00000000000001));
#5833=CARTESIAN_POINT('Origin',(78.5749006271362,32.5,3.));
#5834=CARTESIAN_POINT('',(75.5749006271362,29.5952624903444,3.75));
#5835=CARTESIAN_POINT('Origin',(75.5749006271362,32.5,3.));
#5836=CARTESIAN_POINT('',(78.5749006271362,29.5952624903444,3.75));
#5837=CARTESIAN_POINT('',(78.5749006271362,29.5952624903444,3.75));
#5838=CARTESIAN_POINT('Origin',(78.5749006271362,32.5,3.));
#5839=CARTESIAN_POINT('Origin',(78.5749006271362,28.6270166537926,4.00000000000001));
#5840=CARTESIAN_POINT('Origin',(75.5749006271362,28.6270166537926,4.00000000000001));
#5841=CARTESIAN_POINT('Origin',(78.5749006271362,28.6270166537926,4.00000000000001));
#5842=CARTESIAN_POINT('Origin',(-21.4250993728638,28.6270166537926,3.99999999999999));
#5843=CARTESIAN_POINT('',(-18.4250993728638,29.5952624903444,3.74999999999999));
#5844=CARTESIAN_POINT('Origin',(-18.4250993728638,28.6270166537926,3.99999999999999));
#5845=CARTESIAN_POINT('',(-21.4250993728638,29.5952624903444,3.74999999999999));
#5846=CARTESIAN_POINT('',(-21.4250993728638,29.5952624903444,3.74999999999999));
#5847=CARTESIAN_POINT('Origin',(-21.4250993728638,28.6270166537926,3.99999999999999));
#5848=CARTESIAN_POINT('Origin',(-21.4250993728638,32.5,3.));
#5849=CARTESIAN_POINT('',(-18.4250993728638,35.4047375096556,3.74999999999999));
#5850=CARTESIAN_POINT('Origin',(-18.4250993728638,32.5,3.));
#5851=CARTESIAN_POINT('',(-21.4250993728638,35.4047375096556,3.74999999999999));
#5852=CARTESIAN_POINT('',(-21.4250993728638,35.4047375096556,3.74999999999999));
#5853=CARTESIAN_POINT('Origin',(-21.4250993728638,32.5,3.));
#5854=CARTESIAN_POINT('Origin',(-21.4250993728638,36.3729833462074,3.99999999999999));
#5855=CARTESIAN_POINT('Origin',(-18.4250993728638,36.3729833462074,3.99999999999999));
#5856=CARTESIAN_POINT('Origin',(-21.4250993728638,36.3729833462074,3.99999999999999));
#5857=CARTESIAN_POINT('Origin',(78.5749006271362,32.5,3.));
#5858=CARTESIAN_POINT('',(78.5749006271362,31.,3.));
#5859=CARTESIAN_POINT('Origin',(78.5749006271362,32.5,3.));
#5860=CARTESIAN_POINT('',(75.5749006271362,31.,3.));
#5861=CARTESIAN_POINT('',(78.5749006271362,31.,3.));
#5862=CARTESIAN_POINT('Origin',(75.5749006271362,32.5,3.));
#5863=CARTESIAN_POINT('Origin',(-21.4250993728638,32.5,3.));
#5864=CARTESIAN_POINT('',(-21.4250993728638,34.,3.));
#5865=CARTESIAN_POINT('Origin',(-21.4250993728638,32.5,3.));
#5866=CARTESIAN_POINT('',(-18.4250993728638,34.,3.));
#5867=CARTESIAN_POINT('',(-21.4250993728638,34.,3.));
#5868=CARTESIAN_POINT('Origin',(-18.4250993728638,32.5,3.));
#5869=CARTESIAN_POINT('Origin',(-16.4250993728638,5.,3.));
#5870=CARTESIAN_POINT('',(-12.9250993728638,5.,4.));
#5871=CARTESIAN_POINT('Origin',(-16.4250993728638,5.,4.));
#5872=CARTESIAN_POINT('',(-12.9250993728638,5.,3.));
#5873=CARTESIAN_POINT('Origin',(-16.4250993728638,5.,4.));
#5874=CARTESIAN_POINT('',(-15.0250993728638,5.,4.));
#5875=CARTESIAN_POINT('Origin',(-16.4250993728638,5.,4.));
#5876=CARTESIAN_POINT('Origin',(-16.4250993728638,60.,3.));
#5877=CARTESIAN_POINT('',(-12.9250993728638,60.,4.));
#5878=CARTESIAN_POINT('Origin',(-16.4250993728638,60.,4.));
#5879=CARTESIAN_POINT('',(-12.9250993728638,60.,3.));
#5880=CARTESIAN_POINT('Origin',(-16.4250993728638,60.,4.));
#5881=CARTESIAN_POINT('',(-15.0250993728638,60.,4.));
#5882=CARTESIAN_POINT('Origin',(-16.4250993728638,60.,4.));
#5883=CARTESIAN_POINT('Origin',(73.5749006271362,5.,3.));
#5884=CARTESIAN_POINT('',(77.0749006271362,5.,4.));
#5885=CARTESIAN_POINT('Origin',(73.5749006271362,5.,4.));
#5886=CARTESIAN_POINT('',(77.0749006271362,5.,3.));
#5887=CARTESIAN_POINT('Origin',(73.5749006271362,5.,4.));
#5888=CARTESIAN_POINT('',(74.9749006271362,5.,4.));
#5889=CARTESIAN_POINT('Origin',(73.5749006271362,5.,4.));
#5890=CARTESIAN_POINT('Origin',(73.5749006271362,60.,3.));
#5891=CARTESIAN_POINT('',(77.0749006271362,60.,4.));
#5892=CARTESIAN_POINT('Origin',(73.5749006271362,60.,4.));
#5893=CARTESIAN_POINT('',(77.0749006271362,60.,3.));
#5894=CARTESIAN_POINT('Origin',(73.5749006271362,60.,4.));
#5895=CARTESIAN_POINT('',(74.9749006271362,60.,4.));
#5896=CARTESIAN_POINT('Origin',(73.5749006271362,60.,4.));
#5897=CARTESIAN_POINT('Origin',(-6.20800481776095,-2.,-5.57158635023342E-15));
#5898=CARTESIAN_POINT('',(-6.20800481776095,1.3052730868556E-16,-5.57158635023342E-15));
#5899=CARTESIAN_POINT('',(-4.24841302353441,-1.6,-5.33160556838992E-15));
#5900=CARTESIAN_POINT('Origin',(-6.20800481776095,-2.,-5.57158635023342E-15));
#5901=CARTESIAN_POINT('',(-4.24841302353441,-1.6,-5.33160556838992E-15));
#5902=CARTESIAN_POINT('',(-6.20800481776095,0.,-5.57158635023342E-15));
#5903=CARTESIAN_POINT('Origin',(-1.3090253321946,-1.,-4.97163439562468E-15));
#5904=CARTESIAN_POINT('',(1.63036235914522,-1.6,-4.61166322285944E-15));
#5905=CARTESIAN_POINT('Origin',(-1.3090253321946,-1.,-4.97163439562468E-15));
#5906=CARTESIAN_POINT('',(1.63036235914522,-1.6,-4.61166322285944E-15));
#5907=CARTESIAN_POINT('Origin',(3.58995415337176,-2.,-4.37168244101594E-15));
#5908=CARTESIAN_POINT('',(3.58995415337175,2.50127973256808E-16,-4.37168244101594E-15));
#5909=CARTESIAN_POINT('Origin',(3.58995415337176,-2.,-4.37168244101594E-15));
#5910=CARTESIAN_POINT('',(3.58995415337176,2.77555756156289E-16,-4.37168244101594E-15));
#5911=CARTESIAN_POINT('Origin',(1.51940179255159,2.24853378913918E-16,-4.62525197313048E-15));
#5912=CARTESIAN_POINT('',(9.48995415337176,0.,-3.649140829519E-15));
#5913=CARTESIAN_POINT('',(74.0509006271362,1.11022302462516E-15,4.25729481538292E-15));
#5914=CARTESIAN_POINT('',(9.48995415337176,0.,-3.649140829519E-15));
#5915=CARTESIAN_POINT('Origin',(73.5749006271362,5.,4.19900162774351E-15));
#5916=CARTESIAN_POINT('',(74.9749006271362,5.,4.37045217962414E-15));
#5917=CARTESIAN_POINT('',(74.9749006271362,5.,4.37045217962414E-15));
#5918=CARTESIAN_POINT('Origin',(73.5749006271362,5.,4.19900162774351E-15));
#5919=CARTESIAN_POINT('Origin',(73.5749006271362,60.,4.19900162774351E-15));
#5920=CARTESIAN_POINT('',(74.9749006271362,60.,4.37045217962414E-15));
#5921=CARTESIAN_POINT('',(74.9749006271362,60.,4.37045217962414E-15));
#5922=CARTESIAN_POINT('Origin',(73.5749006271362,60.,4.19900162774351E-15));
#5923=CARTESIAN_POINT('Origin',(-1.42509937286375,80.2,-4.98584936586164E-15));
#5924=CARTESIAN_POINT('',(42.0749006271362,80.2,3.41364210429348E-16));
#5925=CARTESIAN_POINT('',(-1.42509937286375,80.2,-4.98584936586164E-15));
#5926=CARTESIAN_POINT('',(42.0749006271362,80.2,3.41364210429348E-16));
#5927=CARTESIAN_POINT('',(42.0749006271362,80.2,3.41364210429348E-16));
#5928=CARTESIAN_POINT('',(-1.42509937286375,80.2,-4.98584936586164E-15));
#5929=CARTESIAN_POINT('Origin',(-1.42509937286376,77.2,-4.98584936586164E-15));
#5930=CARTESIAN_POINT('',(-4.42509937286378,77.2,-5.35324340560585E-15));
#5931=CARTESIAN_POINT('Origin',(-1.42509937286376,77.2,-4.98584936586164E-15));
#5932=CARTESIAN_POINT('',(-4.42509937286378,77.2,-5.35324340560585E-15));
#5933=CARTESIAN_POINT('Origin',(-4.42509937286378,71.,-5.35324340560585E-15));
#5934=CARTESIAN_POINT('',(-4.42509937286378,71.,-5.35324340560585E-15));
#5935=CARTESIAN_POINT('',(-4.42509937286378,77.2,-5.35324340560585E-15));
#5936=CARTESIAN_POINT('',(-4.42509937286378,71.,-5.35324340560585E-15));
#5937=CARTESIAN_POINT('Origin',(-1.42509937286375,71.,-4.98584936586164E-15));
#5938=CARTESIAN_POINT('',(-1.42509937286377,68.,-4.98584936586164E-15));
#5939=CARTESIAN_POINT('Origin',(-1.42509937286375,71.,-4.98584936586164E-15));
#5940=CARTESIAN_POINT('',(-1.42509937286377,68.,-4.98584936586164E-15));
#5941=CARTESIAN_POINT('Origin',(42.0749006271362,68.,3.41364210429348E-16));
#5942=CARTESIAN_POINT('',(42.0749006271362,68.,3.41364210429348E-16));
#5943=CARTESIAN_POINT('',(-1.42509937286377,68.,-4.98584936586164E-15));
#5944=CARTESIAN_POINT('',(42.0749006271362,68.,3.41364210429348E-16));
#5945=CARTESIAN_POINT('Origin',(42.0749006271362,71.,3.41364210429349E-16));
#5946=CARTESIAN_POINT('',(45.0749006271362,71.,7.08758250173554E-16));
#5947=CARTESIAN_POINT('Origin',(42.0749006271362,71.,3.41364210429349E-16));
#5948=CARTESIAN_POINT('',(45.0749006271362,71.,7.08758250173554E-16));
#5949=CARTESIAN_POINT('Origin',(45.0749006271362,77.2,7.08758250173554E-16));
#5950=CARTESIAN_POINT('',(45.0749006271362,77.2,7.08758250173553E-16));
#5951=CARTESIAN_POINT('',(45.0749006271362,71.,7.08758250173554E-16));
#5952=CARTESIAN_POINT('',(45.0749006271362,77.2,7.08758250173553E-16));
#5953=CARTESIAN_POINT('Origin',(42.0749006271362,77.2,3.4136421042935E-16));
#5954=CARTESIAN_POINT('Origin',(42.0749006271362,77.2,3.4136421042935E-16));
#5955=CARTESIAN_POINT('Origin',(27.8569006271362,62.69,-1.39983860859836E-15));
#5956=CARTESIAN_POINT('',(28.5469006271362,62.69,-1.31533797945719E-15));
#5957=CARTESIAN_POINT('',(27.8569006271362,62.,-1.39983860859836E-15));
#5958=CARTESIAN_POINT('Origin',(27.8569006271362,62.69,-1.39983860859836E-15));
#5959=CARTESIAN_POINT('',(28.5469006271362,62.69,-1.31533797945719E-15));
#5960=CARTESIAN_POINT('',(27.8569006271362,62.,-1.39983860859836E-15));
#5961=CARTESIAN_POINT('Origin',(21.9289006271362,62.,-2.12580923113291E-15));
#5962=CARTESIAN_POINT('',(21.9289006271362,62.,-2.12580923113291E-15));
#5963=CARTESIAN_POINT('',(27.8569006271362,62.,-1.39983860859836E-15));
#5964=CARTESIAN_POINT('',(21.9289006271362,62.,-2.12580923113291E-15));
#5965=CARTESIAN_POINT('Origin',(16.3720590545625,64.,-2.80632605565504E-15));
#5966=CARTESIAN_POINT('',(16.3720590545625,64.0000001153175,-2.80632605565504E-15));
#5967=CARTESIAN_POINT('',(21.9289006271362,62.,-2.12580923113291E-15));
#5968=CARTESIAN_POINT('',(16.3720590545625,64.0000001153175,-2.80632605565504E-15));
#5969=CARTESIAN_POINT('Origin',(-1.59094094543743,64.0000008608665,-5.00615910096343E-15));
#5970=CARTESIAN_POINT('',(-1.59094094543743,64.0000008608665,-5.00615910096343E-15));
#5971=CARTESIAN_POINT('',(19.1504798408494,64.,-2.46606764339398E-15));
#5972=CARTESIAN_POINT('',(-1.59094094543743,64.0000008608665,-5.00615910096343E-15));
#5973=CARTESIAN_POINT('Origin',(-6.06309937286376,62.,-5.55384055130618E-15));
#5974=CARTESIAN_POINT('',(-6.06309937286376,62.,-5.55384055130618E-15));
#5975=CARTESIAN_POINT('',(-6.06309937286376,62.,-5.55384055130618E-15));
#5976=CARTESIAN_POINT('',(-6.06309937286376,62.,-5.55384055130618E-15));
#5977=CARTESIAN_POINT('Origin',(-10.1750993728638,62.,-6.05741531511557E-15));
#5978=CARTESIAN_POINT('',(-10.1750993728638,62.,-6.05741531511557E-15));
#5979=CARTESIAN_POINT('',(-10.1750993728638,62.,-6.05741531511557E-15));
#5980=CARTESIAN_POINT('',(-10.1750993728638,62.,-6.05741531511557E-15));
#5981=CARTESIAN_POINT('Origin',(-10.1750993728638,60.,-6.05741531511557E-15));
#5982=CARTESIAN_POINT('',(-12.1750993728638,60.,-6.30234467494504E-15));
#5983=CARTESIAN_POINT('Origin',(-10.1750993728638,60.,-6.05741531511557E-15));
#5984=CARTESIAN_POINT('',(-12.1750993728638,60.,-6.30234467494504E-15));
#5985=CARTESIAN_POINT('Origin',(-12.1750993728638,59.75,-6.30234467494504E-15));
#5986=CARTESIAN_POINT('',(-12.1750993728638,59.75,-6.30234467494504E-15));
#5987=CARTESIAN_POINT('',(-12.1750993728638,60.,-6.30234467494504E-15));
#5988=CARTESIAN_POINT('',(-12.1750993728638,59.75,-6.30234467494504E-15));
#5989=CARTESIAN_POINT('Origin',(-16.1750993728638,59.75,-6.79220339460399E-15));
#5990=CARTESIAN_POINT('',(-16.1750993728638,55.75,-6.79220339460399E-15));
#5991=CARTESIAN_POINT('Origin',(-16.1750993728638,59.75,-6.79220339460399E-15));
#5992=CARTESIAN_POINT('',(-16.1750993728638,55.75,-6.79220339460399E-15));
#5993=CARTESIAN_POINT('Origin',(-16.4250993728638,55.75,-6.82281956458267E-15));
#5994=CARTESIAN_POINT('',(-16.4250993728638,55.75,-6.82281956458267E-15));
#5995=CARTESIAN_POINT('',(-16.4250993728638,55.75,-6.82281956458267E-15));
#5996=CARTESIAN_POINT('',(-16.4250993728638,55.75,-6.82281956458267E-15));
#5997=CARTESIAN_POINT('Origin',(-16.4250993728638,53.7500000000001,-6.82281956458268E-15));
#5998=CARTESIAN_POINT('',(-18.4250993728638,53.75,-7.06774892441214E-15));
#5999=CARTESIAN_POINT('Origin',(-16.4250993728638,53.7500000000001,-6.82281956458268E-15));
#6000=CARTESIAN_POINT('',(-18.4250993728638,53.75,-7.06774892441214E-15));
#6001=CARTESIAN_POINT('Origin',(-18.4250993728638,11.25,-7.06774892441214E-15));
#6002=CARTESIAN_POINT('',(-18.4250993728638,11.25,-7.06774892441214E-15));
#6003=CARTESIAN_POINT('',(-18.4250993728638,11.25,-7.06774892441214E-15));
#6004=CARTESIAN_POINT('',(-18.4250993728638,11.25,-7.06774892441214E-15));
#6005=CARTESIAN_POINT('Origin',(-16.4250993728638,11.25,-6.82281956458267E-15));
#6006=CARTESIAN_POINT('',(-16.4250993728638,9.25,-6.82281956458267E-15));
#6007=CARTESIAN_POINT('Origin',(-16.4250993728638,11.25,-6.82281956458267E-15));
#6008=CARTESIAN_POINT('',(-16.4250993728638,9.25,-6.82281956458267E-15));
#6009=CARTESIAN_POINT('Origin',(-16.1750993728638,9.25,-6.79220339460399E-15));
#6010=CARTESIAN_POINT('',(-16.1750993728638,9.25,-6.79220339460399E-15));
#6011=CARTESIAN_POINT('',(-16.4250993728638,9.25,-6.82281956458267E-15));
#6012=CARTESIAN_POINT('',(-16.1750993728638,9.25,-6.79220339460399E-15));
#6013=CARTESIAN_POINT('Origin',(-16.1750993728638,5.25,-6.79220339460399E-15));
#6014=CARTESIAN_POINT('',(-12.1750993728638,5.25,-6.30234467494504E-15));
#6015=CARTESIAN_POINT('Origin',(-16.1750993728638,5.25,-6.79220339460399E-15));
#6016=CARTESIAN_POINT('',(-12.1750993728638,5.25,-6.30234467494504E-15));
#6017=CARTESIAN_POINT('Origin',(-12.1750993728638,4.99999999999999,-6.30234467494504E-15));
#6018=CARTESIAN_POINT('',(-12.1750993728638,4.99999999999999,-6.30234467494504E-15));
#6019=CARTESIAN_POINT('',(-12.1750993728638,4.99999999999999,-6.30234467494504E-15));
#6020=CARTESIAN_POINT('',(-12.1750993728638,4.99999999999999,-6.30234467494504E-15));
#6021=CARTESIAN_POINT('Origin',(-10.1750993728638,4.99999999999999,-6.05741531511557E-15));
#6022=CARTESIAN_POINT('',(-10.1750993728638,3.,-6.05741531511557E-15));
#6023=CARTESIAN_POINT('Origin',(-10.1750993728638,4.99999999999999,-6.05741531511557E-15));
#6024=CARTESIAN_POINT('',(-10.1750993728638,3.,-6.05741531511557E-15));
#6025=CARTESIAN_POINT('Origin',(13.4163582047515,3.,-3.16829501415087E-15));
#6026=CARTESIAN_POINT('',(13.4163582047515,3.,-3.16829501415087E-15));
#6027=CARTESIAN_POINT('',(67.3249006271362,3.,3.43359737827641E-15));
#6028=CARTESIAN_POINT('',(13.4163582047515,3.,-3.16829501415087E-15));
#6029=CARTESIAN_POINT('Origin',(13.4163582047515,2.075,-3.16829501415087E-15));
#6030=CARTESIAN_POINT('',(13.4163582047515,2.075,-3.16829501415087E-15));
#6031=CARTESIAN_POINT('',(13.4163582047515,2.075,-3.16829501415087E-15));
#6032=CARTESIAN_POINT('',(13.4163582047515,2.075,-3.16829501415087E-15));
#6033=CARTESIAN_POINT('',(13.4163582047515,2.075,-3.16829501415087E-15));
#6034=CARTESIAN_POINT('Origin',(27.2363582047515,2.075,-1.47583313772922E-15));
#6035=CARTESIAN_POINT('',(27.2363582047515,2.075,-1.47583313772922E-15));
#6036=CARTESIAN_POINT('',(27.2363582047515,2.075,-1.47583313772922E-15));
#6037=CARTESIAN_POINT('',(27.2363582047515,2.075,-1.47583313772922E-15));
#6038=CARTESIAN_POINT('',(27.2363582047515,2.075,-1.47583313772922E-15));
#6039=CARTESIAN_POINT('Origin',(27.2363582047515,3.,-1.47583313772922E-15));
#6040=CARTESIAN_POINT('',(27.2363582047515,3.,-1.47583313772922E-15));
#6041=CARTESIAN_POINT('',(27.2363582047515,2.075,-1.47583313772922E-15));
#6042=CARTESIAN_POINT('',(27.2363582047515,3.,-1.47583313772922E-15));
#6043=CARTESIAN_POINT('Origin',(67.3249006271362,3.,3.43359737827641E-15));
#6044=CARTESIAN_POINT('',(67.3249006271362,3.,3.43359737827641E-15));
#6045=CARTESIAN_POINT('',(67.3249006271362,3.,3.43359737827641E-15));
#6046=CARTESIAN_POINT('',(67.3249006271362,3.,3.43359737827641E-15));
#6047=CARTESIAN_POINT('Origin',(67.3249006271362,5.,3.43359737827641E-15));
#6048=CARTESIAN_POINT('',(69.3249006271362,5.,3.67852673810588E-15));
#6049=CARTESIAN_POINT('Origin',(67.3249006271362,5.,3.43359737827641E-15));
#6050=CARTESIAN_POINT('',(69.3249006271362,5.,3.67852673810588E-15));
#6051=CARTESIAN_POINT('Origin',(69.3249006271362,5.25,3.67852673810588E-15));
#6052=CARTESIAN_POINT('',(69.3249006271362,5.25,3.67852673810588E-15));
#6053=CARTESIAN_POINT('',(69.3249006271362,5.,3.67852673810588E-15));
#6054=CARTESIAN_POINT('',(69.3249006271362,5.25,3.67852673810588E-15));
#6055=CARTESIAN_POINT('Origin',(73.3249006271362,5.25,4.16838545776483E-15));
#6056=CARTESIAN_POINT('',(73.3249006271362,9.25,4.16838545776483E-15));
#6057=CARTESIAN_POINT('Origin',(73.3249006271362,5.25,4.16838545776483E-15));
#6058=CARTESIAN_POINT('',(73.3249006271362,9.25,4.16838545776483E-15));
#6059=CARTESIAN_POINT('Origin',(73.5749006271362,9.25,4.19900162774351E-15));
#6060=CARTESIAN_POINT('',(73.5749006271362,9.25,4.19900162774351E-15));
#6061=CARTESIAN_POINT('',(73.5749006271362,9.25,4.19900162774351E-15));
#6062=CARTESIAN_POINT('',(73.5749006271362,9.25,4.19900162774351E-15));
#6063=CARTESIAN_POINT('Origin',(73.5749006271362,11.25,4.19900162774351E-15));
#6064=CARTESIAN_POINT('',(75.5749006271362,11.25,4.44393098757298E-15));
#6065=CARTESIAN_POINT('Origin',(73.5749006271362,11.25,4.19900162774351E-15));
#6066=CARTESIAN_POINT('',(75.5749006271362,11.25,4.44393098757298E-15));
#6067=CARTESIAN_POINT('Origin',(75.5749006271362,53.75,4.44393098757298E-15));
#6068=CARTESIAN_POINT('',(75.5749006271362,53.75,4.44393098757298E-15));
#6069=CARTESIAN_POINT('',(75.5749006271362,53.75,4.44393098757298E-15));
#6070=CARTESIAN_POINT('',(75.5749006271362,53.75,4.44393098757298E-15));
#6071=CARTESIAN_POINT('Origin',(73.5749006271362,53.75,4.19900162774351E-15));
#6072=CARTESIAN_POINT('',(73.5749006271362,55.75,4.19900162774351E-15));
#6073=CARTESIAN_POINT('Origin',(73.5749006271362,53.75,4.19900162774351E-15));
#6074=CARTESIAN_POINT('',(73.5749006271362,55.75,4.19900162774351E-15));
#6075=CARTESIAN_POINT('Origin',(73.3249006271362,55.75,4.16838545776483E-15));
#6076=CARTESIAN_POINT('',(73.3249006271362,55.75,4.16838545776483E-15));
#6077=CARTESIAN_POINT('',(73.5749006271362,55.75,4.19900162774351E-15));
#6078=CARTESIAN_POINT('',(73.3249006271362,55.75,4.16838545776483E-15));
#6079=CARTESIAN_POINT('Origin',(73.3249006271362,59.75,4.16838545776483E-15));
#6080=CARTESIAN_POINT('',(69.3249006271362,59.75,3.67852673810588E-15));
#6081=CARTESIAN_POINT('Origin',(73.3249006271362,59.75,4.16838545776483E-15));
#6082=CARTESIAN_POINT('',(69.3249006271362,59.75,3.67852673810588E-15));
#6083=CARTESIAN_POINT('Origin',(69.3249006271362,60.,3.67852673810588E-15));
#6084=CARTESIAN_POINT('',(69.3249006271362,60.,3.67852673810588E-15));
#6085=CARTESIAN_POINT('',(69.3249006271362,60.,3.67852673810588E-15));
#6086=CARTESIAN_POINT('',(69.3249006271362,60.,3.67852673810588E-15));
#6087=CARTESIAN_POINT('Origin',(67.3249006271362,60.,3.43359737827641E-15));
#6088=CARTESIAN_POINT('',(67.3249006271362,62.,3.43359737827641E-15));
#6089=CARTESIAN_POINT('Origin',(67.3249006271362,60.,3.43359737827641E-15));
#6090=CARTESIAN_POINT('',(67.3249006271362,62.,3.43359737827641E-15));
#6091=CARTESIAN_POINT('Origin',(33.2369006271362,62.,-7.40978630657084E-16));
#6092=CARTESIAN_POINT('',(33.2369006271362,62.,-7.40978630657084E-16));
#6093=CARTESIAN_POINT('',(67.3249006271362,62.,3.43359737827641E-15));
#6094=CARTESIAN_POINT('',(33.2369006271362,62.,-7.40978630657084E-16));
#6095=CARTESIAN_POINT('Origin',(33.2369006271362,62.69,-7.40978630657084E-16));
#6096=CARTESIAN_POINT('',(32.5469006271362,62.69,-8.25479259798251E-16));
#6097=CARTESIAN_POINT('Origin',(33.2369006271362,62.69,-7.40978630657084E-16));
#6098=CARTESIAN_POINT('',(32.5469006271362,62.69,-8.25479259798251E-16));
#6099=CARTESIAN_POINT('Origin',(32.5469006271362,62.691,-8.25479259798251E-16));
#6100=CARTESIAN_POINT('',(32.5469006271362,62.691,-8.25479259798251E-16));
#6101=CARTESIAN_POINT('',(32.5469006271362,62.69,-8.25479259798251E-16));
#6102=CARTESIAN_POINT('',(32.5469006271362,62.691,-8.25479259798251E-16));
#6103=CARTESIAN_POINT('Origin',(30.5469006271362,62.691,-1.07040861962772E-15));
#6104=CARTESIAN_POINT('',(28.5469006271362,62.691,-1.31533797945719E-15));
#6105=CARTESIAN_POINT('Origin',(30.5469006271362,62.691,-1.07040861962772E-15));
#6106=CARTESIAN_POINT('',(28.5469006271362,62.691,-1.31533797945719E-15));
#6107=CARTESIAN_POINT('Origin',(28.5469006271362,62.69,-1.31533797945719E-15));
#6108=CARTESIAN_POINT('',(28.5469006271362,62.69,-1.31533797945719E-15));
#6109=CARTESIAN_POINT('Origin',(-16.4250993728638,60.,-6.82281956458267E-15));
#6110=CARTESIAN_POINT('',(-15.0250993728638,60.,-6.65136901270204E-15));
#6111=CARTESIAN_POINT('',(-15.0250993728638,60.,-6.65136901270204E-15));
#6112=CARTESIAN_POINT('Origin',(-16.4250993728638,60.,-6.82281956458267E-15));
#6113=CARTESIAN_POINT('Origin',(-1.3090253321946,-1.,-4.97163439562468E-15));
#6114=CARTESIAN_POINT('',(0.190974667805399,-1.,-4.78793737575258E-15));
#6115=CARTESIAN_POINT('',(0.190974667805399,-1.,-4.78793737575258E-15));
#6116=CARTESIAN_POINT('Origin',(-1.3090253321946,-1.,-4.97163439562468E-15));
#6117=CARTESIAN_POINT('Origin',(-16.4250993728638,5.,-6.82281956458267E-15));
#6118=CARTESIAN_POINT('',(-15.0250993728638,5.,-6.65136901270204E-15));
#6119=CARTESIAN_POINT('',(-15.0250993728638,5.,-6.65136901270204E-15));
#6120=CARTESIAN_POINT('Origin',(-16.4250993728638,5.,-6.82281956458267E-15));
#6121=CARTESIAN_POINT('Origin',(78.5749006271362,4.52399999999999,4.81132502731719E-15));
#6122=CARTESIAN_POINT('',(78.5749006271362,4.52399999999999,4.81132502731719E-15));
#6123=CARTESIAN_POINT('',(78.5749006271362,4.52399999999999,4.81132502731719E-15));
#6124=CARTESIAN_POINT('',(78.5749006271362,59.7,4.81132502731719E-15));
#6125=CARTESIAN_POINT('',(78.5749006271362,59.7,4.81132502731719E-15));
#6126=CARTESIAN_POINT('',(78.5749006271362,59.7,4.81132502731719E-15));
#6127=CARTESIAN_POINT('Origin',(74.0509006271362,4.524,4.25729481538292E-15));
#6128=CARTESIAN_POINT('',(74.0509006271362,5.55111512312578E-16,4.25729481538292E-15));
#6129=CARTESIAN_POINT('Origin',(74.0509006271362,4.524,4.25729481538292E-15));
#6130=CARTESIAN_POINT('',(74.0509006271362,5.55111512312578E-16,4.25729481538292E-15));
#6131=CARTESIAN_POINT('Origin',(31.1627622561312,5.86700741412039E-16,-9.94987322361085E-16));
#6132=CARTESIAN_POINT('',(31.1627622561312,2.77555756156289E-16,-9.94987322361085E-16));
#6133=CARTESIAN_POINT('',(74.0509006271362,1.11022302462516E-15,4.25729481538292E-15));
#6134=CARTESIAN_POINT('',(31.1627622561312,2.77555756156289E-16,-9.94987322361085E-16));
#6135=CARTESIAN_POINT('Origin',(31.1627622561312,-2.25,-9.94987322361085E-16));
#6136=CARTESIAN_POINT('',(28.9363582047515,-1.925,-1.26764318187417E-15));
#6137=CARTESIAN_POINT('Origin',(31.1627622561312,-2.25,-9.94987322361085E-16));
#6138=CARTESIAN_POINT('',(28.9363582047515,-1.925,-1.26764318187417E-15));
#6139=CARTESIAN_POINT('Origin',(11.7163582047515,-1.925,-3.37648497000592E-15));
#6140=CARTESIAN_POINT('',(11.7163582047515,-1.925,-3.37648497000592E-15));
#6141=CARTESIAN_POINT('',(11.7163582047515,-1.925,-3.37648497000592E-15));
#6142=CARTESIAN_POINT('',(28.9363582047515,-1.925,-1.26764318187417E-15));
#6143=CARTESIAN_POINT('Origin',(9.48995415337176,-2.25,-3.649140829519E-15));
#6144=CARTESIAN_POINT('Origin',(9.48995415337176,-2.25,-3.649140829519E-15));
#6145=CARTESIAN_POINT('Origin',(-16.9010993728638,0.,-6.88111275222208E-15));
#6146=CARTESIAN_POINT('',(-16.9010993728638,0.,-6.88111275222208E-15));
#6147=CARTESIAN_POINT('',(-16.9010993728638,0.,-6.88111275222208E-15));
#6148=CARTESIAN_POINT('',(74.0509006271362,1.11022302462516E-15,4.25729481538292E-15));
#6149=CARTESIAN_POINT('Origin',(-16.9010993728637,4.52400000000002,-6.88111275222208E-15));
#6150=CARTESIAN_POINT('',(-21.4250993728638,4.524,-7.43514296415635E-15));
#6151=CARTESIAN_POINT('Origin',(-16.9010993728637,4.52400000000002,-6.88111275222208E-15));
#6152=CARTESIAN_POINT('',(-21.4250993728638,4.524,-7.43514296415635E-15));
#6153=CARTESIAN_POINT('Origin',(-21.4250993728638,60.476,-7.43514296415635E-15));
#6154=CARTESIAN_POINT('',(-21.4250993728638,60.476,-7.43514296415635E-15));
#6155=CARTESIAN_POINT('',(-21.4250993728638,4.524,-7.43514296415635E-15));
#6156=CARTESIAN_POINT('',(-21.4250993728638,60.476,-7.43514296415635E-15));
#6157=CARTESIAN_POINT('Origin',(-16.9010993728637,60.476,-6.88111275222208E-15));
#6158=CARTESIAN_POINT('',(-16.9010993728638,65.,-6.88111275222208E-15));
#6159=CARTESIAN_POINT('Origin',(-16.9010993728637,60.476,-6.88111275222208E-15));
#6160=CARTESIAN_POINT('',(-16.9010993728638,65.,-6.88111275222208E-15));
#6161=CARTESIAN_POINT('Origin',(-13.4250993728638,65.,-6.45542552483847E-15));
#6162=CARTESIAN_POINT('',(-13.4250993728638,65.,-6.45542552483847E-15));
#6163=CARTESIAN_POINT('',(-16.9010993728638,65.,-6.88111275222208E-15));
#6164=CARTESIAN_POINT('',(-13.4250993728638,65.,-6.45542552483847E-15));
#6165=CARTESIAN_POINT('Origin',(-13.4250993728638,68.,-6.45542552483847E-15));
#6166=CARTESIAN_POINT('',(-10.4250993728638,68.,-6.08803148509426E-15));
#6167=CARTESIAN_POINT('Origin',(-13.4250993728638,68.,-6.45542552483847E-15));
#6168=CARTESIAN_POINT('',(-10.4250993728638,68.,-6.08803148509426E-15));
#6169=CARTESIAN_POINT('Origin',(-10.4250993728638,84.5,-6.08803148509426E-15));
#6170=CARTESIAN_POINT('',(-10.4250993728638,84.5,-6.08803148509426E-15));
#6171=CARTESIAN_POINT('Origin',(54.0749006271362,68.,1.81094036940617E-15));
#6172=CARTESIAN_POINT('',(54.0749006271362,65.,1.81094036940617E-15));
#6173=CARTESIAN_POINT('Origin',(54.0749006271362,68.,1.81094036940617E-15));
#6174=CARTESIAN_POINT('',(54.0749006271362,65.,1.81094036940617E-15));
#6175=CARTESIAN_POINT('Origin',(73.2749006271362,65.,4.16226222376909E-15));
#6176=CARTESIAN_POINT('',(73.2749006271362,65.,4.16226222376909E-15));
#6177=CARTESIAN_POINT('',(73.2749006271362,65.,4.16226222376909E-15));
#6178=CARTESIAN_POINT('',(73.2749006271362,65.,4.16226222376909E-15));
#6179=CARTESIAN_POINT('Origin',(73.2749006271362,59.7,4.16226222376909E-15));
#6180=CARTESIAN_POINT('Origin',(73.2749006271362,59.7,4.16226222376909E-15));
#6181=CARTESIAN_POINT('Origin',(28.5749006271362,40.25,-1.31190896841958E-15));
#6182=UNCERTAINTY_MEASURE_WITH_UNIT(LENGTH_MEASURE(0.01),#6186,
'DISTANCE_ACCURACY_VALUE',
'Maximum model space distance between geometric entities at asserted c
onnectivities');
#6183=UNCERTAINTY_MEASURE_WITH_UNIT(LENGTH_MEASURE(0.01),#6186,
'DISTANCE_ACCURACY_VALUE',
'Maximum model space distance between geometric entities at asserted c
onnectivities');
#6184=(
GEOMETRIC_REPRESENTATION_CONTEXT(3)
GLOBAL_UNCERTAINTY_ASSIGNED_CONTEXT((#6182))
GLOBAL_UNIT_ASSIGNED_CONTEXT((#6186,#6188,#6189))
REPRESENTATION_CONTEXT('','3D')
);
#6185=(
GEOMETRIC_REPRESENTATION_CONTEXT(3)
GLOBAL_UNCERTAINTY_ASSIGNED_CONTEXT((#6183))
GLOBAL_UNIT_ASSIGNED_CONTEXT((#6186,#6188,#6189))
REPRESENTATION_CONTEXT('','3D')
);
#6186=(
LENGTH_UNIT()
NAMED_UNIT(*)
SI_UNIT(.MILLI.,.METRE.)
);
#6187=(
LENGTH_UNIT()
NAMED_UNIT(*)
SI_UNIT($,.METRE.)
);
#6188=(
NAMED_UNIT(*)
PLANE_ANGLE_UNIT()
SI_UNIT($,.RADIAN.)
);
#6189=(
NAMED_UNIT(*)
SI_UNIT($,.STERADIAN.)
SOLID_ANGLE_UNIT()
);
#6190=SHAPE_DEFINITION_REPRESENTATION(#6191,#6192);
#6191=PRODUCT_DEFINITION_SHAPE('',$,#6194);
#6192=SHAPE_REPRESENTATION('',(#3552),#6184);
#6193=PRODUCT_DEFINITION_CONTEXT('part definition',#6198,'design');
#6194=PRODUCT_DEFINITION('Electronics Mount','Electronics Mount v1',#6195,
#6193);
#6195=PRODUCT_DEFINITION_FORMATION('',$,#6200);
#6196=PRODUCT_RELATED_PRODUCT_CATEGORY('Electronics Mount v1',
'Electronics Mount v1',(#6200));
#6197=APPLICATION_PROTOCOL_DEFINITION('international standard',
'automotive_design',2009,#6198);
#6198=APPLICATION_CONTEXT(
'Core Data for Automotive Mechanical Design Process');
#6199=PRODUCT_CONTEXT('part definition',#6198,'mechanical');
#6200=PRODUCT('Electronics Mount','Electronics Mount v1',$,(#6199));
#6201=PRESENTATION_STYLE_ASSIGNMENT((#6202));
#6202=SURFACE_STYLE_USAGE(.BOTH.,#6203);
#6203=SURFACE_SIDE_STYLE('',(#6204));
#6204=SURFACE_STYLE_FILL_AREA(#6205);
#6205=FILL_AREA_STYLE('Steel - Satin',(#6206));
#6206=FILL_AREA_STYLE_COLOUR('Steel - Satin',#6207);
#6207=COLOUR_RGB('Steel - Satin',0.627450980392157,0.627450980392157,0.627450980392157);
ENDSEC;
END-ISO-10303-21;
