ISO-10303-21;
HEADER;
/* Generated by software containing ST-Developer
 * from STEP Tools, Inc. (www.steptools.com) 
 */

FILE_DESCRIPTION(
/* description */ (''),
/* implementation_level */ '2;1');

FILE_NAME(
/* name */ 'Drive Edge v4.step',
/* time_stamp */ '2026-07-08T17:21:08-06:00',
/* author */ (''),
/* organization */ (''),
/* preprocessor_version */ 'ST-DEVELOPER v20.1',
/* originating_system */ 'Autodesk Translation Framework v15.8.0.0',
/* authorisation */ '');

FILE_SCHEMA (('AUTOMOTIVE_DESIGN { 1 0 10303 214 3 1 1 }'));
ENDSEC;

DATA;
#10=MECHANICAL_DESIGN_GEOMETRIC_PRESENTATION_REPRESENTATION('',(#13),#3085);
#11=SHAPE_REPRESENTATION_RELATIONSHIP('SRR','None',#3092,#12);
#12=ADVANCED_BREP_SHAPE_REPRESENTATION('',(#14),#3084);
#13=STYLED_ITEM('',(#3101),#14);
#14=MANIFOLD_SOLID_BREP('Body1',#1441);
#15=TOROIDAL_SURFACE('',#1634,114.41,1.75000000000001);
#16=PLANE('',#1514);
#17=PLANE('',#1516);
#18=PLANE('',#1518);
#19=PLANE('',#1521);
#20=PLANE('',#1523);
#21=PLANE('',#1525);
#22=PLANE('',#1548);
#23=PLANE('',#1552);
#24=PLANE('',#1556);
#25=PLANE('',#1560);
#26=PLANE('',#1564);
#27=PLANE('',#1568);
#28=PLANE('',#1569);
#29=PLANE('',#1573);
#30=PLANE('',#1577);
#31=PLANE('',#1581);
#32=PLANE('',#1585);
#33=PLANE('',#1589);
#34=PLANE('',#1597);
#35=PLANE('',#1604);
#36=PLANE('',#1607);
#37=PLANE('',#1613);
#38=PLANE('',#1620);
#39=PLANE('',#1622);
#40=PLANE('',#1629);
#41=PLANE('',#1639);
#42=FACE_BOUND('',#198,.T.);
#43=FACE_BOUND('',#199,.T.);
#44=FACE_BOUND('',#200,.T.);
#45=FACE_BOUND('',#201,.T.);
#46=FACE_BOUND('',#202,.T.);
#47=FACE_BOUND('',#203,.T.);
#48=FACE_BOUND('',#204,.T.);
#49=FACE_BOUND('',#205,.T.);
#50=FACE_BOUND('',#206,.T.);
#51=FACE_BOUND('',#207,.T.);
#52=FACE_BOUND('',#208,.T.);
#53=FACE_BOUND('',#240,.T.);
#54=FACE_BOUND('',#242,.T.);
#55=FACE_BOUND('',#244,.T.);
#56=FACE_BOUND('',#246,.T.);
#57=FACE_BOUND('',#248,.T.);
#58=FACE_BOUND('',#250,.T.);
#59=FACE_BOUND('',#254,.T.);
#60=FACE_BOUND('',#258,.T.);
#61=FACE_BOUND('',#260,.T.);
#62=FACE_BOUND('',#264,.T.);
#63=FACE_BOUND('',#268,.T.);
#64=FACE_BOUND('',#270,.T.);
#65=FACE_BOUND('',#276,.T.);
#66=FACE_BOUND('',#281,.T.);
#67=FACE_BOUND('',#283,.T.);
#68=FACE_BOUND('',#284,.T.);
#69=FACE_BOUND('',#285,.T.);
#70=FACE_BOUND('',#286,.T.);
#71=FACE_BOUND('',#287,.T.);
#72=FACE_BOUND('',#288,.T.);
#73=FACE_BOUND('',#289,.T.);
#74=FACE_BOUND('',#290,.T.);
#75=FACE_BOUND('',#291,.T.);
#76=FACE_BOUND('',#292,.T.);
#77=FACE_BOUND('',#293,.T.);
#78=CYLINDRICAL_SURFACE('',#1459,1.6);
#79=CYLINDRICAL_SURFACE('',#1465,1.6);
#80=CYLINDRICAL_SURFACE('',#1472,1.6);
#81=CYLINDRICAL_SURFACE('',#1478,1.6);
#82=CYLINDRICAL_SURFACE('',#1485,1.6);
#83=CYLINDRICAL_SURFACE('',#1491,1.6);
#84=CYLINDRICAL_SURFACE('',#1493,108.6785);
#85=CYLINDRICAL_SURFACE('',#1529,1.7);
#86=CYLINDRICAL_SURFACE('',#1532,1.7);
#87=CYLINDRICAL_SURFACE('',#1535,1.7);
#88=CYLINDRICAL_SURFACE('',#1538,1.7);
#89=CYLINDRICAL_SURFACE('',#1541,1.7);
#90=CYLINDRICAL_SURFACE('',#1544,1.7);
#91=CYLINDRICAL_SURFACE('',#1545,1.25);
#92=CYLINDRICAL_SURFACE('',#1549,1.25);
#93=CYLINDRICAL_SURFACE('',#1553,1.25);
#94=CYLINDRICAL_SURFACE('',#1557,1.25);
#95=CYLINDRICAL_SURFACE('',#1561,1.25);
#96=CYLINDRICAL_SURFACE('',#1565,1.25);
#97=CYLINDRICAL_SURFACE('',#1593,4.49999999999999);
#98=CYLINDRICAL_SURFACE('',#1595,4.49999999999999);
#99=CYLINDRICAL_SURFACE('',#1600,4.49999999999999);
#100=CYLINDRICAL_SURFACE('',#1602,4.5);
#101=CYLINDRICAL_SURFACE('',#1610,4.49999999999999);
#102=CYLINDRICAL_SURFACE('',#1612,4.49999999999999);
#103=CYLINDRICAL_SURFACE('',#1616,4.49999999999999);
#104=CYLINDRICAL_SURFACE('',#1618,4.5);
#105=CYLINDRICAL_SURFACE('',#1625,4.49999999999999);
#106=CYLINDRICAL_SURFACE('',#1626,4.5);
#107=CYLINDRICAL_SURFACE('',#1627,4.5);
#108=CYLINDRICAL_SURFACE('',#1628,4.49999999999999);
#109=CYLINDRICAL_SURFACE('',#1632,114.41);
#110=CYLINDRICAL_SURFACE('',#1637,114.41);
#111=CYLINDRICAL_SURFACE('',#1640,103.6035);
#112=FACE_OUTER_BOUND('',#185,.T.);
#113=FACE_OUTER_BOUND('',#186,.T.);
#114=FACE_OUTER_BOUND('',#187,.T.);
#115=FACE_OUTER_BOUND('',#188,.T.);
#116=FACE_OUTER_BOUND('',#189,.T.);
#117=FACE_OUTER_BOUND('',#190,.T.);
#118=FACE_OUTER_BOUND('',#191,.T.);
#119=FACE_OUTER_BOUND('',#192,.T.);
#120=FACE_OUTER_BOUND('',#193,.T.);
#121=FACE_OUTER_BOUND('',#194,.T.);
#122=FACE_OUTER_BOUND('',#195,.T.);
#123=FACE_OUTER_BOUND('',#196,.T.);
#124=FACE_OUTER_BOUND('',#197,.T.);
#125=FACE_OUTER_BOUND('',#209,.T.);
#126=FACE_OUTER_BOUND('',#210,.T.);
#127=FACE_OUTER_BOUND('',#211,.T.);
#128=FACE_OUTER_BOUND('',#212,.T.);
#129=FACE_OUTER_BOUND('',#213,.T.);
#130=FACE_OUTER_BOUND('',#214,.T.);
#131=FACE_OUTER_BOUND('',#215,.T.);
#132=FACE_OUTER_BOUND('',#216,.T.);
#133=FACE_OUTER_BOUND('',#217,.T.);
#134=FACE_OUTER_BOUND('',#218,.T.);
#135=FACE_OUTER_BOUND('',#219,.T.);
#136=FACE_OUTER_BOUND('',#220,.T.);
#137=FACE_OUTER_BOUND('',#221,.T.);
#138=FACE_OUTER_BOUND('',#222,.T.);
#139=FACE_OUTER_BOUND('',#223,.T.);
#140=FACE_OUTER_BOUND('',#224,.T.);
#141=FACE_OUTER_BOUND('',#225,.T.);
#142=FACE_OUTER_BOUND('',#226,.T.);
#143=FACE_OUTER_BOUND('',#227,.T.);
#144=FACE_OUTER_BOUND('',#228,.T.);
#145=FACE_OUTER_BOUND('',#229,.T.);
#146=FACE_OUTER_BOUND('',#230,.T.);
#147=FACE_OUTER_BOUND('',#231,.T.);
#148=FACE_OUTER_BOUND('',#232,.T.);
#149=FACE_OUTER_BOUND('',#233,.T.);
#150=FACE_OUTER_BOUND('',#234,.T.);
#151=FACE_OUTER_BOUND('',#235,.T.);
#152=FACE_OUTER_BOUND('',#236,.T.);
#153=FACE_OUTER_BOUND('',#237,.T.);
#154=FACE_OUTER_BOUND('',#238,.T.);
#155=FACE_OUTER_BOUND('',#239,.T.);
#156=FACE_OUTER_BOUND('',#241,.T.);
#157=FACE_OUTER_BOUND('',#243,.T.);
#158=FACE_OUTER_BOUND('',#245,.T.);
#159=FACE_OUTER_BOUND('',#247,.T.);
#160=FACE_OUTER_BOUND('',#249,.T.);
#161=FACE_OUTER_BOUND('',#251,.T.);
#162=FACE_OUTER_BOUND('',#252,.T.);
#163=FACE_OUTER_BOUND('',#253,.T.);
#164=FACE_OUTER_BOUND('',#255,.T.);
#165=FACE_OUTER_BOUND('',#256,.T.);
#166=FACE_OUTER_BOUND('',#257,.T.);
#167=FACE_OUTER_BOUND('',#259,.T.);
#168=FACE_OUTER_BOUND('',#261,.T.);
#169=FACE_OUTER_BOUND('',#262,.T.);
#170=FACE_OUTER_BOUND('',#263,.T.);
#171=FACE_OUTER_BOUND('',#265,.T.);
#172=FACE_OUTER_BOUND('',#266,.T.);
#173=FACE_OUTER_BOUND('',#267,.T.);
#174=FACE_OUTER_BOUND('',#269,.T.);
#175=FACE_OUTER_BOUND('',#271,.T.);
#176=FACE_OUTER_BOUND('',#272,.T.);
#177=FACE_OUTER_BOUND('',#273,.T.);
#178=FACE_OUTER_BOUND('',#274,.T.);
#179=FACE_OUTER_BOUND('',#275,.T.);
#180=FACE_OUTER_BOUND('',#277,.T.);
#181=FACE_OUTER_BOUND('',#278,.T.);
#182=FACE_OUTER_BOUND('',#279,.T.);
#183=FACE_OUTER_BOUND('',#280,.T.);
#184=FACE_OUTER_BOUND('',#282,.T.);
#185=EDGE_LOOP('',(#926,#927,#928,#929,#930,#931,#932,#933));
#186=EDGE_LOOP('',(#934,#935,#936,#937));
#187=EDGE_LOOP('',(#938,#939,#940,#941,#942,#943,#944,#945));
#188=EDGE_LOOP('',(#946,#947,#948,#949));
#189=EDGE_LOOP('',(#950,#951,#952,#953,#954,#955,#956,#957));
#190=EDGE_LOOP('',(#958,#959,#960,#961));
#191=EDGE_LOOP('',(#962,#963,#964,#965,#966,#967,#968,#969));
#192=EDGE_LOOP('',(#970,#971,#972,#973));
#193=EDGE_LOOP('',(#974,#975,#976,#977,#978,#979,#980,#981));
#194=EDGE_LOOP('',(#982,#983,#984,#985));
#195=EDGE_LOOP('',(#986,#987,#988,#989,#990,#991,#992,#993));
#196=EDGE_LOOP('',(#994,#995,#996,#997));
#197=EDGE_LOOP('',(#998,#999,#1000,#1001,#1002,#1003,#1004,#1005,#1006,
#1007,#1008,#1009,#1010,#1011,#1012,#1013,#1014,#1015,#1016,#1017,#1018,
#1019,#1020));
#198=EDGE_LOOP('',(#1021,#1022,#1023,#1024));
#199=EDGE_LOOP('',(#1025,#1026,#1027,#1028));
#200=EDGE_LOOP('',(#1029,#1030,#1031,#1032));
#201=EDGE_LOOP('',(#1033,#1034,#1035,#1036));
#202=EDGE_LOOP('',(#1037,#1038,#1039,#1040));
#203=EDGE_LOOP('',(#1041,#1042,#1043,#1044));
#204=EDGE_LOOP('',(#1045,#1046));
#205=EDGE_LOOP('',(#1047,#1048,#1049));
#206=EDGE_LOOP('',(#1050,#1051));
#207=EDGE_LOOP('',(#1052,#1053));
#208=EDGE_LOOP('',(#1054,#1055));
#209=EDGE_LOOP('',(#1056,#1057,#1058,#1059));
#210=EDGE_LOOP('',(#1060,#1061,#1062,#1063,#1064));
#211=EDGE_LOOP('',(#1065,#1066,#1067,#1068,#1069,#1070));
#212=EDGE_LOOP('',(#1071,#1072,#1073,#1074,#1075));
#213=EDGE_LOOP('',(#1076,#1077,#1078,#1079));
#214=EDGE_LOOP('',(#1080,#1081,#1082,#1083));
#215=EDGE_LOOP('',(#1084,#1085,#1086,#1087,#1088));
#216=EDGE_LOOP('',(#1089,#1090,#1091,#1092,#1093));
#217=EDGE_LOOP('',(#1094,#1095,#1096,#1097,#1098,#1099));
#218=EDGE_LOOP('',(#1100,#1101,#1102,#1103,#1104,#1105));
#219=EDGE_LOOP('',(#1106,#1107,#1108,#1109,#1110));
#220=EDGE_LOOP('',(#1111,#1112,#1113,#1114,#1115));
#221=EDGE_LOOP('',(#1116,#1117,#1118,#1119,#1120));
#222=EDGE_LOOP('',(#1121,#1122,#1123,#1124,#1125));
#223=EDGE_LOOP('',(#1126,#1127,#1128,#1129,#1130,#1131));
#224=EDGE_LOOP('',(#1132,#1133,#1134,#1135));
#225=EDGE_LOOP('',(#1136,#1137,#1138,#1139,#1140));
#226=EDGE_LOOP('',(#1141,#1142,#1143,#1144,#1145));
#227=EDGE_LOOP('',(#1146,#1147,#1148,#1149));
#228=EDGE_LOOP('',(#1150));
#229=EDGE_LOOP('',(#1151,#1152,#1153,#1154));
#230=EDGE_LOOP('',(#1155));
#231=EDGE_LOOP('',(#1156,#1157,#1158,#1159));
#232=EDGE_LOOP('',(#1160));
#233=EDGE_LOOP('',(#1161,#1162,#1163,#1164));
#234=EDGE_LOOP('',(#1165));
#235=EDGE_LOOP('',(#1166,#1167,#1168,#1169));
#236=EDGE_LOOP('',(#1170));
#237=EDGE_LOOP('',(#1171,#1172,#1173,#1174));
#238=EDGE_LOOP('',(#1175));
#239=EDGE_LOOP('',(#1176,#1177,#1178,#1179));
#240=EDGE_LOOP('',(#1180));
#241=EDGE_LOOP('',(#1181,#1182,#1183,#1184));
#242=EDGE_LOOP('',(#1185));
#243=EDGE_LOOP('',(#1186,#1187,#1188,#1189));
#244=EDGE_LOOP('',(#1190));
#245=EDGE_LOOP('',(#1191,#1192,#1193,#1194));
#246=EDGE_LOOP('',(#1195));
#247=EDGE_LOOP('',(#1196,#1197,#1198,#1199));
#248=EDGE_LOOP('',(#1200));
#249=EDGE_LOOP('',(#1201,#1202,#1203,#1204));
#250=EDGE_LOOP('',(#1205));
#251=EDGE_LOOP('',(#1206,#1207,#1208,#1209));
#252=EDGE_LOOP('',(#1210,#1211,#1212,#1213));
#253=EDGE_LOOP('',(#1214,#1215,#1216,#1217));
#254=EDGE_LOOP('',(#1218));
#255=EDGE_LOOP('',(#1219,#1220,#1221,#1222));
#256=EDGE_LOOP('',(#1223,#1224,#1225,#1226));
#257=EDGE_LOOP('',(#1227,#1228,#1229,#1230));
#258=EDGE_LOOP('',(#1231));
#259=EDGE_LOOP('',(#1232,#1233,#1234,#1235));
#260=EDGE_LOOP('',(#1236));
#261=EDGE_LOOP('',(#1237,#1238,#1239,#1240));
#262=EDGE_LOOP('',(#1241,#1242,#1243,#1244));
#263=EDGE_LOOP('',(#1245,#1246,#1247,#1248));
#264=EDGE_LOOP('',(#1249));
#265=EDGE_LOOP('',(#1250,#1251,#1252,#1253));
#266=EDGE_LOOP('',(#1254,#1255,#1256,#1257));
#267=EDGE_LOOP('',(#1258,#1259,#1260,#1261));
#268=EDGE_LOOP('',(#1262));
#269=EDGE_LOOP('',(#1263,#1264,#1265,#1266));
#270=EDGE_LOOP('',(#1267));
#271=EDGE_LOOP('',(#1268,#1269,#1270,#1271));
#272=EDGE_LOOP('',(#1272,#1273,#1274,#1275));
#273=EDGE_LOOP('',(#1276,#1277,#1278,#1279));
#274=EDGE_LOOP('',(#1280,#1281,#1282,#1283));
#275=EDGE_LOOP('',(#1284));
#276=EDGE_LOOP('',(#1285));
#277=EDGE_LOOP('',(#1286,#1287,#1288,#1289));
#278=EDGE_LOOP('',(#1290,#1291,#1292,#1293));
#279=EDGE_LOOP('',(#1294,#1295,#1296,#1297));
#280=EDGE_LOOP('',(#1298));
#281=EDGE_LOOP('',(#1299));
#282=EDGE_LOOP('',(#1300,#1301,#1302,#1303,#1304,#1305,#1306,#1307,#1308,
#1309,#1310,#1311,#1312,#1313,#1314,#1315,#1316,#1317,#1318,#1319,#1320,
#1321,#1322));
#283=EDGE_LOOP('',(#1323,#1324));
#284=EDGE_LOOP('',(#1325,#1326));
#285=EDGE_LOOP('',(#1327,#1328));
#286=EDGE_LOOP('',(#1329));
#287=EDGE_LOOP('',(#1330,#1331));
#288=EDGE_LOOP('',(#1332,#1333,#1334,#1335));
#289=EDGE_LOOP('',(#1336,#1337,#1338,#1339));
#290=EDGE_LOOP('',(#1340,#1341,#1342,#1343));
#291=EDGE_LOOP('',(#1344,#1345,#1346,#1347));
#292=EDGE_LOOP('',(#1348,#1349,#1350,#1351));
#293=EDGE_LOOP('',(#1352,#1353,#1354,#1355));
#294=CIRCLE('',#1456,1.6);
#295=CIRCLE('',#1457,3.25);
#296=CIRCLE('',#1458,3.25);
#297=CIRCLE('',#1460,1.6);
#298=CIRCLE('',#1462,3.25);
#299=CIRCLE('',#1463,3.25);
#300=CIRCLE('',#1464,1.6);
#301=CIRCLE('',#1466,1.6);
#302=CIRCLE('',#1468,3.25);
#303=CIRCLE('',#1469,3.25);
#304=CIRCLE('',#1470,1.6);
#305=CIRCLE('',#1471,3.25);
#306=CIRCLE('',#1473,1.6);
#307=CIRCLE('',#1475,3.25);
#308=CIRCLE('',#1476,3.25);
#309=CIRCLE('',#1477,1.6);
#310=CIRCLE('',#1479,1.6);
#311=CIRCLE('',#1481,3.25);
#312=CIRCLE('',#1482,1.6);
#313=CIRCLE('',#1483,3.25);
#314=CIRCLE('',#1484,3.25);
#315=CIRCLE('',#1486,1.6);
#316=CIRCLE('',#1488,1.6);
#317=CIRCLE('',#1489,3.25);
#318=CIRCLE('',#1490,3.25);
#319=CIRCLE('',#1492,1.6);
#320=CIRCLE('',#1494,108.6785);
#321=CIRCLE('',#1495,108.6785);
#322=CIRCLE('',#1496,108.6785);
#323=CIRCLE('',#1497,108.6785);
#324=CIRCLE('',#1498,108.6785);
#325=CIRCLE('',#1499,108.6785);
#326=CIRCLE('',#1500,108.6785);
#327=CIRCLE('',#1501,108.6785);
#328=CIRCLE('',#1502,108.6785);
#329=CIRCLE('',#1503,108.6785);
#330=CIRCLE('',#1504,108.6785);
#331=CIRCLE('',#1505,108.6785);
#332=CIRCLE('',#1506,108.6785);
#333=CIRCLE('',#1507,108.6785);
#334=CIRCLE('',#1508,108.6785);
#335=CIRCLE('',#1509,108.6785);
#336=CIRCLE('',#1510,108.6785);
#337=CIRCLE('',#1511,108.6785);
#338=CIRCLE('',#1512,108.6785);
#339=CIRCLE('',#1513,108.6785);
#340=CIRCLE('',#1515,103.6035);
#341=CIRCLE('',#1517,103.6035);
#342=CIRCLE('',#1519,103.6035);
#343=CIRCLE('',#1520,103.6035);
#344=CIRCLE('',#1522,103.6035);
#345=CIRCLE('',#1524,103.6035);
#346=CIRCLE('',#1526,103.6035);
#347=CIRCLE('',#1528,1.7);
#348=CIRCLE('',#1531,1.7);
#349=CIRCLE('',#1534,1.7);
#350=CIRCLE('',#1537,1.7);
#351=CIRCLE('',#1540,1.7);
#352=CIRCLE('',#1543,1.7);
#353=CIRCLE('',#1546,1.25);
#354=CIRCLE('',#1547,1.25);
#355=CIRCLE('',#1550,1.25);
#356=CIRCLE('',#1551,1.25);
#357=CIRCLE('',#1554,1.25);
#358=CIRCLE('',#1555,1.25);
#359=CIRCLE('',#1558,1.25);
#360=CIRCLE('',#1559,1.25);
#361=CIRCLE('',#1562,1.25);
#362=CIRCLE('',#1563,1.25);
#363=CIRCLE('',#1566,1.25);
#364=CIRCLE('',#1567,1.25);
#365=CIRCLE('',#1570,4.49999999999999);
#366=CIRCLE('',#1571,4.49999999999999);
#367=CIRCLE('',#1572,103.6035);
#368=CIRCLE('',#1574,4.49999999999999);
#369=CIRCLE('',#1575,4.49999999999999);
#370=CIRCLE('',#1576,103.6035);
#371=CIRCLE('',#1578,4.5);
#372=CIRCLE('',#1579,103.6035);
#373=CIRCLE('',#1580,4.5);
#374=CIRCLE('',#1582,4.49999999999999);
#375=CIRCLE('',#1583,4.49999999999999);
#376=CIRCLE('',#1584,103.6035);
#377=CIRCLE('',#1586,4.5);
#378=CIRCLE('',#1587,103.6035);
#379=CIRCLE('',#1588,4.5);
#380=CIRCLE('',#1590,4.49999999999999);
#381=CIRCLE('',#1591,103.6035);
#382=CIRCLE('',#1592,4.49999999999999);
#383=CIRCLE('',#1594,4.49999999999999);
#384=CIRCLE('',#1596,4.49999999999999);
#385=CIRCLE('',#1598,103.6035);
#386=CIRCLE('',#1599,4.49999999999999);
#387=CIRCLE('',#1601,4.49999999999999);
#388=CIRCLE('',#1603,4.5);
#389=CIRCLE('',#1605,103.6035);
#390=CIRCLE('',#1606,4.49999999999999);
#391=CIRCLE('',#1608,4.5);
#392=CIRCLE('',#1609,103.6035);
#393=CIRCLE('',#1611,4.49999999999999);
#394=CIRCLE('',#1614,103.6035);
#395=CIRCLE('',#1615,4.49999999999999);
#396=CIRCLE('',#1617,4.49999999999999);
#397=CIRCLE('',#1619,4.5);
#398=CIRCLE('',#1621,103.6035);
#399=CIRCLE('',#1623,4.5);
#400=CIRCLE('',#1624,103.6035);
#401=CIRCLE('',#1630,114.41);
#402=CIRCLE('',#1631,103.6035);
#403=CIRCLE('',#1633,114.41);
#404=CIRCLE('',#1635,1.75000000000001);
#405=CIRCLE('',#1636,114.41);
#406=CIRCLE('',#1638,114.41);
#407=LINE('',#2086,#467);
#408=LINE('',#2117,#468);
#409=LINE('',#2160,#469);
#410=LINE('',#2164,#470);
#411=LINE('',#2203,#471);
#412=LINE('',#2208,#472);
#413=LINE('',#2251,#473);
#414=LINE('',#2255,#474);
#415=LINE('',#2277,#475);
#416=LINE('',#2299,#476);
#417=LINE('',#2317,#477);
#418=LINE('',#2342,#478);
#419=LINE('',#2351,#479);
#420=LINE('',#2373,#480);
#421=LINE('',#2403,#481);
#422=LINE('',#2406,#482);
#423=LINE('',#2411,#483);
#424=LINE('',#2414,#484);
#425=LINE('',#2419,#485);
#426=LINE('',#2422,#486);
#427=LINE('',#2425,#487);
#428=LINE('',#2429,#488);
#429=LINE('',#2433,#489);
#430=LINE('',#2437,#490);
#431=LINE('',#2441,#491);
#432=LINE('',#2445,#492);
#433=LINE('',#2661,#493);
#434=LINE('',#2665,#494);
#435=LINE('',#2705,#495);
#436=LINE('',#2709,#496);
#437=LINE('',#2752,#497);
#438=LINE('',#2756,#498);
#439=LINE('',#2796,#499);
#440=LINE('',#2800,#500);
#441=LINE('',#2840,#501);
#442=LINE('',#2844,#502);
#443=LINE('',#2881,#503);
#444=LINE('',#2885,#504);
#445=LINE('',#2927,#505);
#446=LINE('',#2934,#506);
#447=LINE('',#2941,#507);
#448=LINE('',#2948,#508);
#449=LINE('',#2955,#509);
#450=LINE('',#2962,#510);
#451=LINE('',#3004,#511);
#452=LINE('',#3008,#512);
#453=LINE('',#3016,#513);
#454=LINE('',#3020,#514);
#455=LINE('',#3032,#515);
#456=LINE('',#3034,#516);
#457=LINE('',#3042,#517);
#458=LINE('',#3046,#518);
#459=LINE('',#3054,#519);
#460=LINE('',#3056,#520);
#461=LINE('',#3058,#521);
#462=LINE('',#3060,#522);
#463=LINE('',#3069,#523);
#464=LINE('',#3077,#524);
#465=LINE('',#3080,#525);
#466=LINE('',#3081,#526);
#467=VECTOR('',#1645,2.425);
#468=VECTOR('',#1654,1.6);
#469=VECTOR('',#1663,2.425);
#470=VECTOR('',#1668,1.6);
#471=VECTOR('',#1677,2.425);
#472=VECTOR('',#1684,1.6);
#473=VECTOR('',#1693,2.425);
#474=VECTOR('',#1698,1.6);
#475=VECTOR('',#1705,2.425);
#476=VECTOR('',#1714,1.6);
#477=VECTOR('',#1719,2.425);
#478=VECTOR('',#1728,1.6);
#479=VECTOR('',#1741,108.6785);
#480=VECTOR('',#1742,108.6785);
#481=VECTOR('',#1753,10.);
#482=VECTOR('',#1756,10.);
#483=VECTOR('',#1759,10.);
#484=VECTOR('',#1762,10.);
#485=VECTOR('',#1765,10.);
#486=VECTOR('',#1768,10.);
#487=VECTOR('',#1769,10.);
#488=VECTOR('',#1772,10.);
#489=VECTOR('',#1775,10.);
#490=VECTOR('',#1778,10.);
#491=VECTOR('',#1781,10.);
#492=VECTOR('',#1784,10.);
#493=VECTOR('',#1815,2.475);
#494=VECTOR('',#1820,1.7);
#495=VECTOR('',#1823,2.475);
#496=VECTOR('',#1828,1.7);
#497=VECTOR('',#1831,2.475);
#498=VECTOR('',#1836,1.7);
#499=VECTOR('',#1839,2.475);
#500=VECTOR('',#1844,1.7);
#501=VECTOR('',#1847,2.475);
#502=VECTOR('',#1852,1.7);
#503=VECTOR('',#1855,2.475);
#504=VECTOR('',#1860,1.7);
#505=VECTOR('',#1865,1.25);
#506=VECTOR('',#1874,1.25);
#507=VECTOR('',#1883,1.25);
#508=VECTOR('',#1892,1.25);
#509=VECTOR('',#1901,1.25);
#510=VECTOR('',#1910,1.25);
#511=VECTOR('',#1967,10.);
#512=VECTOR('',#1972,10.);
#513=VECTOR('',#1983,10.);
#514=VECTOR('',#1988,10.);
#515=VECTOR('',#2005,10.);
#516=VECTOR('',#2008,10.);
#517=VECTOR('',#2019,10.);
#518=VECTOR('',#2024,10.);
#519=VECTOR('',#2037,10.);
#520=VECTOR('',#2040,10.);
#521=VECTOR('',#2043,10.);
#522=VECTOR('',#2046,10.);
#523=VECTOR('',#2057,114.41);
#524=VECTOR('',#2068,114.41);
#525=VECTOR('',#2073,103.6035);
#526=VECTOR('',#2074,103.6035);
#527=B_SPLINE_CURVE_WITH_KNOTS('',3,(#2079,#2080,#2081,#2082,#2083,#2084),
 .UNSPECIFIED.,.F.,.F.,(4,2,4),(1.52690472228687,1.55327506840232,1.60091336968051),
 .UNSPECIFIED.);
#528=B_SPLINE_CURVE_WITH_KNOTS('',3,(#2089,#2090,#2091,#2092,#2093,#2094,
#2095,#2096,#2097,#2098,#2099,#2100),.UNSPECIFIED.,.F.,.F.,(4,2,2,2,2,4),
(1.60091336968051,1.66422328757391,1.7751715067455,1.8861197259171,1.99706794508869,
2.02343829120414),.UNSPECIFIED.);
#529=B_SPLINE_CURVE_WITH_KNOTS('',3,(#2104,#2105,#2106,#2107,#2108,#2109,
#2110,#2111,#2112,#2113),.UNSPECIFIED.,.F.,.F.,(4,2,2,2,4),(1.429620013487,
1.52190328224404,1.65653447641916,1.79116567059428,1.85948279588076),
 .UNSPECIFIED.);
#530=B_SPLINE_CURVE_WITH_KNOTS('',3,(#2122,#2123,#2124,#2125,#2126,#2127),
 .UNSPECIFIED.,.F.,.F.,(4,2,4),(1.54128700647887,1.56885743500684,1.62221563660073),
 .UNSPECIFIED.);
#531=B_SPLINE_CURVE_WITH_KNOTS('',3,(#2131,#2132,#2133,#2134,#2135,#2136,
#2137,#2138,#2139,#2140,#2141,#2142,#2143,#2144),.UNSPECIFIED.,.F.,.F.,
(4,2,2,2,2,2,4),(1.52690472228687,1.55327506840231,1.66422328757391,1.7751715067455,
1.88611972591709,1.99706794508869,2.02343829120414),.UNSPECIFIED.);
#532=B_SPLINE_CURVE_WITH_KNOTS('',3,(#2147,#2148,#2149,#2150,#2151,#2152,
#2153,#2154,#2155,#2156,#2157,#2158),.UNSPECIFIED.,.F.,.F.,(4,2,2,2,2,4),
(1.62221563660073,1.68091868036447,1.7929799257221,1.90504117107973,2.01710241643736,
2.04467284496533),.UNSPECIFIED.);
#533=B_SPLINE_CURVE_WITH_KNOTS('',3,(#2169,#2170,#2171,#2172,#2173,#2174,
#2175,#2176,#2177,#2178,#2179,#2180,#2181,#2182),.UNSPECIFIED.,.F.,.F.,
(4,2,2,2,2,2,4),(1.54128700647887,1.56885743500683,1.68091868036447,1.7929799257221,
1.90504117107973,2.01710241643736,2.04467284496533),.UNSPECIFIED.);
#534=B_SPLINE_CURVE_WITH_KNOTS('',3,(#2186,#2187,#2188,#2189,#2190,#2191,
#2192,#2193,#2194,#2195,#2196,#2197,#2198,#2199),.UNSPECIFIED.,.F.,.F.,
(4,2,2,2,2,2,4),(1.52690472228687,1.55327506840231,1.6642232875739,1.7751715067455,
1.88611972591709,1.99706794508869,2.02343829120413),.UNSPECIFIED.);
#535=B_SPLINE_CURVE_WITH_KNOTS('',3,(#2213,#2214,#2215,#2216,#2217,#2218,
#2219,#2220,#2221,#2222,#2223,#2224),.UNSPECIFIED.,.F.,.F.,(4,2,2,2,2,4),
(1.54128700647887,1.56885743500683,1.68091868036447,1.7929799257221,1.90504117107973,
1.96374421484347),.UNSPECIFIED.);
#536=B_SPLINE_CURVE_WITH_KNOTS('',3,(#2228,#2229,#2230,#2231,#2232,#2233,
#2234,#2235,#2236,#2237,#2238,#2239,#2240,#2241),.UNSPECIFIED.,.F.,.F.,
(4,2,2,2,2,2,4),(1.52690472228687,1.55327506840231,1.66422328757391,1.7751715067455,
1.8861197259171,1.99706794508869,2.02343829120414),.UNSPECIFIED.);
#537=B_SPLINE_CURVE_WITH_KNOTS('',3,(#2244,#2245,#2246,#2247,#2248,#2249),
 .UNSPECIFIED.,.F.,.F.,(4,2,4),(1.96374421484347,2.01710241643736,2.04467284496533),
 .UNSPECIFIED.);
#538=B_SPLINE_CURVE_WITH_KNOTS('',3,(#2260,#2261,#2262,#2263,#2264,#2265,
#2266,#2267,#2268,#2269,#2270,#2271,#2272,#2273),.UNSPECIFIED.,.F.,.F.,
(4,2,2,2,2,2,4),(1.54128700647887,1.56885743500683,1.68091868036447,1.7929799257221,
1.90504117107973,2.01710241643736,2.04467284496533),.UNSPECIFIED.);
#539=B_SPLINE_CURVE_WITH_KNOTS('',3,(#2282,#2283,#2284,#2285,#2286,#2287,
#2288,#2289,#2290,#2291,#2292,#2293,#2294,#2295),.UNSPECIFIED.,.F.,.F.,
(4,2,2,2,2,2,4),(1.52690472228687,1.55327506840232,1.66422328757391,1.7751715067455,
1.8861197259171,1.99706794508869,2.02343829120414),.UNSPECIFIED.);
#540=B_SPLINE_CURVE_WITH_KNOTS('',3,(#2304,#2305,#2306,#2307,#2308,#2309,
#2310,#2311,#2312,#2313,#2314,#2315),.UNSPECIFIED.,.F.,.F.,(4,2,2,2,2,4),
(1.52690472228687,1.55327506840232,1.66422328757391,1.77517150674551,1.8861197259171,
1.9494296438105),.UNSPECIFIED.);
#541=B_SPLINE_CURVE_WITH_KNOTS('',3,(#2320,#2321,#2322,#2323,#2324,#2325),
 .UNSPECIFIED.,.F.,.F.,(4,2,4),(1.9494296438105,1.99706794508869,2.02343829120414),
 .UNSPECIFIED.);
#542=B_SPLINE_CURVE_WITH_KNOTS('',3,(#2329,#2330,#2331,#2332,#2333,#2334,
#2335,#2336,#2337,#2338),.UNSPECIFIED.,.F.,.F.,(4,2,2,2,4),(1.4225455091938,
1.49086263448027,1.62549382865539,1.76012502283052,1.85240829158755),
 .UNSPECIFIED.);
#543=B_SPLINE_CURVE_WITH_KNOTS('',3,(#2353,#2354,#2355,#2356,#2357,#2358,
#2359,#2360,#2361,#2362,#2363,#2364,#2365,#2366,#2367,#2368,#2369,#2370,
#2371),.UNSPECIFIED.,.F.,.F.,(4,2,2,2,3,2,2,2,4),(1.45851045824643,1.58025575475161,
1.70200105125679,1.82334083112601,1.94468061099524,2.06602039086446,2.18736017073369,
2.30910546723887,2.43085076374404),.UNSPECIFIED.);
#544=B_SPLINE_CURVE_WITH_KNOTS('',3,(#2376,#2377,#2378,#2379,#2380,#2381,
#2382,#2383,#2384,#2385),.UNSPECIFIED.,.F.,.F.,(4,2,2,2,4),(0.486170152748809,
0.607915449253988,0.729660745759167,0.851000525628392,0.972340305497618),
 .UNSPECIFIED.);
#545=B_SPLINE_CURVE_WITH_KNOTS('',3,(#2386,#2387,#2388,#2389,#2390,#2391,
#2392,#2393,#2394,#2395),.UNSPECIFIED.,.F.,.F.,(4,2,2,2,4),(0.972340305497618,
1.09368008536684,1.21501986523607,1.33676516174125,1.45851045824643),
 .UNSPECIFIED.);
#546=B_SPLINE_CURVE_WITH_KNOTS('',3,(#2449,#2450,#2451,#2452,#2453,#2454,
#2455,#2456,#2457,#2458,#2459,#2460,#2461,#2462,#2463,#2464,#2465,#2466),
 .UNSPECIFIED.,.F.,.F.,(4,2,2,2,2,2,2,2,4),(0.486170152748812,0.607915449253993,
0.729660745759174,0.8510005256284,0.972340305497627,1.09368008536685,1.21501986523608,
1.33676516174126,1.45851045824644),.UNSPECIFIED.);
#547=B_SPLINE_CURVE_WITH_KNOTS('',3,(#2467,#2468,#2469,#2470,#2471,#2472,
#2473,#2474,#2475,#2476,#2477,#2478,#2479,#2480,#2481,#2482,#2483,#2484,
#2485),.UNSPECIFIED.,.F.,.F.,(4,2,2,2,3,2,2,2,4),(1.45851045824644,1.58025575475162,
1.7020010512568,1.82334083112603,1.94468061099525,2.06602039086448,2.1873601707337,
2.30910546723889,2.43085076374407),.UNSPECIFIED.);
#548=B_SPLINE_CURVE_WITH_KNOTS('',3,(#2488,#2489,#2490,#2491,#2492,#2493,
#2494,#2495,#2496,#2497),.UNSPECIFIED.,.F.,.F.,(4,2,2,2,4),(0.486170152748809,
0.607915449253988,0.729660745759168,0.851000525628393,0.972340305497619),
 .UNSPECIFIED.);
#549=B_SPLINE_CURVE_WITH_KNOTS('',3,(#2499,#2500,#2501,#2502,#2503,#2504,
#2505,#2506,#2507,#2508),.UNSPECIFIED.,.F.,.F.,(4,2,2,2,4),(0.972340305497619,
1.09368008536684,1.21501986523607,1.33676516174125,1.45851045824643),
 .UNSPECIFIED.);
#550=B_SPLINE_CURVE_WITH_KNOTS('',3,(#2509,#2510,#2511,#2512,#2513,#2514,
#2515,#2516,#2517,#2518,#2519,#2520,#2521,#2522,#2523,#2524,#2525,#2526,
#2527),.UNSPECIFIED.,.F.,.F.,(4,2,2,2,3,2,2,2,4),(1.45851045824643,1.58025575475161,
1.70200105125679,1.82334083112601,1.94468061099524,2.06602039086446,2.18736017073369,
2.30910546723887,2.43085076374405),.UNSPECIFIED.);
#551=B_SPLINE_CURVE_WITH_KNOTS('',3,(#2530,#2531,#2532,#2533,#2534,#2535,
#2536,#2537,#2538,#2539,#2540,#2541,#2542,#2543,#2544,#2545,#2546,#2547),
 .UNSPECIFIED.,.F.,.F.,(4,2,2,2,2,2,2,2,4),(0.48617015274881,0.60791544925399,
0.72966074575917,0.851000525628395,0.97234030549762,1.09368008536685,1.21501986523607,
1.33676516174125,1.45851045824643),.UNSPECIFIED.);
#552=B_SPLINE_CURVE_WITH_KNOTS('',3,(#2548,#2549,#2550,#2551,#2552,#2553,
#2554,#2555,#2556,#2557,#2558,#2559,#2560,#2561,#2562,#2563,#2564,#2565,
#2566),.UNSPECIFIED.,.F.,.F.,(4,2,2,2,3,2,2,2,4),(1.45851045824643,1.58025575475161,
1.70200105125679,1.82334083112601,1.94468061099524,2.06602039086446,2.18736017073369,
2.30910546723887,2.43085076374405),.UNSPECIFIED.);
#553=B_SPLINE_CURVE_WITH_KNOTS('',3,(#2569,#2570,#2571,#2572,#2573,#2574,
#2575,#2576,#2577,#2578,#2579,#2580,#2581,#2582,#2583,#2584,#2585,#2586),
 .UNSPECIFIED.,.F.,.F.,(4,2,2,2,2,2,2,2,4),(0.486170152748809,0.60791544925399,
0.72966074575917,0.851000525628395,0.97234030549762,1.09368008536684,1.21501986523607,
1.33676516174125,1.45851045824643),.UNSPECIFIED.);
#554=B_SPLINE_CURVE_WITH_KNOTS('',3,(#2587,#2588,#2589,#2590,#2591,#2592,
#2593,#2594,#2595,#2596,#2597,#2598,#2599,#2600,#2601,#2602,#2603,#2604,
#2605),.UNSPECIFIED.,.F.,.F.,(4,2,2,2,3,2,2,2,4),(1.45851045824643,1.58025575475161,
1.70200105125679,1.82334083112601,1.94468061099524,2.06602039086446,2.18736017073369,
2.30910546723887,2.43085076374405),.UNSPECIFIED.);
#555=B_SPLINE_CURVE_WITH_KNOTS('',3,(#2608,#2609,#2610,#2611,#2612,#2613,
#2614,#2615,#2616,#2617,#2618,#2619,#2620,#2621,#2622,#2623,#2624,#2625),
 .UNSPECIFIED.,.F.,.F.,(4,2,2,2,2,2,2,2,4),(0.486170152748811,0.607915449253992,
0.729660745759173,0.851000525628398,0.972340305497624,1.09368008536685,
1.21501986523608,1.33676516174126,1.45851045824644),.UNSPECIFIED.);
#556=B_SPLINE_CURVE_WITH_KNOTS('',3,(#2626,#2627,#2628,#2629,#2630,#2631,
#2632,#2633,#2634,#2635,#2636,#2637,#2638,#2639,#2640,#2641,#2642,#2643,
#2644),.UNSPECIFIED.,.F.,.F.,(4,2,2,2,3,2,2,2,4),(1.45851045824644,1.58025575475162,
1.7020010512568,1.82334083112602,1.94468061099525,2.06602039086447,2.1873601707337,
2.30910546723888,2.43085076374406),.UNSPECIFIED.);
#557=B_SPLINE_CURVE_WITH_KNOTS('',3,(#2667,#2668,#2669,#2670,#2671,#2672,
#2673,#2674,#2675,#2676),.UNSPECIFIED.,.F.,.F.,(4,2,2,2,4),(0.,0.0640379709133958,
0.128075941826792,0.192113912583608,0.256151883340423),.UNSPECIFIED.);
#558=B_SPLINE_CURVE_WITH_KNOTS('',3,(#2677,#2678,#2679,#2680,#2681,#2682,
#2683,#2684,#2685,#2686,#2687,#2688,#2689,#2690,#2691,#2692,#2693,#2694,
#2695,#2696,#2697,#2698,#2699,#2700,#2701,#2702),.UNSPECIFIED.,.F.,.F.,
(4,2,2,2,2,2,2,2,2,2,2,2,4),(0.256151883340423,0.320189854097239,0.384227824854054,
0.44826579576745,0.512303766680845,0.576341737594241,0.640379708507637,
0.704417679264452,0.768455650021267,0.832493620778083,0.896531591534899,
0.960569562448295,1.02460753336169),.UNSPECIFIED.);
#559=B_SPLINE_CURVE_WITH_KNOTS('',3,(#2711,#2712,#2713,#2714,#2715,#2716,
#2717,#2718,#2719,#2720),.UNSPECIFIED.,.F.,.F.,(4,2,2,2,4),(0.768455650021268,
0.832493620778083,0.896531591534899,0.960569562448295,1.02460753336169),
 .UNSPECIFIED.);
#560=B_SPLINE_CURVE_WITH_KNOTS('',3,(#2722,#2723,#2724,#2725,#2726,#2727,
#2728,#2729,#2730,#2731,#2732,#2733,#2734,#2735,#2736,#2737,#2738,#2739),
 .UNSPECIFIED.,.F.,.F.,(4,2,2,2,2,2,2,2,4),(0.256151883340423,0.320189854097238,
0.384227824854054,0.448265795767449,0.512303766680845,0.576341737594241,
0.640379708507637,0.704417679264452,0.768455650021268),.UNSPECIFIED.);
#561=B_SPLINE_CURVE_WITH_KNOTS('',3,(#2740,#2741,#2742,#2743,#2744,#2745,
#2746,#2747,#2748,#2749),.UNSPECIFIED.,.F.,.F.,(4,2,2,2,4),(0.,0.0640379709133958,
0.128075941826792,0.192113912583607,0.256151883340423),.UNSPECIFIED.);
#562=B_SPLINE_CURVE_WITH_KNOTS('',3,(#2758,#2759,#2760,#2761,#2762,#2763,
#2764,#2765,#2766,#2767,#2768,#2769,#2770,#2771,#2772,#2773,#2774,#2775,
#2776,#2777,#2778,#2779,#2780,#2781,#2782,#2783),.UNSPECIFIED.,.F.,.F.,
(4,2,2,2,2,2,2,2,2,2,2,2,4),(0.,0.0640379709133958,0.128075941826792,0.192113912583607,
0.256151883340423,0.320189854097238,0.384227824854053,0.448265795767449,
0.512303766680845,0.576341737594241,0.640379708507637,0.704417679264452,
0.768455650021267),.UNSPECIFIED.);
#563=B_SPLINE_CURVE_WITH_KNOTS('',3,(#2784,#2785,#2786,#2787,#2788,#2789,
#2790,#2791,#2792,#2793),.UNSPECIFIED.,.F.,.F.,(4,2,2,2,4),(0.768455650021267,
0.832493620778083,0.896531591534898,0.960569562448294,1.02460753336169),
 .UNSPECIFIED.);
#564=B_SPLINE_CURVE_WITH_KNOTS('',3,(#2802,#2803,#2804,#2805,#2806,#2807,
#2808,#2809,#2810,#2811,#2812,#2813,#2814,#2815,#2816,#2817,#2818,#2819,
#2820,#2821,#2822,#2823,#2824,#2825,#2826,#2827),.UNSPECIFIED.,.F.,.F.,
(4,2,2,2,2,2,2,2,2,2,2,2,4),(0.,0.0640379709133957,0.128075941826791,0.192113912583607,
0.256151883340422,0.320189854097237,0.384227824854053,0.448265795767449,
0.512303766680844,0.57634173759424,0.640379708507636,0.704417679264451,
0.768455650021267),.UNSPECIFIED.);
#565=B_SPLINE_CURVE_WITH_KNOTS('',3,(#2828,#2829,#2830,#2831,#2832,#2833,
#2834,#2835,#2836,#2837),.UNSPECIFIED.,.F.,.F.,(4,2,2,2,4),(0.768455650021267,
0.832493620778082,0.896531591534897,0.960569562448293,1.02460753336169),
 .UNSPECIFIED.);
#566=B_SPLINE_CURVE_WITH_KNOTS('',3,(#2845,#2846,#2847,#2848,#2849,#2850,
#2851,#2852,#2853,#2854,#2855,#2856,#2857,#2858,#2859,#2860,#2861,#2862,
#2863,#2864,#2865,#2866,#2867,#2868,#2869,#2870,#2871,#2872,#2873,#2874,
#2875,#2876,#2877,#2878),.UNSPECIFIED.,.T.,.F.,(4,2,2,2,2,2,2,2,2,2,2,2,
2,2,2,2,4),(0.,0.0640379709133958,0.128075941826792,0.192113912583607,0.256151883340423,
0.320189854097238,0.384227824854054,0.448265795767449,0.512303766680845,
0.576341737594241,0.640379708507637,0.704417679264452,0.768455650021268,
0.832493620778083,0.896531591534899,0.960569562448295,1.02460753336169),
 .UNSPECIFIED.);
#567=B_SPLINE_CURVE_WITH_KNOTS('',3,(#2887,#2888,#2889,#2890,#2891,#2892,
#2893,#2894,#2895,#2896),.UNSPECIFIED.,.F.,.F.,(4,2,2,2,4),(0.,0.0640379709133955,
0.128075941826791,0.192113912583607,0.256151883340423),.UNSPECIFIED.);
#568=B_SPLINE_CURVE_WITH_KNOTS('',3,(#2897,#2898,#2899,#2900,#2901,#2902,
#2903,#2904,#2905,#2906,#2907,#2908,#2909,#2910,#2911,#2912,#2913,#2914,
#2915,#2916,#2917,#2918,#2919,#2920,#2921,#2922),.UNSPECIFIED.,.F.,.F.,
(4,2,2,2,2,2,2,2,2,2,2,2,4),(0.256151883340423,0.320189854097239,0.384227824854054,
0.44826579576745,0.512303766680846,0.576341737594242,0.640379708507638,
0.704417679264453,0.768455650021269,0.832493620778085,0.896531591534901,
0.960569562448297,1.02460753336169),.UNSPECIFIED.);
#569=VERTEX_POINT('',#2077);
#570=VERTEX_POINT('',#2078);
#571=VERTEX_POINT('',#2085);
#572=VERTEX_POINT('',#2088);
#573=VERTEX_POINT('',#2101);
#574=VERTEX_POINT('',#2103);
#575=VERTEX_POINT('',#2116);
#576=VERTEX_POINT('',#2120);
#577=VERTEX_POINT('',#2121);
#578=VERTEX_POINT('',#2128);
#579=VERTEX_POINT('',#2130);
#580=VERTEX_POINT('',#2145);
#581=VERTEX_POINT('',#2159);
#582=VERTEX_POINT('',#2163);
#583=VERTEX_POINT('',#2167);
#584=VERTEX_POINT('',#2168);
#585=VERTEX_POINT('',#2183);
#586=VERTEX_POINT('',#2185);
#587=VERTEX_POINT('',#2200);
#588=VERTEX_POINT('',#2202);
#589=VERTEX_POINT('',#2207);
#590=VERTEX_POINT('',#2211);
#591=VERTEX_POINT('',#2212);
#592=VERTEX_POINT('',#2225);
#593=VERTEX_POINT('',#2227);
#594=VERTEX_POINT('',#2242);
#595=VERTEX_POINT('',#2250);
#596=VERTEX_POINT('',#2254);
#597=VERTEX_POINT('',#2258);
#598=VERTEX_POINT('',#2259);
#599=VERTEX_POINT('',#2274);
#600=VERTEX_POINT('',#2276);
#601=VERTEX_POINT('',#2279);
#602=VERTEX_POINT('',#2281);
#603=VERTEX_POINT('',#2298);
#604=VERTEX_POINT('',#2302);
#605=VERTEX_POINT('',#2303);
#606=VERTEX_POINT('',#2316);
#607=VERTEX_POINT('',#2319);
#608=VERTEX_POINT('',#2326);
#609=VERTEX_POINT('',#2328);
#610=VERTEX_POINT('',#2341);
#611=VERTEX_POINT('',#2348);
#612=VERTEX_POINT('',#2350);
#613=VERTEX_POINT('',#2352);
#614=VERTEX_POINT('',#2372);
#615=VERTEX_POINT('',#2375);
#616=VERTEX_POINT('',#2399);
#617=VERTEX_POINT('',#2400);
#618=VERTEX_POINT('',#2402);
#619=VERTEX_POINT('',#2404);
#620=VERTEX_POINT('',#2407);
#621=VERTEX_POINT('',#2408);
#622=VERTEX_POINT('',#2410);
#623=VERTEX_POINT('',#2412);
#624=VERTEX_POINT('',#2415);
#625=VERTEX_POINT('',#2416);
#626=VERTEX_POINT('',#2418);
#627=VERTEX_POINT('',#2420);
#628=VERTEX_POINT('',#2423);
#629=VERTEX_POINT('',#2424);
#630=VERTEX_POINT('',#2426);
#631=VERTEX_POINT('',#2428);
#632=VERTEX_POINT('',#2431);
#633=VERTEX_POINT('',#2432);
#634=VERTEX_POINT('',#2434);
#635=VERTEX_POINT('',#2436);
#636=VERTEX_POINT('',#2439);
#637=VERTEX_POINT('',#2440);
#638=VERTEX_POINT('',#2442);
#639=VERTEX_POINT('',#2444);
#640=VERTEX_POINT('',#2447);
#641=VERTEX_POINT('',#2448);
#642=VERTEX_POINT('',#2486);
#643=VERTEX_POINT('',#2487);
#644=VERTEX_POINT('',#2498);
#645=VERTEX_POINT('',#2528);
#646=VERTEX_POINT('',#2529);
#647=VERTEX_POINT('',#2567);
#648=VERTEX_POINT('',#2568);
#649=VERTEX_POINT('',#2606);
#650=VERTEX_POINT('',#2607);
#651=VERTEX_POINT('',#2650);
#652=VERTEX_POINT('',#2660);
#653=VERTEX_POINT('',#2664);
#654=VERTEX_POINT('',#2666);
#655=VERTEX_POINT('',#2704);
#656=VERTEX_POINT('',#2708);
#657=VERTEX_POINT('',#2710);
#658=VERTEX_POINT('',#2721);
#659=VERTEX_POINT('',#2751);
#660=VERTEX_POINT('',#2755);
#661=VERTEX_POINT('',#2757);
#662=VERTEX_POINT('',#2795);
#663=VERTEX_POINT('',#2799);
#664=VERTEX_POINT('',#2801);
#665=VERTEX_POINT('',#2839);
#666=VERTEX_POINT('',#2843);
#667=VERTEX_POINT('',#2880);
#668=VERTEX_POINT('',#2884);
#669=VERTEX_POINT('',#2886);
#670=VERTEX_POINT('',#2924);
#671=VERTEX_POINT('',#2926);
#672=VERTEX_POINT('',#2931);
#673=VERTEX_POINT('',#2933);
#674=VERTEX_POINT('',#2938);
#675=VERTEX_POINT('',#2940);
#676=VERTEX_POINT('',#2945);
#677=VERTEX_POINT('',#2947);
#678=VERTEX_POINT('',#2952);
#679=VERTEX_POINT('',#2954);
#680=VERTEX_POINT('',#2959);
#681=VERTEX_POINT('',#2961);
#682=VERTEX_POINT('',#2966);
#683=VERTEX_POINT('',#2968);
#684=VERTEX_POINT('',#2972);
#685=VERTEX_POINT('',#2974);
#686=VERTEX_POINT('',#2978);
#687=VERTEX_POINT('',#2980);
#688=VERTEX_POINT('',#2984);
#689=VERTEX_POINT('',#2986);
#690=VERTEX_POINT('',#2990);
#691=VERTEX_POINT('',#2992);
#692=VERTEX_POINT('',#2996);
#693=VERTEX_POINT('',#2998);
#694=VERTEX_POINT('',#3002);
#695=VERTEX_POINT('',#3006);
#696=VERTEX_POINT('',#3010);
#697=VERTEX_POINT('',#3014);
#698=VERTEX_POINT('',#3018);
#699=VERTEX_POINT('',#3022);
#700=VERTEX_POINT('',#3026);
#701=VERTEX_POINT('',#3030);
#702=VERTEX_POINT('',#3036);
#703=VERTEX_POINT('',#3040);
#704=VERTEX_POINT('',#3044);
#705=VERTEX_POINT('',#3050);
#706=VERTEX_POINT('',#3062);
#707=VERTEX_POINT('',#3064);
#708=VERTEX_POINT('',#3067);
#709=VERTEX_POINT('',#3071);
#710=VERTEX_POINT('',#3075);
#711=EDGE_CURVE('',#569,#570,#527,.T.);
#712=EDGE_CURVE('',#570,#571,#407,.T.);
#713=EDGE_CURVE('',#571,#571,#294,.T.);
#714=EDGE_CURVE('',#570,#572,#528,.T.);
#715=EDGE_CURVE('',#573,#572,#295,.T.);
#716=EDGE_CURVE('',#574,#573,#529,.T.);
#717=EDGE_CURVE('',#569,#574,#296,.T.);
#718=EDGE_CURVE('',#571,#575,#408,.T.);
#719=EDGE_CURVE('',#575,#575,#297,.T.);
#720=EDGE_CURVE('',#576,#577,#530,.T.);
#721=EDGE_CURVE('',#578,#576,#298,.T.);
#722=EDGE_CURVE('',#578,#579,#531,.T.);
#723=EDGE_CURVE('',#580,#579,#299,.T.);
#724=EDGE_CURVE('',#577,#580,#532,.T.);
#725=EDGE_CURVE('',#577,#581,#409,.T.);
#726=EDGE_CURVE('',#581,#581,#300,.T.);
#727=EDGE_CURVE('',#581,#582,#410,.T.);
#728=EDGE_CURVE('',#582,#582,#301,.T.);
#729=EDGE_CURVE('',#583,#584,#533,.T.);
#730=EDGE_CURVE('',#585,#583,#302,.T.);
#731=EDGE_CURVE('',#585,#586,#534,.T.);
#732=EDGE_CURVE('',#587,#586,#303,.T.);
#733=EDGE_CURVE('',#587,#588,#411,.T.);
#734=EDGE_CURVE('',#588,#588,#304,.T.);
#735=EDGE_CURVE('',#584,#587,#305,.T.);
#736=EDGE_CURVE('',#588,#589,#412,.T.);
#737=EDGE_CURVE('',#589,#589,#306,.T.);
#738=EDGE_CURVE('',#590,#591,#535,.T.);
#739=EDGE_CURVE('',#592,#590,#307,.T.);
#740=EDGE_CURVE('',#592,#593,#536,.T.);
#741=EDGE_CURVE('',#594,#593,#308,.T.);
#742=EDGE_CURVE('',#591,#594,#537,.T.);
#743=EDGE_CURVE('',#591,#595,#413,.T.);
#744=EDGE_CURVE('',#595,#595,#309,.T.);
#745=EDGE_CURVE('',#595,#596,#414,.T.);
#746=EDGE_CURVE('',#596,#596,#310,.T.);
#747=EDGE_CURVE('',#597,#598,#538,.T.);
#748=EDGE_CURVE('',#599,#597,#311,.T.);
#749=EDGE_CURVE('',#599,#600,#415,.T.);
#750=EDGE_CURVE('',#600,#600,#312,.T.);
#751=EDGE_CURVE('',#601,#599,#313,.T.);
#752=EDGE_CURVE('',#601,#602,#539,.T.);
#753=EDGE_CURVE('',#598,#602,#314,.T.);
#754=EDGE_CURVE('',#600,#603,#416,.T.);
#755=EDGE_CURVE('',#603,#603,#315,.T.);
#756=EDGE_CURVE('',#604,#605,#540,.T.);
#757=EDGE_CURVE('',#605,#606,#417,.T.);
#758=EDGE_CURVE('',#606,#606,#316,.T.);
#759=EDGE_CURVE('',#605,#607,#541,.T.);
#760=EDGE_CURVE('',#608,#607,#317,.T.);
#761=EDGE_CURVE('',#609,#608,#542,.T.);
#762=EDGE_CURVE('',#604,#609,#318,.T.);
#763=EDGE_CURVE('',#606,#610,#418,.T.);
#764=EDGE_CURVE('',#610,#610,#319,.T.);
#765=EDGE_CURVE('',#609,#573,#320,.T.);
#766=EDGE_CURVE('',#583,#608,#321,.T.);
#767=EDGE_CURVE('',#590,#584,#322,.T.);
#768=EDGE_CURVE('',#611,#594,#323,.T.);
#769=EDGE_CURVE('',#611,#612,#419,.T.);
#770=EDGE_CURVE('',#612,#613,#543,.T.);
#771=EDGE_CURVE('',#613,#614,#420,.T.);
#772=EDGE_CURVE('',#614,#614,#324,.T.);
#773=EDGE_CURVE('',#613,#615,#544,.T.);
#774=EDGE_CURVE('',#615,#612,#545,.T.);
#775=EDGE_CURVE('',#576,#611,#325,.T.);
#776=EDGE_CURVE('',#597,#580,#326,.T.);
#777=EDGE_CURVE('',#574,#598,#327,.T.);
#778=EDGE_CURVE('',#616,#617,#328,.T.);
#779=EDGE_CURVE('',#618,#617,#421,.T.);
#780=EDGE_CURVE('',#619,#618,#329,.T.);
#781=EDGE_CURVE('',#619,#616,#422,.T.);
#782=EDGE_CURVE('',#620,#621,#330,.T.);
#783=EDGE_CURVE('',#622,#621,#423,.T.);
#784=EDGE_CURVE('',#623,#622,#331,.T.);
#785=EDGE_CURVE('',#623,#620,#424,.T.);
#786=EDGE_CURVE('',#624,#625,#332,.T.);
#787=EDGE_CURVE('',#626,#625,#425,.T.);
#788=EDGE_CURVE('',#627,#626,#333,.T.);
#789=EDGE_CURVE('',#627,#624,#426,.T.);
#790=EDGE_CURVE('',#628,#629,#427,.T.);
#791=EDGE_CURVE('',#630,#628,#334,.T.);
#792=EDGE_CURVE('',#630,#631,#428,.T.);
#793=EDGE_CURVE('',#631,#629,#335,.T.);
#794=EDGE_CURVE('',#632,#633,#429,.T.);
#795=EDGE_CURVE('',#634,#632,#336,.T.);
#796=EDGE_CURVE('',#634,#635,#430,.T.);
#797=EDGE_CURVE('',#635,#633,#337,.T.);
#798=EDGE_CURVE('',#636,#637,#431,.T.);
#799=EDGE_CURVE('',#638,#636,#338,.T.);
#800=EDGE_CURVE('',#638,#639,#432,.T.);
#801=EDGE_CURVE('',#639,#637,#339,.T.);
#802=EDGE_CURVE('',#640,#641,#546,.T.);
#803=EDGE_CURVE('',#641,#640,#547,.T.);
#804=EDGE_CURVE('',#642,#643,#548,.T.);
#805=EDGE_CURVE('',#643,#644,#549,.T.);
#806=EDGE_CURVE('',#644,#642,#550,.T.);
#807=EDGE_CURVE('',#645,#646,#551,.T.);
#808=EDGE_CURVE('',#646,#645,#552,.T.);
#809=EDGE_CURVE('',#647,#648,#553,.T.);
#810=EDGE_CURVE('',#648,#647,#554,.T.);
#811=EDGE_CURVE('',#649,#650,#555,.T.);
#812=EDGE_CURVE('',#650,#649,#556,.T.);
#813=EDGE_CURVE('',#607,#585,#340,.T.);
#814=EDGE_CURVE('',#586,#592,#341,.T.);
#815=EDGE_CURVE('',#593,#651,#342,.T.);
#816=EDGE_CURVE('',#651,#578,#343,.T.);
#817=EDGE_CURVE('',#579,#601,#344,.T.);
#818=EDGE_CURVE('',#572,#604,#345,.T.);
#819=EDGE_CURVE('',#602,#569,#346,.T.);
#820=EDGE_CURVE('',#649,#652,#433,.T.);
#821=EDGE_CURVE('',#652,#652,#347,.T.);
#822=EDGE_CURVE('',#652,#653,#434,.T.);
#823=EDGE_CURVE('',#654,#653,#557,.T.);
#824=EDGE_CURVE('',#653,#654,#558,.T.);
#825=EDGE_CURVE('',#615,#655,#435,.T.);
#826=EDGE_CURVE('',#655,#655,#348,.T.);
#827=EDGE_CURVE('',#655,#656,#436,.T.);
#828=EDGE_CURVE('',#657,#656,#559,.T.);
#829=EDGE_CURVE('',#658,#657,#560,.T.);
#830=EDGE_CURVE('',#656,#658,#561,.T.);
#831=EDGE_CURVE('',#648,#659,#437,.T.);
#832=EDGE_CURVE('',#659,#659,#349,.T.);
#833=EDGE_CURVE('',#659,#660,#438,.T.);
#834=EDGE_CURVE('',#661,#660,#562,.T.);
#835=EDGE_CURVE('',#660,#661,#563,.T.);
#836=EDGE_CURVE('',#646,#662,#439,.T.);
#837=EDGE_CURVE('',#662,#662,#350,.T.);
#838=EDGE_CURVE('',#662,#663,#440,.T.);
#839=EDGE_CURVE('',#664,#663,#564,.T.);
#840=EDGE_CURVE('',#663,#664,#565,.T.);
#841=EDGE_CURVE('',#643,#665,#441,.T.);
#842=EDGE_CURVE('',#665,#665,#351,.T.);
#843=EDGE_CURVE('',#665,#666,#442,.T.);
#844=EDGE_CURVE('',#666,#666,#566,.T.);
#845=EDGE_CURVE('',#640,#667,#443,.T.);
#846=EDGE_CURVE('',#667,#667,#352,.T.);
#847=EDGE_CURVE('',#667,#668,#444,.T.);
#848=EDGE_CURVE('',#669,#668,#567,.T.);
#849=EDGE_CURVE('',#668,#669,#568,.T.);
#850=EDGE_CURVE('',#670,#670,#353,.T.);
#851=EDGE_CURVE('',#670,#671,#445,.T.);
#852=EDGE_CURVE('',#671,#671,#354,.T.);
#853=EDGE_CURVE('',#672,#672,#355,.T.);
#854=EDGE_CURVE('',#672,#673,#446,.T.);
#855=EDGE_CURVE('',#673,#673,#356,.T.);
#856=EDGE_CURVE('',#674,#674,#357,.T.);
#857=EDGE_CURVE('',#674,#675,#447,.T.);
#858=EDGE_CURVE('',#675,#675,#358,.T.);
#859=EDGE_CURVE('',#676,#676,#359,.T.);
#860=EDGE_CURVE('',#676,#677,#448,.T.);
#861=EDGE_CURVE('',#677,#677,#360,.T.);
#862=EDGE_CURVE('',#678,#678,#361,.T.);
#863=EDGE_CURVE('',#678,#679,#449,.T.);
#864=EDGE_CURVE('',#679,#679,#362,.T.);
#865=EDGE_CURVE('',#680,#680,#363,.T.);
#866=EDGE_CURVE('',#680,#681,#450,.T.);
#867=EDGE_CURVE('',#681,#681,#364,.T.);
#868=EDGE_CURVE('',#682,#629,#365,.T.);
#869=EDGE_CURVE('',#631,#683,#366,.T.);
#870=EDGE_CURVE('',#682,#683,#367,.T.);
#871=EDGE_CURVE('',#684,#637,#368,.T.);
#872=EDGE_CURVE('',#639,#685,#369,.T.);
#873=EDGE_CURVE('',#684,#685,#370,.T.);
#874=EDGE_CURVE('',#616,#686,#371,.T.);
#875=EDGE_CURVE('',#687,#686,#372,.T.);
#876=EDGE_CURVE('',#687,#617,#373,.T.);
#877=EDGE_CURVE('',#688,#633,#374,.T.);
#878=EDGE_CURVE('',#635,#689,#375,.T.);
#879=EDGE_CURVE('',#688,#689,#376,.T.);
#880=EDGE_CURVE('',#620,#690,#377,.T.);
#881=EDGE_CURVE('',#691,#690,#378,.T.);
#882=EDGE_CURVE('',#691,#621,#379,.T.);
#883=EDGE_CURVE('',#624,#692,#380,.T.);
#884=EDGE_CURVE('',#693,#692,#381,.T.);
#885=EDGE_CURVE('',#693,#625,#382,.T.);
#886=EDGE_CURVE('',#694,#627,#383,.T.);
#887=EDGE_CURVE('',#694,#692,#451,.T.);
#888=EDGE_CURVE('',#636,#695,#384,.T.);
#889=EDGE_CURVE('',#695,#684,#452,.T.);
#890=EDGE_CURVE('',#696,#695,#385,.T.);
#891=EDGE_CURVE('',#696,#638,#386,.T.);
#892=EDGE_CURVE('',#632,#697,#387,.T.);
#893=EDGE_CURVE('',#697,#688,#453,.T.);
#894=EDGE_CURVE('',#698,#623,#388,.T.);
#895=EDGE_CURVE('',#698,#690,#454,.T.);
#896=EDGE_CURVE('',#699,#697,#389,.T.);
#897=EDGE_CURVE('',#699,#634,#390,.T.);
#898=EDGE_CURVE('',#622,#700,#391,.T.);
#899=EDGE_CURVE('',#698,#700,#392,.T.);
#900=EDGE_CURVE('',#628,#701,#393,.T.);
#901=EDGE_CURVE('',#701,#682,#455,.T.);
#902=EDGE_CURVE('',#699,#689,#456,.T.);
#903=EDGE_CURVE('',#702,#701,#394,.T.);
#904=EDGE_CURVE('',#702,#630,#395,.T.);
#905=EDGE_CURVE('',#626,#703,#396,.T.);
#906=EDGE_CURVE('',#703,#693,#457,.T.);
#907=EDGE_CURVE('',#704,#619,#397,.T.);
#908=EDGE_CURVE('',#704,#686,#458,.T.);
#909=EDGE_CURVE('',#694,#703,#398,.T.);
#910=EDGE_CURVE('',#618,#705,#399,.T.);
#911=EDGE_CURVE('',#704,#705,#400,.T.);
#912=EDGE_CURVE('',#696,#685,#459,.T.);
#913=EDGE_CURVE('',#700,#691,#460,.T.);
#914=EDGE_CURVE('',#705,#687,#461,.T.);
#915=EDGE_CURVE('',#702,#683,#462,.T.);
#916=EDGE_CURVE('',#706,#706,#401,.T.);
#917=EDGE_CURVE('',#707,#707,#402,.T.);
#918=EDGE_CURVE('',#708,#708,#403,.T.);
#919=EDGE_CURVE('',#708,#706,#463,.T.);
#920=EDGE_CURVE('',#708,#709,#404,.T.);
#921=EDGE_CURVE('',#709,#709,#405,.T.);
#922=EDGE_CURVE('',#710,#710,#406,.T.);
#923=EDGE_CURVE('',#710,#709,#464,.T.);
#924=EDGE_CURVE('',#651,#657,#465,.T.);
#925=EDGE_CURVE('',#658,#707,#466,.T.);
#926=ORIENTED_EDGE('',*,*,#711,.T.);
#927=ORIENTED_EDGE('',*,*,#712,.T.);
#928=ORIENTED_EDGE('',*,*,#713,.T.);
#929=ORIENTED_EDGE('',*,*,#712,.F.);
#930=ORIENTED_EDGE('',*,*,#714,.T.);
#931=ORIENTED_EDGE('',*,*,#715,.F.);
#932=ORIENTED_EDGE('',*,*,#716,.F.);
#933=ORIENTED_EDGE('',*,*,#717,.F.);
#934=ORIENTED_EDGE('',*,*,#713,.F.);
#935=ORIENTED_EDGE('',*,*,#718,.T.);
#936=ORIENTED_EDGE('',*,*,#719,.F.);
#937=ORIENTED_EDGE('',*,*,#718,.F.);
#938=ORIENTED_EDGE('',*,*,#720,.F.);
#939=ORIENTED_EDGE('',*,*,#721,.F.);
#940=ORIENTED_EDGE('',*,*,#722,.T.);
#941=ORIENTED_EDGE('',*,*,#723,.F.);
#942=ORIENTED_EDGE('',*,*,#724,.F.);
#943=ORIENTED_EDGE('',*,*,#725,.T.);
#944=ORIENTED_EDGE('',*,*,#726,.T.);
#945=ORIENTED_EDGE('',*,*,#725,.F.);
#946=ORIENTED_EDGE('',*,*,#726,.F.);
#947=ORIENTED_EDGE('',*,*,#727,.T.);
#948=ORIENTED_EDGE('',*,*,#728,.F.);
#949=ORIENTED_EDGE('',*,*,#727,.F.);
#950=ORIENTED_EDGE('',*,*,#729,.F.);
#951=ORIENTED_EDGE('',*,*,#730,.F.);
#952=ORIENTED_EDGE('',*,*,#731,.T.);
#953=ORIENTED_EDGE('',*,*,#732,.F.);
#954=ORIENTED_EDGE('',*,*,#733,.T.);
#955=ORIENTED_EDGE('',*,*,#734,.T.);
#956=ORIENTED_EDGE('',*,*,#733,.F.);
#957=ORIENTED_EDGE('',*,*,#735,.F.);
#958=ORIENTED_EDGE('',*,*,#734,.F.);
#959=ORIENTED_EDGE('',*,*,#736,.T.);
#960=ORIENTED_EDGE('',*,*,#737,.F.);
#961=ORIENTED_EDGE('',*,*,#736,.F.);
#962=ORIENTED_EDGE('',*,*,#738,.F.);
#963=ORIENTED_EDGE('',*,*,#739,.F.);
#964=ORIENTED_EDGE('',*,*,#740,.T.);
#965=ORIENTED_EDGE('',*,*,#741,.F.);
#966=ORIENTED_EDGE('',*,*,#742,.F.);
#967=ORIENTED_EDGE('',*,*,#743,.T.);
#968=ORIENTED_EDGE('',*,*,#744,.T.);
#969=ORIENTED_EDGE('',*,*,#743,.F.);
#970=ORIENTED_EDGE('',*,*,#744,.F.);
#971=ORIENTED_EDGE('',*,*,#745,.T.);
#972=ORIENTED_EDGE('',*,*,#746,.F.);
#973=ORIENTED_EDGE('',*,*,#745,.F.);
#974=ORIENTED_EDGE('',*,*,#747,.F.);
#975=ORIENTED_EDGE('',*,*,#748,.F.);
#976=ORIENTED_EDGE('',*,*,#749,.T.);
#977=ORIENTED_EDGE('',*,*,#750,.T.);
#978=ORIENTED_EDGE('',*,*,#749,.F.);
#979=ORIENTED_EDGE('',*,*,#751,.F.);
#980=ORIENTED_EDGE('',*,*,#752,.T.);
#981=ORIENTED_EDGE('',*,*,#753,.F.);
#982=ORIENTED_EDGE('',*,*,#750,.F.);
#983=ORIENTED_EDGE('',*,*,#754,.T.);
#984=ORIENTED_EDGE('',*,*,#755,.F.);
#985=ORIENTED_EDGE('',*,*,#754,.F.);
#986=ORIENTED_EDGE('',*,*,#756,.T.);
#987=ORIENTED_EDGE('',*,*,#757,.T.);
#988=ORIENTED_EDGE('',*,*,#758,.T.);
#989=ORIENTED_EDGE('',*,*,#757,.F.);
#990=ORIENTED_EDGE('',*,*,#759,.T.);
#991=ORIENTED_EDGE('',*,*,#760,.F.);
#992=ORIENTED_EDGE('',*,*,#761,.F.);
#993=ORIENTED_EDGE('',*,*,#762,.F.);
#994=ORIENTED_EDGE('',*,*,#758,.F.);
#995=ORIENTED_EDGE('',*,*,#763,.T.);
#996=ORIENTED_EDGE('',*,*,#764,.F.);
#997=ORIENTED_EDGE('',*,*,#763,.F.);
#998=ORIENTED_EDGE('',*,*,#716,.T.);
#999=ORIENTED_EDGE('',*,*,#765,.F.);
#1000=ORIENTED_EDGE('',*,*,#761,.T.);
#1001=ORIENTED_EDGE('',*,*,#766,.F.);
#1002=ORIENTED_EDGE('',*,*,#729,.T.);
#1003=ORIENTED_EDGE('',*,*,#767,.F.);
#1004=ORIENTED_EDGE('',*,*,#738,.T.);
#1005=ORIENTED_EDGE('',*,*,#742,.T.);
#1006=ORIENTED_EDGE('',*,*,#768,.F.);
#1007=ORIENTED_EDGE('',*,*,#769,.T.);
#1008=ORIENTED_EDGE('',*,*,#770,.T.);
#1009=ORIENTED_EDGE('',*,*,#771,.T.);
#1010=ORIENTED_EDGE('',*,*,#772,.T.);
#1011=ORIENTED_EDGE('',*,*,#771,.F.);
#1012=ORIENTED_EDGE('',*,*,#773,.T.);
#1013=ORIENTED_EDGE('',*,*,#774,.T.);
#1014=ORIENTED_EDGE('',*,*,#769,.F.);
#1015=ORIENTED_EDGE('',*,*,#775,.F.);
#1016=ORIENTED_EDGE('',*,*,#720,.T.);
#1017=ORIENTED_EDGE('',*,*,#724,.T.);
#1018=ORIENTED_EDGE('',*,*,#776,.F.);
#1019=ORIENTED_EDGE('',*,*,#747,.T.);
#1020=ORIENTED_EDGE('',*,*,#777,.F.);
#1021=ORIENTED_EDGE('',*,*,#778,.T.);
#1022=ORIENTED_EDGE('',*,*,#779,.F.);
#1023=ORIENTED_EDGE('',*,*,#780,.F.);
#1024=ORIENTED_EDGE('',*,*,#781,.T.);
#1025=ORIENTED_EDGE('',*,*,#782,.T.);
#1026=ORIENTED_EDGE('',*,*,#783,.F.);
#1027=ORIENTED_EDGE('',*,*,#784,.F.);
#1028=ORIENTED_EDGE('',*,*,#785,.T.);
#1029=ORIENTED_EDGE('',*,*,#786,.T.);
#1030=ORIENTED_EDGE('',*,*,#787,.F.);
#1031=ORIENTED_EDGE('',*,*,#788,.F.);
#1032=ORIENTED_EDGE('',*,*,#789,.T.);
#1033=ORIENTED_EDGE('',*,*,#790,.F.);
#1034=ORIENTED_EDGE('',*,*,#791,.F.);
#1035=ORIENTED_EDGE('',*,*,#792,.T.);
#1036=ORIENTED_EDGE('',*,*,#793,.T.);
#1037=ORIENTED_EDGE('',*,*,#794,.F.);
#1038=ORIENTED_EDGE('',*,*,#795,.F.);
#1039=ORIENTED_EDGE('',*,*,#796,.T.);
#1040=ORIENTED_EDGE('',*,*,#797,.T.);
#1041=ORIENTED_EDGE('',*,*,#798,.F.);
#1042=ORIENTED_EDGE('',*,*,#799,.F.);
#1043=ORIENTED_EDGE('',*,*,#800,.T.);
#1044=ORIENTED_EDGE('',*,*,#801,.T.);
#1045=ORIENTED_EDGE('',*,*,#802,.T.);
#1046=ORIENTED_EDGE('',*,*,#803,.T.);
#1047=ORIENTED_EDGE('',*,*,#804,.T.);
#1048=ORIENTED_EDGE('',*,*,#805,.T.);
#1049=ORIENTED_EDGE('',*,*,#806,.T.);
#1050=ORIENTED_EDGE('',*,*,#807,.T.);
#1051=ORIENTED_EDGE('',*,*,#808,.T.);
#1052=ORIENTED_EDGE('',*,*,#809,.T.);
#1053=ORIENTED_EDGE('',*,*,#810,.T.);
#1054=ORIENTED_EDGE('',*,*,#811,.T.);
#1055=ORIENTED_EDGE('',*,*,#812,.T.);
#1056=ORIENTED_EDGE('',*,*,#730,.T.);
#1057=ORIENTED_EDGE('',*,*,#766,.T.);
#1058=ORIENTED_EDGE('',*,*,#760,.T.);
#1059=ORIENTED_EDGE('',*,*,#813,.T.);
#1060=ORIENTED_EDGE('',*,*,#735,.T.);
#1061=ORIENTED_EDGE('',*,*,#732,.T.);
#1062=ORIENTED_EDGE('',*,*,#814,.T.);
#1063=ORIENTED_EDGE('',*,*,#739,.T.);
#1064=ORIENTED_EDGE('',*,*,#767,.T.);
#1065=ORIENTED_EDGE('',*,*,#721,.T.);
#1066=ORIENTED_EDGE('',*,*,#775,.T.);
#1067=ORIENTED_EDGE('',*,*,#768,.T.);
#1068=ORIENTED_EDGE('',*,*,#741,.T.);
#1069=ORIENTED_EDGE('',*,*,#815,.T.);
#1070=ORIENTED_EDGE('',*,*,#816,.T.);
#1071=ORIENTED_EDGE('',*,*,#723,.T.);
#1072=ORIENTED_EDGE('',*,*,#817,.T.);
#1073=ORIENTED_EDGE('',*,*,#751,.T.);
#1074=ORIENTED_EDGE('',*,*,#748,.T.);
#1075=ORIENTED_EDGE('',*,*,#776,.T.);
#1076=ORIENTED_EDGE('',*,*,#715,.T.);
#1077=ORIENTED_EDGE('',*,*,#818,.T.);
#1078=ORIENTED_EDGE('',*,*,#762,.T.);
#1079=ORIENTED_EDGE('',*,*,#765,.T.);
#1080=ORIENTED_EDGE('',*,*,#717,.T.);
#1081=ORIENTED_EDGE('',*,*,#777,.T.);
#1082=ORIENTED_EDGE('',*,*,#753,.T.);
#1083=ORIENTED_EDGE('',*,*,#819,.T.);
#1084=ORIENTED_EDGE('',*,*,#811,.F.);
#1085=ORIENTED_EDGE('',*,*,#820,.T.);
#1086=ORIENTED_EDGE('',*,*,#821,.T.);
#1087=ORIENTED_EDGE('',*,*,#820,.F.);
#1088=ORIENTED_EDGE('',*,*,#812,.F.);
#1089=ORIENTED_EDGE('',*,*,#821,.F.);
#1090=ORIENTED_EDGE('',*,*,#822,.T.);
#1091=ORIENTED_EDGE('',*,*,#823,.F.);
#1092=ORIENTED_EDGE('',*,*,#824,.F.);
#1093=ORIENTED_EDGE('',*,*,#822,.F.);
#1094=ORIENTED_EDGE('',*,*,#773,.F.);
#1095=ORIENTED_EDGE('',*,*,#770,.F.);
#1096=ORIENTED_EDGE('',*,*,#774,.F.);
#1097=ORIENTED_EDGE('',*,*,#825,.T.);
#1098=ORIENTED_EDGE('',*,*,#826,.T.);
#1099=ORIENTED_EDGE('',*,*,#825,.F.);
#1100=ORIENTED_EDGE('',*,*,#826,.F.);
#1101=ORIENTED_EDGE('',*,*,#827,.T.);
#1102=ORIENTED_EDGE('',*,*,#828,.F.);
#1103=ORIENTED_EDGE('',*,*,#829,.F.);
#1104=ORIENTED_EDGE('',*,*,#830,.F.);
#1105=ORIENTED_EDGE('',*,*,#827,.F.);
#1106=ORIENTED_EDGE('',*,*,#809,.F.);
#1107=ORIENTED_EDGE('',*,*,#810,.F.);
#1108=ORIENTED_EDGE('',*,*,#831,.T.);
#1109=ORIENTED_EDGE('',*,*,#832,.T.);
#1110=ORIENTED_EDGE('',*,*,#831,.F.);
#1111=ORIENTED_EDGE('',*,*,#832,.F.);
#1112=ORIENTED_EDGE('',*,*,#833,.T.);
#1113=ORIENTED_EDGE('',*,*,#834,.F.);
#1114=ORIENTED_EDGE('',*,*,#835,.F.);
#1115=ORIENTED_EDGE('',*,*,#833,.F.);
#1116=ORIENTED_EDGE('',*,*,#807,.F.);
#1117=ORIENTED_EDGE('',*,*,#808,.F.);
#1118=ORIENTED_EDGE('',*,*,#836,.T.);
#1119=ORIENTED_EDGE('',*,*,#837,.T.);
#1120=ORIENTED_EDGE('',*,*,#836,.F.);
#1121=ORIENTED_EDGE('',*,*,#837,.F.);
#1122=ORIENTED_EDGE('',*,*,#838,.T.);
#1123=ORIENTED_EDGE('',*,*,#839,.F.);
#1124=ORIENTED_EDGE('',*,*,#840,.F.);
#1125=ORIENTED_EDGE('',*,*,#838,.F.);
#1126=ORIENTED_EDGE('',*,*,#804,.F.);
#1127=ORIENTED_EDGE('',*,*,#806,.F.);
#1128=ORIENTED_EDGE('',*,*,#805,.F.);
#1129=ORIENTED_EDGE('',*,*,#841,.T.);
#1130=ORIENTED_EDGE('',*,*,#842,.T.);
#1131=ORIENTED_EDGE('',*,*,#841,.F.);
#1132=ORIENTED_EDGE('',*,*,#842,.F.);
#1133=ORIENTED_EDGE('',*,*,#843,.T.);
#1134=ORIENTED_EDGE('',*,*,#844,.F.);
#1135=ORIENTED_EDGE('',*,*,#843,.F.);
#1136=ORIENTED_EDGE('',*,*,#802,.F.);
#1137=ORIENTED_EDGE('',*,*,#845,.T.);
#1138=ORIENTED_EDGE('',*,*,#846,.T.);
#1139=ORIENTED_EDGE('',*,*,#845,.F.);
#1140=ORIENTED_EDGE('',*,*,#803,.F.);
#1141=ORIENTED_EDGE('',*,*,#846,.F.);
#1142=ORIENTED_EDGE('',*,*,#847,.T.);
#1143=ORIENTED_EDGE('',*,*,#848,.F.);
#1144=ORIENTED_EDGE('',*,*,#849,.F.);
#1145=ORIENTED_EDGE('',*,*,#847,.F.);
#1146=ORIENTED_EDGE('',*,*,#850,.F.);
#1147=ORIENTED_EDGE('',*,*,#851,.T.);
#1148=ORIENTED_EDGE('',*,*,#852,.T.);
#1149=ORIENTED_EDGE('',*,*,#851,.F.);
#1150=ORIENTED_EDGE('',*,*,#852,.F.);
#1151=ORIENTED_EDGE('',*,*,#853,.F.);
#1152=ORIENTED_EDGE('',*,*,#854,.T.);
#1153=ORIENTED_EDGE('',*,*,#855,.T.);
#1154=ORIENTED_EDGE('',*,*,#854,.F.);
#1155=ORIENTED_EDGE('',*,*,#855,.F.);
#1156=ORIENTED_EDGE('',*,*,#856,.F.);
#1157=ORIENTED_EDGE('',*,*,#857,.T.);
#1158=ORIENTED_EDGE('',*,*,#858,.T.);
#1159=ORIENTED_EDGE('',*,*,#857,.F.);
#1160=ORIENTED_EDGE('',*,*,#858,.F.);
#1161=ORIENTED_EDGE('',*,*,#859,.F.);
#1162=ORIENTED_EDGE('',*,*,#860,.T.);
#1163=ORIENTED_EDGE('',*,*,#861,.T.);
#1164=ORIENTED_EDGE('',*,*,#860,.F.);
#1165=ORIENTED_EDGE('',*,*,#861,.F.);
#1166=ORIENTED_EDGE('',*,*,#862,.F.);
#1167=ORIENTED_EDGE('',*,*,#863,.T.);
#1168=ORIENTED_EDGE('',*,*,#864,.T.);
#1169=ORIENTED_EDGE('',*,*,#863,.F.);
#1170=ORIENTED_EDGE('',*,*,#864,.F.);
#1171=ORIENTED_EDGE('',*,*,#865,.F.);
#1172=ORIENTED_EDGE('',*,*,#866,.T.);
#1173=ORIENTED_EDGE('',*,*,#867,.T.);
#1174=ORIENTED_EDGE('',*,*,#866,.F.);
#1175=ORIENTED_EDGE('',*,*,#867,.F.);
#1176=ORIENTED_EDGE('',*,*,#868,.T.);
#1177=ORIENTED_EDGE('',*,*,#793,.F.);
#1178=ORIENTED_EDGE('',*,*,#869,.T.);
#1179=ORIENTED_EDGE('',*,*,#870,.F.);
#1180=ORIENTED_EDGE('',*,*,#764,.T.);
#1181=ORIENTED_EDGE('',*,*,#871,.T.);
#1182=ORIENTED_EDGE('',*,*,#801,.F.);
#1183=ORIENTED_EDGE('',*,*,#872,.T.);
#1184=ORIENTED_EDGE('',*,*,#873,.F.);
#1185=ORIENTED_EDGE('',*,*,#728,.T.);
#1186=ORIENTED_EDGE('',*,*,#874,.T.);
#1187=ORIENTED_EDGE('',*,*,#875,.F.);
#1188=ORIENTED_EDGE('',*,*,#876,.T.);
#1189=ORIENTED_EDGE('',*,*,#778,.F.);
#1190=ORIENTED_EDGE('',*,*,#737,.T.);
#1191=ORIENTED_EDGE('',*,*,#877,.T.);
#1192=ORIENTED_EDGE('',*,*,#797,.F.);
#1193=ORIENTED_EDGE('',*,*,#878,.T.);
#1194=ORIENTED_EDGE('',*,*,#879,.F.);
#1195=ORIENTED_EDGE('',*,*,#719,.T.);
#1196=ORIENTED_EDGE('',*,*,#880,.T.);
#1197=ORIENTED_EDGE('',*,*,#881,.F.);
#1198=ORIENTED_EDGE('',*,*,#882,.T.);
#1199=ORIENTED_EDGE('',*,*,#782,.F.);
#1200=ORIENTED_EDGE('',*,*,#755,.T.);
#1201=ORIENTED_EDGE('',*,*,#883,.T.);
#1202=ORIENTED_EDGE('',*,*,#884,.F.);
#1203=ORIENTED_EDGE('',*,*,#885,.T.);
#1204=ORIENTED_EDGE('',*,*,#786,.F.);
#1205=ORIENTED_EDGE('',*,*,#746,.T.);
#1206=ORIENTED_EDGE('',*,*,#886,.F.);
#1207=ORIENTED_EDGE('',*,*,#887,.T.);
#1208=ORIENTED_EDGE('',*,*,#883,.F.);
#1209=ORIENTED_EDGE('',*,*,#789,.F.);
#1210=ORIENTED_EDGE('',*,*,#888,.F.);
#1211=ORIENTED_EDGE('',*,*,#798,.T.);
#1212=ORIENTED_EDGE('',*,*,#871,.F.);
#1213=ORIENTED_EDGE('',*,*,#889,.F.);
#1214=ORIENTED_EDGE('',*,*,#888,.T.);
#1215=ORIENTED_EDGE('',*,*,#890,.F.);
#1216=ORIENTED_EDGE('',*,*,#891,.T.);
#1217=ORIENTED_EDGE('',*,*,#799,.T.);
#1218=ORIENTED_EDGE('',*,*,#856,.T.);
#1219=ORIENTED_EDGE('',*,*,#892,.F.);
#1220=ORIENTED_EDGE('',*,*,#794,.T.);
#1221=ORIENTED_EDGE('',*,*,#877,.F.);
#1222=ORIENTED_EDGE('',*,*,#893,.F.);
#1223=ORIENTED_EDGE('',*,*,#894,.F.);
#1224=ORIENTED_EDGE('',*,*,#895,.T.);
#1225=ORIENTED_EDGE('',*,*,#880,.F.);
#1226=ORIENTED_EDGE('',*,*,#785,.F.);
#1227=ORIENTED_EDGE('',*,*,#892,.T.);
#1228=ORIENTED_EDGE('',*,*,#896,.F.);
#1229=ORIENTED_EDGE('',*,*,#897,.T.);
#1230=ORIENTED_EDGE('',*,*,#795,.T.);
#1231=ORIENTED_EDGE('',*,*,#853,.T.);
#1232=ORIENTED_EDGE('',*,*,#894,.T.);
#1233=ORIENTED_EDGE('',*,*,#784,.T.);
#1234=ORIENTED_EDGE('',*,*,#898,.T.);
#1235=ORIENTED_EDGE('',*,*,#899,.F.);
#1236=ORIENTED_EDGE('',*,*,#859,.T.);
#1237=ORIENTED_EDGE('',*,*,#900,.F.);
#1238=ORIENTED_EDGE('',*,*,#790,.T.);
#1239=ORIENTED_EDGE('',*,*,#868,.F.);
#1240=ORIENTED_EDGE('',*,*,#901,.F.);
#1241=ORIENTED_EDGE('',*,*,#897,.F.);
#1242=ORIENTED_EDGE('',*,*,#902,.T.);
#1243=ORIENTED_EDGE('',*,*,#878,.F.);
#1244=ORIENTED_EDGE('',*,*,#796,.F.);
#1245=ORIENTED_EDGE('',*,*,#900,.T.);
#1246=ORIENTED_EDGE('',*,*,#903,.F.);
#1247=ORIENTED_EDGE('',*,*,#904,.T.);
#1248=ORIENTED_EDGE('',*,*,#791,.T.);
#1249=ORIENTED_EDGE('',*,*,#862,.T.);
#1250=ORIENTED_EDGE('',*,*,#905,.F.);
#1251=ORIENTED_EDGE('',*,*,#787,.T.);
#1252=ORIENTED_EDGE('',*,*,#885,.F.);
#1253=ORIENTED_EDGE('',*,*,#906,.F.);
#1254=ORIENTED_EDGE('',*,*,#907,.F.);
#1255=ORIENTED_EDGE('',*,*,#908,.T.);
#1256=ORIENTED_EDGE('',*,*,#874,.F.);
#1257=ORIENTED_EDGE('',*,*,#781,.F.);
#1258=ORIENTED_EDGE('',*,*,#886,.T.);
#1259=ORIENTED_EDGE('',*,*,#788,.T.);
#1260=ORIENTED_EDGE('',*,*,#905,.T.);
#1261=ORIENTED_EDGE('',*,*,#909,.F.);
#1262=ORIENTED_EDGE('',*,*,#865,.T.);
#1263=ORIENTED_EDGE('',*,*,#907,.T.);
#1264=ORIENTED_EDGE('',*,*,#780,.T.);
#1265=ORIENTED_EDGE('',*,*,#910,.T.);
#1266=ORIENTED_EDGE('',*,*,#911,.F.);
#1267=ORIENTED_EDGE('',*,*,#850,.T.);
#1268=ORIENTED_EDGE('',*,*,#891,.F.);
#1269=ORIENTED_EDGE('',*,*,#912,.T.);
#1270=ORIENTED_EDGE('',*,*,#872,.F.);
#1271=ORIENTED_EDGE('',*,*,#800,.F.);
#1272=ORIENTED_EDGE('',*,*,#898,.F.);
#1273=ORIENTED_EDGE('',*,*,#783,.T.);
#1274=ORIENTED_EDGE('',*,*,#882,.F.);
#1275=ORIENTED_EDGE('',*,*,#913,.F.);
#1276=ORIENTED_EDGE('',*,*,#910,.F.);
#1277=ORIENTED_EDGE('',*,*,#779,.T.);
#1278=ORIENTED_EDGE('',*,*,#876,.F.);
#1279=ORIENTED_EDGE('',*,*,#914,.F.);
#1280=ORIENTED_EDGE('',*,*,#904,.F.);
#1281=ORIENTED_EDGE('',*,*,#915,.T.);
#1282=ORIENTED_EDGE('',*,*,#869,.F.);
#1283=ORIENTED_EDGE('',*,*,#792,.F.);
#1284=ORIENTED_EDGE('',*,*,#916,.F.);
#1285=ORIENTED_EDGE('',*,*,#917,.T.);
#1286=ORIENTED_EDGE('',*,*,#918,.F.);
#1287=ORIENTED_EDGE('',*,*,#919,.T.);
#1288=ORIENTED_EDGE('',*,*,#916,.T.);
#1289=ORIENTED_EDGE('',*,*,#919,.F.);
#1290=ORIENTED_EDGE('',*,*,#918,.T.);
#1291=ORIENTED_EDGE('',*,*,#920,.T.);
#1292=ORIENTED_EDGE('',*,*,#921,.F.);
#1293=ORIENTED_EDGE('',*,*,#920,.F.);
#1294=ORIENTED_EDGE('',*,*,#922,.F.);
#1295=ORIENTED_EDGE('',*,*,#923,.T.);
#1296=ORIENTED_EDGE('',*,*,#921,.T.);
#1297=ORIENTED_EDGE('',*,*,#923,.F.);
#1298=ORIENTED_EDGE('',*,*,#922,.T.);
#1299=ORIENTED_EDGE('',*,*,#772,.F.);
#1300=ORIENTED_EDGE('',*,*,#711,.F.);
#1301=ORIENTED_EDGE('',*,*,#819,.F.);
#1302=ORIENTED_EDGE('',*,*,#752,.F.);
#1303=ORIENTED_EDGE('',*,*,#817,.F.);
#1304=ORIENTED_EDGE('',*,*,#722,.F.);
#1305=ORIENTED_EDGE('',*,*,#816,.F.);
#1306=ORIENTED_EDGE('',*,*,#924,.T.);
#1307=ORIENTED_EDGE('',*,*,#828,.T.);
#1308=ORIENTED_EDGE('',*,*,#830,.T.);
#1309=ORIENTED_EDGE('',*,*,#925,.T.);
#1310=ORIENTED_EDGE('',*,*,#917,.F.);
#1311=ORIENTED_EDGE('',*,*,#925,.F.);
#1312=ORIENTED_EDGE('',*,*,#829,.T.);
#1313=ORIENTED_EDGE('',*,*,#924,.F.);
#1314=ORIENTED_EDGE('',*,*,#815,.F.);
#1315=ORIENTED_EDGE('',*,*,#740,.F.);
#1316=ORIENTED_EDGE('',*,*,#814,.F.);
#1317=ORIENTED_EDGE('',*,*,#731,.F.);
#1318=ORIENTED_EDGE('',*,*,#813,.F.);
#1319=ORIENTED_EDGE('',*,*,#759,.F.);
#1320=ORIENTED_EDGE('',*,*,#756,.F.);
#1321=ORIENTED_EDGE('',*,*,#818,.F.);
#1322=ORIENTED_EDGE('',*,*,#714,.F.);
#1323=ORIENTED_EDGE('',*,*,#823,.T.);
#1324=ORIENTED_EDGE('',*,*,#824,.T.);
#1325=ORIENTED_EDGE('',*,*,#834,.T.);
#1326=ORIENTED_EDGE('',*,*,#835,.T.);
#1327=ORIENTED_EDGE('',*,*,#839,.T.);
#1328=ORIENTED_EDGE('',*,*,#840,.T.);
#1329=ORIENTED_EDGE('',*,*,#844,.T.);
#1330=ORIENTED_EDGE('',*,*,#848,.T.);
#1331=ORIENTED_EDGE('',*,*,#849,.T.);
#1332=ORIENTED_EDGE('',*,*,#887,.F.);
#1333=ORIENTED_EDGE('',*,*,#909,.T.);
#1334=ORIENTED_EDGE('',*,*,#906,.T.);
#1335=ORIENTED_EDGE('',*,*,#884,.T.);
#1336=ORIENTED_EDGE('',*,*,#895,.F.);
#1337=ORIENTED_EDGE('',*,*,#899,.T.);
#1338=ORIENTED_EDGE('',*,*,#913,.T.);
#1339=ORIENTED_EDGE('',*,*,#881,.T.);
#1340=ORIENTED_EDGE('',*,*,#879,.T.);
#1341=ORIENTED_EDGE('',*,*,#902,.F.);
#1342=ORIENTED_EDGE('',*,*,#896,.T.);
#1343=ORIENTED_EDGE('',*,*,#893,.T.);
#1344=ORIENTED_EDGE('',*,*,#908,.F.);
#1345=ORIENTED_EDGE('',*,*,#911,.T.);
#1346=ORIENTED_EDGE('',*,*,#914,.T.);
#1347=ORIENTED_EDGE('',*,*,#875,.T.);
#1348=ORIENTED_EDGE('',*,*,#873,.T.);
#1349=ORIENTED_EDGE('',*,*,#912,.F.);
#1350=ORIENTED_EDGE('',*,*,#890,.T.);
#1351=ORIENTED_EDGE('',*,*,#889,.T.);
#1352=ORIENTED_EDGE('',*,*,#870,.T.);
#1353=ORIENTED_EDGE('',*,*,#915,.F.);
#1354=ORIENTED_EDGE('',*,*,#903,.T.);
#1355=ORIENTED_EDGE('',*,*,#901,.T.);
#1356=CONICAL_SURFACE('',#1455,2.425,0.785398163397448);
#1357=CONICAL_SURFACE('',#1461,2.425,0.785398163397448);
#1358=CONICAL_SURFACE('',#1467,2.425,0.785398163397448);
#1359=CONICAL_SURFACE('',#1474,2.425,0.785398163397448);
#1360=CONICAL_SURFACE('',#1480,2.425,0.785398163397448);
#1361=CONICAL_SURFACE('',#1487,2.425,0.785398163397448);
#1362=CONICAL_SURFACE('',#1527,2.475,0.785398163397448);
#1363=CONICAL_SURFACE('',#1530,2.475,0.785398163397448);
#1364=CONICAL_SURFACE('',#1533,2.475,0.785398163397448);
#1365=CONICAL_SURFACE('',#1536,2.475,0.785398163397448);
#1366=CONICAL_SURFACE('',#1539,2.475,0.785398163397448);
#1367=CONICAL_SURFACE('',#1542,2.475,0.785398163397448);
#1368=ADVANCED_FACE('',(#112),#1356,.F.);
#1369=ADVANCED_FACE('',(#113),#78,.F.);
#1370=ADVANCED_FACE('',(#114),#1357,.F.);
#1371=ADVANCED_FACE('',(#115),#79,.F.);
#1372=ADVANCED_FACE('',(#116),#1358,.F.);
#1373=ADVANCED_FACE('',(#117),#80,.F.);
#1374=ADVANCED_FACE('',(#118),#1359,.F.);
#1375=ADVANCED_FACE('',(#119),#81,.F.);
#1376=ADVANCED_FACE('',(#120),#1360,.F.);
#1377=ADVANCED_FACE('',(#121),#82,.F.);
#1378=ADVANCED_FACE('',(#122),#1361,.F.);
#1379=ADVANCED_FACE('',(#123),#83,.F.);
#1380=ADVANCED_FACE('',(#124,#42,#43,#44,#45,#46,#47,#48,#49,#50,#51,#52),
#84,.T.);
#1381=ADVANCED_FACE('',(#125),#16,.T.);
#1382=ADVANCED_FACE('',(#126),#17,.T.);
#1383=ADVANCED_FACE('',(#127),#18,.T.);
#1384=ADVANCED_FACE('',(#128),#19,.T.);
#1385=ADVANCED_FACE('',(#129),#20,.T.);
#1386=ADVANCED_FACE('',(#130),#21,.T.);
#1387=ADVANCED_FACE('',(#131),#1362,.F.);
#1388=ADVANCED_FACE('',(#132),#85,.F.);
#1389=ADVANCED_FACE('',(#133),#1363,.F.);
#1390=ADVANCED_FACE('',(#134),#86,.F.);
#1391=ADVANCED_FACE('',(#135),#1364,.F.);
#1392=ADVANCED_FACE('',(#136),#87,.F.);
#1393=ADVANCED_FACE('',(#137),#1365,.F.);
#1394=ADVANCED_FACE('',(#138),#88,.F.);
#1395=ADVANCED_FACE('',(#139),#1366,.F.);
#1396=ADVANCED_FACE('',(#140),#89,.F.);
#1397=ADVANCED_FACE('',(#141),#1367,.F.);
#1398=ADVANCED_FACE('',(#142),#90,.F.);
#1399=ADVANCED_FACE('',(#143),#91,.F.);
#1400=ADVANCED_FACE('',(#144),#22,.F.);
#1401=ADVANCED_FACE('',(#145),#92,.F.);
#1402=ADVANCED_FACE('',(#146),#23,.F.);
#1403=ADVANCED_FACE('',(#147),#93,.F.);
#1404=ADVANCED_FACE('',(#148),#24,.F.);
#1405=ADVANCED_FACE('',(#149),#94,.F.);
#1406=ADVANCED_FACE('',(#150),#25,.F.);
#1407=ADVANCED_FACE('',(#151),#95,.F.);
#1408=ADVANCED_FACE('',(#152),#26,.F.);
#1409=ADVANCED_FACE('',(#153),#96,.F.);
#1410=ADVANCED_FACE('',(#154),#27,.F.);
#1411=ADVANCED_FACE('',(#155,#53),#28,.F.);
#1412=ADVANCED_FACE('',(#156,#54),#29,.F.);
#1413=ADVANCED_FACE('',(#157,#55),#30,.F.);
#1414=ADVANCED_FACE('',(#158,#56),#31,.F.);
#1415=ADVANCED_FACE('',(#159,#57),#32,.F.);
#1416=ADVANCED_FACE('',(#160,#58),#33,.F.);
#1417=ADVANCED_FACE('',(#161),#97,.F.);
#1418=ADVANCED_FACE('',(#162),#98,.F.);
#1419=ADVANCED_FACE('',(#163,#59),#34,.T.);
#1420=ADVANCED_FACE('',(#164),#99,.F.);
#1421=ADVANCED_FACE('',(#165),#100,.F.);
#1422=ADVANCED_FACE('',(#166,#60),#35,.T.);
#1423=ADVANCED_FACE('',(#167,#61),#36,.T.);
#1424=ADVANCED_FACE('',(#168),#101,.F.);
#1425=ADVANCED_FACE('',(#169),#102,.F.);
#1426=ADVANCED_FACE('',(#170,#62),#37,.T.);
#1427=ADVANCED_FACE('',(#171),#103,.F.);
#1428=ADVANCED_FACE('',(#172),#104,.F.);
#1429=ADVANCED_FACE('',(#173,#63),#38,.T.);
#1430=ADVANCED_FACE('',(#174,#64),#39,.T.);
#1431=ADVANCED_FACE('',(#175),#105,.F.);
#1432=ADVANCED_FACE('',(#176),#106,.F.);
#1433=ADVANCED_FACE('',(#177),#107,.F.);
#1434=ADVANCED_FACE('',(#178),#108,.F.);
#1435=ADVANCED_FACE('',(#179,#65),#40,.T.);
#1436=ADVANCED_FACE('',(#180),#109,.T.);
#1437=ADVANCED_FACE('',(#181),#15,.F.);
#1438=ADVANCED_FACE('',(#182),#110,.T.);
#1439=ADVANCED_FACE('',(#183,#66),#41,.T.);
#1440=ADVANCED_FACE('',(#184,#67,#68,#69,#70,#71,#72,#73,#74,#75,#76,#77),
#111,.F.);
#1441=CLOSED_SHELL('',(#1368,#1369,#1370,#1371,#1372,#1373,#1374,#1375,
#1376,#1377,#1378,#1379,#1380,#1381,#1382,#1383,#1384,#1385,#1386,#1387,
#1388,#1389,#1390,#1391,#1392,#1393,#1394,#1395,#1396,#1397,#1398,#1399,
#1400,#1401,#1402,#1403,#1404,#1405,#1406,#1407,#1408,#1409,#1410,#1411,
#1412,#1413,#1414,#1415,#1416,#1417,#1418,#1419,#1420,#1421,#1422,#1423,
#1424,#1425,#1426,#1427,#1428,#1429,#1430,#1431,#1432,#1433,#1434,#1435,
#1436,#1437,#1438,#1439,#1440));
#1442=DERIVED_UNIT_ELEMENT(#1444,1.);
#1443=DERIVED_UNIT_ELEMENT(#3087,-3.);
#1444=(
MASS_UNIT()
NAMED_UNIT(*)
SI_UNIT(.KILO.,.GRAM.)
);
#1445=DERIVED_UNIT((#1442,#1443));
#1446=MEASURE_REPRESENTATION_ITEM('density measure',
POSITIVE_RATIO_MEASURE(7850.),#1445);
#1447=PROPERTY_DEFINITION_REPRESENTATION(#1452,#1449);
#1448=PROPERTY_DEFINITION_REPRESENTATION(#1453,#1450);
#1449=REPRESENTATION('material name',(#1451),#3084);
#1450=REPRESENTATION('density',(#1446),#3084);
#1451=DESCRIPTIVE_REPRESENTATION_ITEM('Steel','Steel');
#1452=PROPERTY_DEFINITION('material property','material name',#3094);
#1453=PROPERTY_DEFINITION('material property','density of part',#3094);
#1454=AXIS2_PLACEMENT_3D('',#2075,#1641,#1642);
#1455=AXIS2_PLACEMENT_3D('',#2076,#1643,#1644);
#1456=AXIS2_PLACEMENT_3D('',#2087,#1646,#1647);
#1457=AXIS2_PLACEMENT_3D('',#2102,#1648,#1649);
#1458=AXIS2_PLACEMENT_3D('',#2114,#1650,#1651);
#1459=AXIS2_PLACEMENT_3D('',#2115,#1652,#1653);
#1460=AXIS2_PLACEMENT_3D('',#2118,#1655,#1656);
#1461=AXIS2_PLACEMENT_3D('',#2119,#1657,#1658);
#1462=AXIS2_PLACEMENT_3D('',#2129,#1659,#1660);
#1463=AXIS2_PLACEMENT_3D('',#2146,#1661,#1662);
#1464=AXIS2_PLACEMENT_3D('',#2161,#1664,#1665);
#1465=AXIS2_PLACEMENT_3D('',#2162,#1666,#1667);
#1466=AXIS2_PLACEMENT_3D('',#2165,#1669,#1670);
#1467=AXIS2_PLACEMENT_3D('',#2166,#1671,#1672);
#1468=AXIS2_PLACEMENT_3D('',#2184,#1673,#1674);
#1469=AXIS2_PLACEMENT_3D('',#2201,#1675,#1676);
#1470=AXIS2_PLACEMENT_3D('',#2204,#1678,#1679);
#1471=AXIS2_PLACEMENT_3D('',#2205,#1680,#1681);
#1472=AXIS2_PLACEMENT_3D('',#2206,#1682,#1683);
#1473=AXIS2_PLACEMENT_3D('',#2209,#1685,#1686);
#1474=AXIS2_PLACEMENT_3D('',#2210,#1687,#1688);
#1475=AXIS2_PLACEMENT_3D('',#2226,#1689,#1690);
#1476=AXIS2_PLACEMENT_3D('',#2243,#1691,#1692);
#1477=AXIS2_PLACEMENT_3D('',#2252,#1694,#1695);
#1478=AXIS2_PLACEMENT_3D('',#2253,#1696,#1697);
#1479=AXIS2_PLACEMENT_3D('',#2256,#1699,#1700);
#1480=AXIS2_PLACEMENT_3D('',#2257,#1701,#1702);
#1481=AXIS2_PLACEMENT_3D('',#2275,#1703,#1704);
#1482=AXIS2_PLACEMENT_3D('',#2278,#1706,#1707);
#1483=AXIS2_PLACEMENT_3D('',#2280,#1708,#1709);
#1484=AXIS2_PLACEMENT_3D('',#2296,#1710,#1711);
#1485=AXIS2_PLACEMENT_3D('',#2297,#1712,#1713);
#1486=AXIS2_PLACEMENT_3D('',#2300,#1715,#1716);
#1487=AXIS2_PLACEMENT_3D('',#2301,#1717,#1718);
#1488=AXIS2_PLACEMENT_3D('',#2318,#1720,#1721);
#1489=AXIS2_PLACEMENT_3D('',#2327,#1722,#1723);
#1490=AXIS2_PLACEMENT_3D('',#2339,#1724,#1725);
#1491=AXIS2_PLACEMENT_3D('',#2340,#1726,#1727);
#1492=AXIS2_PLACEMENT_3D('',#2343,#1729,#1730);
#1493=AXIS2_PLACEMENT_3D('',#2344,#1731,#1732);
#1494=AXIS2_PLACEMENT_3D('',#2345,#1733,#1734);
#1495=AXIS2_PLACEMENT_3D('',#2346,#1735,#1736);
#1496=AXIS2_PLACEMENT_3D('',#2347,#1737,#1738);
#1497=AXIS2_PLACEMENT_3D('',#2349,#1739,#1740);
#1498=AXIS2_PLACEMENT_3D('',#2374,#1743,#1744);
#1499=AXIS2_PLACEMENT_3D('',#2396,#1745,#1746);
#1500=AXIS2_PLACEMENT_3D('',#2397,#1747,#1748);
#1501=AXIS2_PLACEMENT_3D('',#2398,#1749,#1750);
#1502=AXIS2_PLACEMENT_3D('',#2401,#1751,#1752);
#1503=AXIS2_PLACEMENT_3D('',#2405,#1754,#1755);
#1504=AXIS2_PLACEMENT_3D('',#2409,#1757,#1758);
#1505=AXIS2_PLACEMENT_3D('',#2413,#1760,#1761);
#1506=AXIS2_PLACEMENT_3D('',#2417,#1763,#1764);
#1507=AXIS2_PLACEMENT_3D('',#2421,#1766,#1767);
#1508=AXIS2_PLACEMENT_3D('',#2427,#1770,#1771);
#1509=AXIS2_PLACEMENT_3D('',#2430,#1773,#1774);
#1510=AXIS2_PLACEMENT_3D('',#2435,#1776,#1777);
#1511=AXIS2_PLACEMENT_3D('',#2438,#1779,#1780);
#1512=AXIS2_PLACEMENT_3D('',#2443,#1782,#1783);
#1513=AXIS2_PLACEMENT_3D('',#2446,#1785,#1786);
#1514=AXIS2_PLACEMENT_3D('',#2645,#1787,#1788);
#1515=AXIS2_PLACEMENT_3D('',#2646,#1789,#1790);
#1516=AXIS2_PLACEMENT_3D('',#2647,#1791,#1792);
#1517=AXIS2_PLACEMENT_3D('',#2648,#1793,#1794);
#1518=AXIS2_PLACEMENT_3D('',#2649,#1795,#1796);
#1519=AXIS2_PLACEMENT_3D('',#2651,#1797,#1798);
#1520=AXIS2_PLACEMENT_3D('',#2652,#1799,#1800);
#1521=AXIS2_PLACEMENT_3D('',#2653,#1801,#1802);
#1522=AXIS2_PLACEMENT_3D('',#2654,#1803,#1804);
#1523=AXIS2_PLACEMENT_3D('',#2655,#1805,#1806);
#1524=AXIS2_PLACEMENT_3D('',#2656,#1807,#1808);
#1525=AXIS2_PLACEMENT_3D('',#2657,#1809,#1810);
#1526=AXIS2_PLACEMENT_3D('',#2658,#1811,#1812);
#1527=AXIS2_PLACEMENT_3D('',#2659,#1813,#1814);
#1528=AXIS2_PLACEMENT_3D('',#2662,#1816,#1817);
#1529=AXIS2_PLACEMENT_3D('',#2663,#1818,#1819);
#1530=AXIS2_PLACEMENT_3D('',#2703,#1821,#1822);
#1531=AXIS2_PLACEMENT_3D('',#2706,#1824,#1825);
#1532=AXIS2_PLACEMENT_3D('',#2707,#1826,#1827);
#1533=AXIS2_PLACEMENT_3D('',#2750,#1829,#1830);
#1534=AXIS2_PLACEMENT_3D('',#2753,#1832,#1833);
#1535=AXIS2_PLACEMENT_3D('',#2754,#1834,#1835);
#1536=AXIS2_PLACEMENT_3D('',#2794,#1837,#1838);
#1537=AXIS2_PLACEMENT_3D('',#2797,#1840,#1841);
#1538=AXIS2_PLACEMENT_3D('',#2798,#1842,#1843);
#1539=AXIS2_PLACEMENT_3D('',#2838,#1845,#1846);
#1540=AXIS2_PLACEMENT_3D('',#2841,#1848,#1849);
#1541=AXIS2_PLACEMENT_3D('',#2842,#1850,#1851);
#1542=AXIS2_PLACEMENT_3D('',#2879,#1853,#1854);
#1543=AXIS2_PLACEMENT_3D('',#2882,#1856,#1857);
#1544=AXIS2_PLACEMENT_3D('',#2883,#1858,#1859);
#1545=AXIS2_PLACEMENT_3D('',#2923,#1861,#1862);
#1546=AXIS2_PLACEMENT_3D('',#2925,#1863,#1864);
#1547=AXIS2_PLACEMENT_3D('',#2928,#1866,#1867);
#1548=AXIS2_PLACEMENT_3D('',#2929,#1868,#1869);
#1549=AXIS2_PLACEMENT_3D('',#2930,#1870,#1871);
#1550=AXIS2_PLACEMENT_3D('',#2932,#1872,#1873);
#1551=AXIS2_PLACEMENT_3D('',#2935,#1875,#1876);
#1552=AXIS2_PLACEMENT_3D('',#2936,#1877,#1878);
#1553=AXIS2_PLACEMENT_3D('',#2937,#1879,#1880);
#1554=AXIS2_PLACEMENT_3D('',#2939,#1881,#1882);
#1555=AXIS2_PLACEMENT_3D('',#2942,#1884,#1885);
#1556=AXIS2_PLACEMENT_3D('',#2943,#1886,#1887);
#1557=AXIS2_PLACEMENT_3D('',#2944,#1888,#1889);
#1558=AXIS2_PLACEMENT_3D('',#2946,#1890,#1891);
#1559=AXIS2_PLACEMENT_3D('',#2949,#1893,#1894);
#1560=AXIS2_PLACEMENT_3D('',#2950,#1895,#1896);
#1561=AXIS2_PLACEMENT_3D('',#2951,#1897,#1898);
#1562=AXIS2_PLACEMENT_3D('',#2953,#1899,#1900);
#1563=AXIS2_PLACEMENT_3D('',#2956,#1902,#1903);
#1564=AXIS2_PLACEMENT_3D('',#2957,#1904,#1905);
#1565=AXIS2_PLACEMENT_3D('',#2958,#1906,#1907);
#1566=AXIS2_PLACEMENT_3D('',#2960,#1908,#1909);
#1567=AXIS2_PLACEMENT_3D('',#2963,#1911,#1912);
#1568=AXIS2_PLACEMENT_3D('',#2964,#1913,#1914);
#1569=AXIS2_PLACEMENT_3D('',#2965,#1915,#1916);
#1570=AXIS2_PLACEMENT_3D('',#2967,#1917,#1918);
#1571=AXIS2_PLACEMENT_3D('',#2969,#1919,#1920);
#1572=AXIS2_PLACEMENT_3D('',#2970,#1921,#1922);
#1573=AXIS2_PLACEMENT_3D('',#2971,#1923,#1924);
#1574=AXIS2_PLACEMENT_3D('',#2973,#1925,#1926);
#1575=AXIS2_PLACEMENT_3D('',#2975,#1927,#1928);
#1576=AXIS2_PLACEMENT_3D('',#2976,#1929,#1930);
#1577=AXIS2_PLACEMENT_3D('',#2977,#1931,#1932);
#1578=AXIS2_PLACEMENT_3D('',#2979,#1933,#1934);
#1579=AXIS2_PLACEMENT_3D('',#2981,#1935,#1936);
#1580=AXIS2_PLACEMENT_3D('',#2982,#1937,#1938);
#1581=AXIS2_PLACEMENT_3D('',#2983,#1939,#1940);
#1582=AXIS2_PLACEMENT_3D('',#2985,#1941,#1942);
#1583=AXIS2_PLACEMENT_3D('',#2987,#1943,#1944);
#1584=AXIS2_PLACEMENT_3D('',#2988,#1945,#1946);
#1585=AXIS2_PLACEMENT_3D('',#2989,#1947,#1948);
#1586=AXIS2_PLACEMENT_3D('',#2991,#1949,#1950);
#1587=AXIS2_PLACEMENT_3D('',#2993,#1951,#1952);
#1588=AXIS2_PLACEMENT_3D('',#2994,#1953,#1954);
#1589=AXIS2_PLACEMENT_3D('',#2995,#1955,#1956);
#1590=AXIS2_PLACEMENT_3D('',#2997,#1957,#1958);
#1591=AXIS2_PLACEMENT_3D('',#2999,#1959,#1960);
#1592=AXIS2_PLACEMENT_3D('',#3000,#1961,#1962);
#1593=AXIS2_PLACEMENT_3D('',#3001,#1963,#1964);
#1594=AXIS2_PLACEMENT_3D('',#3003,#1965,#1966);
#1595=AXIS2_PLACEMENT_3D('',#3005,#1968,#1969);
#1596=AXIS2_PLACEMENT_3D('',#3007,#1970,#1971);
#1597=AXIS2_PLACEMENT_3D('',#3009,#1973,#1974);
#1598=AXIS2_PLACEMENT_3D('',#3011,#1975,#1976);
#1599=AXIS2_PLACEMENT_3D('',#3012,#1977,#1978);
#1600=AXIS2_PLACEMENT_3D('',#3013,#1979,#1980);
#1601=AXIS2_PLACEMENT_3D('',#3015,#1981,#1982);
#1602=AXIS2_PLACEMENT_3D('',#3017,#1984,#1985);
#1603=AXIS2_PLACEMENT_3D('',#3019,#1986,#1987);
#1604=AXIS2_PLACEMENT_3D('',#3021,#1989,#1990);
#1605=AXIS2_PLACEMENT_3D('',#3023,#1991,#1992);
#1606=AXIS2_PLACEMENT_3D('',#3024,#1993,#1994);
#1607=AXIS2_PLACEMENT_3D('',#3025,#1995,#1996);
#1608=AXIS2_PLACEMENT_3D('',#3027,#1997,#1998);
#1609=AXIS2_PLACEMENT_3D('',#3028,#1999,#2000);
#1610=AXIS2_PLACEMENT_3D('',#3029,#2001,#2002);
#1611=AXIS2_PLACEMENT_3D('',#3031,#2003,#2004);
#1612=AXIS2_PLACEMENT_3D('',#3033,#2006,#2007);
#1613=AXIS2_PLACEMENT_3D('',#3035,#2009,#2010);
#1614=AXIS2_PLACEMENT_3D('',#3037,#2011,#2012);
#1615=AXIS2_PLACEMENT_3D('',#3038,#2013,#2014);
#1616=AXIS2_PLACEMENT_3D('',#3039,#2015,#2016);
#1617=AXIS2_PLACEMENT_3D('',#3041,#2017,#2018);
#1618=AXIS2_PLACEMENT_3D('',#3043,#2020,#2021);
#1619=AXIS2_PLACEMENT_3D('',#3045,#2022,#2023);
#1620=AXIS2_PLACEMENT_3D('',#3047,#2025,#2026);
#1621=AXIS2_PLACEMENT_3D('',#3048,#2027,#2028);
#1622=AXIS2_PLACEMENT_3D('',#3049,#2029,#2030);
#1623=AXIS2_PLACEMENT_3D('',#3051,#2031,#2032);
#1624=AXIS2_PLACEMENT_3D('',#3052,#2033,#2034);
#1625=AXIS2_PLACEMENT_3D('',#3053,#2035,#2036);
#1626=AXIS2_PLACEMENT_3D('',#3055,#2038,#2039);
#1627=AXIS2_PLACEMENT_3D('',#3057,#2041,#2042);
#1628=AXIS2_PLACEMENT_3D('',#3059,#2044,#2045);
#1629=AXIS2_PLACEMENT_3D('',#3061,#2047,#2048);
#1630=AXIS2_PLACEMENT_3D('',#3063,#2049,#2050);
#1631=AXIS2_PLACEMENT_3D('',#3065,#2051,#2052);
#1632=AXIS2_PLACEMENT_3D('',#3066,#2053,#2054);
#1633=AXIS2_PLACEMENT_3D('',#3068,#2055,#2056);
#1634=AXIS2_PLACEMENT_3D('',#3070,#2058,#2059);
#1635=AXIS2_PLACEMENT_3D('',#3072,#2060,#2061);
#1636=AXIS2_PLACEMENT_3D('',#3073,#2062,#2063);
#1637=AXIS2_PLACEMENT_3D('',#3074,#2064,#2065);
#1638=AXIS2_PLACEMENT_3D('',#3076,#2066,#2067);
#1639=AXIS2_PLACEMENT_3D('',#3078,#2069,#2070);
#1640=AXIS2_PLACEMENT_3D('',#3079,#2071,#2072);
#1641=DIRECTION('axis',(0.,0.,1.));
#1642=DIRECTION('refdir',(1.,0.,0.));
#1643=DIRECTION('center_axis',(0.,0.,1.));
#1644=DIRECTION('ref_axis',(1.,0.,0.));
#1645=DIRECTION('',(0.707106781186548,-8.65956056235493E-17,-0.707106781186548));
#1646=DIRECTION('center_axis',(0.,0.,-1.));
#1647=DIRECTION('ref_axis',(1.,0.,0.));
#1648=DIRECTION('center_axis',(0.,0.,-1.));
#1649=DIRECTION('ref_axis',(1.,0.,0.));
#1650=DIRECTION('center_axis',(0.,0.,-1.));
#1651=DIRECTION('ref_axis',(1.,0.,0.));
#1652=DIRECTION('center_axis',(0.,0.,-1.));
#1653=DIRECTION('ref_axis',(1.,0.,0.));
#1654=DIRECTION('',(0.,0.,-1.));
#1655=DIRECTION('center_axis',(0.,0.,1.));
#1656=DIRECTION('ref_axis',(1.,0.,0.));
#1657=DIRECTION('center_axis',(0.,0.,1.));
#1658=DIRECTION('ref_axis',(1.,0.,0.));
#1659=DIRECTION('center_axis',(0.,0.,-1.));
#1660=DIRECTION('ref_axis',(1.,0.,0.));
#1661=DIRECTION('center_axis',(0.,0.,-1.));
#1662=DIRECTION('ref_axis',(1.,0.,0.));
#1663=DIRECTION('',(0.707106781186548,-8.65956056235493E-17,-0.707106781186548));
#1664=DIRECTION('center_axis',(0.,0.,-1.));
#1665=DIRECTION('ref_axis',(1.,0.,0.));
#1666=DIRECTION('center_axis',(0.,0.,-1.));
#1667=DIRECTION('ref_axis',(1.,0.,0.));
#1668=DIRECTION('',(0.,0.,-1.));
#1669=DIRECTION('center_axis',(0.,0.,1.));
#1670=DIRECTION('ref_axis',(1.,0.,0.));
#1671=DIRECTION('center_axis',(0.,0.,1.));
#1672=DIRECTION('ref_axis',(1.,0.,0.));
#1673=DIRECTION('center_axis',(0.,0.,-1.));
#1674=DIRECTION('ref_axis',(1.,0.,0.));
#1675=DIRECTION('center_axis',(0.,0.,-1.));
#1676=DIRECTION('ref_axis',(1.,0.,0.));
#1677=DIRECTION('',(0.707106781186548,-8.65956056235493E-17,-0.707106781186548));
#1678=DIRECTION('center_axis',(0.,0.,-1.));
#1679=DIRECTION('ref_axis',(1.,0.,0.));
#1680=DIRECTION('center_axis',(0.,0.,-1.));
#1681=DIRECTION('ref_axis',(1.,0.,0.));
#1682=DIRECTION('center_axis',(0.,0.,-1.));
#1683=DIRECTION('ref_axis',(1.,0.,0.));
#1684=DIRECTION('',(0.,0.,-1.));
#1685=DIRECTION('center_axis',(0.,0.,1.));
#1686=DIRECTION('ref_axis',(1.,0.,0.));
#1687=DIRECTION('center_axis',(0.,0.,1.));
#1688=DIRECTION('ref_axis',(1.,0.,0.));
#1689=DIRECTION('center_axis',(0.,0.,-1.));
#1690=DIRECTION('ref_axis',(1.,0.,0.));
#1691=DIRECTION('center_axis',(0.,0.,-1.));
#1692=DIRECTION('ref_axis',(1.,0.,0.));
#1693=DIRECTION('',(0.707106781186548,-8.65956056235493E-17,-0.707106781186548));
#1694=DIRECTION('center_axis',(0.,0.,-1.));
#1695=DIRECTION('ref_axis',(1.,0.,0.));
#1696=DIRECTION('center_axis',(0.,0.,-1.));
#1697=DIRECTION('ref_axis',(1.,0.,0.));
#1698=DIRECTION('',(0.,0.,-1.));
#1699=DIRECTION('center_axis',(0.,0.,1.));
#1700=DIRECTION('ref_axis',(1.,0.,0.));
#1701=DIRECTION('center_axis',(0.,0.,1.));
#1702=DIRECTION('ref_axis',(1.,0.,0.));
#1703=DIRECTION('center_axis',(0.,0.,-1.));
#1704=DIRECTION('ref_axis',(1.,0.,0.));
#1705=DIRECTION('',(0.707106781186548,-8.65956056235493E-17,-0.707106781186548));
#1706=DIRECTION('center_axis',(0.,0.,-1.));
#1707=DIRECTION('ref_axis',(1.,0.,0.));
#1708=DIRECTION('center_axis',(0.,0.,-1.));
#1709=DIRECTION('ref_axis',(1.,0.,0.));
#1710=DIRECTION('center_axis',(0.,0.,-1.));
#1711=DIRECTION('ref_axis',(1.,0.,0.));
#1712=DIRECTION('center_axis',(0.,0.,-1.));
#1713=DIRECTION('ref_axis',(1.,0.,0.));
#1714=DIRECTION('',(0.,0.,-1.));
#1715=DIRECTION('center_axis',(0.,0.,1.));
#1716=DIRECTION('ref_axis',(1.,0.,0.));
#1717=DIRECTION('center_axis',(0.,0.,1.));
#1718=DIRECTION('ref_axis',(1.,0.,0.));
#1719=DIRECTION('',(0.707106781186548,-8.65956056235493E-17,-0.707106781186548));
#1720=DIRECTION('center_axis',(0.,0.,-1.));
#1721=DIRECTION('ref_axis',(1.,0.,0.));
#1722=DIRECTION('center_axis',(0.,0.,-1.));
#1723=DIRECTION('ref_axis',(1.,0.,0.));
#1724=DIRECTION('center_axis',(0.,0.,-1.));
#1725=DIRECTION('ref_axis',(1.,0.,0.));
#1726=DIRECTION('center_axis',(0.,0.,-1.));
#1727=DIRECTION('ref_axis',(1.,0.,0.));
#1728=DIRECTION('',(0.,0.,-1.));
#1729=DIRECTION('center_axis',(0.,0.,1.));
#1730=DIRECTION('ref_axis',(1.,0.,0.));
#1731=DIRECTION('center_axis',(0.,0.,1.));
#1732=DIRECTION('ref_axis',(1.,0.,0.));
#1733=DIRECTION('center_axis',(0.,0.,1.));
#1734=DIRECTION('ref_axis',(-1.,0.,0.));
#1735=DIRECTION('center_axis',(0.,0.,1.));
#1736=DIRECTION('ref_axis',(-1.,0.,0.));
#1737=DIRECTION('center_axis',(0.,0.,1.));
#1738=DIRECTION('ref_axis',(-1.,0.,0.));
#1739=DIRECTION('center_axis',(0.,0.,1.));
#1740=DIRECTION('ref_axis',(-1.,0.,0.));
#1741=DIRECTION('',(0.,0.,-1.));
#1742=DIRECTION('',(0.,0.,-1.));
#1743=DIRECTION('center_axis',(0.,0.,1.));
#1744=DIRECTION('ref_axis',(1.,0.,0.));
#1745=DIRECTION('center_axis',(0.,0.,1.));
#1746=DIRECTION('ref_axis',(-1.,0.,0.));
#1747=DIRECTION('center_axis',(0.,0.,1.));
#1748=DIRECTION('ref_axis',(-1.,0.,0.));
#1749=DIRECTION('center_axis',(0.,0.,1.));
#1750=DIRECTION('ref_axis',(-1.,0.,0.));
#1751=DIRECTION('center_axis',(0.,0.,1.));
#1752=DIRECTION('ref_axis',(-1.,0.,0.));
#1753=DIRECTION('',(0.,0.,1.));
#1754=DIRECTION('center_axis',(0.,0.,1.));
#1755=DIRECTION('ref_axis',(1.,0.,0.));
#1756=DIRECTION('',(0.,0.,1.));
#1757=DIRECTION('center_axis',(0.,0.,1.));
#1758=DIRECTION('ref_axis',(-1.,0.,0.));
#1759=DIRECTION('',(0.,0.,1.));
#1760=DIRECTION('center_axis',(0.,0.,1.));
#1761=DIRECTION('ref_axis',(1.,0.,0.));
#1762=DIRECTION('',(0.,0.,1.));
#1763=DIRECTION('center_axis',(0.,0.,1.));
#1764=DIRECTION('ref_axis',(-1.,0.,0.));
#1765=DIRECTION('',(0.,0.,1.));
#1766=DIRECTION('center_axis',(0.,0.,1.));
#1767=DIRECTION('ref_axis',(1.,0.,0.));
#1768=DIRECTION('',(0.,0.,1.));
#1769=DIRECTION('',(0.,0.,1.));
#1770=DIRECTION('center_axis',(0.,0.,1.));
#1771=DIRECTION('ref_axis',(1.,0.,0.));
#1772=DIRECTION('',(0.,0.,1.));
#1773=DIRECTION('center_axis',(0.,0.,1.));
#1774=DIRECTION('ref_axis',(-1.,0.,0.));
#1775=DIRECTION('',(0.,0.,1.));
#1776=DIRECTION('center_axis',(0.,0.,1.));
#1777=DIRECTION('ref_axis',(1.,0.,0.));
#1778=DIRECTION('',(0.,0.,1.));
#1779=DIRECTION('center_axis',(0.,0.,1.));
#1780=DIRECTION('ref_axis',(-1.,0.,0.));
#1781=DIRECTION('',(0.,0.,1.));
#1782=DIRECTION('center_axis',(0.,0.,1.));
#1783=DIRECTION('ref_axis',(1.,0.,0.));
#1784=DIRECTION('',(0.,0.,1.));
#1785=DIRECTION('center_axis',(0.,0.,1.));
#1786=DIRECTION('ref_axis',(-1.,0.,0.));
#1787=DIRECTION('center_axis',(0.,0.,1.));
#1788=DIRECTION('ref_axis',(-1.,0.,0.));
#1789=DIRECTION('center_axis',(0.,0.,-1.));
#1790=DIRECTION('ref_axis',(-1.,0.,0.));
#1791=DIRECTION('center_axis',(0.,0.,1.));
#1792=DIRECTION('ref_axis',(-1.,0.,0.));
#1793=DIRECTION('center_axis',(0.,0.,-1.));
#1794=DIRECTION('ref_axis',(-1.,0.,0.));
#1795=DIRECTION('center_axis',(0.,0.,1.));
#1796=DIRECTION('ref_axis',(-1.,0.,0.));
#1797=DIRECTION('center_axis',(0.,0.,-1.));
#1798=DIRECTION('ref_axis',(-1.,0.,0.));
#1799=DIRECTION('center_axis',(0.,0.,-1.));
#1800=DIRECTION('ref_axis',(-1.,0.,0.));
#1801=DIRECTION('center_axis',(0.,0.,1.));
#1802=DIRECTION('ref_axis',(-1.,0.,0.));
#1803=DIRECTION('center_axis',(0.,0.,-1.));
#1804=DIRECTION('ref_axis',(-1.,0.,0.));
#1805=DIRECTION('center_axis',(0.,0.,1.));
#1806=DIRECTION('ref_axis',(-1.,0.,0.));
#1807=DIRECTION('center_axis',(0.,0.,-1.));
#1808=DIRECTION('ref_axis',(-1.,0.,0.));
#1809=DIRECTION('center_axis',(0.,0.,1.));
#1810=DIRECTION('ref_axis',(-1.,0.,0.));
#1811=DIRECTION('center_axis',(0.,0.,-1.));
#1812=DIRECTION('ref_axis',(-1.,0.,0.));
#1813=DIRECTION('center_axis',(-0.5,0.866025403784439,0.));
#1814=DIRECTION('ref_axis',(0.,0.,1.));
#1815=DIRECTION('',(0.353553390593274,-0.612372435695795,0.707106781186547));
#1816=DIRECTION('center_axis',(0.5,-0.866025403784439,0.));
#1817=DIRECTION('ref_axis',(0.,0.,1.));
#1818=DIRECTION('center_axis',(0.5,-0.866025403784439,0.));
#1819=DIRECTION('ref_axis',(0.,0.,1.));
#1820=DIRECTION('',(0.5,-0.866025403784439,0.));
#1821=DIRECTION('center_axis',(-1.,-1.22464679914735E-16,0.));
#1822=DIRECTION('ref_axis',(1.22464679914735E-16,-1.,0.));
#1823=DIRECTION('',(0.707106781186548,-0.707106781186547,-8.65956056235493E-17));
#1824=DIRECTION('center_axis',(1.,1.22464679914735E-16,0.));
#1825=DIRECTION('ref_axis',(1.22464679914735E-16,-1.,0.));
#1826=DIRECTION('center_axis',(1.,1.22464679914735E-16,0.));
#1827=DIRECTION('ref_axis',(1.22464679914735E-16,-1.,0.));
#1828=DIRECTION('',(1.,1.22464679914735E-16,0.));
#1829=DIRECTION('center_axis',(-0.5,-0.866025403784439,0.));
#1830=DIRECTION('ref_axis',(0.,0.,-1.));
#1831=DIRECTION('',(0.353553390593274,0.612372435695794,-0.707106781186547));
#1832=DIRECTION('center_axis',(0.5,0.866025403784439,0.));
#1833=DIRECTION('ref_axis',(0.,0.,-1.));
#1834=DIRECTION('center_axis',(0.5,0.866025403784439,0.));
#1835=DIRECTION('ref_axis',(0.,0.,-1.));
#1836=DIRECTION('',(0.5,0.866025403784439,0.));
#1837=DIRECTION('center_axis',(0.499999999999999,-0.866025403784439,0.));
#1838=DIRECTION('ref_axis',(0.,0.,-1.));
#1839=DIRECTION('',(-0.353553390593273,0.612372435695795,-0.707106781186547));
#1840=DIRECTION('center_axis',(-0.499999999999999,0.866025403784439,0.));
#1841=DIRECTION('ref_axis',(0.,0.,-1.));
#1842=DIRECTION('center_axis',(-0.499999999999999,0.866025403784439,0.));
#1843=DIRECTION('ref_axis',(0.,0.,-1.));
#1844=DIRECTION('',(-0.499999999999999,0.866025403784439,0.));
#1845=DIRECTION('center_axis',(1.,0.,0.));
#1846=DIRECTION('ref_axis',(0.,1.,0.));
#1847=DIRECTION('',(-0.707106781186548,0.707106781186547,-8.65956056235493E-17));
#1848=DIRECTION('center_axis',(-1.,0.,0.));
#1849=DIRECTION('ref_axis',(0.,1.,0.));
#1850=DIRECTION('center_axis',(-1.,0.,0.));
#1851=DIRECTION('ref_axis',(0.,1.,0.));
#1852=DIRECTION('',(-1.,0.,0.));
#1853=DIRECTION('center_axis',(0.5,0.866025403784439,0.));
#1854=DIRECTION('ref_axis',(0.,0.,1.));
#1855=DIRECTION('',(-0.353553390593274,-0.612372435695794,0.707106781186547));
#1856=DIRECTION('center_axis',(-0.5,-0.866025403784439,0.));
#1857=DIRECTION('ref_axis',(0.,0.,1.));
#1858=DIRECTION('center_axis',(-0.5,-0.866025403784439,0.));
#1859=DIRECTION('ref_axis',(0.,0.,1.));
#1860=DIRECTION('',(-0.5,-0.866025403784439,0.));
#1861=DIRECTION('center_axis',(0.,0.,-1.));
#1862=DIRECTION('ref_axis',(1.,0.,0.));
#1863=DIRECTION('center_axis',(0.,0.,-1.));
#1864=DIRECTION('ref_axis',(1.,0.,0.));
#1865=DIRECTION('',(0.,0.,-1.));
#1866=DIRECTION('center_axis',(0.,0.,-1.));
#1867=DIRECTION('ref_axis',(1.,0.,0.));
#1868=DIRECTION('center_axis',(0.,0.,-1.));
#1869=DIRECTION('ref_axis',(1.,0.,0.));
#1870=DIRECTION('center_axis',(0.,0.,-1.));
#1871=DIRECTION('ref_axis',(1.,0.,0.));
#1872=DIRECTION('center_axis',(0.,0.,-1.));
#1873=DIRECTION('ref_axis',(1.,0.,0.));
#1874=DIRECTION('',(0.,0.,-1.));
#1875=DIRECTION('center_axis',(0.,0.,-1.));
#1876=DIRECTION('ref_axis',(1.,0.,0.));
#1877=DIRECTION('center_axis',(0.,0.,-1.));
#1878=DIRECTION('ref_axis',(1.,0.,0.));
#1879=DIRECTION('center_axis',(0.,0.,-1.));
#1880=DIRECTION('ref_axis',(1.,0.,0.));
#1881=DIRECTION('center_axis',(0.,0.,-1.));
#1882=DIRECTION('ref_axis',(1.,0.,0.));
#1883=DIRECTION('',(0.,0.,-1.));
#1884=DIRECTION('center_axis',(0.,0.,-1.));
#1885=DIRECTION('ref_axis',(1.,0.,0.));
#1886=DIRECTION('center_axis',(0.,0.,-1.));
#1887=DIRECTION('ref_axis',(1.,0.,0.));
#1888=DIRECTION('center_axis',(0.,0.,-1.));
#1889=DIRECTION('ref_axis',(1.,0.,0.));
#1890=DIRECTION('center_axis',(0.,0.,-1.));
#1891=DIRECTION('ref_axis',(1.,0.,0.));
#1892=DIRECTION('',(0.,0.,-1.));
#1893=DIRECTION('center_axis',(0.,0.,-1.));
#1894=DIRECTION('ref_axis',(1.,0.,0.));
#1895=DIRECTION('center_axis',(0.,0.,-1.));
#1896=DIRECTION('ref_axis',(1.,0.,0.));
#1897=DIRECTION('center_axis',(0.,0.,-1.));
#1898=DIRECTION('ref_axis',(1.,0.,0.));
#1899=DIRECTION('center_axis',(0.,0.,-1.));
#1900=DIRECTION('ref_axis',(1.,0.,0.));
#1901=DIRECTION('',(0.,0.,-1.));
#1902=DIRECTION('center_axis',(0.,0.,-1.));
#1903=DIRECTION('ref_axis',(1.,0.,0.));
#1904=DIRECTION('center_axis',(0.,0.,-1.));
#1905=DIRECTION('ref_axis',(1.,0.,0.));
#1906=DIRECTION('center_axis',(0.,0.,-1.));
#1907=DIRECTION('ref_axis',(1.,0.,0.));
#1908=DIRECTION('center_axis',(0.,0.,-1.));
#1909=DIRECTION('ref_axis',(1.,0.,0.));
#1910=DIRECTION('',(0.,0.,-1.));
#1911=DIRECTION('center_axis',(0.,0.,-1.));
#1912=DIRECTION('ref_axis',(1.,0.,0.));
#1913=DIRECTION('center_axis',(0.,0.,-1.));
#1914=DIRECTION('ref_axis',(1.,0.,0.));
#1915=DIRECTION('center_axis',(0.,0.,1.));
#1916=DIRECTION('ref_axis',(-1.,0.,0.));
#1917=DIRECTION('center_axis',(0.,0.,-1.));
#1918=DIRECTION('ref_axis',(-1.,0.,0.));
#1919=DIRECTION('center_axis',(0.,0.,-1.));
#1920=DIRECTION('ref_axis',(-1.,0.,0.));
#1921=DIRECTION('center_axis',(0.,0.,-1.));
#1922=DIRECTION('ref_axis',(-1.,0.,0.));
#1923=DIRECTION('center_axis',(0.,0.,1.));
#1924=DIRECTION('ref_axis',(-1.,0.,0.));
#1925=DIRECTION('center_axis',(0.,0.,-1.));
#1926=DIRECTION('ref_axis',(-1.,0.,0.));
#1927=DIRECTION('center_axis',(0.,0.,-1.));
#1928=DIRECTION('ref_axis',(-1.,0.,0.));
#1929=DIRECTION('center_axis',(0.,0.,-1.));
#1930=DIRECTION('ref_axis',(-1.,0.,0.));
#1931=DIRECTION('center_axis',(0.,0.,1.));
#1932=DIRECTION('ref_axis',(-1.,0.,0.));
#1933=DIRECTION('center_axis',(0.,0.,-1.));
#1934=DIRECTION('ref_axis',(-1.,0.,0.));
#1935=DIRECTION('center_axis',(0.,0.,-1.));
#1936=DIRECTION('ref_axis',(-1.,0.,0.));
#1937=DIRECTION('center_axis',(0.,0.,-1.));
#1938=DIRECTION('ref_axis',(-1.,0.,0.));
#1939=DIRECTION('center_axis',(0.,0.,1.));
#1940=DIRECTION('ref_axis',(-1.,0.,0.));
#1941=DIRECTION('center_axis',(0.,0.,-1.));
#1942=DIRECTION('ref_axis',(-1.,0.,0.));
#1943=DIRECTION('center_axis',(0.,0.,-1.));
#1944=DIRECTION('ref_axis',(-1.,0.,0.));
#1945=DIRECTION('center_axis',(0.,0.,-1.));
#1946=DIRECTION('ref_axis',(-1.,0.,0.));
#1947=DIRECTION('center_axis',(0.,0.,1.));
#1948=DIRECTION('ref_axis',(-1.,0.,0.));
#1949=DIRECTION('center_axis',(0.,0.,-1.));
#1950=DIRECTION('ref_axis',(-1.,0.,0.));
#1951=DIRECTION('center_axis',(0.,0.,-1.));
#1952=DIRECTION('ref_axis',(-1.,0.,0.));
#1953=DIRECTION('center_axis',(0.,0.,-1.));
#1954=DIRECTION('ref_axis',(-1.,0.,0.));
#1955=DIRECTION('center_axis',(0.,0.,1.));
#1956=DIRECTION('ref_axis',(-1.,0.,0.));
#1957=DIRECTION('center_axis',(0.,0.,-1.));
#1958=DIRECTION('ref_axis',(-1.,0.,0.));
#1959=DIRECTION('center_axis',(0.,0.,-1.));
#1960=DIRECTION('ref_axis',(-1.,0.,0.));
#1961=DIRECTION('center_axis',(0.,0.,-1.));
#1962=DIRECTION('ref_axis',(-1.,0.,0.));
#1963=DIRECTION('center_axis',(0.,0.,1.));
#1964=DIRECTION('ref_axis',(-1.,0.,0.));
#1965=DIRECTION('center_axis',(0.,0.,1.));
#1966=DIRECTION('ref_axis',(-1.,0.,0.));
#1967=DIRECTION('',(0.,0.,1.));
#1968=DIRECTION('center_axis',(0.,0.,1.));
#1969=DIRECTION('ref_axis',(-1.,0.,0.));
#1970=DIRECTION('center_axis',(0.,0.,1.));
#1971=DIRECTION('ref_axis',(-1.,0.,0.));
#1972=DIRECTION('',(0.,0.,1.));
#1973=DIRECTION('center_axis',(0.,0.,1.));
#1974=DIRECTION('ref_axis',(1.,0.,0.));
#1975=DIRECTION('center_axis',(0.,0.,1.));
#1976=DIRECTION('ref_axis',(1.,0.,0.));
#1977=DIRECTION('center_axis',(0.,0.,1.));
#1978=DIRECTION('ref_axis',(-1.,0.,0.));
#1979=DIRECTION('center_axis',(0.,0.,1.));
#1980=DIRECTION('ref_axis',(-1.,0.,0.));
#1981=DIRECTION('center_axis',(0.,0.,1.));
#1982=DIRECTION('ref_axis',(-1.,0.,0.));
#1983=DIRECTION('',(0.,0.,1.));
#1984=DIRECTION('center_axis',(0.,0.,1.));
#1985=DIRECTION('ref_axis',(0.999846726488616,-0.0175078133985728,0.));
#1986=DIRECTION('center_axis',(0.,0.,1.));
#1987=DIRECTION('ref_axis',(-1.,0.,0.));
#1988=DIRECTION('',(0.,0.,1.));
#1989=DIRECTION('center_axis',(0.,0.,1.));
#1990=DIRECTION('ref_axis',(1.,0.,0.));
#1991=DIRECTION('center_axis',(0.,0.,1.));
#1992=DIRECTION('ref_axis',(1.,0.,0.));
#1993=DIRECTION('center_axis',(0.,0.,1.));
#1994=DIRECTION('ref_axis',(-1.,0.,0.));
#1995=DIRECTION('center_axis',(0.,0.,1.));
#1996=DIRECTION('ref_axis',(1.,0.,0.));
#1997=DIRECTION('center_axis',(0.,0.,1.));
#1998=DIRECTION('ref_axis',(-1.,0.,0.));
#1999=DIRECTION('center_axis',(0.,0.,1.));
#2000=DIRECTION('ref_axis',(1.,0.,0.));
#2001=DIRECTION('center_axis',(0.,0.,1.));
#2002=DIRECTION('ref_axis',(-1.,0.,0.));
#2003=DIRECTION('center_axis',(0.,0.,1.));
#2004=DIRECTION('ref_axis',(-1.,0.,0.));
#2005=DIRECTION('',(0.,0.,1.));
#2006=DIRECTION('center_axis',(0.,0.,1.));
#2007=DIRECTION('ref_axis',(-1.,0.,0.));
#2008=DIRECTION('',(0.,0.,1.));
#2009=DIRECTION('center_axis',(0.,0.,1.));
#2010=DIRECTION('ref_axis',(1.,0.,0.));
#2011=DIRECTION('center_axis',(0.,0.,1.));
#2012=DIRECTION('ref_axis',(1.,0.,0.));
#2013=DIRECTION('center_axis',(0.,0.,1.));
#2014=DIRECTION('ref_axis',(-1.,0.,0.));
#2015=DIRECTION('center_axis',(0.,0.,1.));
#2016=DIRECTION('ref_axis',(-1.,0.,0.));
#2017=DIRECTION('center_axis',(0.,0.,1.));
#2018=DIRECTION('ref_axis',(-1.,0.,0.));
#2019=DIRECTION('',(0.,0.,1.));
#2020=DIRECTION('center_axis',(0.,0.,1.));
#2021=DIRECTION('ref_axis',(-1.,0.,0.));
#2022=DIRECTION('center_axis',(0.,0.,1.));
#2023=DIRECTION('ref_axis',(-1.,0.,0.));
#2024=DIRECTION('',(0.,0.,1.));
#2025=DIRECTION('center_axis',(0.,0.,1.));
#2026=DIRECTION('ref_axis',(1.,0.,0.));
#2027=DIRECTION('center_axis',(0.,0.,1.));
#2028=DIRECTION('ref_axis',(1.,0.,0.));
#2029=DIRECTION('center_axis',(0.,0.,1.));
#2030=DIRECTION('ref_axis',(1.,0.,0.));
#2031=DIRECTION('center_axis',(0.,0.,1.));
#2032=DIRECTION('ref_axis',(-1.,0.,0.));
#2033=DIRECTION('center_axis',(0.,0.,1.));
#2034=DIRECTION('ref_axis',(1.,0.,0.));
#2035=DIRECTION('center_axis',(0.,0.,1.));
#2036=DIRECTION('ref_axis',(-1.,0.,0.));
#2037=DIRECTION('',(0.,0.,1.));
#2038=DIRECTION('center_axis',(0.,0.,1.));
#2039=DIRECTION('ref_axis',(-1.,0.,0.));
#2040=DIRECTION('',(0.,0.,1.));
#2041=DIRECTION('center_axis',(0.,0.,1.));
#2042=DIRECTION('ref_axis',(0.999846726488616,0.0175078133985726,0.));
#2043=DIRECTION('',(0.,0.,1.));
#2044=DIRECTION('center_axis',(0.,0.,1.));
#2045=DIRECTION('ref_axis',(-1.,0.,0.));
#2046=DIRECTION('',(0.,0.,1.));
#2047=DIRECTION('center_axis',(0.,0.,-1.));
#2048=DIRECTION('ref_axis',(-1.,0.,0.));
#2049=DIRECTION('center_axis',(0.,0.,1.));
#2050=DIRECTION('ref_axis',(1.,0.,0.));
#2051=DIRECTION('center_axis',(0.,0.,1.));
#2052=DIRECTION('ref_axis',(1.,0.,0.));
#2053=DIRECTION('center_axis',(0.,0.,1.));
#2054=DIRECTION('ref_axis',(1.,0.,0.));
#2055=DIRECTION('center_axis',(0.,0.,1.));
#2056=DIRECTION('ref_axis',(1.,0.,0.));
#2057=DIRECTION('',(0.,0.,-1.));
#2058=DIRECTION('center_axis',(0.,0.,1.));
#2059=DIRECTION('ref_axis',(1.,0.,0.));
#2060=DIRECTION('center_axis',(1.22464679914735E-16,-1.,0.));
#2061=DIRECTION('ref_axis',(-1.,-1.22464679914735E-16,0.));
#2062=DIRECTION('center_axis',(0.,0.,1.));
#2063=DIRECTION('ref_axis',(1.,0.,0.));
#2064=DIRECTION('center_axis',(0.,0.,1.));
#2065=DIRECTION('ref_axis',(1.,0.,0.));
#2066=DIRECTION('center_axis',(0.,0.,1.));
#2067=DIRECTION('ref_axis',(1.,0.,0.));
#2068=DIRECTION('',(0.,0.,-1.));
#2069=DIRECTION('center_axis',(0.,0.,1.));
#2070=DIRECTION('ref_axis',(1.,0.,0.));
#2071=DIRECTION('center_axis',(0.,0.,1.));
#2072=DIRECTION('ref_axis',(1.,0.,0.));
#2073=DIRECTION('',(0.,0.,-1.));
#2074=DIRECTION('',(0.,0.,-1.));
#2075=CARTESIAN_POINT('',(0.,0.,0.));
#2076=CARTESIAN_POINT('Origin',(91.9208023830842,53.0704999999999,13.348));
#2077=CARTESIAN_POINT('',(88.7033657688883,53.5294135361188,14.173));
#2078=CARTESIAN_POINT('',(88.9786898203543,53.0704999993083,13.8651125627298));
#2079=CARTESIAN_POINT('Ctrl Pts',(88.7033657688883,53.5294135361187,14.1730000000001));
#2080=CARTESIAN_POINT('Ctrl Pts',(88.7354756824065,53.4762043336362,14.1336984508625));
#2081=CARTESIAN_POINT('Ctrl Pts',(88.7677543136672,53.4226073940957,14.0952423180919));
#2082=CARTESIAN_POINT('Ctrl Pts',(88.8589743488986,53.2708259296676,13.9900032142046));
#2083=CARTESIAN_POINT('Ctrl Pts',(88.9182767329498,53.1717893658809,13.9255256500867));
#2084=CARTESIAN_POINT('Ctrl Pts',(88.9786898203543,53.0704999986167,13.8651125627298));
#2085=CARTESIAN_POINT('',(90.3208023830842,53.0704999999999,12.523));
#2086=CARTESIAN_POINT('',(89.4958023830842,53.0704999999999,13.348));
#2087=CARTESIAN_POINT('Origin',(91.9208023830842,53.0704999999999,12.523));
#2088=CARTESIAN_POINT('',(90.7095148564057,50.0546613889807,14.173));
#2089=CARTESIAN_POINT('Ctrl Pts',(88.9786898203543,53.0704999986167,13.8651125627298));
#2090=CARTESIAN_POINT('Ctrl Pts',(89.0589770577378,52.9358893732813,13.7848253254097));
#2091=CARTESIAN_POINT('Ctrl Pts',(89.1411946786169,52.7973592144831,13.7115858575386));
#2092=CARTESIAN_POINT('Ctrl Pts',(89.3774114042105,52.3970526030194,13.5396345388887));
#2093=CARTESIAN_POINT('Ctrl Pts',(89.5383492223618,52.1220299210241,13.4605));
#2094=CARTESIAN_POINT('Ctrl Pts',(89.9081766196004,51.4814700789758,13.4605));
#2095=CARTESIAN_POINT('Ctrl Pts',(90.0658843397497,51.2045824990294,13.5396345388887));
#2096=CARTESIAN_POINT('Ctrl Pts',(90.3569368997857,50.6892172385732,13.7585935259379));
#2097=CARTESIAN_POINT('Ctrl Pts',(90.4899477063832,50.4512148524884,13.8999775312483));
#2098=CARTESIAN_POINT('Ctrl Pts',(90.6492122965229,50.1638265754835,14.0952423180919));
#2099=CARTESIAN_POINT('Ctrl Pts',(90.6794892920998,50.1090739910421,14.1336984508625));
#2100=CARTESIAN_POINT('Ctrl Pts',(90.7095148564056,50.0546613889808,14.1730000000001));
#2101=CARTESIAN_POINT('',(95.1288700376491,52.5501136783743,14.173));
#2102=CARTESIAN_POINT('Origin',(91.9208023830842,53.0704999999999,14.173));
#2103=CARTESIAN_POINT('',(93.0741684360569,56.1089612467252,14.173));
#2104=CARTESIAN_POINT('Ctrl Pts',(93.074168436057,56.1089612467251,14.1730000000001));
#2105=CARTESIAN_POINT('Ctrl Pts',(93.2080781252562,55.8868303661882,14.0128494822999));
#2106=CARTESIAN_POINT('Ctrl Pts',(93.3449029108848,55.6581101866358,13.8655974536291));
#2107=CARTESIAN_POINT('Ctrl Pts',(93.6990103429014,55.0607082727272,13.5658777202077));
#2108=CARTESIAN_POINT('Ctrl Pts',(93.9399969335316,54.6490319367635,13.4421257029552));
#2109=CARTESIAN_POINT('Ctrl Pts',(94.4117319411641,53.8299599414483,13.4839752307768));
#2110=CARTESIAN_POINT('Ctrl Pts',(94.6426189535822,53.422407816943,13.644816570498));
#2111=CARTESIAN_POINT('Ctrl Pts',(94.9394657830976,52.8919282316465,13.9416634000135));
#2112=CARTESIAN_POINT('Ctrl Pts',(95.0353706249099,52.7193710378827,14.0536056441687));
#2113=CARTESIAN_POINT('Ctrl Pts',(95.1288700376491,52.5501136783744,14.1730000000001));
#2114=CARTESIAN_POINT('Origin',(91.9208023830842,53.0704999999999,14.173));
#2115=CARTESIAN_POINT('Origin',(91.9208023830842,53.0704999999999,13.073));
#2116=CARTESIAN_POINT('',(90.3208023830842,53.0704999999999,12.173));
#2117=CARTESIAN_POINT('',(90.3208023830842,53.0704999999999,13.073));
#2118=CARTESIAN_POINT('Origin',(91.9208023830842,53.0704999999999,12.173));
#2119=CARTESIAN_POINT('Origin',(-91.9208023830841,53.0705,13.348));
#2120=CARTESIAN_POINT('',(-95.1288700376491,52.5501136783745,14.173));
#2121=CARTESIAN_POINT('',(-94.8395402345002,53.0705000005117,13.8417378514161));
#2122=CARTESIAN_POINT('Ctrl Pts',(-95.128870037649,52.5501136783745,14.1730000000001));
#2123=CARTESIAN_POINT('Ctrl Pts',(-95.0969486489093,52.6078993885906,14.1322378868043));
#2124=CARTESIAN_POINT('Ctrl Pts',(-95.0647605579372,52.6660436090982,14.0923964279298));
#2125=CARTESIAN_POINT('Ctrl Pts',(-94.9693137297043,52.8380795255308,13.9785269807946));
#2126=CARTESIAN_POINT('Ctrl Pts',(-94.9053165678514,52.9529545244738,13.9075141847261));
#2127=CARTESIAN_POINT('Ctrl Pts',(-94.8395402345002,53.0705000010233,13.8417378514161));
#2128=CARTESIAN_POINT('',(-90.7095148564056,50.0546613889808,14.173));
#2129=CARTESIAN_POINT('Origin',(-91.9208023830841,53.0705,14.173));
#2130=CARTESIAN_POINT('',(-88.7033657688882,53.5294135361189,14.173));
#2131=CARTESIAN_POINT('Ctrl Pts',(-90.7095148564056,50.0546613889809,14.1730000000001));
#2132=CARTESIAN_POINT('Ctrl Pts',(-90.6794892920998,50.1090739910422,14.1336984508625));
#2133=CARTESIAN_POINT('Ctrl Pts',(-90.6492122965228,50.1638265754836,14.0952423180919));
#2134=CARTESIAN_POINT('Ctrl Pts',(-90.4899477063831,50.4512148524885,13.8999775312483));
#2135=CARTESIAN_POINT('Ctrl Pts',(-90.3569368997856,50.6892172385733,13.7585935259379));
#2136=CARTESIAN_POINT('Ctrl Pts',(-90.0658843397496,51.2045824990295,13.5396345388887));
#2137=CARTESIAN_POINT('Ctrl Pts',(-89.9081766196004,51.4814700789759,13.4605));
#2138=CARTESIAN_POINT('Ctrl Pts',(-89.5383492223617,52.1220299210242,13.4605));
#2139=CARTESIAN_POINT('Ctrl Pts',(-89.3774114042104,52.3970526030195,13.5396345388887));
#2140=CARTESIAN_POINT('Ctrl Pts',(-89.0766182764453,52.9067941440753,13.7585935259379));
#2141=CARTESIAN_POINT('Ctrl Pts',(-88.9370075672333,53.140986074609,13.8999775312483));
#2142=CARTESIAN_POINT('Ctrl Pts',(-88.7677543136672,53.4226073940958,14.0952423180919));
#2143=CARTESIAN_POINT('Ctrl Pts',(-88.7354756824064,53.4762043336364,14.1336984508625));
#2144=CARTESIAN_POINT('Ctrl Pts',(-88.7033657688883,53.5294135361188,14.1730000000001));
#2145=CARTESIAN_POINT('',(-93.0741684360569,56.1089612467253,14.173));
#2146=CARTESIAN_POINT('Origin',(-91.9208023830841,53.0705,14.173));
#2147=CARTESIAN_POINT('Ctrl Pts',(-94.8395402345002,53.0705000010233,13.8417378514161));
#2148=CARTESIAN_POINT('Ctrl Pts',(-94.7671751460978,53.1998199002701,13.7693727630591));
#2149=CARTESIAN_POINT('Ctrl Pts',(-94.692673484669,53.3323452853331,13.7032809894832));
#2150=CARTESIAN_POINT('Ctrl Pts',(-94.4659118673399,53.7335959699181,13.5378770085818));
#2151=CARTESIAN_POINT('Ctrl Pts',(-94.3051105874498,54.0157570491353,13.4605));
#2152=CARTESIAN_POINT('Ctrl Pts',(-93.9315731029244,54.6627429508648,13.4605));
#2153=CARTESIAN_POINT('Ctrl Pts',(-93.7676150803081,54.9430814838193,13.5378770085818));
#2154=CARTESIAN_POINT('Ctrl Pts',(-93.4603501841843,55.4641396202283,13.7549642717595));
#2155=CARTESIAN_POINT('Ctrl Pts',(-93.317229736223,55.7044453543288,13.8959297203632));
#2156=CARTESIAN_POINT('Ctrl Pts',(-93.1425119612667,55.9954758433096,14.0923964279298));
#2157=CARTESIAN_POINT('Ctrl Pts',(-93.1082516347099,56.0524236580445,14.1322378868043));
#2158=CARTESIAN_POINT('Ctrl Pts',(-93.0741684360569,56.1089612467252,14.1730000000001));
#2159=CARTESIAN_POINT('',(-93.5208023830841,53.0705,12.523));
#2160=CARTESIAN_POINT('',(-94.3458023830841,53.0705,13.348));
#2161=CARTESIAN_POINT('Origin',(-91.9208023830841,53.0705,12.523));
#2162=CARTESIAN_POINT('Origin',(-91.9208023830841,53.0705,13.073));
#2163=CARTESIAN_POINT('',(-93.5208023830841,53.0705,12.173));
#2164=CARTESIAN_POINT('',(-93.5208023830841,53.0705,13.073));
#2165=CARTESIAN_POINT('Origin',(-91.9208023830841,53.0705,12.173));
#2166=CARTESIAN_POINT('Origin',(-1.33226762955019E-14,-106.141,13.348));
#2167=CARTESIAN_POINT('',(2.05470160159217,-108.6590749251,14.173));
#2168=CARTESIAN_POINT('',(-2.05470160159219,-108.6590749251,14.173));
#2169=CARTESIAN_POINT('Ctrl Pts',(2.0547016015921,-108.6590749251,14.1730000000001));
#2170=CARTESIAN_POINT('Ctrl Pts',(1.98869701419943,-108.660323046635,14.1322378868043));
#2171=CARTESIAN_POINT('Ctrl Pts',(1.92224859667057,-108.661519452408,14.0923964279298));
#2172=CARTESIAN_POINT('Ctrl Pts',(1.58284991245921,-108.667314239522,13.8959297203633));
#2173=CARTESIAN_POINT('Ctrl Pts',(1.30317881807252,-108.671107316207,13.7549642717595));
#2174=CARTESIAN_POINT('Ctrl Pts',(0.698296787031809,-108.676677453737,13.5378770085818));
#2175=CARTESIAN_POINT('Ctrl Pts',(0.373537484525424,-108.6785,13.4605));
#2176=CARTESIAN_POINT('Ctrl Pts',(-0.37353748452545,-108.6785,13.4605));
#2177=CARTESIAN_POINT('Ctrl Pts',(-0.698296787031835,-108.676677453737,
13.5378770085818));
#2178=CARTESIAN_POINT('Ctrl Pts',(-1.30317881807255,-108.671107316207,13.7549642717595));
#2179=CARTESIAN_POINT('Ctrl Pts',(-1.58284991245924,-108.667314239522,13.8959297203633));
#2180=CARTESIAN_POINT('Ctrl Pts',(-1.9222485966706,-108.661519452408,14.0923964279298));
#2181=CARTESIAN_POINT('Ctrl Pts',(-1.98869701419946,-108.660323046635,14.1322378868043));
#2182=CARTESIAN_POINT('Ctrl Pts',(-2.05470160159212,-108.6590749251,14.1730000000001));
#2183=CARTESIAN_POINT('',(2.00614908751736,-103.5840749251,14.173));
#2184=CARTESIAN_POINT('Origin',(-1.33226762955019E-14,-106.141,14.173));
#2185=CARTESIAN_POINT('',(-2.00614908751739,-103.5840749251,14.173));
#2186=CARTESIAN_POINT('Ctrl Pts',(2.00614908751729,-103.5840749251,14.1730000000001));
#2187=CARTESIAN_POINT('Ctrl Pts',(1.9440136096933,-103.585278324678,14.1336984508625));
#2188=CARTESIAN_POINT('Ctrl Pts',(1.88145798285572,-103.586433969579,14.0952423180919));
#2189=CARTESIAN_POINT('Ctrl Pts',(1.55294013914978,-103.592200927097,13.8999775312483));
#2190=CARTESIAN_POINT('Ctrl Pts',(1.28031862334029,-103.596011382649,13.7585935259379));
#2191=CARTESIAN_POINT('Ctrl Pts',(0.688472935539193,-103.601635102049,13.5396345388887));
#2192=CARTESIAN_POINT('Ctrl Pts',(0.369827397238652,-103.6035,13.4605));
#2193=CARTESIAN_POINT('Ctrl Pts',(-0.369827397238641,-103.6035,13.4605));
#2194=CARTESIAN_POINT('Ctrl Pts',(-0.688472935539185,-103.601635102049,
13.5396345388887));
#2195=CARTESIAN_POINT('Ctrl Pts',(-1.28031862334028,-103.596011382649,13.7585935259379));
#2196=CARTESIAN_POINT('Ctrl Pts',(-1.55294013914978,-103.592200927097,13.8999775312483));
#2197=CARTESIAN_POINT('Ctrl Pts',(-1.88145798285573,-103.586433969579,14.0952423180919));
#2198=CARTESIAN_POINT('Ctrl Pts',(-1.94401360969332,-103.585278324678,14.1336984508625));
#2199=CARTESIAN_POINT('Ctrl Pts',(-2.00614908751732,-103.5840749251,14.1730000000001));
#2200=CARTESIAN_POINT('',(-3.25000000000013,-106.141,14.1730000000001));
#2201=CARTESIAN_POINT('Origin',(-1.33226762955019E-14,-106.141,14.173));
#2202=CARTESIAN_POINT('',(-1.60000000000001,-106.141,12.523));
#2203=CARTESIAN_POINT('',(-2.42500000000001,-106.141,13.348));
#2204=CARTESIAN_POINT('Origin',(-1.33226762955019E-14,-106.141,12.523));
#2205=CARTESIAN_POINT('Origin',(-1.33226762955019E-14,-106.141,14.173));
#2206=CARTESIAN_POINT('Origin',(-1.33226762955019E-14,-106.141,13.073));
#2207=CARTESIAN_POINT('',(-1.60000000000001,-106.141,12.173));
#2208=CARTESIAN_POINT('',(-1.60000000000001,-106.141,13.073));
#2209=CARTESIAN_POINT('Origin',(-1.33226762955019E-14,-106.141,12.173));
#2210=CARTESIAN_POINT('Origin',(-91.9208023830841,-53.0705,13.348));
#2211=CARTESIAN_POINT('',(-93.0741684360569,-56.1089612467252,14.173));
#2212=CARTESIAN_POINT('',(-94.8395402345003,-53.0705000005116,13.8417378514161));
#2213=CARTESIAN_POINT('Ctrl Pts',(-93.074168436057,-56.1089612467251,14.1730000000001));
#2214=CARTESIAN_POINT('Ctrl Pts',(-93.1082516347099,-56.0524236580444,14.1322378868043));
#2215=CARTESIAN_POINT('Ctrl Pts',(-93.1425119612667,-55.9954758433095,14.0923964279298));
#2216=CARTESIAN_POINT('Ctrl Pts',(-93.3172297362231,-55.7044453543287,13.8959297203633));
#2217=CARTESIAN_POINT('Ctrl Pts',(-93.4603501841843,-55.4641396202282,13.7549642717595));
#2218=CARTESIAN_POINT('Ctrl Pts',(-93.7676150803082,-54.9430814838192,13.5378770085818));
#2219=CARTESIAN_POINT('Ctrl Pts',(-93.9315731029244,-54.6627429508647,13.4605));
#2220=CARTESIAN_POINT('Ctrl Pts',(-94.3051105874499,-54.0157570491352,13.4605));
#2221=CARTESIAN_POINT('Ctrl Pts',(-94.46591186734,-53.733595969918,13.5378770085818));
#2222=CARTESIAN_POINT('Ctrl Pts',(-94.6926734846691,-53.332345285333,13.7032809894832));
#2223=CARTESIAN_POINT('Ctrl Pts',(-94.7671751460979,-53.19981990027,13.7693727630591));
#2224=CARTESIAN_POINT('Ctrl Pts',(-94.8395402345003,-53.0705000010232,13.8417378514161));
#2225=CARTESIAN_POINT('',(-88.7033657688883,-53.5294135361188,14.173));
#2226=CARTESIAN_POINT('Origin',(-91.9208023830841,-53.0705,14.173));
#2227=CARTESIAN_POINT('',(-90.7095148564057,-50.0546613889807,14.173));
#2228=CARTESIAN_POINT('Ctrl Pts',(-88.7033657688883,-53.5294135361187,14.1730000000001));
#2229=CARTESIAN_POINT('Ctrl Pts',(-88.7354756824065,-53.4762043336363,14.1336984508625));
#2230=CARTESIAN_POINT('Ctrl Pts',(-88.7677543136672,-53.4226073940957,14.0952423180919));
#2231=CARTESIAN_POINT('Ctrl Pts',(-88.9370075672334,-53.1409860746089,13.8999775312483));
#2232=CARTESIAN_POINT('Ctrl Pts',(-89.0766182764454,-52.9067941440752,13.7585935259379));
#2233=CARTESIAN_POINT('Ctrl Pts',(-89.3774114042105,-52.3970526030194,13.5396345388887));
#2234=CARTESIAN_POINT('Ctrl Pts',(-89.5383492223618,-52.1220299210241,13.4605));
#2235=CARTESIAN_POINT('Ctrl Pts',(-89.9081766196004,-51.4814700789758,13.4605));
#2236=CARTESIAN_POINT('Ctrl Pts',(-90.0658843397497,-51.2045824990295,13.5396345388887));
#2237=CARTESIAN_POINT('Ctrl Pts',(-90.3569368997857,-50.6892172385732,13.7585935259379));
#2238=CARTESIAN_POINT('Ctrl Pts',(-90.4899477063832,-50.4512148524884,13.8999775312483));
#2239=CARTESIAN_POINT('Ctrl Pts',(-90.6492122965229,-50.1638265754835,14.0952423180919));
#2240=CARTESIAN_POINT('Ctrl Pts',(-90.6794892920998,-50.1090739910421,14.1336984508625));
#2241=CARTESIAN_POINT('Ctrl Pts',(-90.7095148564056,-50.0546613889808,14.1730000000001));
#2242=CARTESIAN_POINT('',(-95.1288700376491,-52.5501136783744,14.173));
#2243=CARTESIAN_POINT('Origin',(-91.9208023830841,-53.0705,14.173));
#2244=CARTESIAN_POINT('Ctrl Pts',(-94.8395402345003,-53.0705000010232,13.8417378514161));
#2245=CARTESIAN_POINT('Ctrl Pts',(-94.9053165678515,-52.9529545244737,13.9075141847261));
#2246=CARTESIAN_POINT('Ctrl Pts',(-94.9693137297044,-52.8380795255307,13.9785269807946));
#2247=CARTESIAN_POINT('Ctrl Pts',(-95.0647605579373,-52.6660436090981,14.0923964279298));
#2248=CARTESIAN_POINT('Ctrl Pts',(-95.0969486489094,-52.6078993885905,14.1322378868043));
#2249=CARTESIAN_POINT('Ctrl Pts',(-95.1288700376491,-52.5501136783744,14.1730000000001));
#2250=CARTESIAN_POINT('',(-93.5208023830841,-53.0705,12.523));
#2251=CARTESIAN_POINT('',(-94.3458023830841,-53.0705,13.348));
#2252=CARTESIAN_POINT('Origin',(-91.9208023830841,-53.0705,12.523));
#2253=CARTESIAN_POINT('Origin',(-91.9208023830841,-53.0705,13.073));
#2254=CARTESIAN_POINT('',(-93.5208023830841,-53.0705,12.173));
#2255=CARTESIAN_POINT('',(-93.5208023830841,-53.0705,13.073));
#2256=CARTESIAN_POINT('Origin',(-91.9208023830841,-53.0705,12.173));
#2257=CARTESIAN_POINT('Origin',(0.,106.141,13.348));
#2258=CARTESIAN_POINT('',(-2.05470160159218,108.6590749251,14.173));
#2259=CARTESIAN_POINT('',(2.05470160159218,108.6590749251,14.173));
#2260=CARTESIAN_POINT('Ctrl Pts',(-2.05470160159211,108.6590749251,14.1730000000001));
#2261=CARTESIAN_POINT('Ctrl Pts',(-1.98869701419944,108.660323046635,14.1322378868043));
#2262=CARTESIAN_POINT('Ctrl Pts',(-1.92224859667058,108.661519452408,14.0923964279298));
#2263=CARTESIAN_POINT('Ctrl Pts',(-1.58284991245923,108.667314239522,13.8959297203633));
#2264=CARTESIAN_POINT('Ctrl Pts',(-1.30317881807253,108.671107316207,13.7549642717595));
#2265=CARTESIAN_POINT('Ctrl Pts',(-0.698296787031823,108.676677453737,13.5378770085818));
#2266=CARTESIAN_POINT('Ctrl Pts',(-0.373537484525437,108.6785,13.4605));
#2267=CARTESIAN_POINT('Ctrl Pts',(0.373537484525436,108.6785,13.4605));
#2268=CARTESIAN_POINT('Ctrl Pts',(0.698296787031822,108.676677453737,13.5378770085818));
#2269=CARTESIAN_POINT('Ctrl Pts',(1.30317881807253,108.671107316207,13.7549642717595));
#2270=CARTESIAN_POINT('Ctrl Pts',(1.58284991245923,108.667314239522,13.8959297203633));
#2271=CARTESIAN_POINT('Ctrl Pts',(1.92224859667058,108.661519452408,14.0923964279298));
#2272=CARTESIAN_POINT('Ctrl Pts',(1.98869701419944,108.660323046635,14.1322378868043));
#2273=CARTESIAN_POINT('Ctrl Pts',(2.05470160159211,108.6590749251,14.1730000000001));
#2274=CARTESIAN_POINT('',(-3.25000000000012,106.141,14.1730000000001));
#2275=CARTESIAN_POINT('Origin',(0.,106.141,14.173));
#2276=CARTESIAN_POINT('',(-1.6,106.141,12.523));
#2277=CARTESIAN_POINT('',(-2.425,106.141,13.348));
#2278=CARTESIAN_POINT('Origin',(0.,106.141,12.523));
#2279=CARTESIAN_POINT('',(-2.00614908751737,103.5840749251,14.173));
#2280=CARTESIAN_POINT('Origin',(0.,106.141,14.173));
#2281=CARTESIAN_POINT('',(2.00614908751737,103.5840749251,14.173));
#2282=CARTESIAN_POINT('Ctrl Pts',(-2.00614908751731,103.5840749251,14.1730000000001));
#2283=CARTESIAN_POINT('Ctrl Pts',(-1.94401360969331,103.585278324678,14.1336984508625));
#2284=CARTESIAN_POINT('Ctrl Pts',(-1.88145798285573,103.586433969579,14.0952423180919));
#2285=CARTESIAN_POINT('Ctrl Pts',(-1.55294013914978,103.592200927097,13.8999775312483));
#2286=CARTESIAN_POINT('Ctrl Pts',(-1.28031862334028,103.596011382649,13.7585935259379));
#2287=CARTESIAN_POINT('Ctrl Pts',(-0.688472935539185,103.601635102049,13.5396345388887));
#2288=CARTESIAN_POINT('Ctrl Pts',(-0.36982739723864,103.6035,13.4605));
#2289=CARTESIAN_POINT('Ctrl Pts',(0.369827397238652,103.6035,13.4605));
#2290=CARTESIAN_POINT('Ctrl Pts',(0.688472935539196,103.601635102049,13.5396345388887));
#2291=CARTESIAN_POINT('Ctrl Pts',(1.2803186233403,103.596011382649,13.7585935259379));
#2292=CARTESIAN_POINT('Ctrl Pts',(1.55294013914979,103.592200927097,13.8999775312483));
#2293=CARTESIAN_POINT('Ctrl Pts',(1.88145798285573,103.586433969579,14.0952423180919));
#2294=CARTESIAN_POINT('Ctrl Pts',(1.94401360969331,103.585278324678,14.1336984508625));
#2295=CARTESIAN_POINT('Ctrl Pts',(2.00614908751731,103.5840749251,14.1730000000001));
#2296=CARTESIAN_POINT('Origin',(0.,106.141,14.173));
#2297=CARTESIAN_POINT('Origin',(0.,106.141,13.073));
#2298=CARTESIAN_POINT('',(-1.6,106.141,12.173));
#2299=CARTESIAN_POINT('',(-1.6,106.141,13.073));
#2300=CARTESIAN_POINT('Origin',(0.,106.141,12.173));
#2301=CARTESIAN_POINT('Origin',(91.9208023830841,-53.0705,13.348));
#2302=CARTESIAN_POINT('',(90.7095148564056,-50.0546613889808,14.173));
#2303=CARTESIAN_POINT('',(88.9786898203543,-53.0704999993084,13.8651125627298));
#2304=CARTESIAN_POINT('Ctrl Pts',(90.7095148564056,-50.0546613889809,14.1730000000001));
#2305=CARTESIAN_POINT('Ctrl Pts',(90.6794892920998,-50.1090739910422,14.1336984508625));
#2306=CARTESIAN_POINT('Ctrl Pts',(90.6492122965228,-50.1638265754836,14.0952423180919));
#2307=CARTESIAN_POINT('Ctrl Pts',(90.4899477063831,-50.4512148524885,13.8999775312483));
#2308=CARTESIAN_POINT('Ctrl Pts',(90.3569368997856,-50.6892172385733,13.7585935259379));
#2309=CARTESIAN_POINT('Ctrl Pts',(90.0658843397496,-51.2045824990295,13.5396345388887));
#2310=CARTESIAN_POINT('Ctrl Pts',(89.9081766196004,-51.4814700789759,13.4605));
#2311=CARTESIAN_POINT('Ctrl Pts',(89.5383492223618,-52.1220299210242,13.4605));
#2312=CARTESIAN_POINT('Ctrl Pts',(89.3774114042104,-52.3970526030195,13.5396345388887));
#2313=CARTESIAN_POINT('Ctrl Pts',(89.1411946786169,-52.7973592144832,13.7115858575386));
#2314=CARTESIAN_POINT('Ctrl Pts',(89.0589770577377,-52.9358893732814,13.7848253254097));
#2315=CARTESIAN_POINT('Ctrl Pts',(88.9786898203542,-53.0704999986168,13.8651125627298));
#2316=CARTESIAN_POINT('',(90.3208023830841,-53.0705,12.523));
#2317=CARTESIAN_POINT('',(89.4958023830841,-53.0705,13.348));
#2318=CARTESIAN_POINT('Origin',(91.9208023830841,-53.0705,12.523));
#2319=CARTESIAN_POINT('',(88.7033657688882,-53.5294135361189,14.173));
#2320=CARTESIAN_POINT('Ctrl Pts',(88.9786898203542,-53.0704999986168,13.8651125627298));
#2321=CARTESIAN_POINT('Ctrl Pts',(88.9182767329497,-53.1717893658811,13.9255256500867));
#2322=CARTESIAN_POINT('Ctrl Pts',(88.8589743488985,-53.2708259296677,13.9900032142046));
#2323=CARTESIAN_POINT('Ctrl Pts',(88.7677543136672,-53.4226073940958,14.0952423180919));
#2324=CARTESIAN_POINT('Ctrl Pts',(88.7354756824064,-53.4762043336363,14.1336984508625));
#2325=CARTESIAN_POINT('Ctrl Pts',(88.7033657688883,-53.5294135361188,14.1730000000001));
#2326=CARTESIAN_POINT('',(93.0741684360569,-56.1089612467253,14.173));
#2327=CARTESIAN_POINT('Origin',(91.9208023830841,-53.0705,14.173));
#2328=CARTESIAN_POINT('',(95.1288700376491,-52.5501136783745,14.173));
#2329=CARTESIAN_POINT('Ctrl Pts',(95.128870037649,-52.5501136783745,14.1730000000001));
#2330=CARTESIAN_POINT('Ctrl Pts',(95.0353706249098,-52.7193710378828,14.0536056441687));
#2331=CARTESIAN_POINT('Ctrl Pts',(94.9394657830976,-52.8919282316466,13.9416634000135));
#2332=CARTESIAN_POINT('Ctrl Pts',(94.6426189535821,-53.4224078169431,13.6448165704981));
#2333=CARTESIAN_POINT('Ctrl Pts',(94.411731941164,-53.8299599414483,13.4839752307768));
#2334=CARTESIAN_POINT('Ctrl Pts',(93.9399969335315,-54.6490319367636,13.4421257029552));
#2335=CARTESIAN_POINT('Ctrl Pts',(93.6990103429014,-55.0607082727273,13.5658777202078));
#2336=CARTESIAN_POINT('Ctrl Pts',(93.3449029108848,-55.6581101866359,13.8655974536291));
#2337=CARTESIAN_POINT('Ctrl Pts',(93.2080781252561,-55.8868303661883,14.0128494822999));
#2338=CARTESIAN_POINT('Ctrl Pts',(93.0741684360569,-56.1089612467252,14.1730000000001));
#2339=CARTESIAN_POINT('Origin',(91.9208023830841,-53.0705,14.173));
#2340=CARTESIAN_POINT('Origin',(91.9208023830841,-53.0705,13.073));
#2341=CARTESIAN_POINT('',(90.3208023830841,-53.0705,12.173));
#2342=CARTESIAN_POINT('',(90.3208023830841,-53.0705,13.073));
#2343=CARTESIAN_POINT('Origin',(91.9208023830841,-53.0705,12.173));
#2344=CARTESIAN_POINT('Origin',(0.,0.,6.423));
#2345=CARTESIAN_POINT('Origin',(0.,0.,14.173));
#2346=CARTESIAN_POINT('Origin',(0.,0.,14.173));
#2347=CARTESIAN_POINT('Origin',(0.,0.,14.173));
#2348=CARTESIAN_POINT('',(-108.6785,-1.33092777161136E-14,14.1730000000001));
#2349=CARTESIAN_POINT('Origin',(0.,0.,14.173));
#2350=CARTESIAN_POINT('',(-108.6785,-1.33092777161127E-14,13.673));
#2351=CARTESIAN_POINT('',(-108.6785,-1.33092777161136E-14,6.423));
#2352=CARTESIAN_POINT('',(-108.6785,-1.33092777161127E-14,7.173));
#2353=CARTESIAN_POINT('Ctrl Pts',(-108.6785,1.37390099297363E-14,13.673));
#2354=CARTESIAN_POINT('Ctrl Pts',(-108.6785,-0.405817655017251,13.673));
#2355=CARTESIAN_POINT('Ctrl Pts',(-108.675992281954,-0.837952059138501,
13.5899104924488));
#2356=CARTESIAN_POINT('Ctrl Pts',(-108.66698923355,-1.6306173547768,13.2539325588606));
#2357=CARTESIAN_POINT('Ctrl Pts',(-108.660627838047,-1.9911670362526,13.0010848894121));
#2358=CARTESIAN_POINT('Ctrl Pts',(-108.648776019325,-2.55728820111102,12.4214937801496));
#2359=CARTESIAN_POINT('Ctrl Pts',(-108.642515649358,-2.8011096735768,12.0565580448855));
#2360=CARTESIAN_POINT('Ctrl Pts',(-108.633714779447,-3.12384936836567,11.2595390482273));
#2361=CARTESIAN_POINT('Ctrl Pts',(-108.631295952576,-3.20279595257603,10.8274659328974));
#2362=CARTESIAN_POINT('Ctrl Pts',(-108.631295952576,-3.20279595257603,10.423));
#2363=CARTESIAN_POINT('Ctrl Pts',(-108.631295952576,-3.20279595257603,10.0185340671026));
#2364=CARTESIAN_POINT('Ctrl Pts',(-108.633714779447,-3.12384936836568,9.58646095177268));
#2365=CARTESIAN_POINT('Ctrl Pts',(-108.642515649358,-2.8011096735768,8.78944195511453));
#2366=CARTESIAN_POINT('Ctrl Pts',(-108.648776019325,-2.55728820111102,8.42450621985044));
#2367=CARTESIAN_POINT('Ctrl Pts',(-108.660627838047,-1.9911670362526,7.84491511058788));
#2368=CARTESIAN_POINT('Ctrl Pts',(-108.66698923355,-1.6306173547768,7.59206744113941));
#2369=CARTESIAN_POINT('Ctrl Pts',(-108.675992281954,-0.837952059138502,
7.2560895075512));
#2370=CARTESIAN_POINT('Ctrl Pts',(-108.6785,-0.40581765501725,7.173));
#2371=CARTESIAN_POINT('Ctrl Pts',(-108.6785,1.37390099297363E-14,7.173));
#2372=CARTESIAN_POINT('',(-108.6785,-1.33092777161136E-14,4.173));
#2373=CARTESIAN_POINT('',(-108.6785,-1.33092777161136E-14,6.423));
#2374=CARTESIAN_POINT('Origin',(0.,0.,4.173));
#2375=CARTESIAN_POINT('',(-108.631295952576,3.20279595257605,10.423));
#2376=CARTESIAN_POINT('Ctrl Pts',(-108.6785,1.27675647831893E-14,7.173));
#2377=CARTESIAN_POINT('Ctrl Pts',(-108.6785,0.405817655017276,7.173));
#2378=CARTESIAN_POINT('Ctrl Pts',(-108.675992281954,0.837952059138526,7.2560895075512));
#2379=CARTESIAN_POINT('Ctrl Pts',(-108.66698923355,1.63061735477682,7.59206744113941));
#2380=CARTESIAN_POINT('Ctrl Pts',(-108.660627838047,1.99116703625261,7.84491511058788));
#2381=CARTESIAN_POINT('Ctrl Pts',(-108.648776019325,2.55728820111104,8.42450621985045));
#2382=CARTESIAN_POINT('Ctrl Pts',(-108.642515649358,2.80110967357682,8.78944195511453));
#2383=CARTESIAN_POINT('Ctrl Pts',(-108.633714779447,3.1238493683657,9.58646095177268));
#2384=CARTESIAN_POINT('Ctrl Pts',(-108.631295952576,3.20279595257605,10.0185340671026));
#2385=CARTESIAN_POINT('Ctrl Pts',(-108.631295952576,3.20279595257605,10.423));
#2386=CARTESIAN_POINT('Ctrl Pts',(-108.631295952576,3.20279595257605,10.423));
#2387=CARTESIAN_POINT('Ctrl Pts',(-108.631295952576,3.20279595257605,10.8274659328974));
#2388=CARTESIAN_POINT('Ctrl Pts',(-108.633714779447,3.1238493683657,11.2595390482273));
#2389=CARTESIAN_POINT('Ctrl Pts',(-108.642515649358,2.80110967357683,12.0565580448855));
#2390=CARTESIAN_POINT('Ctrl Pts',(-108.648776019325,2.55728820111105,12.4214937801496));
#2391=CARTESIAN_POINT('Ctrl Pts',(-108.660627838047,1.99116703625263,13.0010848894121));
#2392=CARTESIAN_POINT('Ctrl Pts',(-108.66698923355,1.63061735477683,13.2539325588606));
#2393=CARTESIAN_POINT('Ctrl Pts',(-108.675992281954,0.837952059138533,13.5899104924488));
#2394=CARTESIAN_POINT('Ctrl Pts',(-108.6785,0.40581765501728,13.673));
#2395=CARTESIAN_POINT('Ctrl Pts',(-108.6785,1.41553435639707E-14,13.673));
#2396=CARTESIAN_POINT('Origin',(0.,0.,14.173));
#2397=CARTESIAN_POINT('Origin',(0.,0.,14.173));
#2398=CARTESIAN_POINT('Origin',(0.,0.,14.173));
#2399=CARTESIAN_POINT('',(-3.75992567365047,-108.613439873612,12.173));
#2400=CARTESIAN_POINT('',(3.75992567365045,-108.613439873612,12.173));
#2401=CARTESIAN_POINT('Origin',(0.,0.,12.173));
#2402=CARTESIAN_POINT('',(3.75992567365045,-108.613439873612,8.673));
#2403=CARTESIAN_POINT('',(3.75992567365045,-108.613439873612,8.673));
#2404=CARTESIAN_POINT('',(-3.75992567365047,-108.613439873612,8.673));
#2405=CARTESIAN_POINT('Origin',(0.,0.,8.673));
#2406=CARTESIAN_POINT('',(-3.75992567365047,-108.613439873612,8.673));
#2407=CARTESIAN_POINT('',(3.75992567365046,108.613439873612,12.173));
#2408=CARTESIAN_POINT('',(-3.75992567365046,108.613439873612,12.173));
#2409=CARTESIAN_POINT('Origin',(0.,0.,12.173));
#2410=CARTESIAN_POINT('',(-3.75992567365046,108.613439873612,8.673));
#2411=CARTESIAN_POINT('',(-3.75992567365046,108.613439873612,8.673));
#2412=CARTESIAN_POINT('',(3.75992567365046,108.613439873612,8.673));
#2413=CARTESIAN_POINT('Origin',(0.,0.,8.673));
#2414=CARTESIAN_POINT('',(3.75992567365046,108.613439873612,8.673));
#2415=CARTESIAN_POINT('',(-95.9419609597865,-51.0505287870831,12.173));
#2416=CARTESIAN_POINT('',(-92.1820352861361,-57.5629110865283,12.173));
#2417=CARTESIAN_POINT('Origin',(0.,0.,12.173));
#2418=CARTESIAN_POINT('',(-92.1820352861361,-57.5629110865283,8.673));
#2419=CARTESIAN_POINT('',(-92.1820352861361,-57.5629110865283,8.673));
#2420=CARTESIAN_POINT('',(-95.9419609597865,-51.0505287870831,8.673));
#2421=CARTESIAN_POINT('Origin',(0.,0.,8.673));
#2422=CARTESIAN_POINT('',(-95.9419609597865,-51.0505287870831,8.673));
#2423=CARTESIAN_POINT('',(95.9419609597865,-51.0505287870832,8.673));
#2424=CARTESIAN_POINT('',(95.9419609597865,-51.0505287870832,12.173));
#2425=CARTESIAN_POINT('',(95.9419609597865,-51.0505287870832,8.673));
#2426=CARTESIAN_POINT('',(92.182035286136,-57.5629110865284,8.673));
#2427=CARTESIAN_POINT('Origin',(0.,0.,8.673));
#2428=CARTESIAN_POINT('',(92.182035286136,-57.5629110865284,12.173));
#2429=CARTESIAN_POINT('',(92.182035286136,-57.5629110865284,8.673));
#2430=CARTESIAN_POINT('Origin',(0.,0.,12.173));
#2431=CARTESIAN_POINT('',(92.1820352861361,57.5629110865283,8.673));
#2432=CARTESIAN_POINT('',(92.1820352861361,57.5629110865283,12.173));
#2433=CARTESIAN_POINT('',(92.1820352861361,57.5629110865283,8.673));
#2434=CARTESIAN_POINT('',(95.9419609597865,51.0505287870831,8.673));
#2435=CARTESIAN_POINT('Origin',(0.,0.,8.673));
#2436=CARTESIAN_POINT('',(95.9419609597865,51.0505287870831,12.173));
#2437=CARTESIAN_POINT('',(95.9419609597865,51.0505287870831,8.673));
#2438=CARTESIAN_POINT('Origin',(0.,0.,12.173));
#2439=CARTESIAN_POINT('',(-95.9419609597865,51.0505287870832,8.673));
#2440=CARTESIAN_POINT('',(-95.9419609597865,51.0505287870832,12.173));
#2441=CARTESIAN_POINT('',(-95.9419609597865,51.0505287870832,8.673));
#2442=CARTESIAN_POINT('',(-92.182035286136,57.5629110865284,8.673));
#2443=CARTESIAN_POINT('Origin',(0.,0.,8.673));
#2444=CARTESIAN_POINT('',(-92.182035286136,57.5629110865284,12.173));
#2445=CARTESIAN_POINT('',(-92.182035286136,57.5629110865284,8.673));
#2446=CARTESIAN_POINT('Origin',(0.,0.,12.173));
#2447=CARTESIAN_POINT('',(54.33925,94.1183418451871,7.173));
#2448=CARTESIAN_POINT('',(54.33925,94.1183418451871,13.673));
#2449=CARTESIAN_POINT('Ctrl Pts',(54.33925,94.1183418451871,7.17299999999998));
#2450=CARTESIAN_POINT('Ctrl Pts',(54.6906983985492,93.9154330176785,7.17299999999998));
#2451=CARTESIAN_POINT('Ctrl Pts',(55.0636839113446,93.6971940680848,7.25608950755116));
#2452=CARTESIAN_POINT('Ctrl Pts',(55.7456506698634,93.2930645516356,7.59206744113938));
#2453=CARTESIAN_POINT('Ctrl Pts',(56.0547151555962,93.1072805807885,7.84491511058784));
#2454=CARTESIAN_POINT('Ctrl Pts',(56.5390645566227,92.813956022265,8.42450621985041));
#2455=CARTESIAN_POINT('Ctrl Pts',(56.7470899607829,92.6866236466041,8.78944195511452));
#2456=CARTESIAN_POINT('Ctrl Pts',(57.0221903003243,92.5176320222915,9.58646095177267));
#2457=CARTESIAN_POINT('Ctrl Pts',(57.0893506343569,92.4760639646685,10.0185340671026));
#2458=CARTESIAN_POINT('Ctrl Pts',(57.0893506343569,92.4760639646685,10.8274659328974));
#2459=CARTESIAN_POINT('Ctrl Pts',(57.0221903003243,92.5176320222915,11.2595390482273));
#2460=CARTESIAN_POINT('Ctrl Pts',(56.7470899607829,92.6866236466041,12.0565580448855));
#2461=CARTESIAN_POINT('Ctrl Pts',(56.5390645566227,92.813956022265,12.4214937801496));
#2462=CARTESIAN_POINT('Ctrl Pts',(56.0547151555962,93.1072805807885,13.0010848894122));
#2463=CARTESIAN_POINT('Ctrl Pts',(55.7456506698634,93.2930645516356,13.2539325588606));
#2464=CARTESIAN_POINT('Ctrl Pts',(55.0636839113446,93.6971940680848,13.5899104924488));
#2465=CARTESIAN_POINT('Ctrl Pts',(54.6906983985492,93.9154330176785,13.673));
#2466=CARTESIAN_POINT('Ctrl Pts',(54.33925,94.1183418451871,13.673));
#2467=CARTESIAN_POINT('Ctrl Pts',(54.33925,94.1183418451871,13.673));
#2468=CARTESIAN_POINT('Ctrl Pts',(53.9878016014508,94.3212506726958,13.673));
#2469=CARTESIAN_POINT('Ctrl Pts',(53.6123083706097,94.5351461272233,13.5899104924488));
#2470=CARTESIAN_POINT('Ctrl Pts',(52.9213385636863,94.9236819064125,13.2539325588606));
#2471=CARTESIAN_POINT('Ctrl Pts',(52.6059126824503,95.0984476170412,13.0010848894121));
#2472=CARTESIAN_POINT('Ctrl Pts',(52.1097114627019,95.3712442233761,12.4214937801496));
#2473=CARTESIAN_POINT('Ctrl Pts',(51.8954256885752,95.4877333201809,12.0565580448855));
#2474=CARTESIAN_POINT('Ctrl Pts',(51.611524479123,95.6414813906572,11.2595390482273));
#2475=CARTESIAN_POINT('Ctrl Pts',(51.5419453182192,95.6788599172445,10.8274659328974));
#2476=CARTESIAN_POINT('Ctrl Pts',(51.5419453182192,95.6788599172445,10.423));
#2477=CARTESIAN_POINT('Ctrl Pts',(51.5419453182192,95.6788599172445,10.0185340671026));
#2478=CARTESIAN_POINT('Ctrl Pts',(51.611524479123,95.6414813906572,9.58646095177269));
#2479=CARTESIAN_POINT('Ctrl Pts',(51.8954256885752,95.4877333201809,8.78944195511454));
#2480=CARTESIAN_POINT('Ctrl Pts',(52.1097114627019,95.3712442233761,8.42450621985043));
#2481=CARTESIAN_POINT('Ctrl Pts',(52.6059126824503,95.0984476170412,7.84491511058786));
#2482=CARTESIAN_POINT('Ctrl Pts',(52.9213385636863,94.9236819064125,7.59206744113941));
#2483=CARTESIAN_POINT('Ctrl Pts',(53.6123083706097,94.5351461272233,7.25608950755119));
#2484=CARTESIAN_POINT('Ctrl Pts',(53.9878016014508,94.3212506726958,7.17299999999998));
#2485=CARTESIAN_POINT('Ctrl Pts',(54.33925,94.1183418451871,7.17299999999998));
#2486=CARTESIAN_POINT('',(108.6785,0.,7.173));
#2487=CARTESIAN_POINT('',(108.631295952576,-3.20279595257603,10.423));
#2488=CARTESIAN_POINT('Ctrl Pts',(108.6785,6.93889390390723E-17,7.173));
#2489=CARTESIAN_POINT('Ctrl Pts',(108.6785,-0.405817655017265,7.173));
#2490=CARTESIAN_POINT('Ctrl Pts',(108.675992281954,-0.837952059138517,7.2560895075512));
#2491=CARTESIAN_POINT('Ctrl Pts',(108.66698923355,-1.63061735477681,7.59206744113941));
#2492=CARTESIAN_POINT('Ctrl Pts',(108.660627838047,-1.99116703625261,7.84491511058787));
#2493=CARTESIAN_POINT('Ctrl Pts',(108.648776019325,-2.55728820111104,8.42450621985044));
#2494=CARTESIAN_POINT('Ctrl Pts',(108.642515649358,-2.80110967357682,8.78944195511454));
#2495=CARTESIAN_POINT('Ctrl Pts',(108.633714779447,-3.12384936836569,9.58646095177268));
#2496=CARTESIAN_POINT('Ctrl Pts',(108.631295952576,-3.20279595257603,10.0185340671026));
#2497=CARTESIAN_POINT('Ctrl Pts',(108.631295952576,-3.20279595257603,10.423));
#2498=CARTESIAN_POINT('',(108.6785,0.,13.673));
#2499=CARTESIAN_POINT('Ctrl Pts',(108.631295952576,-3.20279595257603,10.423));
#2500=CARTESIAN_POINT('Ctrl Pts',(108.631295952576,-3.20279595257603,10.8274659328974));
#2501=CARTESIAN_POINT('Ctrl Pts',(108.633714779447,-3.12384936836569,11.2595390482273));
#2502=CARTESIAN_POINT('Ctrl Pts',(108.642515649358,-2.80110967357681,12.0565580448855));
#2503=CARTESIAN_POINT('Ctrl Pts',(108.648776019325,-2.55728820111104,12.4214937801496));
#2504=CARTESIAN_POINT('Ctrl Pts',(108.660627838047,-1.99116703625261,13.0010848894121));
#2505=CARTESIAN_POINT('Ctrl Pts',(108.66698923355,-1.63061735477681,13.2539325588606));
#2506=CARTESIAN_POINT('Ctrl Pts',(108.675992281954,-0.837952059138517,13.5899104924488));
#2507=CARTESIAN_POINT('Ctrl Pts',(108.6785,-0.405817655017266,13.673));
#2508=CARTESIAN_POINT('Ctrl Pts',(108.6785,-6.24500451351651E-16,13.673));
#2509=CARTESIAN_POINT('Ctrl Pts',(108.6785,-2.08166817117217E-16,13.673));
#2510=CARTESIAN_POINT('Ctrl Pts',(108.6785,0.405817655017266,13.673));
#2511=CARTESIAN_POINT('Ctrl Pts',(108.675992281954,0.837952059138519,13.5899104924488));
#2512=CARTESIAN_POINT('Ctrl Pts',(108.66698923355,1.63061735477682,13.2539325588606));
#2513=CARTESIAN_POINT('Ctrl Pts',(108.660627838047,1.99116703625262,13.0010848894121));
#2514=CARTESIAN_POINT('Ctrl Pts',(108.648776019325,2.55728820111104,12.4214937801496));
#2515=CARTESIAN_POINT('Ctrl Pts',(108.642515649358,2.80110967357682,12.0565580448855));
#2516=CARTESIAN_POINT('Ctrl Pts',(108.633714779447,3.12384936836569,11.2595390482273));
#2517=CARTESIAN_POINT('Ctrl Pts',(108.631295952576,3.20279595257605,10.8274659328974));
#2518=CARTESIAN_POINT('Ctrl Pts',(108.631295952576,3.20279595257605,10.423));
#2519=CARTESIAN_POINT('Ctrl Pts',(108.631295952576,3.20279595257605,10.0185340671026));
#2520=CARTESIAN_POINT('Ctrl Pts',(108.633714779447,3.12384936836569,9.58646095177268));
#2521=CARTESIAN_POINT('Ctrl Pts',(108.642515649358,2.80110967357681,8.78944195511454));
#2522=CARTESIAN_POINT('Ctrl Pts',(108.648776019325,2.55728820111103,8.42450621985045));
#2523=CARTESIAN_POINT('Ctrl Pts',(108.660627838047,1.9911670362526,7.84491511058788));
#2524=CARTESIAN_POINT('Ctrl Pts',(108.66698923355,1.63061735477681,7.59206744113941));
#2525=CARTESIAN_POINT('Ctrl Pts',(108.675992281954,0.837952059138514,7.2560895075512));
#2526=CARTESIAN_POINT('Ctrl Pts',(108.6785,0.405817655017263,7.173));
#2527=CARTESIAN_POINT('Ctrl Pts',(108.6785,-9.0205620750794E-16,7.173));
#2528=CARTESIAN_POINT('',(54.3392499999999,-94.1183418451872,7.173));
#2529=CARTESIAN_POINT('',(54.3392499999999,-94.1183418451872,13.673));
#2530=CARTESIAN_POINT('Ctrl Pts',(54.3392499999999,-94.1183418451871,7.17299999999999));
#2531=CARTESIAN_POINT('Ctrl Pts',(53.9878016014508,-94.3212506726958,7.17299999999999));
#2532=CARTESIAN_POINT('Ctrl Pts',(53.6123083706097,-94.5351461272233,7.2560895075512));
#2533=CARTESIAN_POINT('Ctrl Pts',(52.9213385636862,-94.9236819064125,7.59206744113941));
#2534=CARTESIAN_POINT('Ctrl Pts',(52.6059126824503,-95.0984476170412,7.84491511058787));
#2535=CARTESIAN_POINT('Ctrl Pts',(52.1097114627018,-95.3712442233761,8.42450621985044));
#2536=CARTESIAN_POINT('Ctrl Pts',(51.8954256885751,-95.4877333201809,8.78944195511453));
#2537=CARTESIAN_POINT('Ctrl Pts',(51.6115244791229,-95.6414813906573,9.58646095177268));
#2538=CARTESIAN_POINT('Ctrl Pts',(51.5419453182191,-95.6788599172446,10.0185340671026));
#2539=CARTESIAN_POINT('Ctrl Pts',(51.5419453182191,-95.6788599172446,10.8274659328974));
#2540=CARTESIAN_POINT('Ctrl Pts',(51.6115244791229,-95.6414813906573,11.2595390482273));
#2541=CARTESIAN_POINT('Ctrl Pts',(51.8954256885751,-95.4877333201809,12.0565580448855));
#2542=CARTESIAN_POINT('Ctrl Pts',(52.1097114627018,-95.3712442233761,12.4214937801496));
#2543=CARTESIAN_POINT('Ctrl Pts',(52.6059126824503,-95.0984476170412,13.0010848894121));
#2544=CARTESIAN_POINT('Ctrl Pts',(52.9213385636862,-94.9236819064125,13.2539325588606));
#2545=CARTESIAN_POINT('Ctrl Pts',(53.6123083706097,-94.5351461272233,13.5899104924488));
#2546=CARTESIAN_POINT('Ctrl Pts',(53.9878016014508,-94.3212506726958,13.673));
#2547=CARTESIAN_POINT('Ctrl Pts',(54.3392499999999,-94.1183418451871,13.673));
#2548=CARTESIAN_POINT('Ctrl Pts',(54.3392499999999,-94.1183418451872,13.673));
#2549=CARTESIAN_POINT('Ctrl Pts',(54.6906983985491,-93.9154330176785,13.673));
#2550=CARTESIAN_POINT('Ctrl Pts',(55.0636839113445,-93.6971940680848,13.5899104924488));
#2551=CARTESIAN_POINT('Ctrl Pts',(55.7456506698633,-93.2930645516357,13.2539325588606));
#2552=CARTESIAN_POINT('Ctrl Pts',(56.0547151555962,-93.1072805807886,13.0010848894121));
#2553=CARTESIAN_POINT('Ctrl Pts',(56.5390645566226,-92.8139560222651,12.4214937801496));
#2554=CARTESIAN_POINT('Ctrl Pts',(56.7470899607828,-92.6866236466041,12.0565580448855));
#2555=CARTESIAN_POINT('Ctrl Pts',(57.0221903003242,-92.5176320222916,11.2595390482273));
#2556=CARTESIAN_POINT('Ctrl Pts',(57.0893506343568,-92.4760639646686,10.8274659328974));
#2557=CARTESIAN_POINT('Ctrl Pts',(57.0893506343568,-92.4760639646686,10.423));
#2558=CARTESIAN_POINT('Ctrl Pts',(57.0893506343568,-92.4760639646686,10.0185340671026));
#2559=CARTESIAN_POINT('Ctrl Pts',(57.0221903003242,-92.5176320222916,9.58646095177267));
#2560=CARTESIAN_POINT('Ctrl Pts',(56.7470899607828,-92.6866236466041,8.78944195511453));
#2561=CARTESIAN_POINT('Ctrl Pts',(56.5390645566226,-92.8139560222651,8.42450621985042));
#2562=CARTESIAN_POINT('Ctrl Pts',(56.0547151555962,-93.1072805807886,7.84491511058785));
#2563=CARTESIAN_POINT('Ctrl Pts',(55.7456506698633,-93.2930645516357,7.59206744113938));
#2564=CARTESIAN_POINT('Ctrl Pts',(55.0636839113446,-93.6971940680848,7.25608950755117));
#2565=CARTESIAN_POINT('Ctrl Pts',(54.6906983985491,-93.9154330176785,7.17299999999999));
#2566=CARTESIAN_POINT('Ctrl Pts',(54.3392499999999,-94.1183418451872,7.17299999999999));
#2567=CARTESIAN_POINT('',(-54.3392500000001,-94.1183418451871,7.173));
#2568=CARTESIAN_POINT('',(-54.33925,-94.1183418451871,13.673));
#2569=CARTESIAN_POINT('Ctrl Pts',(-54.33925,-94.1183418451871,7.17300000000001));
#2570=CARTESIAN_POINT('Ctrl Pts',(-54.6906983985492,-93.9154330176785,7.17300000000001));
#2571=CARTESIAN_POINT('Ctrl Pts',(-55.0636839113447,-93.6971940680847,7.25608950755118));
#2572=CARTESIAN_POINT('Ctrl Pts',(-55.7456506698634,-93.2930645516356,7.5920674411394));
#2573=CARTESIAN_POINT('Ctrl Pts',(-56.0547151555963,-93.1072805807885,7.84491511058786));
#2574=CARTESIAN_POINT('Ctrl Pts',(-56.5390645566227,-92.813956022265,8.42450621985043));
#2575=CARTESIAN_POINT('Ctrl Pts',(-56.7470899607829,-92.686623646604,8.78944195511454));
#2576=CARTESIAN_POINT('Ctrl Pts',(-57.0221903003243,-92.5176320222915,9.58646095177268));
#2577=CARTESIAN_POINT('Ctrl Pts',(-57.0893506343569,-92.4760639646685,10.0185340671026));
#2578=CARTESIAN_POINT('Ctrl Pts',(-57.0893506343569,-92.4760639646685,10.8274659328974));
#2579=CARTESIAN_POINT('Ctrl Pts',(-57.0221903003243,-92.5176320222915,11.2595390482273));
#2580=CARTESIAN_POINT('Ctrl Pts',(-56.7470899607829,-92.686623646604,12.0565580448855));
#2581=CARTESIAN_POINT('Ctrl Pts',(-56.5390645566227,-92.813956022265,12.4214937801496));
#2582=CARTESIAN_POINT('Ctrl Pts',(-56.0547151555963,-93.1072805807885,13.0010848894121));
#2583=CARTESIAN_POINT('Ctrl Pts',(-55.7456506698634,-93.2930645516356,13.2539325588606));
#2584=CARTESIAN_POINT('Ctrl Pts',(-55.0636839113447,-93.6971940680847,13.5899104924488));
#2585=CARTESIAN_POINT('Ctrl Pts',(-54.6906983985492,-93.9154330176785,13.673));
#2586=CARTESIAN_POINT('Ctrl Pts',(-54.3392500000001,-94.1183418451871,13.673));
#2587=CARTESIAN_POINT('Ctrl Pts',(-54.33925,-94.1183418451871,13.673));
#2588=CARTESIAN_POINT('Ctrl Pts',(-53.9878016014509,-94.3212506726957,13.673));
#2589=CARTESIAN_POINT('Ctrl Pts',(-53.6123083706098,-94.5351461272233,13.5899104924488));
#2590=CARTESIAN_POINT('Ctrl Pts',(-52.9213385636864,-94.9236819064124,13.2539325588606));
#2591=CARTESIAN_POINT('Ctrl Pts',(-52.6059126824504,-95.0984476170412,13.0010848894121));
#2592=CARTESIAN_POINT('Ctrl Pts',(-52.109711462702,-95.3712442233761,12.4214937801496));
#2593=CARTESIAN_POINT('Ctrl Pts',(-51.8954256885752,-95.4877333201809,12.0565580448855));
#2594=CARTESIAN_POINT('Ctrl Pts',(-51.6115244791231,-95.6414813906572,11.2595390482273));
#2595=CARTESIAN_POINT('Ctrl Pts',(-51.5419453182192,-95.6788599172445,10.8274659328974));
#2596=CARTESIAN_POINT('Ctrl Pts',(-51.5419453182192,-95.6788599172445,10.423));
#2597=CARTESIAN_POINT('Ctrl Pts',(-51.5419453182192,-95.6788599172445,10.0185340671026));
#2598=CARTESIAN_POINT('Ctrl Pts',(-51.6115244791231,-95.6414813906572,9.58646095177269));
#2599=CARTESIAN_POINT('Ctrl Pts',(-51.8954256885752,-95.4877333201809,8.78944195511455));
#2600=CARTESIAN_POINT('Ctrl Pts',(-52.109711462702,-95.3712442233761,8.42450621985044));
#2601=CARTESIAN_POINT('Ctrl Pts',(-52.6059126824504,-95.0984476170412,7.84491511058787));
#2602=CARTESIAN_POINT('Ctrl Pts',(-52.9213385636863,-94.9236819064124,7.59206744113942));
#2603=CARTESIAN_POINT('Ctrl Pts',(-53.6123083706098,-94.5351461272233,7.2560895075512));
#2604=CARTESIAN_POINT('Ctrl Pts',(-53.9878016014509,-94.3212506726957,7.17300000000001));
#2605=CARTESIAN_POINT('Ctrl Pts',(-54.33925,-94.1183418451871,7.17300000000001));
#2606=CARTESIAN_POINT('',(-54.33925,94.1183418451871,7.173));
#2607=CARTESIAN_POINT('',(-54.33925,94.1183418451871,13.673));
#2608=CARTESIAN_POINT('Ctrl Pts',(-54.33925,94.1183418451871,7.17299999999998));
#2609=CARTESIAN_POINT('Ctrl Pts',(-53.9878016014508,94.3212506726958,7.17299999999998));
#2610=CARTESIAN_POINT('Ctrl Pts',(-53.6123083706097,94.5351461272233,7.25608950755118));
#2611=CARTESIAN_POINT('Ctrl Pts',(-52.9213385636862,94.9236819064125,7.5920674411394));
#2612=CARTESIAN_POINT('Ctrl Pts',(-52.6059126824503,95.0984476170412,7.84491511058786));
#2613=CARTESIAN_POINT('Ctrl Pts',(-52.1097114627019,95.3712442233761,8.42450621985043));
#2614=CARTESIAN_POINT('Ctrl Pts',(-51.8954256885751,95.4877333201809,8.78944195511453));
#2615=CARTESIAN_POINT('Ctrl Pts',(-51.6115244791229,95.6414813906573,9.58646095177268));
#2616=CARTESIAN_POINT('Ctrl Pts',(-51.5419453182191,95.6788599172446,10.0185340671026));
#2617=CARTESIAN_POINT('Ctrl Pts',(-51.5419453182191,95.6788599172446,10.8274659328974));
#2618=CARTESIAN_POINT('Ctrl Pts',(-51.6115244791229,95.6414813906573,11.2595390482273));
#2619=CARTESIAN_POINT('Ctrl Pts',(-51.8954256885751,95.4877333201809,12.0565580448855));
#2620=CARTESIAN_POINT('Ctrl Pts',(-52.1097114627019,95.3712442233761,12.4214937801496));
#2621=CARTESIAN_POINT('Ctrl Pts',(-52.6059126824503,95.0984476170412,13.0010848894121));
#2622=CARTESIAN_POINT('Ctrl Pts',(-52.9213385636862,94.9236819064125,13.2539325588606));
#2623=CARTESIAN_POINT('Ctrl Pts',(-53.6123083706097,94.5351461272233,13.5899104924488));
#2624=CARTESIAN_POINT('Ctrl Pts',(-53.9878016014508,94.3212506726958,13.673));
#2625=CARTESIAN_POINT('Ctrl Pts',(-54.33925,94.1183418451871,13.673));
#2626=CARTESIAN_POINT('Ctrl Pts',(-54.33925,94.1183418451871,13.673));
#2627=CARTESIAN_POINT('Ctrl Pts',(-54.6906983985492,93.9154330176785,13.673));
#2628=CARTESIAN_POINT('Ctrl Pts',(-55.0636839113446,93.6971940680848,13.5899104924488));
#2629=CARTESIAN_POINT('Ctrl Pts',(-55.7456506698633,93.2930645516356,13.2539325588606));
#2630=CARTESIAN_POINT('Ctrl Pts',(-56.0547151555962,93.1072805807886,13.0010848894121));
#2631=CARTESIAN_POINT('Ctrl Pts',(-56.5390645566226,92.813956022265,12.4214937801496));
#2632=CARTESIAN_POINT('Ctrl Pts',(-56.7470899607829,92.6866236466041,12.0565580448855));
#2633=CARTESIAN_POINT('Ctrl Pts',(-57.0221903003243,92.5176320222915,11.2595390482273));
#2634=CARTESIAN_POINT('Ctrl Pts',(-57.0893506343568,92.4760639646685,10.8274659328974));
#2635=CARTESIAN_POINT('Ctrl Pts',(-57.0893506343568,92.4760639646685,10.423));
#2636=CARTESIAN_POINT('Ctrl Pts',(-57.0893506343568,92.4760639646685,10.0185340671026));
#2637=CARTESIAN_POINT('Ctrl Pts',(-57.0221903003243,92.5176320222916,9.58646095177268));
#2638=CARTESIAN_POINT('Ctrl Pts',(-56.7470899607828,92.6866236466041,8.78944195511453));
#2639=CARTESIAN_POINT('Ctrl Pts',(-56.5390645566226,92.813956022265,8.42450621985042));
#2640=CARTESIAN_POINT('Ctrl Pts',(-56.0547151555962,93.1072805807886,7.84491511058785));
#2641=CARTESIAN_POINT('Ctrl Pts',(-55.7456506698633,93.2930645516356,7.59206744113939));
#2642=CARTESIAN_POINT('Ctrl Pts',(-55.0636839113446,93.6971940680848,7.25608950755118));
#2643=CARTESIAN_POINT('Ctrl Pts',(-54.6906983985492,93.9154330176785,7.17299999999998));
#2644=CARTESIAN_POINT('Ctrl Pts',(-54.33925,94.1183418451871,7.17299999999998));
#2645=CARTESIAN_POINT('Origin',(0.,0.,14.173));
#2646=CARTESIAN_POINT('Origin',(0.,0.,14.173));
#2647=CARTESIAN_POINT('Origin',(0.,0.,14.173));
#2648=CARTESIAN_POINT('Origin',(0.,0.,14.173));
#2649=CARTESIAN_POINT('Origin',(0.,0.,14.173));
#2650=CARTESIAN_POINT('',(-103.6035,-1.26877694655463E-14,14.1730000000001));
#2651=CARTESIAN_POINT('Origin',(0.,0.,14.173));
#2652=CARTESIAN_POINT('Origin',(0.,0.,14.173));
#2653=CARTESIAN_POINT('Origin',(0.,0.,14.173));
#2654=CARTESIAN_POINT('Origin',(0.,0.,14.173));
#2655=CARTESIAN_POINT('Origin',(0.,0.,14.173));
#2656=CARTESIAN_POINT('Origin',(0.,0.,14.173));
#2657=CARTESIAN_POINT('Origin',(0.,0.,14.173));
#2658=CARTESIAN_POINT('Origin',(0.,0.,14.173));
#2659=CARTESIAN_POINT('Origin',(-53.95175,93.4471721572542,10.423));
#2660=CARTESIAN_POINT('',(-53.56425,92.7760024693212,8.723));
#2661=CARTESIAN_POINT('',(-53.95175,93.4471721572542,7.948));
#2662=CARTESIAN_POINT('Origin',(-53.56425,92.7760024693212,10.423));
#2663=CARTESIAN_POINT('Origin',(-52.08925,90.2212275281572,10.423));
#2664=CARTESIAN_POINT('',(-51.80175,89.7232629209811,8.723));
#2665=CARTESIAN_POINT('',(-52.08925,90.2212275281572,8.723));
#2666=CARTESIAN_POINT('',(-50.3225326414673,90.5611833005646,10.423));
#2667=CARTESIAN_POINT('Ctrl Pts',(-50.3225326414673,90.5611833005646,10.423));
#2668=CARTESIAN_POINT('Ctrl Pts',(-50.3225326414673,90.5611833005646,10.2095400969553));
#2669=CARTESIAN_POINT('Ctrl Pts',(-50.3598417938421,90.5404830635633,9.98185470751388));
#2670=CARTESIAN_POINT('Ctrl Pts',(-50.5114058211845,90.4560148406447,9.56301098914535));
#2671=CARTESIAN_POINT('Ctrl Pts',(-50.6256416496442,90.3922142881263,9.37185233654949));
#2672=CARTESIAN_POINT('Ctrl Pts',(-50.8888181313216,90.2443138682205,9.0699846077853));
#2673=CARTESIAN_POINT('Ctrl Pts',(-51.0552988335399,90.1503495972841,8.93915320192508));
#2674=CARTESIAN_POINT('Ctrl Pts',(-51.4193432024228,89.9432055028396,8.76566079195676));
#2675=CARTESIAN_POINT('Ctrl Pts',(-51.616888301726,89.8299928722425,8.723));
#2676=CARTESIAN_POINT('Ctrl Pts',(-51.80175,89.7232629209811,8.723));
#2677=CARTESIAN_POINT('Ctrl Pts',(-51.80175,89.7232629209811,8.723));
#2678=CARTESIAN_POINT('Ctrl Pts',(-51.986611698274,89.6165329697198,8.723));
#2679=CARTESIAN_POINT('Ctrl Pts',(-52.183429262052,89.5020602106287,8.76566079195676));
#2680=CARTESIAN_POINT('Ctrl Pts',(-52.5448434945263,89.2903605862937,8.93915320192508));
#2681=CARTESIAN_POINT('Ctrl Pts',(-52.7094592913144,89.1931662044009,9.0699846077853));
#2682=CARTESIAN_POINT('Ctrl Pts',(-52.969133053022,89.0391988955426,9.37185233654949));
#2683=CARTESIAN_POINT('Ctrl Pts',(-53.0815038665082,88.9721680423334,9.56301098914535));
#2684=CARTESIAN_POINT('Ctrl Pts',(-53.2304375070394,88.8831438558143,9.98185470751388));
#2685=CARTESIAN_POINT('Ctrl Pts',(-53.2670190143344,88.8611833005646,10.2095400969553));
#2686=CARTESIAN_POINT('Ctrl Pts',(-53.2670190143344,88.8611833005646,10.6364599030447));
#2687=CARTESIAN_POINT('Ctrl Pts',(-53.2304375070394,88.8831438558143,10.8641452924861));
#2688=CARTESIAN_POINT('Ctrl Pts',(-53.0815038665082,88.9721680423334,11.2829890108546));
#2689=CARTESIAN_POINT('Ctrl Pts',(-52.969133053022,89.0391988955426,11.4741476634505));
#2690=CARTESIAN_POINT('Ctrl Pts',(-52.7094592913144,89.1931662044009,11.7760153922147));
#2691=CARTESIAN_POINT('Ctrl Pts',(-52.5448434945263,89.2903605862937,11.9068467980749));
#2692=CARTESIAN_POINT('Ctrl Pts',(-52.183429262052,89.5020602106287,12.0803392080432));
#2693=CARTESIAN_POINT('Ctrl Pts',(-51.986611698274,89.6165329697197,12.123));
#2694=CARTESIAN_POINT('Ctrl Pts',(-51.616888301726,89.8299928722425,12.123));
#2695=CARTESIAN_POINT('Ctrl Pts',(-51.4193432024228,89.9432055028396,12.0803392080432));
#2696=CARTESIAN_POINT('Ctrl Pts',(-51.0552988335399,90.1503495972841,11.9068467980749));
#2697=CARTESIAN_POINT('Ctrl Pts',(-50.8888181313216,90.2443138682205,11.7760153922147));
#2698=CARTESIAN_POINT('Ctrl Pts',(-50.6256416496442,90.3922142881263,11.4741476634505));
#2699=CARTESIAN_POINT('Ctrl Pts',(-50.5114058211845,90.4560148406447,11.2829890108546));
#2700=CARTESIAN_POINT('Ctrl Pts',(-50.3598417938421,90.5404830635633,10.8641452924861));
#2701=CARTESIAN_POINT('Ctrl Pts',(-50.3225326414673,90.5611833005646,10.6364599030447));
#2702=CARTESIAN_POINT('Ctrl Pts',(-50.3225326414673,90.5611833005646,10.423));
#2703=CARTESIAN_POINT('Origin',(-107.9035,1.34309850018241E-14,10.423));
#2704=CARTESIAN_POINT('',(-107.1285,1.70000000000001,10.423));
#2705=CARTESIAN_POINT('',(-107.9035,2.47500000000001,10.423));
#2706=CARTESIAN_POINT('Origin',(-107.1285,1.3525895128758E-14,10.423));
#2707=CARTESIAN_POINT('Origin',(-104.1785,1.38871659345065E-14,10.423));
#2708=CARTESIAN_POINT('',(-103.589551655802,1.70000000000001,10.423));
#2709=CARTESIAN_POINT('',(-104.1785,1.70000000000001,10.423));
#2710=CARTESIAN_POINT('',(-103.6035,5.95009171134088E-16,12.123));
#2711=CARTESIAN_POINT('Ctrl Pts',(-103.6035,1.40165656858926E-14,12.123));
#2712=CARTESIAN_POINT('Ctrl Pts',(-103.6035,0.213459902522732,12.123));
#2713=CARTESIAN_POINT('Ctrl Pts',(-103.602772464475,0.441145292210986,12.0803392080432));
#2714=CARTESIAN_POINT('Ctrl Pts',(-103.600142328066,0.859989010990493,11.9068467980749));
#2715=CARTESIAN_POINT('Ctrl Pts',(-103.598277422636,1.05114766381958,11.7760153922147));
#2716=CARTESIAN_POINT('Ctrl Pts',(-103.594774702666,1.35301539258376,11.4741476634505));
#2717=CARTESIAN_POINT('Ctrl Pts',(-103.592909687693,1.4838467983114,11.2829890108547));
#2718=CARTESIAN_POINT('Ctrl Pts',(-103.590279300882,1.65733920774906,10.8641452924861));
#2719=CARTESIAN_POINT('Ctrl Pts',(-103.589551655802,1.70000000000001,10.6364599030447));
#2720=CARTESIAN_POINT('Ctrl Pts',(-103.589551655802,1.70000000000001,10.423));
#2721=CARTESIAN_POINT('',(-103.6035,5.95009171134088E-16,8.723));
#2722=CARTESIAN_POINT('Ctrl Pts',(-103.6035,1.39471767468535E-14,8.723));
#2723=CARTESIAN_POINT('Ctrl Pts',(-103.6035,-0.213459902522704,8.723));
#2724=CARTESIAN_POINT('Ctrl Pts',(-103.602772464475,-0.441145292210958,
8.76566079195677));
#2725=CARTESIAN_POINT('Ctrl Pts',(-103.600142328066,-0.859989010990465,
8.93915320192509));
#2726=CARTESIAN_POINT('Ctrl Pts',(-103.598277422636,-1.05114766381955,9.0699846077853));
#2727=CARTESIAN_POINT('Ctrl Pts',(-103.594774702666,-1.35301539258373,9.37185233654949));
#2728=CARTESIAN_POINT('Ctrl Pts',(-103.592909687693,-1.48384679831138,9.56301098914535));
#2729=CARTESIAN_POINT('Ctrl Pts',(-103.590279300882,-1.65733920774903,9.98185470751388));
#2730=CARTESIAN_POINT('Ctrl Pts',(-103.589551655802,-1.69999999999999,10.2095400969553));
#2731=CARTESIAN_POINT('Ctrl Pts',(-103.589551655802,-1.69999999999999,10.6364599030447));
#2732=CARTESIAN_POINT('Ctrl Pts',(-103.590279300882,-1.65733920774903,10.8641452924861));
#2733=CARTESIAN_POINT('Ctrl Pts',(-103.592909687693,-1.48384679831138,11.2829890108547));
#2734=CARTESIAN_POINT('Ctrl Pts',(-103.594774702666,-1.35301539258373,11.4741476634505));
#2735=CARTESIAN_POINT('Ctrl Pts',(-103.598277422636,-1.05114766381955,11.7760153922147));
#2736=CARTESIAN_POINT('Ctrl Pts',(-103.600142328066,-0.859989010990465,
11.9068467980749));
#2737=CARTESIAN_POINT('Ctrl Pts',(-103.602772464475,-0.441145292210958,
12.0803392080432));
#2738=CARTESIAN_POINT('Ctrl Pts',(-103.6035,-0.213459902522704,12.123));
#2739=CARTESIAN_POINT('Ctrl Pts',(-103.6035,1.40165656858926E-14,12.123));
#2740=CARTESIAN_POINT('Ctrl Pts',(-103.589551655802,1.70000000000001,10.423));
#2741=CARTESIAN_POINT('Ctrl Pts',(-103.589551655802,1.70000000000001,10.2095400969553));
#2742=CARTESIAN_POINT('Ctrl Pts',(-103.590279300882,1.65733920774906,9.98185470751388));
#2743=CARTESIAN_POINT('Ctrl Pts',(-103.592909687693,1.4838467983114,9.56301098914535));
#2744=CARTESIAN_POINT('Ctrl Pts',(-103.594774702666,1.35301539258376,9.37185233654949));
#2745=CARTESIAN_POINT('Ctrl Pts',(-103.598277422636,1.05114766381958,9.0699846077853));
#2746=CARTESIAN_POINT('Ctrl Pts',(-103.600142328066,0.859989010990493,8.93915320192509));
#2747=CARTESIAN_POINT('Ctrl Pts',(-103.602772464475,0.441145292210985,8.76566079195677));
#2748=CARTESIAN_POINT('Ctrl Pts',(-103.6035,0.213459902522732,8.723));
#2749=CARTESIAN_POINT('Ctrl Pts',(-103.6035,1.40165656858926E-14,8.723));
#2750=CARTESIAN_POINT('Origin',(-53.9517500000001,-93.4471721572542,10.423));
#2751=CARTESIAN_POINT('',(-53.5642500000001,-92.7760024693212,12.123));
#2752=CARTESIAN_POINT('',(-53.9517500000001,-93.4471721572542,12.898));
#2753=CARTESIAN_POINT('Origin',(-53.5642500000001,-92.7760024693212,10.423));
#2754=CARTESIAN_POINT('Origin',(-52.08925,-90.2212275281571,10.423));
#2755=CARTESIAN_POINT('',(-51.80175,-89.7232629209811,12.123));
#2756=CARTESIAN_POINT('',(-52.08925,-90.2212275281571,12.123));
#2757=CARTESIAN_POINT('',(-53.2670190143344,-88.8611833005646,10.423));
#2758=CARTESIAN_POINT('Ctrl Pts',(-53.2670190143344,-88.8611833005646,10.423));
#2759=CARTESIAN_POINT('Ctrl Pts',(-53.2670190143344,-88.8611833005646,10.2095400969553));
#2760=CARTESIAN_POINT('Ctrl Pts',(-53.2304375070395,-88.8831438558142,9.98185470751388));
#2761=CARTESIAN_POINT('Ctrl Pts',(-53.0815038665083,-88.9721680423333,9.56301098914535));
#2762=CARTESIAN_POINT('Ctrl Pts',(-52.969133053022,-89.0391988955425,9.37185233654949));
#2763=CARTESIAN_POINT('Ctrl Pts',(-52.7094592913145,-89.1931662044009,9.0699846077853));
#2764=CARTESIAN_POINT('Ctrl Pts',(-52.5448434945264,-89.2903605862936,8.93915320192509));
#2765=CARTESIAN_POINT('Ctrl Pts',(-52.1834292620521,-89.5020602106286,8.76566079195676));
#2766=CARTESIAN_POINT('Ctrl Pts',(-51.9866116982741,-89.6165329697197,8.723));
#2767=CARTESIAN_POINT('Ctrl Pts',(-51.616888301726,-89.8299928722424,8.723));
#2768=CARTESIAN_POINT('Ctrl Pts',(-51.4193432024229,-89.9432055028396,8.76566079195676));
#2769=CARTESIAN_POINT('Ctrl Pts',(-51.05529883354,-90.1503495972841,8.93915320192508));
#2770=CARTESIAN_POINT('Ctrl Pts',(-50.8888181313217,-90.2443138682205,9.0699846077853));
#2771=CARTESIAN_POINT('Ctrl Pts',(-50.6256416496442,-90.3922142881263,9.37185233654949));
#2772=CARTESIAN_POINT('Ctrl Pts',(-50.5114058211846,-90.4560148406447,9.56301098914534));
#2773=CARTESIAN_POINT('Ctrl Pts',(-50.3598417938422,-90.5404830635633,9.98185470751387));
#2774=CARTESIAN_POINT('Ctrl Pts',(-50.3225326414673,-90.5611833005646,10.2095400969553));
#2775=CARTESIAN_POINT('Ctrl Pts',(-50.3225326414673,-90.5611833005646,10.6364599030447));
#2776=CARTESIAN_POINT('Ctrl Pts',(-50.3598417938422,-90.5404830635633,10.8641452924861));
#2777=CARTESIAN_POINT('Ctrl Pts',(-50.5114058211846,-90.4560148406447,11.2829890108547));
#2778=CARTESIAN_POINT('Ctrl Pts',(-50.6256416496442,-90.3922142881263,11.4741476634505));
#2779=CARTESIAN_POINT('Ctrl Pts',(-50.8888181313217,-90.2443138682205,11.7760153922147));
#2780=CARTESIAN_POINT('Ctrl Pts',(-51.05529883354,-90.1503495972841,11.9068467980749));
#2781=CARTESIAN_POINT('Ctrl Pts',(-51.4193432024229,-89.9432055028396,12.0803392080432));
#2782=CARTESIAN_POINT('Ctrl Pts',(-51.616888301726,-89.8299928722424,12.123));
#2783=CARTESIAN_POINT('Ctrl Pts',(-51.80175,-89.7232629209811,12.123));
#2784=CARTESIAN_POINT('Ctrl Pts',(-51.80175,-89.723262920981,12.123));
#2785=CARTESIAN_POINT('Ctrl Pts',(-51.9866116982741,-89.6165329697197,12.123));
#2786=CARTESIAN_POINT('Ctrl Pts',(-52.183429262052,-89.5020602106286,12.0803392080432));
#2787=CARTESIAN_POINT('Ctrl Pts',(-52.5448434945264,-89.2903605862936,11.9068467980749));
#2788=CARTESIAN_POINT('Ctrl Pts',(-52.7094592913145,-89.1931662044009,11.7760153922147));
#2789=CARTESIAN_POINT('Ctrl Pts',(-52.969133053022,-89.0391988955425,11.4741476634505));
#2790=CARTESIAN_POINT('Ctrl Pts',(-53.0815038665083,-88.9721680423333,11.2829890108546));
#2791=CARTESIAN_POINT('Ctrl Pts',(-53.2304375070395,-88.8831438558142,10.8641452924861));
#2792=CARTESIAN_POINT('Ctrl Pts',(-53.2670190143344,-88.8611833005646,10.6364599030447));
#2793=CARTESIAN_POINT('Ctrl Pts',(-53.2670190143344,-88.8611833005646,10.423));
#2794=CARTESIAN_POINT('Origin',(53.9517499999999,-93.4471721572542,10.423));
#2795=CARTESIAN_POINT('',(53.5642499999999,-92.7760024693213,12.123));
#2796=CARTESIAN_POINT('',(53.9517499999999,-93.4471721572542,12.898));
#2797=CARTESIAN_POINT('Origin',(53.5642499999999,-92.7760024693213,10.423));
#2798=CARTESIAN_POINT('Origin',(52.0892499999999,-90.2212275281572,10.423));
#2799=CARTESIAN_POINT('',(51.8017499999999,-89.7232629209811,12.123));
#2800=CARTESIAN_POINT('',(52.0892499999999,-90.2212275281572,12.123));
#2801=CARTESIAN_POINT('',(50.3225326414672,-90.5611833005646,10.423));
#2802=CARTESIAN_POINT('Ctrl Pts',(50.3225326414672,-90.5611833005646,10.423));
#2803=CARTESIAN_POINT('Ctrl Pts',(50.3225326414672,-90.5611833005646,10.2095400969553));
#2804=CARTESIAN_POINT('Ctrl Pts',(50.3598417938421,-90.5404830635633,9.98185470751388));
#2805=CARTESIAN_POINT('Ctrl Pts',(50.5114058211845,-90.4560148406448,9.56301098914535));
#2806=CARTESIAN_POINT('Ctrl Pts',(50.6256416496441,-90.3922142881264,9.37185233654949));
#2807=CARTESIAN_POINT('Ctrl Pts',(50.8888181313216,-90.2443138682205,9.0699846077853));
#2808=CARTESIAN_POINT('Ctrl Pts',(51.0552988335399,-90.1503495972842,8.93915320192509));
#2809=CARTESIAN_POINT('Ctrl Pts',(51.4193432024227,-89.9432055028397,8.76566079195677));
#2810=CARTESIAN_POINT('Ctrl Pts',(51.6168883017259,-89.8299928722425,8.723));
#2811=CARTESIAN_POINT('Ctrl Pts',(51.986611698274,-89.6165329697198,8.723));
#2812=CARTESIAN_POINT('Ctrl Pts',(52.1834292620519,-89.5020602106287,8.76566079195676));
#2813=CARTESIAN_POINT('Ctrl Pts',(52.5448434945263,-89.2903605862937,8.93915320192509));
#2814=CARTESIAN_POINT('Ctrl Pts',(52.7094592913144,-89.193166204401,9.0699846077853));
#2815=CARTESIAN_POINT('Ctrl Pts',(52.9691330530219,-89.0391988955426,9.37185233654949));
#2816=CARTESIAN_POINT('Ctrl Pts',(53.0815038665082,-88.9721680423334,9.56301098914535));
#2817=CARTESIAN_POINT('Ctrl Pts',(53.2304375070394,-88.8831438558143,9.98185470751387));
#2818=CARTESIAN_POINT('Ctrl Pts',(53.2670190143343,-88.8611833005646,10.2095400969553));
#2819=CARTESIAN_POINT('Ctrl Pts',(53.2670190143343,-88.8611833005646,10.6364599030447));
#2820=CARTESIAN_POINT('Ctrl Pts',(53.2304375070394,-88.8831438558143,10.8641452924861));
#2821=CARTESIAN_POINT('Ctrl Pts',(53.0815038665082,-88.9721680423334,11.2829890108546));
#2822=CARTESIAN_POINT('Ctrl Pts',(52.9691330530219,-89.0391988955426,11.4741476634505));
#2823=CARTESIAN_POINT('Ctrl Pts',(52.7094592913144,-89.193166204401,11.7760153922147));
#2824=CARTESIAN_POINT('Ctrl Pts',(52.5448434945263,-89.2903605862937,11.9068467980749));
#2825=CARTESIAN_POINT('Ctrl Pts',(52.1834292620519,-89.5020602106287,12.0803392080432));
#2826=CARTESIAN_POINT('Ctrl Pts',(51.986611698274,-89.6165329697198,12.123));
#2827=CARTESIAN_POINT('Ctrl Pts',(51.8017499999999,-89.7232629209811,12.123));
#2828=CARTESIAN_POINT('Ctrl Pts',(51.8017499999999,-89.7232629209811,12.123));
#2829=CARTESIAN_POINT('Ctrl Pts',(51.6168883017259,-89.8299928722425,12.123));
#2830=CARTESIAN_POINT('Ctrl Pts',(51.4193432024227,-89.9432055028397,12.0803392080432));
#2831=CARTESIAN_POINT('Ctrl Pts',(51.0552988335399,-90.1503495972842,11.9068467980749));
#2832=CARTESIAN_POINT('Ctrl Pts',(50.8888181313216,-90.2443138682205,11.7760153922147));
#2833=CARTESIAN_POINT('Ctrl Pts',(50.6256416496441,-90.3922142881264,11.4741476634505));
#2834=CARTESIAN_POINT('Ctrl Pts',(50.5114058211845,-90.4560148406448,11.2829890108546));
#2835=CARTESIAN_POINT('Ctrl Pts',(50.3598417938421,-90.5404830635633,10.8641452924861));
#2836=CARTESIAN_POINT('Ctrl Pts',(50.3225326414672,-90.5611833005646,10.6364599030447));
#2837=CARTESIAN_POINT('Ctrl Pts',(50.3225326414672,-90.5611833005646,10.423));
#2838=CARTESIAN_POINT('Origin',(107.9035,0.,10.423));
#2839=CARTESIAN_POINT('',(107.1285,-1.7,10.423));
#2840=CARTESIAN_POINT('',(107.9035,-2.475,10.423));
#2841=CARTESIAN_POINT('Origin',(107.1285,0.,10.423));
#2842=CARTESIAN_POINT('Origin',(104.1785,0.,10.423));
#2843=CARTESIAN_POINT('',(103.589551655802,-1.7,10.423));
#2844=CARTESIAN_POINT('',(104.1785,-1.7,10.423));
#2845=CARTESIAN_POINT('Ctrl Pts',(103.589551655802,-1.7,10.423));
#2846=CARTESIAN_POINT('Ctrl Pts',(103.589551655802,-1.7,10.2095400969553));
#2847=CARTESIAN_POINT('Ctrl Pts',(103.590279300882,-1.65733920774905,9.98185470751388));
#2848=CARTESIAN_POINT('Ctrl Pts',(103.592909687693,-1.48384679831139,9.56301098914535));
#2849=CARTESIAN_POINT('Ctrl Pts',(103.594774702666,-1.35301539258375,9.37185233654949));
#2850=CARTESIAN_POINT('Ctrl Pts',(103.598277422636,-1.05114766381956,9.0699846077853));
#2851=CARTESIAN_POINT('Ctrl Pts',(103.600142328066,-0.859989010990479,8.93915320192509));
#2852=CARTESIAN_POINT('Ctrl Pts',(103.602772464475,-0.441145292210971,8.76566079195677));
#2853=CARTESIAN_POINT('Ctrl Pts',(103.6035,-0.213459902522718,8.723));
#2854=CARTESIAN_POINT('Ctrl Pts',(103.6035,0.213459902522718,8.723));
#2855=CARTESIAN_POINT('Ctrl Pts',(103.602772464475,0.441145292210972,8.76566079195677));
#2856=CARTESIAN_POINT('Ctrl Pts',(103.600142328066,0.859989010990479,8.93915320192509));
#2857=CARTESIAN_POINT('Ctrl Pts',(103.598277422636,1.05114766381956,9.0699846077853));
#2858=CARTESIAN_POINT('Ctrl Pts',(103.594774702666,1.35301539258375,9.37185233654949));
#2859=CARTESIAN_POINT('Ctrl Pts',(103.592909687693,1.48384679831139,9.56301098914535));
#2860=CARTESIAN_POINT('Ctrl Pts',(103.590279300882,1.65733920774905,9.98185470751388));
#2861=CARTESIAN_POINT('Ctrl Pts',(103.589551655802,1.7,10.2095400969553));
#2862=CARTESIAN_POINT('Ctrl Pts',(103.589551655802,1.7,10.6364599030447));
#2863=CARTESIAN_POINT('Ctrl Pts',(103.590279300882,1.65733920774905,10.8641452924861));
#2864=CARTESIAN_POINT('Ctrl Pts',(103.592909687693,1.48384679831139,11.2829890108547));
#2865=CARTESIAN_POINT('Ctrl Pts',(103.594774702666,1.35301539258375,11.4741476634505));
#2866=CARTESIAN_POINT('Ctrl Pts',(103.598277422636,1.05114766381956,11.7760153922147));
#2867=CARTESIAN_POINT('Ctrl Pts',(103.600142328066,0.859989010990479,11.9068467980749));
#2868=CARTESIAN_POINT('Ctrl Pts',(103.602772464475,0.441145292210972,12.0803392080432));
#2869=CARTESIAN_POINT('Ctrl Pts',(103.6035,0.213459902522718,12.123));
#2870=CARTESIAN_POINT('Ctrl Pts',(103.6035,-0.213459902522718,12.123));
#2871=CARTESIAN_POINT('Ctrl Pts',(103.602772464475,-0.441145292210972,12.0803392080432));
#2872=CARTESIAN_POINT('Ctrl Pts',(103.600142328066,-0.859989010990479,11.9068467980749));
#2873=CARTESIAN_POINT('Ctrl Pts',(103.598277422636,-1.05114766381956,11.7760153922147));
#2874=CARTESIAN_POINT('Ctrl Pts',(103.594774702666,-1.35301539258375,11.4741476634505));
#2875=CARTESIAN_POINT('Ctrl Pts',(103.592909687693,-1.48384679831139,11.2829890108547));
#2876=CARTESIAN_POINT('Ctrl Pts',(103.590279300882,-1.65733920774905,10.8641452924861));
#2877=CARTESIAN_POINT('Ctrl Pts',(103.589551655802,-1.7,10.6364599030447));
#2878=CARTESIAN_POINT('Ctrl Pts',(103.589551655802,-1.7,10.423));
#2879=CARTESIAN_POINT('Origin',(53.95175,93.4471721572542,10.423));
#2880=CARTESIAN_POINT('',(53.56425,92.7760024693212,8.72300000000001));
#2881=CARTESIAN_POINT('',(53.95175,93.4471721572542,7.948));
#2882=CARTESIAN_POINT('Origin',(53.56425,92.7760024693212,10.423));
#2883=CARTESIAN_POINT('Origin',(52.08925,90.2212275281571,10.423));
#2884=CARTESIAN_POINT('',(51.80175,89.7232629209811,8.723));
#2885=CARTESIAN_POINT('',(52.08925,90.2212275281571,8.723));
#2886=CARTESIAN_POINT('',(53.2670190143344,88.8611833005646,10.423));
#2887=CARTESIAN_POINT('Ctrl Pts',(53.2670190143344,88.8611833005646,10.423));
#2888=CARTESIAN_POINT('Ctrl Pts',(53.2670190143344,88.8611833005646,10.2095400969553));
#2889=CARTESIAN_POINT('Ctrl Pts',(53.2304375070395,88.8831438558143,9.98185470751388));
#2890=CARTESIAN_POINT('Ctrl Pts',(53.0815038665083,88.9721680423333,9.56301098914535));
#2891=CARTESIAN_POINT('Ctrl Pts',(52.969133053022,89.0391988955425,9.37185233654949));
#2892=CARTESIAN_POINT('Ctrl Pts',(52.7094592913145,89.1931662044009,9.0699846077853));
#2893=CARTESIAN_POINT('Ctrl Pts',(52.5448434945264,89.2903605862936,8.93915320192509));
#2894=CARTESIAN_POINT('Ctrl Pts',(52.183429262052,89.5020602106286,8.76566079195677));
#2895=CARTESIAN_POINT('Ctrl Pts',(51.986611698274,89.6165329697197,8.723));
#2896=CARTESIAN_POINT('Ctrl Pts',(51.80175,89.7232629209811,8.723));
#2897=CARTESIAN_POINT('Ctrl Pts',(51.80175,89.7232629209811,8.723));
#2898=CARTESIAN_POINT('Ctrl Pts',(51.616888301726,89.8299928722425,8.723));
#2899=CARTESIAN_POINT('Ctrl Pts',(51.4193432024228,89.9432055028396,8.76566079195676));
#2900=CARTESIAN_POINT('Ctrl Pts',(51.0552988335399,90.1503495972841,8.93915320192509));
#2901=CARTESIAN_POINT('Ctrl Pts',(50.8888181313216,90.2443138682205,9.0699846077853));
#2902=CARTESIAN_POINT('Ctrl Pts',(50.6256416496442,90.3922142881263,9.37185233654949));
#2903=CARTESIAN_POINT('Ctrl Pts',(50.5114058211845,90.4560148406447,9.56301098914535));
#2904=CARTESIAN_POINT('Ctrl Pts',(50.3598417938422,90.5404830635633,9.98185470751388));
#2905=CARTESIAN_POINT('Ctrl Pts',(50.3225326414673,90.5611833005646,10.2095400969553));
#2906=CARTESIAN_POINT('Ctrl Pts',(50.3225326414673,90.5611833005646,10.6364599030447));
#2907=CARTESIAN_POINT('Ctrl Pts',(50.3598417938422,90.5404830635633,10.8641452924861));
#2908=CARTESIAN_POINT('Ctrl Pts',(50.5114058211845,90.4560148406447,11.2829890108546));
#2909=CARTESIAN_POINT('Ctrl Pts',(50.6256416496442,90.3922142881263,11.4741476634505));
#2910=CARTESIAN_POINT('Ctrl Pts',(50.8888181313216,90.2443138682205,11.7760153922147));
#2911=CARTESIAN_POINT('Ctrl Pts',(51.0552988335399,90.1503495972841,11.9068467980749));
#2912=CARTESIAN_POINT('Ctrl Pts',(51.4193432024228,89.9432055028396,12.0803392080432));
#2913=CARTESIAN_POINT('Ctrl Pts',(51.616888301726,89.8299928722424,12.123));
#2914=CARTESIAN_POINT('Ctrl Pts',(51.986611698274,89.6165329697197,12.123));
#2915=CARTESIAN_POINT('Ctrl Pts',(52.183429262052,89.5020602106286,12.0803392080432));
#2916=CARTESIAN_POINT('Ctrl Pts',(52.5448434945264,89.2903605862936,11.9068467980749));
#2917=CARTESIAN_POINT('Ctrl Pts',(52.7094592913145,89.1931662044009,11.7760153922147));
#2918=CARTESIAN_POINT('Ctrl Pts',(52.969133053022,89.0391988955425,11.4741476634505));
#2919=CARTESIAN_POINT('Ctrl Pts',(53.0815038665083,88.9721680423333,11.2829890108546));
#2920=CARTESIAN_POINT('Ctrl Pts',(53.2304375070395,88.8831438558143,10.8641452924861));
#2921=CARTESIAN_POINT('Ctrl Pts',(53.2670190143344,88.8611833005646,10.6364599030447));
#2922=CARTESIAN_POINT('Ctrl Pts',(53.2670190143344,88.8611833005646,10.423));
#2923=CARTESIAN_POINT('Origin',(-1.33226762955019E-14,-106.141,9.673));
#2924=CARTESIAN_POINT('',(-1.25000000000001,-106.141,8.673));
#2925=CARTESIAN_POINT('Origin',(-1.33226762955019E-14,-106.141,8.673));
#2926=CARTESIAN_POINT('',(-1.25000000000001,-106.141,5.173));
#2927=CARTESIAN_POINT('',(-1.25000000000001,-106.141,9.673));
#2928=CARTESIAN_POINT('Origin',(-1.33226762955019E-14,-106.141,5.173));
#2929=CARTESIAN_POINT('Origin',(-1.33226762955019E-14,-106.141,5.173));
#2930=CARTESIAN_POINT('Origin',(91.9208023830842,53.0704999999999,9.673));
#2931=CARTESIAN_POINT('',(90.6708023830842,53.0704999999999,8.673));
#2932=CARTESIAN_POINT('Origin',(91.9208023830842,53.0704999999999,8.673));
#2933=CARTESIAN_POINT('',(90.6708023830842,53.0704999999999,5.173));
#2934=CARTESIAN_POINT('',(90.6708023830842,53.0704999999999,9.673));
#2935=CARTESIAN_POINT('Origin',(91.9208023830842,53.0704999999999,5.173));
#2936=CARTESIAN_POINT('Origin',(91.9208023830842,53.0704999999999,5.173));
#2937=CARTESIAN_POINT('Origin',(-91.9208023830841,53.0705,9.673));
#2938=CARTESIAN_POINT('',(-93.1708023830841,53.0705,8.673));
#2939=CARTESIAN_POINT('Origin',(-91.9208023830841,53.0705,8.673));
#2940=CARTESIAN_POINT('',(-93.1708023830841,53.0705,5.173));
#2941=CARTESIAN_POINT('',(-93.1708023830841,53.0705,9.673));
#2942=CARTESIAN_POINT('Origin',(-91.9208023830841,53.0705,5.173));
#2943=CARTESIAN_POINT('Origin',(-91.9208023830841,53.0705,5.173));
#2944=CARTESIAN_POINT('Origin',(0.,106.141,9.673));
#2945=CARTESIAN_POINT('',(-1.25,106.141,8.673));
#2946=CARTESIAN_POINT('Origin',(0.,106.141,8.673));
#2947=CARTESIAN_POINT('',(-1.25,106.141,5.173));
#2948=CARTESIAN_POINT('',(-1.25,106.141,9.673));
#2949=CARTESIAN_POINT('Origin',(0.,106.141,5.173));
#2950=CARTESIAN_POINT('Origin',(0.,106.141,5.173));
#2951=CARTESIAN_POINT('Origin',(91.9208023830841,-53.0705,9.673));
#2952=CARTESIAN_POINT('',(90.6708023830841,-53.0705,8.673));
#2953=CARTESIAN_POINT('Origin',(91.9208023830841,-53.0705,8.673));
#2954=CARTESIAN_POINT('',(90.6708023830841,-53.0705,5.173));
#2955=CARTESIAN_POINT('',(90.6708023830841,-53.0705,9.673));
#2956=CARTESIAN_POINT('Origin',(91.9208023830841,-53.0705,5.173));
#2957=CARTESIAN_POINT('Origin',(91.9208023830841,-53.0705,5.173));
#2958=CARTESIAN_POINT('Origin',(-91.9208023830841,-53.0705,9.673));
#2959=CARTESIAN_POINT('',(-93.1708023830841,-53.0705,8.673));
#2960=CARTESIAN_POINT('Origin',(-91.9208023830841,-53.0705,8.673));
#2961=CARTESIAN_POINT('',(-93.1708023830841,-53.0705,5.173));
#2962=CARTESIAN_POINT('',(-93.1708023830841,-53.0705,9.673));
#2963=CARTESIAN_POINT('Origin',(-91.9208023830841,-53.0705,5.173));
#2964=CARTESIAN_POINT('Origin',(-91.9208023830841,-53.0705,5.173));
#2965=CARTESIAN_POINT('Origin',(0.,0.,12.173));
#2966=CARTESIAN_POINT('',(91.502449148697,-48.5899888046923,12.173));
#2967=CARTESIAN_POINT('Origin',(91.9208023830841,-53.0705,12.173));
#2968=CARTESIAN_POINT('',(87.8313892488135,-54.9484510689193,12.173));
#2969=CARTESIAN_POINT('Origin',(91.9208023830841,-53.0705,12.173));
#2970=CARTESIAN_POINT('Origin',(0.,0.,12.173));
#2971=CARTESIAN_POINT('Origin',(0.,0.,12.173));
#2972=CARTESIAN_POINT('',(-91.502449148697,48.5899888046923,12.173));
#2973=CARTESIAN_POINT('Origin',(-91.9208023830841,53.0705,12.173));
#2974=CARTESIAN_POINT('',(-87.8313892488135,54.9484510689192,12.173));
#2975=CARTESIAN_POINT('Origin',(-91.9208023830841,53.0705,12.173));
#2976=CARTESIAN_POINT('Origin',(0.,0.,12.173));
#2977=CARTESIAN_POINT('Origin',(0.,0.,12.173));
#2978=CARTESIAN_POINT('',(-3.67105989988353,-103.538439873612,12.173));
#2979=CARTESIAN_POINT('Origin',(-1.29985235908299E-14,-106.141,12.173));
#2980=CARTESIAN_POINT('',(3.67105989988351,-103.538439873612,12.173));
#2981=CARTESIAN_POINT('Origin',(0.,0.,12.173));
#2982=CARTESIAN_POINT('Origin',(-1.29985235908299E-14,-106.141,12.173));
#2983=CARTESIAN_POINT('Origin',(0.,0.,12.173));
#2984=CARTESIAN_POINT('',(87.8313892488135,54.9484510689191,12.173));
#2985=CARTESIAN_POINT('Origin',(91.9208023830842,53.0704999999999,12.173));
#2986=CARTESIAN_POINT('',(91.502449148697,48.5899888046922,12.173));
#2987=CARTESIAN_POINT('Origin',(91.9208023830842,53.0704999999999,12.173));
#2988=CARTESIAN_POINT('Origin',(0.,0.,12.173));
#2989=CARTESIAN_POINT('Origin',(0.,0.,12.173));
#2990=CARTESIAN_POINT('',(3.67105989988351,103.538439873612,12.173));
#2991=CARTESIAN_POINT('Origin',(0.,106.141,12.173));
#2992=CARTESIAN_POINT('',(-3.67105989988352,103.538439873612,12.173));
#2993=CARTESIAN_POINT('Origin',(0.,0.,12.173));
#2994=CARTESIAN_POINT('Origin',(0.,106.141,12.173));
#2995=CARTESIAN_POINT('Origin',(0.,0.,12.173));
#2996=CARTESIAN_POINT('',(-91.502449148697,-48.5899888046923,12.173));
#2997=CARTESIAN_POINT('Origin',(-91.9208023830841,-53.0705,12.173));
#2998=CARTESIAN_POINT('',(-87.8313892488135,-54.9484510689192,12.173));
#2999=CARTESIAN_POINT('Origin',(0.,0.,12.173));
#3000=CARTESIAN_POINT('Origin',(-91.9208023830841,-53.0705,12.173));
#3001=CARTESIAN_POINT('Origin',(-91.9208023830841,-53.0705,8.673));
#3002=CARTESIAN_POINT('',(-91.502449148697,-48.5899888046923,8.673));
#3003=CARTESIAN_POINT('Origin',(-91.9208023830841,-53.0705,8.673));
#3004=CARTESIAN_POINT('',(-91.502449148697,-48.5899888046923,8.673));
#3005=CARTESIAN_POINT('Origin',(-91.9208023830841,53.0705,8.673));
#3006=CARTESIAN_POINT('',(-91.502449148697,48.5899888046923,8.673));
#3007=CARTESIAN_POINT('Origin',(-91.9208023830841,53.0705,8.673));
#3008=CARTESIAN_POINT('',(-91.502449148697,48.5899888046923,8.673));
#3009=CARTESIAN_POINT('Origin',(103.6035,0.,8.673));
#3010=CARTESIAN_POINT('',(-87.8313892488135,54.9484510689192,8.673));
#3011=CARTESIAN_POINT('Origin',(0.,0.,8.673));
#3012=CARTESIAN_POINT('Origin',(-91.9208023830841,53.0705,8.673));
#3013=CARTESIAN_POINT('Origin',(91.9208023830842,53.0704999999999,8.673));
#3014=CARTESIAN_POINT('',(87.8313892488135,54.9484510689191,8.673));
#3015=CARTESIAN_POINT('Origin',(91.9208023830842,53.0704999999999,8.673));
#3016=CARTESIAN_POINT('',(87.8313892488135,54.9484510689191,8.673));
#3017=CARTESIAN_POINT('Origin',(0.,106.141,8.673));
#3018=CARTESIAN_POINT('',(3.67105989988351,103.538439873612,8.673));
#3019=CARTESIAN_POINT('Origin',(0.,106.141,8.673));
#3020=CARTESIAN_POINT('',(3.67105989988351,103.538439873612,8.673));
#3021=CARTESIAN_POINT('Origin',(103.6035,0.,8.673));
#3022=CARTESIAN_POINT('',(91.502449148697,48.5899888046922,8.673));
#3023=CARTESIAN_POINT('Origin',(0.,0.,8.673));
#3024=CARTESIAN_POINT('Origin',(91.9208023830842,53.0704999999999,8.673));
#3025=CARTESIAN_POINT('Origin',(103.6035,0.,8.673));
#3026=CARTESIAN_POINT('',(-3.67105989988352,103.538439873612,8.673));
#3027=CARTESIAN_POINT('Origin',(0.,106.141,8.673));
#3028=CARTESIAN_POINT('Origin',(0.,0.,8.673));
#3029=CARTESIAN_POINT('Origin',(91.9208023830841,-53.0705,8.673));
#3030=CARTESIAN_POINT('',(91.502449148697,-48.5899888046923,8.673));
#3031=CARTESIAN_POINT('Origin',(91.9208023830841,-53.0705,8.673));
#3032=CARTESIAN_POINT('',(91.502449148697,-48.5899888046923,8.673));
#3033=CARTESIAN_POINT('Origin',(91.9208023830842,53.0704999999999,8.673));
#3034=CARTESIAN_POINT('',(91.502449148697,48.5899888046922,8.673));
#3035=CARTESIAN_POINT('Origin',(103.6035,0.,8.673));
#3036=CARTESIAN_POINT('',(87.8313892488135,-54.9484510689193,8.673));
#3037=CARTESIAN_POINT('Origin',(0.,0.,8.673));
#3038=CARTESIAN_POINT('Origin',(91.9208023830841,-53.0705,8.673));
#3039=CARTESIAN_POINT('Origin',(-91.9208023830841,-53.0705,8.673));
#3040=CARTESIAN_POINT('',(-87.8313892488135,-54.9484510689192,8.673));
#3041=CARTESIAN_POINT('Origin',(-91.9208023830841,-53.0705,8.673));
#3042=CARTESIAN_POINT('',(-87.8313892488135,-54.9484510689192,8.673));
#3043=CARTESIAN_POINT('Origin',(-1.29985235908299E-14,-106.141,8.673));
#3044=CARTESIAN_POINT('',(-3.67105989988352,-103.538439873612,8.673));
#3045=CARTESIAN_POINT('Origin',(-1.29985235908299E-14,-106.141,8.673));
#3046=CARTESIAN_POINT('',(-3.67105989988352,-103.538439873612,8.673));
#3047=CARTESIAN_POINT('Origin',(103.6035,0.,8.673));
#3048=CARTESIAN_POINT('Origin',(0.,0.,8.673));
#3049=CARTESIAN_POINT('Origin',(103.6035,0.,8.673));
#3050=CARTESIAN_POINT('',(3.67105989988351,-103.538439873612,8.673));
#3051=CARTESIAN_POINT('Origin',(-1.29985235908299E-14,-106.141,8.673));
#3052=CARTESIAN_POINT('Origin',(0.,0.,8.673));
#3053=CARTESIAN_POINT('Origin',(-91.9208023830841,53.0705,8.673));
#3054=CARTESIAN_POINT('',(-87.8313892488135,54.9484510689192,8.673));
#3055=CARTESIAN_POINT('Origin',(0.,106.141,8.673));
#3056=CARTESIAN_POINT('',(-3.67105989988352,103.538439873612,8.673));
#3057=CARTESIAN_POINT('Origin',(-1.29985235908299E-14,-106.141,8.673));
#3058=CARTESIAN_POINT('',(3.67105989988351,-103.538439873612,8.673));
#3059=CARTESIAN_POINT('Origin',(91.9208023830841,-53.0705,8.673));
#3060=CARTESIAN_POINT('',(87.8313892488135,-54.9484510689193,8.673));
#3061=CARTESIAN_POINT('Origin',(114.41,0.,-4.81482486096809E-31));
#3062=CARTESIAN_POINT('',(-114.41,-1.40111840290449E-14,0.));
#3063=CARTESIAN_POINT('Origin',(0.,0.,0.));
#3064=CARTESIAN_POINT('',(-103.6035,-1.26877694655463E-14,0.));
#3065=CARTESIAN_POINT('Origin',(0.,0.,0.));
#3066=CARTESIAN_POINT('Origin',(0.,0.,0.168249999999996));
#3067=CARTESIAN_POINT('',(-114.41,-1.40111840290449E-14,0.336499999999993));
#3068=CARTESIAN_POINT('Origin',(0.,0.,0.336499999999993));
#3069=CARTESIAN_POINT('',(-114.41,-1.40111840290449E-14,0.168249999999996));
#3070=CARTESIAN_POINT('Origin',(0.,0.,2.0865));
#3071=CARTESIAN_POINT('',(-114.41,-1.40111840290449E-14,3.8365));
#3072=CARTESIAN_POINT('Origin',(-114.41,-1.40111840290449E-14,2.0865));
#3073=CARTESIAN_POINT('Origin',(0.,0.,3.8365));
#3074=CARTESIAN_POINT('Origin',(0.,0.,4.00475));
#3075=CARTESIAN_POINT('',(-114.41,-1.40111840290449E-14,4.173));
#3076=CARTESIAN_POINT('Origin',(0.,0.,4.173));
#3077=CARTESIAN_POINT('',(-114.41,-1.40111840290449E-14,4.00475));
#3078=CARTESIAN_POINT('Origin',(108.6785,0.,4.173));
#3079=CARTESIAN_POINT('Origin',(0.,0.,4.3365));
#3080=CARTESIAN_POINT('',(-103.6035,-1.26877694655463E-14,4.3365));
#3081=CARTESIAN_POINT('',(-103.6035,-1.26877694655463E-14,4.3365));
#3082=UNCERTAINTY_MEASURE_WITH_UNIT(LENGTH_MEASURE(0.01),#3086,
'DISTANCE_ACCURACY_VALUE',
'Maximum model space distance between geometric entities at asserted c
onnectivities');
#3083=UNCERTAINTY_MEASURE_WITH_UNIT(LENGTH_MEASURE(0.01),#3086,
'DISTANCE_ACCURACY_VALUE',
'Maximum model space distance between geometric entities at asserted c
onnectivities');
#3084=(
GEOMETRIC_REPRESENTATION_CONTEXT(3)
GLOBAL_UNCERTAINTY_ASSIGNED_CONTEXT((#3082))
GLOBAL_UNIT_ASSIGNED_CONTEXT((#3086,#3088,#3089))
REPRESENTATION_CONTEXT('','3D')
);
#3085=(
GEOMETRIC_REPRESENTATION_CONTEXT(3)
GLOBAL_UNCERTAINTY_ASSIGNED_CONTEXT((#3083))
GLOBAL_UNIT_ASSIGNED_CONTEXT((#3086,#3088,#3089))
REPRESENTATION_CONTEXT('','3D')
);
#3086=(
LENGTH_UNIT()
NAMED_UNIT(*)
SI_UNIT(.MILLI.,.METRE.)
);
#3087=(
LENGTH_UNIT()
NAMED_UNIT(*)
SI_UNIT($,.METRE.)
);
#3088=(
NAMED_UNIT(*)
PLANE_ANGLE_UNIT()
SI_UNIT($,.RADIAN.)
);
#3089=(
NAMED_UNIT(*)
SI_UNIT($,.STERADIAN.)
SOLID_ANGLE_UNIT()
);
#3090=SHAPE_DEFINITION_REPRESENTATION(#3091,#3092);
#3091=PRODUCT_DEFINITION_SHAPE('',$,#3094);
#3092=SHAPE_REPRESENTATION('',(#1454),#3084);
#3093=PRODUCT_DEFINITION_CONTEXT('part definition',#3098,'design');
#3094=PRODUCT_DEFINITION('Drive Edge','Drive Edge v4',#3095,#3093);
#3095=PRODUCT_DEFINITION_FORMATION('',$,#3100);
#3096=PRODUCT_RELATED_PRODUCT_CATEGORY('Drive Edge v4','Drive Edge v4',
(#3100));
#3097=APPLICATION_PROTOCOL_DEFINITION('international standard',
'automotive_design',2009,#3098);
#3098=APPLICATION_CONTEXT(
'Core Data for Automotive Mechanical Design Process');
#3099=PRODUCT_CONTEXT('part definition',#3098,'mechanical');
#3100=PRODUCT('Drive Edge','Drive Edge v4',$,(#3099));
#3101=PRESENTATION_STYLE_ASSIGNMENT((#3102));
#3102=SURFACE_STYLE_USAGE(.BOTH.,#3103);
#3103=SURFACE_SIDE_STYLE('',(#3104));
#3104=SURFACE_STYLE_FILL_AREA(#3105);
#3105=FILL_AREA_STYLE('Steel - Satin',(#3106));
#3106=FILL_AREA_STYLE_COLOUR('Steel - Satin',#3107);
#3107=COLOUR_RGB('Steel - Satin',0.627450980392157,0.627450980392157,0.627450980392157);
ENDSEC;
END-ISO-10303-21;
