ISO-10303-21;
HEADER;
/* Generated by software containing ST-Developer
 * from STEP Tools, Inc. (www.steptools.com) 
 */

FILE_DESCRIPTION(
/* description */ (''),
/* implementation_level */ '2;1');

FILE_NAME(
/* name */ 'Drive Edge v4.step',
/* time_stamp */ '2026-07-08T17:04:37-06:00',
/* author */ (''),
/* organization */ (''),
/* preprocessor_version */ 'ST-DEVELOPER v20.1',
/* originating_system */ 'Autodesk Translation Framework v15.8.0.0',
/* authorisation */ '');

FILE_SCHEMA (('AUTOMOTIVE_DESIGN { 1 0 10303 214 3 1 1 }'));
ENDSEC;

DATA;
#10=MECHANICAL_DESIGN_GEOMETRIC_PRESENTATION_REPRESENTATION('',(#13),#2017);
#11=SHAPE_REPRESENTATION_RELATIONSHIP('SRR','None',#2024,#12);
#12=ADVANCED_BREP_SHAPE_REPRESENTATION('',(#14),#2016);
#13=STYLED_ITEM('',(#2033),#14);
#14=MANIFOLD_SOLID_BREP('Body1',#1006);
#15=CONICAL_SURFACE('',#1053,2.425,0.785398163397448);
#16=CONICAL_SURFACE('',#1059,2.425,0.785398163397448);
#17=CONICAL_SURFACE('',#1065,2.425,0.785398163397448);
#18=CONICAL_SURFACE('',#1077,2.475,0.785398163397448);
#19=CONICAL_SURFACE('',#1080,2.475,0.785398163397448);
#20=CONICAL_SURFACE('',#1083,2.475,0.785398163397448);
#21=FACE_BOUND('',#144,.T.);
#22=FACE_BOUND('',#145,.T.);
#23=FACE_BOUND('',#146,.T.);
#24=FACE_BOUND('',#147,.T.);
#25=FACE_BOUND('',#148,.T.);
#26=FACE_BOUND('',#149,.T.);
#27=FACE_BOUND('',#173,.T.);
#28=FACE_BOUND('',#175,.T.);
#29=FACE_BOUND('',#177,.T.);
#30=FACE_BOUND('',#181,.T.);
#31=FACE_BOUND('',#184,.T.);
#32=FACE_BOUND('',#187,.T.);
#33=FACE_BOUND('',#193,.T.);
#34=FACE_BOUND('',#194,.T.);
#35=FACE_BOUND('',#195,.T.);
#36=FACE_BOUND('',#196,.T.);
#37=FACE_BOUND('',#197,.T.);
#38=FACE_BOUND('',#198,.T.);
#39=B_SPLINE_CURVE_WITH_KNOTS('',3,(#1520,#1521,#1522,#1523,#1524,#1525,
#1526,#1527,#1528,#1529,#1530,#1531),.UNSPECIFIED.,.F.,.F.,(4,2,2,2,2,4),
(1.54128700647887,1.56885743500683,1.68091868036447,1.7929799257221,1.90504117107973,
1.96374421484347),.UNSPECIFIED.);
#40=B_SPLINE_CURVE_WITH_KNOTS('',3,(#1533,#1534,#1535,#1536,#1537,#1538),
 .UNSPECIFIED.,.F.,.F.,(4,2,4),(1.96374421484347,2.01710241643736,2.04467284496533),
 .UNSPECIFIED.);
#41=B_SPLINE_CURVE_WITH_KNOTS('',3,(#1542,#1543,#1544,#1545,#1546,#1547),
 .UNSPECIFIED.,.F.,.F.,(4,2,4),(1.54128700647887,1.56885743500684,1.62221563660073),
 .UNSPECIFIED.);
#42=B_SPLINE_CURVE_WITH_KNOTS('',3,(#1549,#1550,#1551,#1552,#1553,#1554,
#1555,#1556,#1557,#1558,#1559,#1560),.UNSPECIFIED.,.F.,.F.,(4,2,2,2,2,4),
(1.62221563660073,1.68091868036447,1.7929799257221,1.90504117107973,2.01710241643736,
2.04467284496533),.UNSPECIFIED.);
#43=B_SPLINE_CURVE_WITH_KNOTS('',3,(#1564,#1565,#1566,#1567,#1568,#1569,
#1570,#1571,#1572,#1573,#1574,#1575,#1576,#1577),.UNSPECIFIED.,.F.,.F.,
(4,2,2,2,2,2,4),(1.54128700647887,1.56885743500683,1.68091868036447,1.7929799257221,
1.90504117107973,2.01710241643736,2.04467284496533),.UNSPECIFIED.);
#44=B_SPLINE_CURVE_WITH_KNOTS('',3,(#1581,#1582,#1583,#1584,#1585,#1586,
#1587,#1588,#1589,#1590,#1591,#1592,#1593,#1594,#1595,#1596,#1597,#1598),
 .UNSPECIFIED.,.F.,.F.,(4,2,2,2,2,2,2,2,4),(0.486170152748811,0.607915449253992,
0.729660745759173,0.851000525628398,0.972340305497624,1.09368008536685,
1.21501986523608,1.33676516174126,1.45851045824644),.UNSPECIFIED.);
#45=B_SPLINE_CURVE_WITH_KNOTS('',3,(#1599,#1600,#1601,#1602,#1603,#1604,
#1605,#1606,#1607,#1608,#1609,#1610,#1611,#1612,#1613,#1614,#1615,#1616,
#1617),.UNSPECIFIED.,.F.,.F.,(4,2,2,2,3,2,2,2,4),(1.45851045824644,1.58025575475162,
1.7020010512568,1.82334083112602,1.94468061099525,2.06602039086447,2.1873601707337,
2.30910546723888,2.43085076374406),.UNSPECIFIED.);
#46=B_SPLINE_CURVE_WITH_KNOTS('',3,(#1620,#1621,#1622,#1623,#1624,#1625,
#1626,#1627,#1628,#1629),.UNSPECIFIED.,.F.,.F.,(4,2,2,2,4),(0.486170152748809,
0.607915449253988,0.729660745759167,0.851000525628392,0.972340305497618),
 .UNSPECIFIED.);
#47=B_SPLINE_CURVE_WITH_KNOTS('',3,(#1631,#1632,#1633,#1634,#1635,#1636,
#1637,#1638,#1639,#1640),.UNSPECIFIED.,.F.,.F.,(4,2,2,2,4),(0.972340305497618,
1.09368008536684,1.21501986523607,1.33676516174125,1.45851045824643),
 .UNSPECIFIED.);
#48=B_SPLINE_CURVE_WITH_KNOTS('',3,(#1641,#1642,#1643,#1644,#1645,#1646,
#1647,#1648,#1649,#1650,#1651,#1652,#1653,#1654,#1655,#1656,#1657,#1658,
#1659),.UNSPECIFIED.,.F.,.F.,(4,2,2,2,3,2,2,2,4),(1.45851045824643,1.58025575475161,
1.70200105125679,1.82334083112601,1.94468061099524,2.06602039086446,2.18736017073369,
2.30910546723887,2.43085076374404),.UNSPECIFIED.);
#49=B_SPLINE_CURVE_WITH_KNOTS('',3,(#1662,#1663,#1664,#1665,#1666,#1667,
#1668,#1669,#1670,#1671,#1672,#1673,#1674,#1675,#1676,#1677,#1678,#1679),
 .UNSPECIFIED.,.F.,.F.,(4,2,2,2,2,2,2,2,4),(0.486170152748809,0.60791544925399,
0.72966074575917,0.851000525628395,0.97234030549762,1.09368008536684,1.21501986523607,
1.33676516174125,1.45851045824643),.UNSPECIFIED.);
#50=B_SPLINE_CURVE_WITH_KNOTS('',3,(#1680,#1681,#1682,#1683,#1684,#1685,
#1686,#1687,#1688,#1689,#1690,#1691,#1692,#1693,#1694,#1695,#1696,#1697,
#1698),.UNSPECIFIED.,.F.,.F.,(4,2,2,2,3,2,2,2,4),(1.45851045824643,1.58025575475161,
1.70200105125679,1.82334083112601,1.94468061099524,2.06602039086446,2.18736017073369,
2.30910546723887,2.43085076374405),.UNSPECIFIED.);
#51=B_SPLINE_CURVE_WITH_KNOTS('',3,(#1731,#1732,#1733,#1734,#1735,#1736,
#1737,#1738,#1739,#1740,#1741,#1742,#1743,#1744),.UNSPECIFIED.,.F.,.F.,
(4,2,2,2,2,2,4),(1.52690472228687,1.55327506840231,1.66422328757391,1.7751715067455,
1.88611972591709,1.99706794508869,2.02343829120414),.UNSPECIFIED.);
#52=B_SPLINE_CURVE_WITH_KNOTS('',3,(#1757,#1758,#1759,#1760,#1761,#1762,
#1763,#1764,#1765,#1766,#1767,#1768,#1769,#1770),.UNSPECIFIED.,.F.,.F.,
(4,2,2,2,2,2,4),(1.52690472228687,1.55327506840231,1.66422328757391,1.7751715067455,
1.8861197259171,1.99706794508869,2.02343829120414),.UNSPECIFIED.);
#53=B_SPLINE_CURVE_WITH_KNOTS('',3,(#1787,#1788,#1789,#1790,#1791,#1792,
#1793,#1794,#1795,#1796,#1797,#1798,#1799,#1800),.UNSPECIFIED.,.F.,.F.,
(4,2,2,2,2,2,4),(1.52690472228687,1.55327506840232,1.66422328757391,1.7751715067455,
1.8861197259171,1.99706794508869,2.02343829120414),.UNSPECIFIED.);
#54=B_SPLINE_CURVE_WITH_KNOTS('',3,(#1819,#1820,#1821,#1822,#1823,#1824,
#1825,#1826,#1827,#1828),.UNSPECIFIED.,.F.,.F.,(4,2,2,2,4),(0.,0.0640379709133958,
0.128075941826792,0.192113912583608,0.256151883340423),.UNSPECIFIED.);
#55=B_SPLINE_CURVE_WITH_KNOTS('',3,(#1829,#1830,#1831,#1832,#1833,#1834,
#1835,#1836,#1837,#1838,#1839,#1840,#1841,#1842,#1843,#1844,#1845,#1846,
#1847,#1848,#1849,#1850,#1851,#1852,#1853,#1854),.UNSPECIFIED.,.F.,.F.,
(4,2,2,2,2,2,2,2,2,2,2,2,4),(0.256151883340423,0.320189854097239,0.384227824854054,
0.44826579576745,0.512303766680845,0.576341737594241,0.640379708507637,
0.704417679264452,0.768455650021267,0.832493620778083,0.896531591534899,
0.960569562448295,1.02460753336169),.UNSPECIFIED.);
#56=B_SPLINE_CURVE_WITH_KNOTS('',3,(#1862,#1863,#1864,#1865,#1866,#1867,
#1868,#1869,#1870,#1871,#1872,#1873,#1874,#1875,#1876,#1877,#1878,#1879,
#1880,#1881,#1882,#1883,#1884,#1885,#1886,#1887,#1888,#1889,#1890,#1891,
#1892,#1893,#1894,#1895),.UNSPECIFIED.,.T.,.F.,(4,2,2,2,2,2,2,2,2,2,2,2,
2,2,2,2,4),(0.,0.0640379709133958,0.128075941826792,0.192113912583607,0.256151883340423,
0.320189854097238,0.384227824854054,0.448265795767449,0.512303766680845,
0.576341737594241,0.640379708507637,0.704417679264452,0.768455650021268,
0.832493620778083,0.896531591534899,0.960569562448295,1.02460753336169),
 .UNSPECIFIED.);
#57=B_SPLINE_CURVE_WITH_KNOTS('',3,(#1904,#1905,#1906,#1907,#1908,#1909,
#1910,#1911,#1912,#1913,#1914,#1915,#1916,#1917,#1918,#1919,#1920,#1921,
#1922,#1923,#1924,#1925,#1926,#1927,#1928,#1929),.UNSPECIFIED.,.F.,.F.,
(4,2,2,2,2,2,2,2,2,2,2,2,4),(0.,0.0640379709133958,0.128075941826792,0.192113912583607,
0.256151883340423,0.320189854097238,0.384227824854053,0.448265795767449,
0.512303766680845,0.576341737594241,0.640379708507637,0.704417679264452,
0.768455650021267),.UNSPECIFIED.);
#58=B_SPLINE_CURVE_WITH_KNOTS('',3,(#1930,#1931,#1932,#1933,#1934,#1935,
#1936,#1937,#1938,#1939),.UNSPECIFIED.,.F.,.F.,(4,2,2,2,4),(0.768455650021267,
0.832493620778083,0.896531591534898,0.960569562448294,1.02460753336169),
 .UNSPECIFIED.);
#59=CYLINDRICAL_SURFACE('',#1035,114.41);
#60=CYLINDRICAL_SURFACE('',#1039,108.6785);
#61=CYLINDRICAL_SURFACE('',#1057,1.6);
#62=CYLINDRICAL_SURFACE('',#1063,1.6);
#63=CYLINDRICAL_SURFACE('',#1069,1.6);
#64=CYLINDRICAL_SURFACE('',#1079,1.7);
#65=CYLINDRICAL_SURFACE('',#1082,1.7);
#66=CYLINDRICAL_SURFACE('',#1085,1.7);
#67=CYLINDRICAL_SURFACE('',#1086,1.25);
#68=CYLINDRICAL_SURFACE('',#1090,1.25);
#69=CYLINDRICAL_SURFACE('',#1094,1.25);
#70=CYLINDRICAL_SURFACE('',#1110,4.49999999999999);
#71=CYLINDRICAL_SURFACE('',#1112,4.49999999999999);
#72=CYLINDRICAL_SURFACE('',#1117,4.5);
#73=CYLINDRICAL_SURFACE('',#1122,4.49999999999999);
#74=CYLINDRICAL_SURFACE('',#1126,4.49999999999999);
#75=CYLINDRICAL_SURFACE('',#1127,4.5);
#76=CYLINDRICAL_SURFACE('',#1131,114.41);
#77=CYLINDRICAL_SURFACE('',#1132,103.6035);
#78=TOROIDAL_SURFACE('',#1032,114.41,1.75000000000001);
#79=FACE_OUTER_BOUND('',#130,.T.);
#80=FACE_OUTER_BOUND('',#131,.T.);
#81=FACE_OUTER_BOUND('',#132,.T.);
#82=FACE_OUTER_BOUND('',#133,.T.);
#83=FACE_OUTER_BOUND('',#134,.T.);
#84=FACE_OUTER_BOUND('',#135,.T.);
#85=FACE_OUTER_BOUND('',#136,.T.);
#86=FACE_OUTER_BOUND('',#137,.T.);
#87=FACE_OUTER_BOUND('',#138,.T.);
#88=FACE_OUTER_BOUND('',#139,.T.);
#89=FACE_OUTER_BOUND('',#140,.T.);
#90=FACE_OUTER_BOUND('',#141,.T.);
#91=FACE_OUTER_BOUND('',#142,.T.);
#92=FACE_OUTER_BOUND('',#143,.T.);
#93=FACE_OUTER_BOUND('',#150,.T.);
#94=FACE_OUTER_BOUND('',#151,.T.);
#95=FACE_OUTER_BOUND('',#152,.T.);
#96=FACE_OUTER_BOUND('',#153,.T.);
#97=FACE_OUTER_BOUND('',#154,.T.);
#98=FACE_OUTER_BOUND('',#155,.T.);
#99=FACE_OUTER_BOUND('',#156,.T.);
#100=FACE_OUTER_BOUND('',#157,.T.);
#101=FACE_OUTER_BOUND('',#158,.T.);
#102=FACE_OUTER_BOUND('',#159,.T.);
#103=FACE_OUTER_BOUND('',#160,.T.);
#104=FACE_OUTER_BOUND('',#161,.T.);
#105=FACE_OUTER_BOUND('',#162,.T.);
#106=FACE_OUTER_BOUND('',#163,.T.);
#107=FACE_OUTER_BOUND('',#164,.T.);
#108=FACE_OUTER_BOUND('',#165,.T.);
#109=FACE_OUTER_BOUND('',#166,.T.);
#110=FACE_OUTER_BOUND('',#167,.T.);
#111=FACE_OUTER_BOUND('',#168,.T.);
#112=FACE_OUTER_BOUND('',#169,.T.);
#113=FACE_OUTER_BOUND('',#170,.T.);
#114=FACE_OUTER_BOUND('',#171,.T.);
#115=FACE_OUTER_BOUND('',#172,.T.);
#116=FACE_OUTER_BOUND('',#174,.T.);
#117=FACE_OUTER_BOUND('',#176,.T.);
#118=FACE_OUTER_BOUND('',#178,.T.);
#119=FACE_OUTER_BOUND('',#179,.T.);
#120=FACE_OUTER_BOUND('',#180,.T.);
#121=FACE_OUTER_BOUND('',#182,.T.);
#122=FACE_OUTER_BOUND('',#183,.T.);
#123=FACE_OUTER_BOUND('',#185,.T.);
#124=FACE_OUTER_BOUND('',#186,.T.);
#125=FACE_OUTER_BOUND('',#188,.T.);
#126=FACE_OUTER_BOUND('',#189,.T.);
#127=FACE_OUTER_BOUND('',#190,.T.);
#128=FACE_OUTER_BOUND('',#191,.T.);
#129=FACE_OUTER_BOUND('',#192,.T.);
#130=EDGE_LOOP('',(#636,#637,#638,#639,#640,#641));
#131=EDGE_LOOP('',(#642,#643,#644,#645,#646,#647));
#132=EDGE_LOOP('',(#648,#649,#650,#651));
#133=EDGE_LOOP('',(#652,#653,#654,#655));
#134=EDGE_LOOP('',(#656,#657,#658,#659));
#135=EDGE_LOOP('',(#660,#661,#662,#663,#664,#665));
#136=EDGE_LOOP('',(#666,#667,#668,#669,#670,#671));
#137=EDGE_LOOP('',(#672,#673,#674,#675));
#138=EDGE_LOOP('',(#676,#677,#678,#679));
#139=EDGE_LOOP('',(#680,#681,#682,#683));
#140=EDGE_LOOP('',(#684,#685,#686,#687));
#141=EDGE_LOOP('',(#688,#689,#690,#691));
#142=EDGE_LOOP('',(#692,#693,#694,#695,#696,#697,#698,#699,#700,#701,#702,
#703));
#143=EDGE_LOOP('',(#704,#705,#706,#707,#708,#709,#710,#711,#712,#713,#714,
#715));
#144=EDGE_LOOP('',(#716,#717));
#145=EDGE_LOOP('',(#718,#719,#720));
#146=EDGE_LOOP('',(#721,#722));
#147=EDGE_LOOP('',(#723,#724,#725,#726));
#148=EDGE_LOOP('',(#727,#728,#729,#730));
#149=EDGE_LOOP('',(#731,#732,#733,#734));
#150=EDGE_LOOP('',(#735,#736,#737,#738));
#151=EDGE_LOOP('',(#739,#740,#741,#742,#743,#744,#745,#746));
#152=EDGE_LOOP('',(#747,#748,#749,#750));
#153=EDGE_LOOP('',(#751,#752,#753,#754,#755,#756,#757,#758));
#154=EDGE_LOOP('',(#759,#760,#761,#762));
#155=EDGE_LOOP('',(#763,#764,#765,#766,#767,#768,#769,#770));
#156=EDGE_LOOP('',(#771,#772,#773,#774));
#157=EDGE_LOOP('',(#775,#776,#777,#778));
#158=EDGE_LOOP('',(#779,#780,#781,#782));
#159=EDGE_LOOP('',(#783,#784,#785,#786,#787));
#160=EDGE_LOOP('',(#788,#789,#790,#791,#792));
#161=EDGE_LOOP('',(#793,#794,#795,#796,#797));
#162=EDGE_LOOP('',(#798,#799,#800,#801,#802,#803));
#163=EDGE_LOOP('',(#804,#805,#806,#807));
#164=EDGE_LOOP('',(#808,#809,#810,#811,#812));
#165=EDGE_LOOP('',(#813,#814,#815,#816,#817));
#166=EDGE_LOOP('',(#818,#819,#820,#821));
#167=EDGE_LOOP('',(#822));
#168=EDGE_LOOP('',(#823,#824,#825,#826));
#169=EDGE_LOOP('',(#827));
#170=EDGE_LOOP('',(#828,#829,#830,#831));
#171=EDGE_LOOP('',(#832));
#172=EDGE_LOOP('',(#833,#834,#835,#836));
#173=EDGE_LOOP('',(#837));
#174=EDGE_LOOP('',(#838,#839,#840,#841));
#175=EDGE_LOOP('',(#842));
#176=EDGE_LOOP('',(#843,#844,#845,#846));
#177=EDGE_LOOP('',(#847));
#178=EDGE_LOOP('',(#848,#849,#850,#851));
#179=EDGE_LOOP('',(#852,#853,#854,#855));
#180=EDGE_LOOP('',(#856,#857,#858,#859));
#181=EDGE_LOOP('',(#860));
#182=EDGE_LOOP('',(#861,#862,#863,#864));
#183=EDGE_LOOP('',(#865,#866,#867,#868));
#184=EDGE_LOOP('',(#869));
#185=EDGE_LOOP('',(#870,#871,#872,#873));
#186=EDGE_LOOP('',(#874,#875,#876,#877));
#187=EDGE_LOOP('',(#878));
#188=EDGE_LOOP('',(#879,#880,#881,#882));
#189=EDGE_LOOP('',(#883,#884,#885,#886));
#190=EDGE_LOOP('',(#887,#888,#889,#890,#891,#892,#893,#894,#895,#896,#897,
#898));
#191=EDGE_LOOP('',(#899,#900,#901,#902));
#192=EDGE_LOOP('',(#903,#904,#905,#906,#907,#908,#909,#910,#911,#912));
#193=EDGE_LOOP('',(#913,#914));
#194=EDGE_LOOP('',(#915));
#195=EDGE_LOOP('',(#916,#917));
#196=EDGE_LOOP('',(#918,#919,#920,#921));
#197=EDGE_LOOP('',(#922,#923,#924,#925));
#198=EDGE_LOOP('',(#926,#927,#928,#929));
#199=LINE('',#1432,#264);
#200=LINE('',#1434,#265);
#201=LINE('',#1436,#266);
#202=LINE('',#1438,#267);
#203=LINE('',#1439,#268);
#204=LINE('',#1443,#269);
#205=LINE('',#1445,#270);
#206=LINE('',#1447,#271);
#207=LINE('',#1449,#272);
#208=LINE('',#1451,#273);
#209=LINE('',#1452,#274);
#210=LINE('',#1455,#275);
#211=LINE('',#1457,#276);
#212=LINE('',#1458,#277);
#213=LINE('',#1461,#278);
#214=LINE('',#1463,#279);
#215=LINE('',#1464,#280);
#216=LINE('',#1467,#281);
#217=LINE('',#1469,#282);
#218=LINE('',#1470,#283);
#219=LINE('',#1476,#284);
#220=LINE('',#1477,#285);
#221=LINE('',#1479,#286);
#222=LINE('',#1480,#287);
#223=LINE('',#1484,#288);
#224=LINE('',#1486,#289);
#225=LINE('',#1488,#290);
#226=LINE('',#1490,#291);
#227=LINE('',#1492,#292);
#228=LINE('',#1493,#293);
#229=LINE('',#1496,#294);
#230=LINE('',#1498,#295);
#231=LINE('',#1499,#296);
#232=LINE('',#1502,#297);
#233=LINE('',#1504,#298);
#234=LINE('',#1505,#299);
#235=LINE('',#1507,#300);
#236=LINE('',#1508,#301);
#237=LINE('',#1701,#302);
#238=LINE('',#1705,#303);
#239=LINE('',#1711,#304);
#240=LINE('',#1714,#305);
#241=LINE('',#1719,#306);
#242=LINE('',#1722,#307);
#243=LINE('',#1747,#308);
#244=LINE('',#1751,#309);
#245=LINE('',#1773,#310);
#246=LINE('',#1777,#311);
#247=LINE('',#1783,#312);
#248=LINE('',#1803,#313);
#249=LINE('',#1813,#314);
#250=LINE('',#1817,#315);
#251=LINE('',#1857,#316);
#252=LINE('',#1861,#317);
#253=LINE('',#1898,#318);
#254=LINE('',#1902,#319);
#255=LINE('',#1944,#320);
#256=LINE('',#1951,#321);
#257=LINE('',#1958,#322);
#258=LINE('',#1982,#323);
#259=LINE('',#1986,#324);
#260=LINE('',#1994,#325);
#261=LINE('',#2002,#326);
#262=LINE('',#2006,#327);
#263=LINE('',#2008,#328);
#264=VECTOR('',#1139,10.);
#265=VECTOR('',#1140,10.);
#266=VECTOR('',#1141,10.);
#267=VECTOR('',#1142,10.);
#268=VECTOR('',#1143,10.);
#269=VECTOR('',#1146,10.);
#270=VECTOR('',#1147,10.);
#271=VECTOR('',#1148,10.);
#272=VECTOR('',#1149,10.);
#273=VECTOR('',#1150,10.);
#274=VECTOR('',#1151,10.);
#275=VECTOR('',#1154,10.);
#276=VECTOR('',#1155,10.);
#277=VECTOR('',#1156,10.);
#278=VECTOR('',#1159,10.);
#279=VECTOR('',#1160,10.);
#280=VECTOR('',#1161,10.);
#281=VECTOR('',#1164,10.);
#282=VECTOR('',#1165,10.);
#283=VECTOR('',#1166,10.);
#284=VECTOR('',#1171,10.);
#285=VECTOR('',#1172,10.);
#286=VECTOR('',#1173,10.);
#287=VECTOR('',#1174,10.);
#288=VECTOR('',#1177,10.);
#289=VECTOR('',#1178,10.);
#290=VECTOR('',#1179,10.);
#291=VECTOR('',#1180,10.);
#292=VECTOR('',#1181,10.);
#293=VECTOR('',#1182,10.);
#294=VECTOR('',#1185,10.);
#295=VECTOR('',#1186,10.);
#296=VECTOR('',#1187,10.);
#297=VECTOR('',#1190,10.);
#298=VECTOR('',#1191,10.);
#299=VECTOR('',#1192,10.);
#300=VECTOR('',#1195,10.);
#301=VECTOR('',#1196,10.);
#302=VECTOR('',#1221,10.);
#303=VECTOR('',#1224,10.);
#304=VECTOR('',#1229,10.);
#305=VECTOR('',#1232,10.);
#306=VECTOR('',#1235,10.);
#307=VECTOR('',#1238,10.);
#308=VECTOR('',#1251,2.425);
#309=VECTOR('',#1256,1.6);
#310=VECTOR('',#1265,2.425);
#311=VECTOR('',#1270,1.6);
#312=VECTOR('',#1277,2.425);
#313=VECTOR('',#1284,1.6);
#314=VECTOR('',#1301,2.475);
#315=VECTOR('',#1306,1.7);
#316=VECTOR('',#1309,2.475);
#317=VECTOR('',#1314,1.7);
#318=VECTOR('',#1317,2.475);
#319=VECTOR('',#1322,1.7);
#320=VECTOR('',#1327,1.25);
#321=VECTOR('',#1336,1.25);
#322=VECTOR('',#1345,1.25);
#323=VECTOR('',#1378,10.);
#324=VECTOR('',#1383,10.);
#325=VECTOR('',#1394,10.);
#326=VECTOR('',#1405,10.);
#327=VECTOR('',#1412,10.);
#328=VECTOR('',#1415,10.);
#329=CIRCLE('',#1021,1.75000000000001);
#330=CIRCLE('',#1027,1.75000000000001);
#331=CIRCLE('',#1033,114.41);
#332=CIRCLE('',#1034,114.41);
#333=CIRCLE('',#1036,114.41);
#334=CIRCLE('',#1038,108.6785);
#335=CIRCLE('',#1040,108.6785);
#336=CIRCLE('',#1041,108.6785);
#337=CIRCLE('',#1042,108.6785);
#338=CIRCLE('',#1043,108.6785);
#339=CIRCLE('',#1044,108.6785);
#340=CIRCLE('',#1045,108.6785);
#341=CIRCLE('',#1046,108.6785);
#342=CIRCLE('',#1047,108.6785);
#343=CIRCLE('',#1048,108.6785);
#344=CIRCLE('',#1049,108.6785);
#345=CIRCLE('',#1051,3.25);
#346=CIRCLE('',#1052,103.6035);
#347=CIRCLE('',#1054,3.25);
#348=CIRCLE('',#1055,3.25);
#349=CIRCLE('',#1056,1.6);
#350=CIRCLE('',#1058,1.6);
#351=CIRCLE('',#1060,3.25);
#352=CIRCLE('',#1061,3.25);
#353=CIRCLE('',#1062,1.6);
#354=CIRCLE('',#1064,1.6);
#355=CIRCLE('',#1066,3.25);
#356=CIRCLE('',#1067,1.6);
#357=CIRCLE('',#1068,3.25);
#358=CIRCLE('',#1070,1.6);
#359=CIRCLE('',#1072,103.6035);
#360=CIRCLE('',#1074,103.6035);
#361=CIRCLE('',#1076,103.6035);
#362=CIRCLE('',#1078,1.7);
#363=CIRCLE('',#1081,1.7);
#364=CIRCLE('',#1084,1.7);
#365=CIRCLE('',#1087,1.25);
#366=CIRCLE('',#1088,1.25);
#367=CIRCLE('',#1091,1.25);
#368=CIRCLE('',#1092,1.25);
#369=CIRCLE('',#1095,1.25);
#370=CIRCLE('',#1096,1.25);
#371=CIRCLE('',#1099,4.49999999999999);
#372=CIRCLE('',#1100,4.49999999999999);
#373=CIRCLE('',#1101,103.6035);
#374=CIRCLE('',#1103,4.5);
#375=CIRCLE('',#1104,103.6035);
#376=CIRCLE('',#1105,4.5);
#377=CIRCLE('',#1107,4.49999999999999);
#378=CIRCLE('',#1108,103.6035);
#379=CIRCLE('',#1109,4.49999999999999);
#380=CIRCLE('',#1111,4.49999999999999);
#381=CIRCLE('',#1113,4.49999999999999);
#382=CIRCLE('',#1115,103.6035);
#383=CIRCLE('',#1116,4.49999999999999);
#384=CIRCLE('',#1118,4.5);
#385=CIRCLE('',#1120,4.5);
#386=CIRCLE('',#1121,103.6035);
#387=CIRCLE('',#1123,4.49999999999999);
#388=CIRCLE('',#1125,103.6035);
#389=CIRCLE('',#1129,114.41);
#390=CIRCLE('',#1130,103.6035);
#391=VERTEX_POINT('',#1428);
#392=VERTEX_POINT('',#1429);
#393=VERTEX_POINT('',#1431);
#394=VERTEX_POINT('',#1433);
#395=VERTEX_POINT('',#1435);
#396=VERTEX_POINT('',#1437);
#397=VERTEX_POINT('',#1441);
#398=VERTEX_POINT('',#1442);
#399=VERTEX_POINT('',#1444);
#400=VERTEX_POINT('',#1446);
#401=VERTEX_POINT('',#1448);
#402=VERTEX_POINT('',#1450);
#403=VERTEX_POINT('',#1454);
#404=VERTEX_POINT('',#1456);
#405=VERTEX_POINT('',#1460);
#406=VERTEX_POINT('',#1462);
#407=VERTEX_POINT('',#1466);
#408=VERTEX_POINT('',#1468);
#409=VERTEX_POINT('',#1472);
#410=VERTEX_POINT('',#1473);
#411=VERTEX_POINT('',#1475);
#412=VERTEX_POINT('',#1478);
#413=VERTEX_POINT('',#1482);
#414=VERTEX_POINT('',#1483);
#415=VERTEX_POINT('',#1485);
#416=VERTEX_POINT('',#1487);
#417=VERTEX_POINT('',#1489);
#418=VERTEX_POINT('',#1491);
#419=VERTEX_POINT('',#1495);
#420=VERTEX_POINT('',#1497);
#421=VERTEX_POINT('',#1501);
#422=VERTEX_POINT('',#1503);
#423=VERTEX_POINT('',#1517);
#424=VERTEX_POINT('',#1519);
#425=VERTEX_POINT('',#1532);
#426=VERTEX_POINT('',#1539);
#427=VERTEX_POINT('',#1541);
#428=VERTEX_POINT('',#1548);
#429=VERTEX_POINT('',#1561);
#430=VERTEX_POINT('',#1563);
#431=VERTEX_POINT('',#1579);
#432=VERTEX_POINT('',#1580);
#433=VERTEX_POINT('',#1618);
#434=VERTEX_POINT('',#1619);
#435=VERTEX_POINT('',#1630);
#436=VERTEX_POINT('',#1660);
#437=VERTEX_POINT('',#1661);
#438=VERTEX_POINT('',#1699);
#439=VERTEX_POINT('',#1700);
#440=VERTEX_POINT('',#1702);
#441=VERTEX_POINT('',#1704);
#442=VERTEX_POINT('',#1707);
#443=VERTEX_POINT('',#1708);
#444=VERTEX_POINT('',#1710);
#445=VERTEX_POINT('',#1712);
#446=VERTEX_POINT('',#1715);
#447=VERTEX_POINT('',#1716);
#448=VERTEX_POINT('',#1718);
#449=VERTEX_POINT('',#1720);
#450=VERTEX_POINT('',#1724);
#451=VERTEX_POINT('',#1728);
#452=VERTEX_POINT('',#1730);
#453=VERTEX_POINT('',#1746);
#454=VERTEX_POINT('',#1750);
#455=VERTEX_POINT('',#1754);
#456=VERTEX_POINT('',#1756);
#457=VERTEX_POINT('',#1772);
#458=VERTEX_POINT('',#1776);
#459=VERTEX_POINT('',#1780);
#460=VERTEX_POINT('',#1782);
#461=VERTEX_POINT('',#1785);
#462=VERTEX_POINT('',#1802);
#463=VERTEX_POINT('',#1812);
#464=VERTEX_POINT('',#1816);
#465=VERTEX_POINT('',#1818);
#466=VERTEX_POINT('',#1856);
#467=VERTEX_POINT('',#1860);
#468=VERTEX_POINT('',#1897);
#469=VERTEX_POINT('',#1901);
#470=VERTEX_POINT('',#1903);
#471=VERTEX_POINT('',#1941);
#472=VERTEX_POINT('',#1943);
#473=VERTEX_POINT('',#1948);
#474=VERTEX_POINT('',#1950);
#475=VERTEX_POINT('',#1955);
#476=VERTEX_POINT('',#1957);
#477=VERTEX_POINT('',#1962);
#478=VERTEX_POINT('',#1964);
#479=VERTEX_POINT('',#1968);
#480=VERTEX_POINT('',#1970);
#481=VERTEX_POINT('',#1974);
#482=VERTEX_POINT('',#1976);
#483=VERTEX_POINT('',#1980);
#484=VERTEX_POINT('',#1984);
#485=VERTEX_POINT('',#1988);
#486=VERTEX_POINT('',#1992);
#487=VERTEX_POINT('',#1996);
#488=VERTEX_POINT('',#2000);
#489=EDGE_CURVE('',#391,#392,#329,.T.);
#490=EDGE_CURVE('',#393,#391,#199,.T.);
#491=EDGE_CURVE('',#394,#393,#200,.T.);
#492=EDGE_CURVE('',#394,#395,#201,.T.);
#493=EDGE_CURVE('',#396,#395,#202,.T.);
#494=EDGE_CURVE('',#392,#396,#203,.T.);
#495=EDGE_CURVE('',#397,#398,#204,.T.);
#496=EDGE_CURVE('',#399,#397,#205,.T.);
#497=EDGE_CURVE('',#400,#399,#206,.T.);
#498=EDGE_CURVE('',#400,#401,#207,.T.);
#499=EDGE_CURVE('',#402,#401,#208,.T.);
#500=EDGE_CURVE('',#398,#402,#209,.T.);
#501=EDGE_CURVE('',#401,#403,#210,.T.);
#502=EDGE_CURVE('',#404,#400,#211,.T.);
#503=EDGE_CURVE('',#404,#403,#212,.T.);
#504=EDGE_CURVE('',#403,#405,#213,.T.);
#505=EDGE_CURVE('',#406,#404,#214,.T.);
#506=EDGE_CURVE('',#406,#405,#215,.T.);
#507=EDGE_CURVE('',#405,#407,#216,.T.);
#508=EDGE_CURVE('',#408,#406,#217,.T.);
#509=EDGE_CURVE('',#408,#407,#218,.T.);
#510=EDGE_CURVE('',#409,#410,#330,.T.);
#511=EDGE_CURVE('',#411,#409,#219,.T.);
#512=EDGE_CURVE('',#407,#411,#220,.T.);
#513=EDGE_CURVE('',#412,#408,#221,.T.);
#514=EDGE_CURVE('',#410,#412,#222,.T.);
#515=EDGE_CURVE('',#413,#414,#223,.T.);
#516=EDGE_CURVE('',#415,#413,#224,.T.);
#517=EDGE_CURVE('',#416,#415,#225,.T.);
#518=EDGE_CURVE('',#417,#416,#226,.T.);
#519=EDGE_CURVE('',#418,#417,#227,.T.);
#520=EDGE_CURVE('',#414,#418,#228,.T.);
#521=EDGE_CURVE('',#395,#419,#229,.T.);
#522=EDGE_CURVE('',#420,#394,#230,.T.);
#523=EDGE_CURVE('',#420,#419,#231,.T.);
#524=EDGE_CURVE('',#419,#421,#232,.T.);
#525=EDGE_CURVE('',#422,#420,#233,.T.);
#526=EDGE_CURVE('',#422,#421,#234,.T.);
#527=EDGE_CURVE('',#421,#416,#235,.T.);
#528=EDGE_CURVE('',#417,#422,#236,.T.);
#529=EDGE_CURVE('',#409,#392,#331,.T.);
#530=EDGE_CURVE('',#410,#391,#332,.T.);
#531=EDGE_CURVE('',#411,#396,#333,.T.);
#532=EDGE_CURVE('',#402,#415,#334,.T.);
#533=EDGE_CURVE('',#423,#413,#335,.T.);
#534=EDGE_CURVE('',#423,#424,#39,.T.);
#535=EDGE_CURVE('',#424,#425,#40,.T.);
#536=EDGE_CURVE('',#426,#425,#336,.T.);
#537=EDGE_CURVE('',#426,#427,#41,.T.);
#538=EDGE_CURVE('',#427,#428,#42,.T.);
#539=EDGE_CURVE('',#429,#428,#337,.T.);
#540=EDGE_CURVE('',#429,#430,#43,.T.);
#541=EDGE_CURVE('',#398,#430,#338,.T.);
#542=EDGE_CURVE('',#431,#432,#44,.T.);
#543=EDGE_CURVE('',#432,#431,#45,.T.);
#544=EDGE_CURVE('',#433,#434,#46,.T.);
#545=EDGE_CURVE('',#434,#435,#47,.T.);
#546=EDGE_CURVE('',#435,#433,#48,.T.);
#547=EDGE_CURVE('',#436,#437,#49,.T.);
#548=EDGE_CURVE('',#437,#436,#50,.T.);
#549=EDGE_CURVE('',#438,#439,#237,.T.);
#550=EDGE_CURVE('',#440,#438,#339,.T.);
#551=EDGE_CURVE('',#440,#441,#238,.T.);
#552=EDGE_CURVE('',#441,#439,#340,.T.);
#553=EDGE_CURVE('',#442,#443,#341,.T.);
#554=EDGE_CURVE('',#444,#443,#239,.T.);
#555=EDGE_CURVE('',#445,#444,#342,.T.);
#556=EDGE_CURVE('',#445,#442,#240,.T.);
#557=EDGE_CURVE('',#446,#447,#343,.T.);
#558=EDGE_CURVE('',#448,#447,#241,.T.);
#559=EDGE_CURVE('',#449,#448,#344,.T.);
#560=EDGE_CURVE('',#449,#446,#242,.T.);
#561=EDGE_CURVE('',#430,#450,#345,.T.);
#562=EDGE_CURVE('',#450,#397,#346,.T.);
#563=EDGE_CURVE('',#451,#426,#347,.T.);
#564=EDGE_CURVE('',#451,#452,#51,.T.);
#565=EDGE_CURVE('',#428,#452,#348,.T.);
#566=EDGE_CURVE('',#427,#453,#243,.T.);
#567=EDGE_CURVE('',#453,#453,#349,.T.);
#568=EDGE_CURVE('',#453,#454,#244,.T.);
#569=EDGE_CURVE('',#454,#454,#350,.T.);
#570=EDGE_CURVE('',#455,#423,#351,.T.);
#571=EDGE_CURVE('',#455,#456,#52,.T.);
#572=EDGE_CURVE('',#425,#456,#352,.T.);
#573=EDGE_CURVE('',#424,#457,#245,.T.);
#574=EDGE_CURVE('',#457,#457,#353,.T.);
#575=EDGE_CURVE('',#457,#458,#246,.T.);
#576=EDGE_CURVE('',#458,#458,#354,.T.);
#577=EDGE_CURVE('',#459,#429,#355,.T.);
#578=EDGE_CURVE('',#459,#460,#247,.T.);
#579=EDGE_CURVE('',#460,#460,#356,.T.);
#580=EDGE_CURVE('',#461,#459,#357,.T.);
#581=EDGE_CURVE('',#461,#450,#53,.T.);
#582=EDGE_CURVE('',#460,#462,#248,.T.);
#583=EDGE_CURVE('',#462,#462,#358,.T.);
#584=EDGE_CURVE('',#414,#455,#359,.T.);
#585=EDGE_CURVE('',#456,#451,#360,.T.);
#586=EDGE_CURVE('',#452,#461,#361,.T.);
#587=EDGE_CURVE('',#431,#463,#249,.T.);
#588=EDGE_CURVE('',#463,#463,#362,.T.);
#589=EDGE_CURVE('',#463,#464,#250,.T.);
#590=EDGE_CURVE('',#465,#464,#54,.T.);
#591=EDGE_CURVE('',#464,#465,#55,.T.);
#592=EDGE_CURVE('',#434,#466,#251,.T.);
#593=EDGE_CURVE('',#466,#466,#363,.T.);
#594=EDGE_CURVE('',#466,#467,#252,.T.);
#595=EDGE_CURVE('',#467,#467,#56,.T.);
#596=EDGE_CURVE('',#437,#468,#253,.T.);
#597=EDGE_CURVE('',#468,#468,#364,.T.);
#598=EDGE_CURVE('',#468,#469,#254,.T.);
#599=EDGE_CURVE('',#470,#469,#57,.T.);
#600=EDGE_CURVE('',#469,#470,#58,.T.);
#601=EDGE_CURVE('',#471,#471,#365,.T.);
#602=EDGE_CURVE('',#471,#472,#255,.T.);
#603=EDGE_CURVE('',#472,#472,#366,.T.);
#604=EDGE_CURVE('',#473,#473,#367,.T.);
#605=EDGE_CURVE('',#473,#474,#256,.T.);
#606=EDGE_CURVE('',#474,#474,#368,.T.);
#607=EDGE_CURVE('',#475,#475,#369,.T.);
#608=EDGE_CURVE('',#475,#476,#257,.T.);
#609=EDGE_CURVE('',#476,#476,#370,.T.);
#610=EDGE_CURVE('',#477,#439,#371,.T.);
#611=EDGE_CURVE('',#441,#478,#372,.T.);
#612=EDGE_CURVE('',#477,#478,#373,.T.);
#613=EDGE_CURVE('',#446,#479,#374,.T.);
#614=EDGE_CURVE('',#480,#479,#375,.T.);
#615=EDGE_CURVE('',#480,#447,#376,.T.);
#616=EDGE_CURVE('',#442,#481,#377,.T.);
#617=EDGE_CURVE('',#482,#481,#378,.T.);
#618=EDGE_CURVE('',#482,#443,#379,.T.);
#619=EDGE_CURVE('',#483,#445,#380,.T.);
#620=EDGE_CURVE('',#483,#481,#258,.T.);
#621=EDGE_CURVE('',#438,#484,#381,.T.);
#622=EDGE_CURVE('',#484,#477,#259,.T.);
#623=EDGE_CURVE('',#485,#484,#382,.T.);
#624=EDGE_CURVE('',#485,#440,#383,.T.);
#625=EDGE_CURVE('',#486,#449,#384,.T.);
#626=EDGE_CURVE('',#486,#479,#260,.T.);
#627=EDGE_CURVE('',#448,#487,#385,.T.);
#628=EDGE_CURVE('',#486,#487,#386,.T.);
#629=EDGE_CURVE('',#444,#488,#387,.T.);
#630=EDGE_CURVE('',#488,#482,#261,.T.);
#631=EDGE_CURVE('',#483,#488,#388,.T.);
#632=EDGE_CURVE('',#485,#478,#262,.T.);
#633=EDGE_CURVE('',#487,#480,#263,.T.);
#634=EDGE_CURVE('',#412,#393,#389,.T.);
#635=EDGE_CURVE('',#399,#418,#390,.T.);
#636=ORIENTED_EDGE('',*,*,#489,.F.);
#637=ORIENTED_EDGE('',*,*,#490,.F.);
#638=ORIENTED_EDGE('',*,*,#491,.F.);
#639=ORIENTED_EDGE('',*,*,#492,.T.);
#640=ORIENTED_EDGE('',*,*,#493,.F.);
#641=ORIENTED_EDGE('',*,*,#494,.F.);
#642=ORIENTED_EDGE('',*,*,#495,.F.);
#643=ORIENTED_EDGE('',*,*,#496,.F.);
#644=ORIENTED_EDGE('',*,*,#497,.F.);
#645=ORIENTED_EDGE('',*,*,#498,.T.);
#646=ORIENTED_EDGE('',*,*,#499,.F.);
#647=ORIENTED_EDGE('',*,*,#500,.F.);
#648=ORIENTED_EDGE('',*,*,#501,.F.);
#649=ORIENTED_EDGE('',*,*,#498,.F.);
#650=ORIENTED_EDGE('',*,*,#502,.F.);
#651=ORIENTED_EDGE('',*,*,#503,.T.);
#652=ORIENTED_EDGE('',*,*,#504,.F.);
#653=ORIENTED_EDGE('',*,*,#503,.F.);
#654=ORIENTED_EDGE('',*,*,#505,.F.);
#655=ORIENTED_EDGE('',*,*,#506,.T.);
#656=ORIENTED_EDGE('',*,*,#507,.F.);
#657=ORIENTED_EDGE('',*,*,#506,.F.);
#658=ORIENTED_EDGE('',*,*,#508,.F.);
#659=ORIENTED_EDGE('',*,*,#509,.T.);
#660=ORIENTED_EDGE('',*,*,#510,.F.);
#661=ORIENTED_EDGE('',*,*,#511,.F.);
#662=ORIENTED_EDGE('',*,*,#512,.F.);
#663=ORIENTED_EDGE('',*,*,#509,.F.);
#664=ORIENTED_EDGE('',*,*,#513,.F.);
#665=ORIENTED_EDGE('',*,*,#514,.F.);
#666=ORIENTED_EDGE('',*,*,#515,.F.);
#667=ORIENTED_EDGE('',*,*,#516,.F.);
#668=ORIENTED_EDGE('',*,*,#517,.F.);
#669=ORIENTED_EDGE('',*,*,#518,.F.);
#670=ORIENTED_EDGE('',*,*,#519,.F.);
#671=ORIENTED_EDGE('',*,*,#520,.F.);
#672=ORIENTED_EDGE('',*,*,#521,.F.);
#673=ORIENTED_EDGE('',*,*,#492,.F.);
#674=ORIENTED_EDGE('',*,*,#522,.F.);
#675=ORIENTED_EDGE('',*,*,#523,.T.);
#676=ORIENTED_EDGE('',*,*,#524,.F.);
#677=ORIENTED_EDGE('',*,*,#523,.F.);
#678=ORIENTED_EDGE('',*,*,#525,.F.);
#679=ORIENTED_EDGE('',*,*,#526,.T.);
#680=ORIENTED_EDGE('',*,*,#527,.F.);
#681=ORIENTED_EDGE('',*,*,#526,.F.);
#682=ORIENTED_EDGE('',*,*,#528,.F.);
#683=ORIENTED_EDGE('',*,*,#518,.T.);
#684=ORIENTED_EDGE('',*,*,#489,.T.);
#685=ORIENTED_EDGE('',*,*,#529,.F.);
#686=ORIENTED_EDGE('',*,*,#510,.T.);
#687=ORIENTED_EDGE('',*,*,#530,.T.);
#688=ORIENTED_EDGE('',*,*,#494,.T.);
#689=ORIENTED_EDGE('',*,*,#531,.F.);
#690=ORIENTED_EDGE('',*,*,#511,.T.);
#691=ORIENTED_EDGE('',*,*,#529,.T.);
#692=ORIENTED_EDGE('',*,*,#493,.T.);
#693=ORIENTED_EDGE('',*,*,#521,.T.);
#694=ORIENTED_EDGE('',*,*,#524,.T.);
#695=ORIENTED_EDGE('',*,*,#527,.T.);
#696=ORIENTED_EDGE('',*,*,#517,.T.);
#697=ORIENTED_EDGE('',*,*,#532,.F.);
#698=ORIENTED_EDGE('',*,*,#499,.T.);
#699=ORIENTED_EDGE('',*,*,#501,.T.);
#700=ORIENTED_EDGE('',*,*,#504,.T.);
#701=ORIENTED_EDGE('',*,*,#507,.T.);
#702=ORIENTED_EDGE('',*,*,#512,.T.);
#703=ORIENTED_EDGE('',*,*,#531,.T.);
#704=ORIENTED_EDGE('',*,*,#516,.T.);
#705=ORIENTED_EDGE('',*,*,#533,.F.);
#706=ORIENTED_EDGE('',*,*,#534,.T.);
#707=ORIENTED_EDGE('',*,*,#535,.T.);
#708=ORIENTED_EDGE('',*,*,#536,.F.);
#709=ORIENTED_EDGE('',*,*,#537,.T.);
#710=ORIENTED_EDGE('',*,*,#538,.T.);
#711=ORIENTED_EDGE('',*,*,#539,.F.);
#712=ORIENTED_EDGE('',*,*,#540,.T.);
#713=ORIENTED_EDGE('',*,*,#541,.F.);
#714=ORIENTED_EDGE('',*,*,#500,.T.);
#715=ORIENTED_EDGE('',*,*,#532,.T.);
#716=ORIENTED_EDGE('',*,*,#542,.T.);
#717=ORIENTED_EDGE('',*,*,#543,.T.);
#718=ORIENTED_EDGE('',*,*,#544,.T.);
#719=ORIENTED_EDGE('',*,*,#545,.T.);
#720=ORIENTED_EDGE('',*,*,#546,.T.);
#721=ORIENTED_EDGE('',*,*,#547,.T.);
#722=ORIENTED_EDGE('',*,*,#548,.T.);
#723=ORIENTED_EDGE('',*,*,#549,.F.);
#724=ORIENTED_EDGE('',*,*,#550,.F.);
#725=ORIENTED_EDGE('',*,*,#551,.T.);
#726=ORIENTED_EDGE('',*,*,#552,.T.);
#727=ORIENTED_EDGE('',*,*,#553,.T.);
#728=ORIENTED_EDGE('',*,*,#554,.F.);
#729=ORIENTED_EDGE('',*,*,#555,.F.);
#730=ORIENTED_EDGE('',*,*,#556,.T.);
#731=ORIENTED_EDGE('',*,*,#557,.T.);
#732=ORIENTED_EDGE('',*,*,#558,.F.);
#733=ORIENTED_EDGE('',*,*,#559,.F.);
#734=ORIENTED_EDGE('',*,*,#560,.T.);
#735=ORIENTED_EDGE('',*,*,#495,.T.);
#736=ORIENTED_EDGE('',*,*,#541,.T.);
#737=ORIENTED_EDGE('',*,*,#561,.T.);
#738=ORIENTED_EDGE('',*,*,#562,.T.);
#739=ORIENTED_EDGE('',*,*,#537,.F.);
#740=ORIENTED_EDGE('',*,*,#563,.F.);
#741=ORIENTED_EDGE('',*,*,#564,.T.);
#742=ORIENTED_EDGE('',*,*,#565,.F.);
#743=ORIENTED_EDGE('',*,*,#538,.F.);
#744=ORIENTED_EDGE('',*,*,#566,.T.);
#745=ORIENTED_EDGE('',*,*,#567,.T.);
#746=ORIENTED_EDGE('',*,*,#566,.F.);
#747=ORIENTED_EDGE('',*,*,#567,.F.);
#748=ORIENTED_EDGE('',*,*,#568,.T.);
#749=ORIENTED_EDGE('',*,*,#569,.F.);
#750=ORIENTED_EDGE('',*,*,#568,.F.);
#751=ORIENTED_EDGE('',*,*,#534,.F.);
#752=ORIENTED_EDGE('',*,*,#570,.F.);
#753=ORIENTED_EDGE('',*,*,#571,.T.);
#754=ORIENTED_EDGE('',*,*,#572,.F.);
#755=ORIENTED_EDGE('',*,*,#535,.F.);
#756=ORIENTED_EDGE('',*,*,#573,.T.);
#757=ORIENTED_EDGE('',*,*,#574,.T.);
#758=ORIENTED_EDGE('',*,*,#573,.F.);
#759=ORIENTED_EDGE('',*,*,#574,.F.);
#760=ORIENTED_EDGE('',*,*,#575,.T.);
#761=ORIENTED_EDGE('',*,*,#576,.F.);
#762=ORIENTED_EDGE('',*,*,#575,.F.);
#763=ORIENTED_EDGE('',*,*,#540,.F.);
#764=ORIENTED_EDGE('',*,*,#577,.F.);
#765=ORIENTED_EDGE('',*,*,#578,.T.);
#766=ORIENTED_EDGE('',*,*,#579,.T.);
#767=ORIENTED_EDGE('',*,*,#578,.F.);
#768=ORIENTED_EDGE('',*,*,#580,.F.);
#769=ORIENTED_EDGE('',*,*,#581,.T.);
#770=ORIENTED_EDGE('',*,*,#561,.F.);
#771=ORIENTED_EDGE('',*,*,#579,.F.);
#772=ORIENTED_EDGE('',*,*,#582,.T.);
#773=ORIENTED_EDGE('',*,*,#583,.F.);
#774=ORIENTED_EDGE('',*,*,#582,.F.);
#775=ORIENTED_EDGE('',*,*,#515,.T.);
#776=ORIENTED_EDGE('',*,*,#584,.T.);
#777=ORIENTED_EDGE('',*,*,#570,.T.);
#778=ORIENTED_EDGE('',*,*,#533,.T.);
#779=ORIENTED_EDGE('',*,*,#563,.T.);
#780=ORIENTED_EDGE('',*,*,#536,.T.);
#781=ORIENTED_EDGE('',*,*,#572,.T.);
#782=ORIENTED_EDGE('',*,*,#585,.T.);
#783=ORIENTED_EDGE('',*,*,#565,.T.);
#784=ORIENTED_EDGE('',*,*,#586,.T.);
#785=ORIENTED_EDGE('',*,*,#580,.T.);
#786=ORIENTED_EDGE('',*,*,#577,.T.);
#787=ORIENTED_EDGE('',*,*,#539,.T.);
#788=ORIENTED_EDGE('',*,*,#542,.F.);
#789=ORIENTED_EDGE('',*,*,#587,.T.);
#790=ORIENTED_EDGE('',*,*,#588,.T.);
#791=ORIENTED_EDGE('',*,*,#587,.F.);
#792=ORIENTED_EDGE('',*,*,#543,.F.);
#793=ORIENTED_EDGE('',*,*,#588,.F.);
#794=ORIENTED_EDGE('',*,*,#589,.T.);
#795=ORIENTED_EDGE('',*,*,#590,.F.);
#796=ORIENTED_EDGE('',*,*,#591,.F.);
#797=ORIENTED_EDGE('',*,*,#589,.F.);
#798=ORIENTED_EDGE('',*,*,#544,.F.);
#799=ORIENTED_EDGE('',*,*,#546,.F.);
#800=ORIENTED_EDGE('',*,*,#545,.F.);
#801=ORIENTED_EDGE('',*,*,#592,.T.);
#802=ORIENTED_EDGE('',*,*,#593,.T.);
#803=ORIENTED_EDGE('',*,*,#592,.F.);
#804=ORIENTED_EDGE('',*,*,#593,.F.);
#805=ORIENTED_EDGE('',*,*,#594,.T.);
#806=ORIENTED_EDGE('',*,*,#595,.F.);
#807=ORIENTED_EDGE('',*,*,#594,.F.);
#808=ORIENTED_EDGE('',*,*,#547,.F.);
#809=ORIENTED_EDGE('',*,*,#548,.F.);
#810=ORIENTED_EDGE('',*,*,#596,.T.);
#811=ORIENTED_EDGE('',*,*,#597,.T.);
#812=ORIENTED_EDGE('',*,*,#596,.F.);
#813=ORIENTED_EDGE('',*,*,#597,.F.);
#814=ORIENTED_EDGE('',*,*,#598,.T.);
#815=ORIENTED_EDGE('',*,*,#599,.F.);
#816=ORIENTED_EDGE('',*,*,#600,.F.);
#817=ORIENTED_EDGE('',*,*,#598,.F.);
#818=ORIENTED_EDGE('',*,*,#601,.F.);
#819=ORIENTED_EDGE('',*,*,#602,.T.);
#820=ORIENTED_EDGE('',*,*,#603,.T.);
#821=ORIENTED_EDGE('',*,*,#602,.F.);
#822=ORIENTED_EDGE('',*,*,#603,.F.);
#823=ORIENTED_EDGE('',*,*,#604,.F.);
#824=ORIENTED_EDGE('',*,*,#605,.T.);
#825=ORIENTED_EDGE('',*,*,#606,.T.);
#826=ORIENTED_EDGE('',*,*,#605,.F.);
#827=ORIENTED_EDGE('',*,*,#606,.F.);
#828=ORIENTED_EDGE('',*,*,#607,.F.);
#829=ORIENTED_EDGE('',*,*,#608,.T.);
#830=ORIENTED_EDGE('',*,*,#609,.T.);
#831=ORIENTED_EDGE('',*,*,#608,.F.);
#832=ORIENTED_EDGE('',*,*,#609,.F.);
#833=ORIENTED_EDGE('',*,*,#610,.T.);
#834=ORIENTED_EDGE('',*,*,#552,.F.);
#835=ORIENTED_EDGE('',*,*,#611,.T.);
#836=ORIENTED_EDGE('',*,*,#612,.F.);
#837=ORIENTED_EDGE('',*,*,#569,.T.);
#838=ORIENTED_EDGE('',*,*,#613,.T.);
#839=ORIENTED_EDGE('',*,*,#614,.F.);
#840=ORIENTED_EDGE('',*,*,#615,.T.);
#841=ORIENTED_EDGE('',*,*,#557,.F.);
#842=ORIENTED_EDGE('',*,*,#583,.T.);
#843=ORIENTED_EDGE('',*,*,#616,.T.);
#844=ORIENTED_EDGE('',*,*,#617,.F.);
#845=ORIENTED_EDGE('',*,*,#618,.T.);
#846=ORIENTED_EDGE('',*,*,#553,.F.);
#847=ORIENTED_EDGE('',*,*,#576,.T.);
#848=ORIENTED_EDGE('',*,*,#619,.F.);
#849=ORIENTED_EDGE('',*,*,#620,.T.);
#850=ORIENTED_EDGE('',*,*,#616,.F.);
#851=ORIENTED_EDGE('',*,*,#556,.F.);
#852=ORIENTED_EDGE('',*,*,#621,.F.);
#853=ORIENTED_EDGE('',*,*,#549,.T.);
#854=ORIENTED_EDGE('',*,*,#610,.F.);
#855=ORIENTED_EDGE('',*,*,#622,.F.);
#856=ORIENTED_EDGE('',*,*,#621,.T.);
#857=ORIENTED_EDGE('',*,*,#623,.F.);
#858=ORIENTED_EDGE('',*,*,#624,.T.);
#859=ORIENTED_EDGE('',*,*,#550,.T.);
#860=ORIENTED_EDGE('',*,*,#601,.T.);
#861=ORIENTED_EDGE('',*,*,#625,.F.);
#862=ORIENTED_EDGE('',*,*,#626,.T.);
#863=ORIENTED_EDGE('',*,*,#613,.F.);
#864=ORIENTED_EDGE('',*,*,#560,.F.);
#865=ORIENTED_EDGE('',*,*,#625,.T.);
#866=ORIENTED_EDGE('',*,*,#559,.T.);
#867=ORIENTED_EDGE('',*,*,#627,.T.);
#868=ORIENTED_EDGE('',*,*,#628,.F.);
#869=ORIENTED_EDGE('',*,*,#604,.T.);
#870=ORIENTED_EDGE('',*,*,#629,.F.);
#871=ORIENTED_EDGE('',*,*,#554,.T.);
#872=ORIENTED_EDGE('',*,*,#618,.F.);
#873=ORIENTED_EDGE('',*,*,#630,.F.);
#874=ORIENTED_EDGE('',*,*,#619,.T.);
#875=ORIENTED_EDGE('',*,*,#555,.T.);
#876=ORIENTED_EDGE('',*,*,#629,.T.);
#877=ORIENTED_EDGE('',*,*,#631,.F.);
#878=ORIENTED_EDGE('',*,*,#607,.T.);
#879=ORIENTED_EDGE('',*,*,#624,.F.);
#880=ORIENTED_EDGE('',*,*,#632,.T.);
#881=ORIENTED_EDGE('',*,*,#611,.F.);
#882=ORIENTED_EDGE('',*,*,#551,.F.);
#883=ORIENTED_EDGE('',*,*,#627,.F.);
#884=ORIENTED_EDGE('',*,*,#558,.T.);
#885=ORIENTED_EDGE('',*,*,#615,.F.);
#886=ORIENTED_EDGE('',*,*,#633,.F.);
#887=ORIENTED_EDGE('',*,*,#491,.T.);
#888=ORIENTED_EDGE('',*,*,#634,.F.);
#889=ORIENTED_EDGE('',*,*,#513,.T.);
#890=ORIENTED_EDGE('',*,*,#508,.T.);
#891=ORIENTED_EDGE('',*,*,#505,.T.);
#892=ORIENTED_EDGE('',*,*,#502,.T.);
#893=ORIENTED_EDGE('',*,*,#497,.T.);
#894=ORIENTED_EDGE('',*,*,#635,.T.);
#895=ORIENTED_EDGE('',*,*,#519,.T.);
#896=ORIENTED_EDGE('',*,*,#528,.T.);
#897=ORIENTED_EDGE('',*,*,#525,.T.);
#898=ORIENTED_EDGE('',*,*,#522,.T.);
#899=ORIENTED_EDGE('',*,*,#490,.T.);
#900=ORIENTED_EDGE('',*,*,#530,.F.);
#901=ORIENTED_EDGE('',*,*,#514,.T.);
#902=ORIENTED_EDGE('',*,*,#634,.T.);
#903=ORIENTED_EDGE('',*,*,#520,.T.);
#904=ORIENTED_EDGE('',*,*,#635,.F.);
#905=ORIENTED_EDGE('',*,*,#496,.T.);
#906=ORIENTED_EDGE('',*,*,#562,.F.);
#907=ORIENTED_EDGE('',*,*,#581,.F.);
#908=ORIENTED_EDGE('',*,*,#586,.F.);
#909=ORIENTED_EDGE('',*,*,#564,.F.);
#910=ORIENTED_EDGE('',*,*,#585,.F.);
#911=ORIENTED_EDGE('',*,*,#571,.F.);
#912=ORIENTED_EDGE('',*,*,#584,.F.);
#913=ORIENTED_EDGE('',*,*,#590,.T.);
#914=ORIENTED_EDGE('',*,*,#591,.T.);
#915=ORIENTED_EDGE('',*,*,#595,.T.);
#916=ORIENTED_EDGE('',*,*,#599,.T.);
#917=ORIENTED_EDGE('',*,*,#600,.T.);
#918=ORIENTED_EDGE('',*,*,#620,.F.);
#919=ORIENTED_EDGE('',*,*,#631,.T.);
#920=ORIENTED_EDGE('',*,*,#630,.T.);
#921=ORIENTED_EDGE('',*,*,#617,.T.);
#922=ORIENTED_EDGE('',*,*,#626,.F.);
#923=ORIENTED_EDGE('',*,*,#628,.T.);
#924=ORIENTED_EDGE('',*,*,#633,.T.);
#925=ORIENTED_EDGE('',*,*,#614,.T.);
#926=ORIENTED_EDGE('',*,*,#612,.T.);
#927=ORIENTED_EDGE('',*,*,#632,.F.);
#928=ORIENTED_EDGE('',*,*,#623,.T.);
#929=ORIENTED_EDGE('',*,*,#622,.T.);
#930=PLANE('',#1020);
#931=PLANE('',#1022);
#932=PLANE('',#1023);
#933=PLANE('',#1024);
#934=PLANE('',#1025);
#935=PLANE('',#1026);
#936=PLANE('',#1028);
#937=PLANE('',#1029);
#938=PLANE('',#1030);
#939=PLANE('',#1031);
#940=PLANE('',#1037);
#941=PLANE('',#1050);
#942=PLANE('',#1071);
#943=PLANE('',#1073);
#944=PLANE('',#1075);
#945=PLANE('',#1089);
#946=PLANE('',#1093);
#947=PLANE('',#1097);
#948=PLANE('',#1098);
#949=PLANE('',#1102);
#950=PLANE('',#1106);
#951=PLANE('',#1114);
#952=PLANE('',#1119);
#953=PLANE('',#1124);
#954=PLANE('',#1128);
#955=ADVANCED_FACE('',(#79),#930,.F.);
#956=ADVANCED_FACE('',(#80),#931,.F.);
#957=ADVANCED_FACE('',(#81),#932,.F.);
#958=ADVANCED_FACE('',(#82),#933,.F.);
#959=ADVANCED_FACE('',(#83),#934,.F.);
#960=ADVANCED_FACE('',(#84),#935,.F.);
#961=ADVANCED_FACE('',(#85),#936,.F.);
#962=ADVANCED_FACE('',(#86),#937,.F.);
#963=ADVANCED_FACE('',(#87),#938,.F.);
#964=ADVANCED_FACE('',(#88),#939,.F.);
#965=ADVANCED_FACE('',(#89),#78,.F.);
#966=ADVANCED_FACE('',(#90),#59,.T.);
#967=ADVANCED_FACE('',(#91),#940,.T.);
#968=ADVANCED_FACE('',(#92,#21,#22,#23,#24,#25,#26),#60,.T.);
#969=ADVANCED_FACE('',(#93),#941,.T.);
#970=ADVANCED_FACE('',(#94),#15,.F.);
#971=ADVANCED_FACE('',(#95),#61,.F.);
#972=ADVANCED_FACE('',(#96),#16,.F.);
#973=ADVANCED_FACE('',(#97),#62,.F.);
#974=ADVANCED_FACE('',(#98),#17,.F.);
#975=ADVANCED_FACE('',(#99),#63,.F.);
#976=ADVANCED_FACE('',(#100),#942,.T.);
#977=ADVANCED_FACE('',(#101),#943,.T.);
#978=ADVANCED_FACE('',(#102),#944,.T.);
#979=ADVANCED_FACE('',(#103),#18,.F.);
#980=ADVANCED_FACE('',(#104),#64,.F.);
#981=ADVANCED_FACE('',(#105),#19,.F.);
#982=ADVANCED_FACE('',(#106),#65,.F.);
#983=ADVANCED_FACE('',(#107),#20,.F.);
#984=ADVANCED_FACE('',(#108),#66,.F.);
#985=ADVANCED_FACE('',(#109),#67,.F.);
#986=ADVANCED_FACE('',(#110),#945,.F.);
#987=ADVANCED_FACE('',(#111),#68,.F.);
#988=ADVANCED_FACE('',(#112),#946,.F.);
#989=ADVANCED_FACE('',(#113),#69,.F.);
#990=ADVANCED_FACE('',(#114),#947,.F.);
#991=ADVANCED_FACE('',(#115,#27),#948,.F.);
#992=ADVANCED_FACE('',(#116,#28),#949,.F.);
#993=ADVANCED_FACE('',(#117,#29),#950,.F.);
#994=ADVANCED_FACE('',(#118),#70,.F.);
#995=ADVANCED_FACE('',(#119),#71,.F.);
#996=ADVANCED_FACE('',(#120,#30),#951,.T.);
#997=ADVANCED_FACE('',(#121),#72,.F.);
#998=ADVANCED_FACE('',(#122,#31),#952,.T.);
#999=ADVANCED_FACE('',(#123),#73,.F.);
#1000=ADVANCED_FACE('',(#124,#32),#953,.T.);
#1001=ADVANCED_FACE('',(#125),#74,.F.);
#1002=ADVANCED_FACE('',(#126),#75,.F.);
#1003=ADVANCED_FACE('',(#127),#954,.T.);
#1004=ADVANCED_FACE('',(#128),#76,.T.);
#1005=ADVANCED_FACE('',(#129,#33,#34,#35,#36,#37,#38),#77,.F.);
#1006=CLOSED_SHELL('',(#955,#956,#957,#958,#959,#960,#961,#962,#963,#964,
#965,#966,#967,#968,#969,#970,#971,#972,#973,#974,#975,#976,#977,#978,#979,
#980,#981,#982,#983,#984,#985,#986,#987,#988,#989,#990,#991,#992,#993,#994,
#995,#996,#997,#998,#999,#1000,#1001,#1002,#1003,#1004,#1005));
#1007=DERIVED_UNIT_ELEMENT(#1009,1.);
#1008=DERIVED_UNIT_ELEMENT(#2019,-3.);
#1009=(
MASS_UNIT()
NAMED_UNIT(*)
SI_UNIT(.KILO.,.GRAM.)
);
#1010=DERIVED_UNIT((#1007,#1008));
#1011=MEASURE_REPRESENTATION_ITEM('density measure',
POSITIVE_RATIO_MEASURE(7850.),#1010);
#1012=PROPERTY_DEFINITION_REPRESENTATION(#1017,#1014);
#1013=PROPERTY_DEFINITION_REPRESENTATION(#1018,#1015);
#1014=REPRESENTATION('material name',(#1016),#2016);
#1015=REPRESENTATION('density',(#1011),#2016);
#1016=DESCRIPTIVE_REPRESENTATION_ITEM('Steel','Steel');
#1017=PROPERTY_DEFINITION('material property','material name',#2026);
#1018=PROPERTY_DEFINITION('material property','density of part',#2026);
#1019=AXIS2_PLACEMENT_3D('',#1426,#1133,#1134);
#1020=AXIS2_PLACEMENT_3D('',#1427,#1135,#1136);
#1021=AXIS2_PLACEMENT_3D('',#1430,#1137,#1138);
#1022=AXIS2_PLACEMENT_3D('',#1440,#1144,#1145);
#1023=AXIS2_PLACEMENT_3D('',#1453,#1152,#1153);
#1024=AXIS2_PLACEMENT_3D('',#1459,#1157,#1158);
#1025=AXIS2_PLACEMENT_3D('',#1465,#1162,#1163);
#1026=AXIS2_PLACEMENT_3D('',#1471,#1167,#1168);
#1027=AXIS2_PLACEMENT_3D('',#1474,#1169,#1170);
#1028=AXIS2_PLACEMENT_3D('',#1481,#1175,#1176);
#1029=AXIS2_PLACEMENT_3D('',#1494,#1183,#1184);
#1030=AXIS2_PLACEMENT_3D('',#1500,#1188,#1189);
#1031=AXIS2_PLACEMENT_3D('',#1506,#1193,#1194);
#1032=AXIS2_PLACEMENT_3D('',#1509,#1197,#1198);
#1033=AXIS2_PLACEMENT_3D('',#1510,#1199,#1200);
#1034=AXIS2_PLACEMENT_3D('',#1511,#1201,#1202);
#1035=AXIS2_PLACEMENT_3D('',#1512,#1203,#1204);
#1036=AXIS2_PLACEMENT_3D('',#1513,#1205,#1206);
#1037=AXIS2_PLACEMENT_3D('',#1514,#1207,#1208);
#1038=AXIS2_PLACEMENT_3D('',#1515,#1209,#1210);
#1039=AXIS2_PLACEMENT_3D('',#1516,#1211,#1212);
#1040=AXIS2_PLACEMENT_3D('',#1518,#1213,#1214);
#1041=AXIS2_PLACEMENT_3D('',#1540,#1215,#1216);
#1042=AXIS2_PLACEMENT_3D('',#1562,#1217,#1218);
#1043=AXIS2_PLACEMENT_3D('',#1578,#1219,#1220);
#1044=AXIS2_PLACEMENT_3D('',#1703,#1222,#1223);
#1045=AXIS2_PLACEMENT_3D('',#1706,#1225,#1226);
#1046=AXIS2_PLACEMENT_3D('',#1709,#1227,#1228);
#1047=AXIS2_PLACEMENT_3D('',#1713,#1230,#1231);
#1048=AXIS2_PLACEMENT_3D('',#1717,#1233,#1234);
#1049=AXIS2_PLACEMENT_3D('',#1721,#1236,#1237);
#1050=AXIS2_PLACEMENT_3D('',#1723,#1239,#1240);
#1051=AXIS2_PLACEMENT_3D('',#1725,#1241,#1242);
#1052=AXIS2_PLACEMENT_3D('',#1726,#1243,#1244);
#1053=AXIS2_PLACEMENT_3D('',#1727,#1245,#1246);
#1054=AXIS2_PLACEMENT_3D('',#1729,#1247,#1248);
#1055=AXIS2_PLACEMENT_3D('',#1745,#1249,#1250);
#1056=AXIS2_PLACEMENT_3D('',#1748,#1252,#1253);
#1057=AXIS2_PLACEMENT_3D('',#1749,#1254,#1255);
#1058=AXIS2_PLACEMENT_3D('',#1752,#1257,#1258);
#1059=AXIS2_PLACEMENT_3D('',#1753,#1259,#1260);
#1060=AXIS2_PLACEMENT_3D('',#1755,#1261,#1262);
#1061=AXIS2_PLACEMENT_3D('',#1771,#1263,#1264);
#1062=AXIS2_PLACEMENT_3D('',#1774,#1266,#1267);
#1063=AXIS2_PLACEMENT_3D('',#1775,#1268,#1269);
#1064=AXIS2_PLACEMENT_3D('',#1778,#1271,#1272);
#1065=AXIS2_PLACEMENT_3D('',#1779,#1273,#1274);
#1066=AXIS2_PLACEMENT_3D('',#1781,#1275,#1276);
#1067=AXIS2_PLACEMENT_3D('',#1784,#1278,#1279);
#1068=AXIS2_PLACEMENT_3D('',#1786,#1280,#1281);
#1069=AXIS2_PLACEMENT_3D('',#1801,#1282,#1283);
#1070=AXIS2_PLACEMENT_3D('',#1804,#1285,#1286);
#1071=AXIS2_PLACEMENT_3D('',#1805,#1287,#1288);
#1072=AXIS2_PLACEMENT_3D('',#1806,#1289,#1290);
#1073=AXIS2_PLACEMENT_3D('',#1807,#1291,#1292);
#1074=AXIS2_PLACEMENT_3D('',#1808,#1293,#1294);
#1075=AXIS2_PLACEMENT_3D('',#1809,#1295,#1296);
#1076=AXIS2_PLACEMENT_3D('',#1810,#1297,#1298);
#1077=AXIS2_PLACEMENT_3D('',#1811,#1299,#1300);
#1078=AXIS2_PLACEMENT_3D('',#1814,#1302,#1303);
#1079=AXIS2_PLACEMENT_3D('',#1815,#1304,#1305);
#1080=AXIS2_PLACEMENT_3D('',#1855,#1307,#1308);
#1081=AXIS2_PLACEMENT_3D('',#1858,#1310,#1311);
#1082=AXIS2_PLACEMENT_3D('',#1859,#1312,#1313);
#1083=AXIS2_PLACEMENT_3D('',#1896,#1315,#1316);
#1084=AXIS2_PLACEMENT_3D('',#1899,#1318,#1319);
#1085=AXIS2_PLACEMENT_3D('',#1900,#1320,#1321);
#1086=AXIS2_PLACEMENT_3D('',#1940,#1323,#1324);
#1087=AXIS2_PLACEMENT_3D('',#1942,#1325,#1326);
#1088=AXIS2_PLACEMENT_3D('',#1945,#1328,#1329);
#1089=AXIS2_PLACEMENT_3D('',#1946,#1330,#1331);
#1090=AXIS2_PLACEMENT_3D('',#1947,#1332,#1333);
#1091=AXIS2_PLACEMENT_3D('',#1949,#1334,#1335);
#1092=AXIS2_PLACEMENT_3D('',#1952,#1337,#1338);
#1093=AXIS2_PLACEMENT_3D('',#1953,#1339,#1340);
#1094=AXIS2_PLACEMENT_3D('',#1954,#1341,#1342);
#1095=AXIS2_PLACEMENT_3D('',#1956,#1343,#1344);
#1096=AXIS2_PLACEMENT_3D('',#1959,#1346,#1347);
#1097=AXIS2_PLACEMENT_3D('',#1960,#1348,#1349);
#1098=AXIS2_PLACEMENT_3D('',#1961,#1350,#1351);
#1099=AXIS2_PLACEMENT_3D('',#1963,#1352,#1353);
#1100=AXIS2_PLACEMENT_3D('',#1965,#1354,#1355);
#1101=AXIS2_PLACEMENT_3D('',#1966,#1356,#1357);
#1102=AXIS2_PLACEMENT_3D('',#1967,#1358,#1359);
#1103=AXIS2_PLACEMENT_3D('',#1969,#1360,#1361);
#1104=AXIS2_PLACEMENT_3D('',#1971,#1362,#1363);
#1105=AXIS2_PLACEMENT_3D('',#1972,#1364,#1365);
#1106=AXIS2_PLACEMENT_3D('',#1973,#1366,#1367);
#1107=AXIS2_PLACEMENT_3D('',#1975,#1368,#1369);
#1108=AXIS2_PLACEMENT_3D('',#1977,#1370,#1371);
#1109=AXIS2_PLACEMENT_3D('',#1978,#1372,#1373);
#1110=AXIS2_PLACEMENT_3D('',#1979,#1374,#1375);
#1111=AXIS2_PLACEMENT_3D('',#1981,#1376,#1377);
#1112=AXIS2_PLACEMENT_3D('',#1983,#1379,#1380);
#1113=AXIS2_PLACEMENT_3D('',#1985,#1381,#1382);
#1114=AXIS2_PLACEMENT_3D('',#1987,#1384,#1385);
#1115=AXIS2_PLACEMENT_3D('',#1989,#1386,#1387);
#1116=AXIS2_PLACEMENT_3D('',#1990,#1388,#1389);
#1117=AXIS2_PLACEMENT_3D('',#1991,#1390,#1391);
#1118=AXIS2_PLACEMENT_3D('',#1993,#1392,#1393);
#1119=AXIS2_PLACEMENT_3D('',#1995,#1395,#1396);
#1120=AXIS2_PLACEMENT_3D('',#1997,#1397,#1398);
#1121=AXIS2_PLACEMENT_3D('',#1998,#1399,#1400);
#1122=AXIS2_PLACEMENT_3D('',#1999,#1401,#1402);
#1123=AXIS2_PLACEMENT_3D('',#2001,#1403,#1404);
#1124=AXIS2_PLACEMENT_3D('',#2003,#1406,#1407);
#1125=AXIS2_PLACEMENT_3D('',#2004,#1408,#1409);
#1126=AXIS2_PLACEMENT_3D('',#2005,#1410,#1411);
#1127=AXIS2_PLACEMENT_3D('',#2007,#1413,#1414);
#1128=AXIS2_PLACEMENT_3D('',#2009,#1416,#1417);
#1129=AXIS2_PLACEMENT_3D('',#2010,#1418,#1419);
#1130=AXIS2_PLACEMENT_3D('',#2011,#1420,#1421);
#1131=AXIS2_PLACEMENT_3D('',#2012,#1422,#1423);
#1132=AXIS2_PLACEMENT_3D('',#2013,#1424,#1425);
#1133=DIRECTION('axis',(0.,0.,1.));
#1134=DIRECTION('refdir',(1.,0.,0.));
#1135=DIRECTION('center_axis',(-0.965925826289068,0.258819045102521,0.));
#1136=DIRECTION('ref_axis',(-0.258819045102521,-0.965925826289068,0.));
#1137=DIRECTION('center_axis',(0.965925826289068,-0.258819045102521,0.));
#1138=DIRECTION('ref_axis',(-0.258819045102521,-0.965925826289068,0.));
#1139=DIRECTION('',(0.,0.,1.));
#1140=DIRECTION('',(-0.258819045102521,-0.965925826289068,0.));
#1141=DIRECTION('',(0.,0.,1.));
#1142=DIRECTION('',(0.258819045102521,0.965925826289068,0.));
#1143=DIRECTION('',(0.,0.,1.));
#1144=DIRECTION('center_axis',(-0.965925826289069,0.25881904510252,0.));
#1145=DIRECTION('ref_axis',(-0.25881904510252,-0.965925826289069,0.));
#1146=DIRECTION('',(0.25881904510252,0.965925826289069,0.));
#1147=DIRECTION('',(0.,0.,1.));
#1148=DIRECTION('',(-0.25881904510252,-0.965925826289069,0.));
#1149=DIRECTION('',(0.,0.,1.));
#1150=DIRECTION('',(0.25881904510252,0.965925826289069,0.));
#1151=DIRECTION('',(0.,0.,-1.));
#1152=DIRECTION('center_axis',(0.467436153464019,0.884026833549051,0.));
#1153=DIRECTION('ref_axis',(-0.884026833549051,0.467436153464019,0.));
#1154=DIRECTION('',(0.884026833549051,-0.467436153464019,0.));
#1155=DIRECTION('',(-0.884026833549051,0.467436153464019,0.));
#1156=DIRECTION('',(0.,0.,1.));
#1157=DIRECTION('center_axis',(-0.96592582628907,0.258819045102516,0.));
#1158=DIRECTION('ref_axis',(-0.258819045102516,-0.965925826289069,0.));
#1159=DIRECTION('',(0.258819045102516,0.965925826289069,0.));
#1160=DIRECTION('',(-0.258819045102516,-0.965925826289069,0.));
#1161=DIRECTION('',(0.,0.,1.));
#1162=DIRECTION('center_axis',(-0.0372018332274042,-0.999307772212605,0.));
#1163=DIRECTION('ref_axis',(0.999307772212605,-0.0372018332274042,0.));
#1164=DIRECTION('',(-0.999307772212605,0.0372018332274042,0.));
#1165=DIRECTION('',(0.999307772212605,-0.0372018332274042,0.));
#1166=DIRECTION('',(0.,0.,1.));
#1167=DIRECTION('center_axis',(-0.965925826289067,0.258819045102525,0.));
#1168=DIRECTION('ref_axis',(-0.258819045102525,-0.965925826289067,0.));
#1169=DIRECTION('center_axis',(0.965925826289067,-0.258819045102525,0.));
#1170=DIRECTION('ref_axis',(0.258819045102525,0.965925826289067,0.));
#1171=DIRECTION('',(0.,0.,-1.));
#1172=DIRECTION('',(0.258819045102525,0.965925826289067,0.));
#1173=DIRECTION('',(-0.258819045102525,-0.965925826289067,0.));
#1174=DIRECTION('',(0.,0.,-1.));
#1175=DIRECTION('center_axis',(-0.965925826289068,0.258819045102521,0.));
#1176=DIRECTION('ref_axis',(-0.258819045102521,-0.965925826289068,0.));
#1177=DIRECTION('',(0.258819045102521,0.965925826289068,0.));
#1178=DIRECTION('',(0.,0.,1.));
#1179=DIRECTION('',(0.258819045102521,0.965925826289068,0.));
#1180=DIRECTION('',(0.,0.,1.));
#1181=DIRECTION('',(-0.258819045102521,-0.965925826289068,0.));
#1182=DIRECTION('',(0.,0.,-1.));
#1183=DIRECTION('center_axis',(-0.0372018332273985,-0.999307772212606,0.));
#1184=DIRECTION('ref_axis',(0.999307772212606,-0.0372018332273985,0.));
#1185=DIRECTION('',(-0.999307772212606,0.0372018332273985,0.));
#1186=DIRECTION('',(0.999307772212606,-0.0372018332273985,0.));
#1187=DIRECTION('',(0.,0.,1.));
#1188=DIRECTION('center_axis',(-0.965925826289069,0.258819045102517,0.));
#1189=DIRECTION('ref_axis',(-0.258819045102517,-0.965925826289069,0.));
#1190=DIRECTION('',(0.258819045102517,0.965925826289069,0.));
#1191=DIRECTION('',(-0.258819045102517,-0.965925826289069,0.));
#1192=DIRECTION('',(0.,0.,1.));
#1193=DIRECTION('center_axis',(0.467436153464022,0.88402683354905,0.));
#1194=DIRECTION('ref_axis',(-0.88402683354905,0.467436153464022,0.));
#1195=DIRECTION('',(0.88402683354905,-0.467436153464022,0.));
#1196=DIRECTION('',(-0.88402683354905,0.467436153464022,0.));
#1197=DIRECTION('center_axis',(0.,0.,1.));
#1198=DIRECTION('ref_axis',(-0.965925826289068,0.258819045102522,0.));
#1199=DIRECTION('center_axis',(0.,0.,1.));
#1200=DIRECTION('ref_axis',(1.,0.,0.));
#1201=DIRECTION('center_axis',(0.,0.,1.));
#1202=DIRECTION('ref_axis',(1.,0.,0.));
#1203=DIRECTION('center_axis',(0.,0.,1.));
#1204=DIRECTION('ref_axis',(-0.965925826289068,0.25881904510252,0.));
#1205=DIRECTION('center_axis',(0.,0.,1.));
#1206=DIRECTION('ref_axis',(1.,0.,0.));
#1207=DIRECTION('center_axis',(0.,0.,1.));
#1208=DIRECTION('ref_axis',(1.,0.,0.));
#1209=DIRECTION('center_axis',(0.,0.,1.));
#1210=DIRECTION('ref_axis',(1.,0.,0.));
#1211=DIRECTION('center_axis',(0.,0.,1.));
#1212=DIRECTION('ref_axis',(-0.965925826289068,0.25881904510252,0.));
#1213=DIRECTION('center_axis',(0.,0.,1.));
#1214=DIRECTION('ref_axis',(-1.,0.,0.));
#1215=DIRECTION('center_axis',(0.,0.,1.));
#1216=DIRECTION('ref_axis',(-1.,0.,0.));
#1217=DIRECTION('center_axis',(0.,0.,1.));
#1218=DIRECTION('ref_axis',(-1.,0.,0.));
#1219=DIRECTION('center_axis',(0.,0.,1.));
#1220=DIRECTION('ref_axis',(-1.,0.,0.));
#1221=DIRECTION('',(0.,0.,1.));
#1222=DIRECTION('center_axis',(0.,0.,1.));
#1223=DIRECTION('ref_axis',(1.,0.,0.));
#1224=DIRECTION('',(0.,0.,1.));
#1225=DIRECTION('center_axis',(0.,0.,1.));
#1226=DIRECTION('ref_axis',(-1.,0.,0.));
#1227=DIRECTION('center_axis',(0.,0.,1.));
#1228=DIRECTION('ref_axis',(-1.,0.,0.));
#1229=DIRECTION('',(0.,0.,1.));
#1230=DIRECTION('center_axis',(0.,0.,1.));
#1231=DIRECTION('ref_axis',(1.,0.,0.));
#1232=DIRECTION('',(0.,0.,1.));
#1233=DIRECTION('center_axis',(0.,0.,1.));
#1234=DIRECTION('ref_axis',(-1.,0.,0.));
#1235=DIRECTION('',(0.,0.,1.));
#1236=DIRECTION('center_axis',(0.,0.,1.));
#1237=DIRECTION('ref_axis',(1.,0.,0.));
#1238=DIRECTION('',(0.,0.,1.));
#1239=DIRECTION('center_axis',(0.,0.,1.));
#1240=DIRECTION('ref_axis',(-1.,0.,0.));
#1241=DIRECTION('center_axis',(0.,0.,-1.));
#1242=DIRECTION('ref_axis',(1.,0.,0.));
#1243=DIRECTION('center_axis',(0.,0.,-1.));
#1244=DIRECTION('ref_axis',(-1.,0.,0.));
#1245=DIRECTION('center_axis',(0.,0.,1.));
#1246=DIRECTION('ref_axis',(1.,0.,0.));
#1247=DIRECTION('center_axis',(0.,0.,-1.));
#1248=DIRECTION('ref_axis',(1.,0.,0.));
#1249=DIRECTION('center_axis',(0.,0.,-1.));
#1250=DIRECTION('ref_axis',(1.,0.,0.));
#1251=DIRECTION('',(0.707106781186548,-8.65956056235493E-17,-0.707106781186548));
#1252=DIRECTION('center_axis',(0.,0.,-1.));
#1253=DIRECTION('ref_axis',(1.,0.,0.));
#1254=DIRECTION('center_axis',(0.,0.,-1.));
#1255=DIRECTION('ref_axis',(1.,0.,0.));
#1256=DIRECTION('',(0.,0.,-1.));
#1257=DIRECTION('center_axis',(0.,0.,1.));
#1258=DIRECTION('ref_axis',(1.,0.,0.));
#1259=DIRECTION('center_axis',(0.,0.,1.));
#1260=DIRECTION('ref_axis',(1.,0.,0.));
#1261=DIRECTION('center_axis',(0.,0.,-1.));
#1262=DIRECTION('ref_axis',(1.,0.,0.));
#1263=DIRECTION('center_axis',(0.,0.,-1.));
#1264=DIRECTION('ref_axis',(1.,0.,0.));
#1265=DIRECTION('',(0.707106781186548,-8.65956056235493E-17,-0.707106781186548));
#1266=DIRECTION('center_axis',(0.,0.,-1.));
#1267=DIRECTION('ref_axis',(1.,0.,0.));
#1268=DIRECTION('center_axis',(0.,0.,-1.));
#1269=DIRECTION('ref_axis',(1.,0.,0.));
#1270=DIRECTION('',(0.,0.,-1.));
#1271=DIRECTION('center_axis',(0.,0.,1.));
#1272=DIRECTION('ref_axis',(1.,0.,0.));
#1273=DIRECTION('center_axis',(0.,0.,1.));
#1274=DIRECTION('ref_axis',(1.,0.,0.));
#1275=DIRECTION('center_axis',(0.,0.,-1.));
#1276=DIRECTION('ref_axis',(1.,0.,0.));
#1277=DIRECTION('',(0.707106781186548,-8.65956056235493E-17,-0.707106781186548));
#1278=DIRECTION('center_axis',(0.,0.,-1.));
#1279=DIRECTION('ref_axis',(1.,0.,0.));
#1280=DIRECTION('center_axis',(0.,0.,-1.));
#1281=DIRECTION('ref_axis',(1.,0.,0.));
#1282=DIRECTION('center_axis',(0.,0.,-1.));
#1283=DIRECTION('ref_axis',(1.,0.,0.));
#1284=DIRECTION('',(0.,0.,-1.));
#1285=DIRECTION('center_axis',(0.,0.,1.));
#1286=DIRECTION('ref_axis',(1.,0.,0.));
#1287=DIRECTION('center_axis',(0.,0.,1.));
#1288=DIRECTION('ref_axis',(-1.,0.,0.));
#1289=DIRECTION('center_axis',(0.,0.,-1.));
#1290=DIRECTION('ref_axis',(-1.,0.,0.));
#1291=DIRECTION('center_axis',(0.,0.,1.));
#1292=DIRECTION('ref_axis',(-1.,0.,0.));
#1293=DIRECTION('center_axis',(0.,0.,-1.));
#1294=DIRECTION('ref_axis',(-1.,0.,0.));
#1295=DIRECTION('center_axis',(0.,0.,1.));
#1296=DIRECTION('ref_axis',(-1.,0.,0.));
#1297=DIRECTION('center_axis',(0.,0.,-1.));
#1298=DIRECTION('ref_axis',(-1.,0.,0.));
#1299=DIRECTION('center_axis',(-0.5,0.866025403784439,0.));
#1300=DIRECTION('ref_axis',(0.,0.,1.));
#1301=DIRECTION('',(0.353553390593274,-0.612372435695795,0.707106781186547));
#1302=DIRECTION('center_axis',(0.5,-0.866025403784439,0.));
#1303=DIRECTION('ref_axis',(0.,0.,1.));
#1304=DIRECTION('center_axis',(0.5,-0.866025403784439,0.));
#1305=DIRECTION('ref_axis',(0.,0.,1.));
#1306=DIRECTION('',(0.5,-0.866025403784439,0.));
#1307=DIRECTION('center_axis',(-1.,-1.22464679914735E-16,0.));
#1308=DIRECTION('ref_axis',(1.22464679914735E-16,-1.,0.));
#1309=DIRECTION('',(0.707106781186548,-0.707106781186547,-8.65956056235493E-17));
#1310=DIRECTION('center_axis',(1.,1.22464679914735E-16,0.));
#1311=DIRECTION('ref_axis',(1.22464679914735E-16,-1.,0.));
#1312=DIRECTION('center_axis',(1.,1.22464679914735E-16,0.));
#1313=DIRECTION('ref_axis',(1.22464679914735E-16,-1.,0.));
#1314=DIRECTION('',(1.,1.22464679914735E-16,0.));
#1315=DIRECTION('center_axis',(-0.5,-0.866025403784439,0.));
#1316=DIRECTION('ref_axis',(0.,0.,-1.));
#1317=DIRECTION('',(0.353553390593274,0.612372435695794,-0.707106781186547));
#1318=DIRECTION('center_axis',(0.5,0.866025403784439,0.));
#1319=DIRECTION('ref_axis',(0.,0.,-1.));
#1320=DIRECTION('center_axis',(0.5,0.866025403784439,0.));
#1321=DIRECTION('ref_axis',(0.,0.,-1.));
#1322=DIRECTION('',(0.5,0.866025403784439,0.));
#1323=DIRECTION('center_axis',(0.,0.,-1.));
#1324=DIRECTION('ref_axis',(1.,0.,0.));
#1325=DIRECTION('center_axis',(0.,0.,-1.));
#1326=DIRECTION('ref_axis',(1.,0.,0.));
#1327=DIRECTION('',(0.,0.,-1.));
#1328=DIRECTION('center_axis',(0.,0.,-1.));
#1329=DIRECTION('ref_axis',(1.,0.,0.));
#1330=DIRECTION('center_axis',(0.,0.,-1.));
#1331=DIRECTION('ref_axis',(1.,0.,0.));
#1332=DIRECTION('center_axis',(0.,0.,-1.));
#1333=DIRECTION('ref_axis',(1.,0.,0.));
#1334=DIRECTION('center_axis',(0.,0.,-1.));
#1335=DIRECTION('ref_axis',(1.,0.,0.));
#1336=DIRECTION('',(0.,0.,-1.));
#1337=DIRECTION('center_axis',(0.,0.,-1.));
#1338=DIRECTION('ref_axis',(1.,0.,0.));
#1339=DIRECTION('center_axis',(0.,0.,-1.));
#1340=DIRECTION('ref_axis',(1.,0.,0.));
#1341=DIRECTION('center_axis',(0.,0.,-1.));
#1342=DIRECTION('ref_axis',(1.,0.,0.));
#1343=DIRECTION('center_axis',(0.,0.,-1.));
#1344=DIRECTION('ref_axis',(1.,0.,0.));
#1345=DIRECTION('',(0.,0.,-1.));
#1346=DIRECTION('center_axis',(0.,0.,-1.));
#1347=DIRECTION('ref_axis',(1.,0.,0.));
#1348=DIRECTION('center_axis',(0.,0.,-1.));
#1349=DIRECTION('ref_axis',(1.,0.,0.));
#1350=DIRECTION('center_axis',(0.,0.,1.));
#1351=DIRECTION('ref_axis',(-1.,0.,0.));
#1352=DIRECTION('center_axis',(0.,0.,-1.));
#1353=DIRECTION('ref_axis',(-1.,0.,0.));
#1354=DIRECTION('center_axis',(0.,0.,-1.));
#1355=DIRECTION('ref_axis',(-1.,0.,0.));
#1356=DIRECTION('center_axis',(0.,0.,-1.));
#1357=DIRECTION('ref_axis',(-1.,0.,0.));
#1358=DIRECTION('center_axis',(0.,0.,1.));
#1359=DIRECTION('ref_axis',(-1.,0.,0.));
#1360=DIRECTION('center_axis',(0.,0.,-1.));
#1361=DIRECTION('ref_axis',(-1.,0.,0.));
#1362=DIRECTION('center_axis',(0.,0.,-1.));
#1363=DIRECTION('ref_axis',(-1.,0.,0.));
#1364=DIRECTION('center_axis',(0.,0.,-1.));
#1365=DIRECTION('ref_axis',(-1.,0.,0.));
#1366=DIRECTION('center_axis',(0.,0.,1.));
#1367=DIRECTION('ref_axis',(-1.,0.,0.));
#1368=DIRECTION('center_axis',(0.,0.,-1.));
#1369=DIRECTION('ref_axis',(-1.,0.,0.));
#1370=DIRECTION('center_axis',(0.,0.,-1.));
#1371=DIRECTION('ref_axis',(-1.,0.,0.));
#1372=DIRECTION('center_axis',(0.,0.,-1.));
#1373=DIRECTION('ref_axis',(-1.,0.,0.));
#1374=DIRECTION('center_axis',(0.,0.,1.));
#1375=DIRECTION('ref_axis',(-1.,0.,0.));
#1376=DIRECTION('center_axis',(0.,0.,1.));
#1377=DIRECTION('ref_axis',(-1.,0.,0.));
#1378=DIRECTION('',(0.,0.,1.));
#1379=DIRECTION('center_axis',(0.,0.,1.));
#1380=DIRECTION('ref_axis',(-1.,0.,0.));
#1381=DIRECTION('center_axis',(0.,0.,1.));
#1382=DIRECTION('ref_axis',(-1.,0.,0.));
#1383=DIRECTION('',(0.,0.,1.));
#1384=DIRECTION('center_axis',(0.,0.,1.));
#1385=DIRECTION('ref_axis',(1.,0.,0.));
#1386=DIRECTION('center_axis',(0.,0.,1.));
#1387=DIRECTION('ref_axis',(1.,0.,0.));
#1388=DIRECTION('center_axis',(0.,0.,1.));
#1389=DIRECTION('ref_axis',(-1.,0.,0.));
#1390=DIRECTION('center_axis',(0.,0.,1.));
#1391=DIRECTION('ref_axis',(0.999846726488616,-0.0175078133985728,0.));
#1392=DIRECTION('center_axis',(0.,0.,1.));
#1393=DIRECTION('ref_axis',(-1.,0.,0.));
#1394=DIRECTION('',(0.,0.,1.));
#1395=DIRECTION('center_axis',(0.,0.,1.));
#1396=DIRECTION('ref_axis',(1.,0.,0.));
#1397=DIRECTION('center_axis',(0.,0.,1.));
#1398=DIRECTION('ref_axis',(-1.,0.,0.));
#1399=DIRECTION('center_axis',(0.,0.,1.));
#1400=DIRECTION('ref_axis',(1.,0.,0.));
#1401=DIRECTION('center_axis',(0.,0.,1.));
#1402=DIRECTION('ref_axis',(-1.,0.,0.));
#1403=DIRECTION('center_axis',(0.,0.,1.));
#1404=DIRECTION('ref_axis',(-1.,0.,0.));
#1405=DIRECTION('',(0.,0.,1.));
#1406=DIRECTION('center_axis',(0.,0.,1.));
#1407=DIRECTION('ref_axis',(1.,0.,0.));
#1408=DIRECTION('center_axis',(0.,0.,1.));
#1409=DIRECTION('ref_axis',(1.,0.,0.));
#1410=DIRECTION('center_axis',(0.,0.,1.));
#1411=DIRECTION('ref_axis',(-1.,0.,0.));
#1412=DIRECTION('',(0.,0.,1.));
#1413=DIRECTION('center_axis',(0.,0.,1.));
#1414=DIRECTION('ref_axis',(-1.,0.,0.));
#1415=DIRECTION('',(0.,0.,1.));
#1416=DIRECTION('center_axis',(0.,0.,-1.));
#1417=DIRECTION('ref_axis',(-1.,0.,0.));
#1418=DIRECTION('center_axis',(0.,0.,1.));
#1419=DIRECTION('ref_axis',(1.,0.,0.));
#1420=DIRECTION('center_axis',(0.,0.,1.));
#1421=DIRECTION('ref_axis',(1.,0.,0.));
#1422=DIRECTION('center_axis',(0.,0.,1.));
#1423=DIRECTION('ref_axis',(-0.965925826289068,0.25881904510252,0.));
#1424=DIRECTION('center_axis',(0.,0.,1.));
#1425=DIRECTION('ref_axis',(-0.965925826289068,0.25881904510252,0.));
#1426=CARTESIAN_POINT('',(0.,0.,0.));
#1427=CARTESIAN_POINT('Origin',(-28.895453673136,-107.839301215896,0.));
#1428=CARTESIAN_POINT('',(-29.6114869501794,-110.511573785732,0.336499999999993));
#1429=CARTESIAN_POINT('',(-29.6114869501794,-110.511573785732,3.83650000000001));
#1430=CARTESIAN_POINT('Origin',(-29.6114869501794,-110.511573785732,2.0865));
#1431=CARTESIAN_POINT('',(-29.6114869501794,-110.511573785732,0.));
#1432=CARTESIAN_POINT('',(-29.6114869501794,-110.511573785732,0.168249999999996));
#1433=CARTESIAN_POINT('',(-28.895453673136,-107.839301215896,0.));
#1434=CARTESIAN_POINT('',(-10.6157184483124,-39.6184006079481,-4.81482486096809E-31));
#1435=CARTESIAN_POINT('',(-28.895453673136,-107.839301215896,4.173));
#1436=CARTESIAN_POINT('',(-28.895453673136,-107.839301215896,0.));
#1437=CARTESIAN_POINT('',(-29.6114869501794,-110.511573785732,4.173));
#1438=CARTESIAN_POINT('',(-10.8076872978648,-40.3348381079481,4.173));
#1439=CARTESIAN_POINT('',(-29.6114869501794,-110.511573785732,4.00475));
#1440=CARTESIAN_POINT('Origin',(28.4300927119588,106.102550464924,0.));
#1441=CARTESIAN_POINT('',(26.814558939279,100.073296343939,14.173));
#1442=CARTESIAN_POINT('',(28.1280655931743,104.975369912357,14.173));
#1443=CARTESIAN_POINT('',(14.2150463559795,53.051275232462,14.173));
#1444=CARTESIAN_POINT('',(26.814558939279,100.073296343939,0.));
#1445=CARTESIAN_POINT('',(26.814558939279,100.073296343939,4.3365));
#1446=CARTESIAN_POINT('',(28.4300927119589,106.102550464924,0.));
#1447=CARTESIAN_POINT('',(18.047054744235,67.352525232462,-4.81482486096809E-31));
#1448=CARTESIAN_POINT('',(28.4300927119589,106.102550464924,4.173));
#1449=CARTESIAN_POINT('',(28.4300927119589,106.102550464924,0.));
#1450=CARTESIAN_POINT('',(28.1280655931743,104.975369912357,4.173));
#1451=CARTESIAN_POINT('',(17.8550858946827,66.636087732462,4.173));
#1452=CARTESIAN_POINT('',(28.1280655931743,104.975369912357,6.423));
#1453=CARTESIAN_POINT('Origin',(31.2862249076312,104.592348063069,0.));
#1454=CARTESIAN_POINT('',(31.2862249076312,104.592348063069,4.173));
#1455=CARTESIAN_POINT('',(83.1375337865791,77.1755599581805,4.173));
#1456=CARTESIAN_POINT('',(31.2862249076312,104.592348063069,0.));
#1457=CARTESIAN_POINT('',(85.3771272767365,75.9913572545596,-4.81482486096809E-31));
#1458=CARTESIAN_POINT('',(31.2862249076312,104.592348063069,0.));
#1459=CARTESIAN_POINT('Origin',(32.0626820429387,107.490125541937,0.));
#1460=CARTESIAN_POINT('',(32.0626820429387,107.490125541937,4.173));
#1461=CARTESIAN_POINT('',(21.1925596688273,66.9222765572609,4.173));
#1462=CARTESIAN_POINT('',(32.0626820429387,107.490125541937,0.));
#1463=CARTESIAN_POINT('',(21.3845285183797,67.6387140572609,-4.81482486096809E-31));
#1464=CARTESIAN_POINT('',(32.0626820429387,107.490125541937,0.));
#1465=CARTESIAN_POINT('Origin',(28.8340978039925,107.61031799491,0.));
#1466=CARTESIAN_POINT('',(28.8340978039925,107.61031799491,4.173));
#1467=CARTESIAN_POINT('',(70.7013124716857,106.051701939804,4.173));
#1468=CARTESIAN_POINT('',(28.8340978039925,107.61031799491,0.));
#1469=CARTESIAN_POINT('',(73.5630963413304,105.945164585435,-4.81482486096809E-31));
#1470=CARTESIAN_POINT('',(28.8340978039925,107.61031799491,0.));
#1471=CARTESIAN_POINT('Origin',(29.6114869501794,110.511573785732,0.));
#1472=CARTESIAN_POINT('',(29.6114869501794,110.511573785732,3.83650000000001));
#1473=CARTESIAN_POINT('',(29.6114869501794,110.511573785732,0.336499999999993));
#1474=CARTESIAN_POINT('Origin',(29.6114869501799,110.511573785732,2.0865));
#1475=CARTESIAN_POINT('',(29.6114869501794,110.511573785732,4.173));
#1476=CARTESIAN_POINT('',(29.6114869501794,110.511573785732,4.00475));
#1477=CARTESIAN_POINT('',(18.4457830137928,68.8405993928664,4.173));
#1478=CARTESIAN_POINT('',(29.6114869501794,110.511573785732,0.));
#1479=CARTESIAN_POINT('',(18.6377518633452,69.5570368928664,-4.81482486096809E-31));
#1480=CARTESIAN_POINT('',(29.6114869501794,110.511573785732,0.168249999999996));
#1481=CARTESIAN_POINT('Origin',(-26.814558939279,-100.073296343939,0.));
#1482=CARTESIAN_POINT('',(-28.1280655931743,-104.975369912357,14.173));
#1483=CARTESIAN_POINT('',(-26.814558939279,-100.073296343939,14.173));
#1484=CARTESIAN_POINT('',(-13.4072794696395,-50.0366481719697,14.173));
#1485=CARTESIAN_POINT('',(-28.1280655931743,-104.975369912357,4.173));
#1486=CARTESIAN_POINT('',(-28.1280655931743,-104.975369912357,6.423));
#1487=CARTESIAN_POINT('',(-28.367989317129,-105.870777440097,4.173));
#1488=CARTESIAN_POINT('',(-9.76723993093628,-36.4518356719697,4.173));
#1489=CARTESIAN_POINT('',(-28.367989317129,-105.870777440097,0.));
#1490=CARTESIAN_POINT('',(-28.367989317129,-105.870777440097,0.));
#1491=CARTESIAN_POINT('',(-26.814558939279,-100.073296343939,0.));
#1492=CARTESIAN_POINT('',(-9.5752710813839,-35.7353981719697,-4.81482486096809E-31));
#1493=CARTESIAN_POINT('',(-26.814558939279,-100.073296343939,4.3365));
#1494=CARTESIAN_POINT('Origin',(-32.1756174681869,-107.717188579674,0.));
#1495=CARTESIAN_POINT('',(-32.1756174681869,-107.717188579674,4.173));
#1496=CARTESIAN_POINT('',(36.1517204105888,-110.260851602539,4.173));
#1497=CARTESIAN_POINT('',(-32.1756174681869,-107.717188579674,0.));
#1498=CARTESIAN_POINT('',(39.0135042802334,-110.367388956907,-4.81482486096809E-31));
#1499=CARTESIAN_POINT('',(-32.1756174681869,-107.717188579674,0.));
#1500=CARTESIAN_POINT('Origin',(-31.2697508103281,-104.336448187663,0.));
#1501=CARTESIAN_POINT('',(-31.2697508103281,-104.336448187663,4.173));
#1502=CARTESIAN_POINT('',(-13.5403171885236,-38.1693011216673,4.173));
#1503=CARTESIAN_POINT('',(-31.2697508103281,-104.336448187663,0.));
#1504=CARTESIAN_POINT('',(-13.3483483389713,-37.4528636216673,-4.81482486096809E-31));
#1505=CARTESIAN_POINT('',(-31.2697508103281,-104.336448187663,0.));
#1506=CARTESIAN_POINT('Origin',(-28.367989317129,-105.870777440097,0.));
#1507=CARTESIAN_POINT('',(3.30887789818221,-122.620170561424,4.173));
#1508=CARTESIAN_POINT('',(5.54847138833962,-123.804373265045,-4.81482486096809E-31));
#1509=CARTESIAN_POINT('Origin',(0.,0.,2.0865));
#1510=CARTESIAN_POINT('Origin',(0.,0.,3.8365));
#1511=CARTESIAN_POINT('Origin',(0.,0.,0.336499999999993));
#1512=CARTESIAN_POINT('Origin',(0.,0.,4.00475));
#1513=CARTESIAN_POINT('Origin',(0.,0.,4.173));
#1514=CARTESIAN_POINT('Origin',(108.6785,0.,4.173));
#1515=CARTESIAN_POINT('Origin',(0.,0.,4.173));
#1516=CARTESIAN_POINT('Origin',(0.,0.,6.423));
#1517=CARTESIAN_POINT('',(-93.0741684360569,-56.1089612467252,14.173));
#1518=CARTESIAN_POINT('Origin',(0.,0.,14.173));
#1519=CARTESIAN_POINT('',(-94.8395402345003,-53.0705000005116,13.8417378514161));
#1520=CARTESIAN_POINT('Ctrl Pts',(-93.074168436057,-56.1089612467251,14.1730000000001));
#1521=CARTESIAN_POINT('Ctrl Pts',(-93.1082516347099,-56.0524236580444,14.1322378868043));
#1522=CARTESIAN_POINT('Ctrl Pts',(-93.1425119612667,-55.9954758433095,14.0923964279298));
#1523=CARTESIAN_POINT('Ctrl Pts',(-93.3172297362231,-55.7044453543287,13.8959297203633));
#1524=CARTESIAN_POINT('Ctrl Pts',(-93.4603501841843,-55.4641396202282,13.7549642717595));
#1525=CARTESIAN_POINT('Ctrl Pts',(-93.7676150803082,-54.9430814838192,13.5378770085818));
#1526=CARTESIAN_POINT('Ctrl Pts',(-93.9315731029244,-54.6627429508647,13.4605));
#1527=CARTESIAN_POINT('Ctrl Pts',(-94.3051105874499,-54.0157570491352,13.4605));
#1528=CARTESIAN_POINT('Ctrl Pts',(-94.46591186734,-53.733595969918,13.5378770085818));
#1529=CARTESIAN_POINT('Ctrl Pts',(-94.6926734846691,-53.332345285333,13.7032809894832));
#1530=CARTESIAN_POINT('Ctrl Pts',(-94.7671751460979,-53.19981990027,13.7693727630591));
#1531=CARTESIAN_POINT('Ctrl Pts',(-94.8395402345003,-53.0705000010232,13.8417378514161));
#1532=CARTESIAN_POINT('',(-95.1288700376491,-52.5501136783744,14.173));
#1533=CARTESIAN_POINT('Ctrl Pts',(-94.8395402345003,-53.0705000010232,13.8417378514161));
#1534=CARTESIAN_POINT('Ctrl Pts',(-94.9053165678515,-52.9529545244737,13.9075141847261));
#1535=CARTESIAN_POINT('Ctrl Pts',(-94.9693137297044,-52.8380795255307,13.9785269807946));
#1536=CARTESIAN_POINT('Ctrl Pts',(-95.0647605579373,-52.6660436090981,14.0923964279298));
#1537=CARTESIAN_POINT('Ctrl Pts',(-95.0969486489094,-52.6078993885905,14.1322378868043));
#1538=CARTESIAN_POINT('Ctrl Pts',(-95.1288700376491,-52.5501136783744,14.1730000000001));
#1539=CARTESIAN_POINT('',(-95.1288700376491,52.5501136783745,14.173));
#1540=CARTESIAN_POINT('Origin',(0.,0.,14.173));
#1541=CARTESIAN_POINT('',(-94.8395402345002,53.0705000005117,13.8417378514161));
#1542=CARTESIAN_POINT('Ctrl Pts',(-95.128870037649,52.5501136783745,14.1730000000001));
#1543=CARTESIAN_POINT('Ctrl Pts',(-95.0969486489093,52.6078993885906,14.1322378868043));
#1544=CARTESIAN_POINT('Ctrl Pts',(-95.0647605579372,52.6660436090982,14.0923964279298));
#1545=CARTESIAN_POINT('Ctrl Pts',(-94.9693137297043,52.8380795255308,13.9785269807946));
#1546=CARTESIAN_POINT('Ctrl Pts',(-94.9053165678514,52.9529545244738,13.9075141847261));
#1547=CARTESIAN_POINT('Ctrl Pts',(-94.8395402345002,53.0705000010233,13.8417378514161));
#1548=CARTESIAN_POINT('',(-93.0741684360569,56.1089612467253,14.173));
#1549=CARTESIAN_POINT('Ctrl Pts',(-94.8395402345002,53.0705000010233,13.8417378514161));
#1550=CARTESIAN_POINT('Ctrl Pts',(-94.7671751460978,53.1998199002701,13.7693727630591));
#1551=CARTESIAN_POINT('Ctrl Pts',(-94.692673484669,53.3323452853331,13.7032809894832));
#1552=CARTESIAN_POINT('Ctrl Pts',(-94.4659118673399,53.7335959699181,13.5378770085818));
#1553=CARTESIAN_POINT('Ctrl Pts',(-94.3051105874498,54.0157570491353,13.4605));
#1554=CARTESIAN_POINT('Ctrl Pts',(-93.9315731029244,54.6627429508648,13.4605));
#1555=CARTESIAN_POINT('Ctrl Pts',(-93.7676150803081,54.9430814838193,13.5378770085818));
#1556=CARTESIAN_POINT('Ctrl Pts',(-93.4603501841843,55.4641396202283,13.7549642717595));
#1557=CARTESIAN_POINT('Ctrl Pts',(-93.317229736223,55.7044453543288,13.8959297203632));
#1558=CARTESIAN_POINT('Ctrl Pts',(-93.1425119612667,55.9954758433096,14.0923964279298));
#1559=CARTESIAN_POINT('Ctrl Pts',(-93.1082516347099,56.0524236580445,14.1322378868043));
#1560=CARTESIAN_POINT('Ctrl Pts',(-93.0741684360569,56.1089612467252,14.1730000000001));
#1561=CARTESIAN_POINT('',(-2.05470160159218,108.6590749251,14.173));
#1562=CARTESIAN_POINT('Origin',(0.,0.,14.173));
#1563=CARTESIAN_POINT('',(2.05470160159218,108.6590749251,14.173));
#1564=CARTESIAN_POINT('Ctrl Pts',(-2.05470160159211,108.6590749251,14.1730000000001));
#1565=CARTESIAN_POINT('Ctrl Pts',(-1.98869701419944,108.660323046635,14.1322378868043));
#1566=CARTESIAN_POINT('Ctrl Pts',(-1.92224859667058,108.661519452408,14.0923964279298));
#1567=CARTESIAN_POINT('Ctrl Pts',(-1.58284991245923,108.667314239522,13.8959297203633));
#1568=CARTESIAN_POINT('Ctrl Pts',(-1.30317881807253,108.671107316207,13.7549642717595));
#1569=CARTESIAN_POINT('Ctrl Pts',(-0.698296787031823,108.676677453737,13.5378770085818));
#1570=CARTESIAN_POINT('Ctrl Pts',(-0.373537484525437,108.6785,13.4605));
#1571=CARTESIAN_POINT('Ctrl Pts',(0.373537484525436,108.6785,13.4605));
#1572=CARTESIAN_POINT('Ctrl Pts',(0.698296787031822,108.676677453737,13.5378770085818));
#1573=CARTESIAN_POINT('Ctrl Pts',(1.30317881807253,108.671107316207,13.7549642717595));
#1574=CARTESIAN_POINT('Ctrl Pts',(1.58284991245923,108.667314239522,13.8959297203633));
#1575=CARTESIAN_POINT('Ctrl Pts',(1.92224859667058,108.661519452408,14.0923964279298));
#1576=CARTESIAN_POINT('Ctrl Pts',(1.98869701419944,108.660323046635,14.1322378868043));
#1577=CARTESIAN_POINT('Ctrl Pts',(2.05470160159211,108.6590749251,14.1730000000001));
#1578=CARTESIAN_POINT('Origin',(0.,0.,14.173));
#1579=CARTESIAN_POINT('',(-54.33925,94.1183418451871,7.173));
#1580=CARTESIAN_POINT('',(-54.33925,94.1183418451871,13.673));
#1581=CARTESIAN_POINT('Ctrl Pts',(-54.33925,94.1183418451871,7.17299999999998));
#1582=CARTESIAN_POINT('Ctrl Pts',(-53.9878016014508,94.3212506726958,7.17299999999998));
#1583=CARTESIAN_POINT('Ctrl Pts',(-53.6123083706097,94.5351461272233,7.25608950755118));
#1584=CARTESIAN_POINT('Ctrl Pts',(-52.9213385636862,94.9236819064125,7.5920674411394));
#1585=CARTESIAN_POINT('Ctrl Pts',(-52.6059126824503,95.0984476170412,7.84491511058786));
#1586=CARTESIAN_POINT('Ctrl Pts',(-52.1097114627019,95.3712442233761,8.42450621985043));
#1587=CARTESIAN_POINT('Ctrl Pts',(-51.8954256885751,95.4877333201809,8.78944195511453));
#1588=CARTESIAN_POINT('Ctrl Pts',(-51.6115244791229,95.6414813906573,9.58646095177268));
#1589=CARTESIAN_POINT('Ctrl Pts',(-51.5419453182191,95.6788599172446,10.0185340671026));
#1590=CARTESIAN_POINT('Ctrl Pts',(-51.5419453182191,95.6788599172446,10.8274659328974));
#1591=CARTESIAN_POINT('Ctrl Pts',(-51.6115244791229,95.6414813906573,11.2595390482273));
#1592=CARTESIAN_POINT('Ctrl Pts',(-51.8954256885751,95.4877333201809,12.0565580448855));
#1593=CARTESIAN_POINT('Ctrl Pts',(-52.1097114627019,95.3712442233761,12.4214937801496));
#1594=CARTESIAN_POINT('Ctrl Pts',(-52.6059126824503,95.0984476170412,13.0010848894121));
#1595=CARTESIAN_POINT('Ctrl Pts',(-52.9213385636862,94.9236819064125,13.2539325588606));
#1596=CARTESIAN_POINT('Ctrl Pts',(-53.6123083706097,94.5351461272233,13.5899104924488));
#1597=CARTESIAN_POINT('Ctrl Pts',(-53.9878016014508,94.3212506726958,13.673));
#1598=CARTESIAN_POINT('Ctrl Pts',(-54.33925,94.1183418451871,13.673));
#1599=CARTESIAN_POINT('Ctrl Pts',(-54.33925,94.1183418451871,13.673));
#1600=CARTESIAN_POINT('Ctrl Pts',(-54.6906983985492,93.9154330176785,13.673));
#1601=CARTESIAN_POINT('Ctrl Pts',(-55.0636839113446,93.6971940680848,13.5899104924488));
#1602=CARTESIAN_POINT('Ctrl Pts',(-55.7456506698633,93.2930645516356,13.2539325588606));
#1603=CARTESIAN_POINT('Ctrl Pts',(-56.0547151555962,93.1072805807886,13.0010848894121));
#1604=CARTESIAN_POINT('Ctrl Pts',(-56.5390645566226,92.813956022265,12.4214937801496));
#1605=CARTESIAN_POINT('Ctrl Pts',(-56.7470899607829,92.6866236466041,12.0565580448855));
#1606=CARTESIAN_POINT('Ctrl Pts',(-57.0221903003243,92.5176320222915,11.2595390482273));
#1607=CARTESIAN_POINT('Ctrl Pts',(-57.0893506343568,92.4760639646685,10.8274659328974));
#1608=CARTESIAN_POINT('Ctrl Pts',(-57.0893506343568,92.4760639646685,10.423));
#1609=CARTESIAN_POINT('Ctrl Pts',(-57.0893506343568,92.4760639646685,10.0185340671026));
#1610=CARTESIAN_POINT('Ctrl Pts',(-57.0221903003243,92.5176320222916,9.58646095177268));
#1611=CARTESIAN_POINT('Ctrl Pts',(-56.7470899607828,92.6866236466041,8.78944195511453));
#1612=CARTESIAN_POINT('Ctrl Pts',(-56.5390645566226,92.813956022265,8.42450621985042));
#1613=CARTESIAN_POINT('Ctrl Pts',(-56.0547151555962,93.1072805807886,7.84491511058785));
#1614=CARTESIAN_POINT('Ctrl Pts',(-55.7456506698633,93.2930645516356,7.59206744113939));
#1615=CARTESIAN_POINT('Ctrl Pts',(-55.0636839113446,93.6971940680848,7.25608950755118));
#1616=CARTESIAN_POINT('Ctrl Pts',(-54.6906983985492,93.9154330176785,7.17299999999998));
#1617=CARTESIAN_POINT('Ctrl Pts',(-54.33925,94.1183418451871,7.17299999999998));
#1618=CARTESIAN_POINT('',(-108.6785,-1.33092777161127E-14,7.173));
#1619=CARTESIAN_POINT('',(-108.631295952576,3.20279595257605,10.423));
#1620=CARTESIAN_POINT('Ctrl Pts',(-108.6785,1.27675647831893E-14,7.173));
#1621=CARTESIAN_POINT('Ctrl Pts',(-108.6785,0.405817655017276,7.173));
#1622=CARTESIAN_POINT('Ctrl Pts',(-108.675992281954,0.837952059138526,7.2560895075512));
#1623=CARTESIAN_POINT('Ctrl Pts',(-108.66698923355,1.63061735477682,7.59206744113941));
#1624=CARTESIAN_POINT('Ctrl Pts',(-108.660627838047,1.99116703625261,7.84491511058788));
#1625=CARTESIAN_POINT('Ctrl Pts',(-108.648776019325,2.55728820111104,8.42450621985045));
#1626=CARTESIAN_POINT('Ctrl Pts',(-108.642515649358,2.80110967357682,8.78944195511453));
#1627=CARTESIAN_POINT('Ctrl Pts',(-108.633714779447,3.1238493683657,9.58646095177268));
#1628=CARTESIAN_POINT('Ctrl Pts',(-108.631295952576,3.20279595257605,10.0185340671026));
#1629=CARTESIAN_POINT('Ctrl Pts',(-108.631295952576,3.20279595257605,10.423));
#1630=CARTESIAN_POINT('',(-108.6785,-1.33092777161127E-14,13.673));
#1631=CARTESIAN_POINT('Ctrl Pts',(-108.631295952576,3.20279595257605,10.423));
#1632=CARTESIAN_POINT('Ctrl Pts',(-108.631295952576,3.20279595257605,10.8274659328974));
#1633=CARTESIAN_POINT('Ctrl Pts',(-108.633714779447,3.1238493683657,11.2595390482273));
#1634=CARTESIAN_POINT('Ctrl Pts',(-108.642515649358,2.80110967357683,12.0565580448855));
#1635=CARTESIAN_POINT('Ctrl Pts',(-108.648776019325,2.55728820111105,12.4214937801496));
#1636=CARTESIAN_POINT('Ctrl Pts',(-108.660627838047,1.99116703625263,13.0010848894121));
#1637=CARTESIAN_POINT('Ctrl Pts',(-108.66698923355,1.63061735477683,13.2539325588606));
#1638=CARTESIAN_POINT('Ctrl Pts',(-108.675992281954,0.837952059138533,13.5899104924488));
#1639=CARTESIAN_POINT('Ctrl Pts',(-108.6785,0.40581765501728,13.673));
#1640=CARTESIAN_POINT('Ctrl Pts',(-108.6785,1.41553435639707E-14,13.673));
#1641=CARTESIAN_POINT('Ctrl Pts',(-108.6785,1.37390099297363E-14,13.673));
#1642=CARTESIAN_POINT('Ctrl Pts',(-108.6785,-0.405817655017251,13.673));
#1643=CARTESIAN_POINT('Ctrl Pts',(-108.675992281954,-0.837952059138501,
13.5899104924488));
#1644=CARTESIAN_POINT('Ctrl Pts',(-108.66698923355,-1.6306173547768,13.2539325588606));
#1645=CARTESIAN_POINT('Ctrl Pts',(-108.660627838047,-1.9911670362526,13.0010848894121));
#1646=CARTESIAN_POINT('Ctrl Pts',(-108.648776019325,-2.55728820111102,12.4214937801496));
#1647=CARTESIAN_POINT('Ctrl Pts',(-108.642515649358,-2.8011096735768,12.0565580448855));
#1648=CARTESIAN_POINT('Ctrl Pts',(-108.633714779447,-3.12384936836567,11.2595390482273));
#1649=CARTESIAN_POINT('Ctrl Pts',(-108.631295952576,-3.20279595257603,10.8274659328974));
#1650=CARTESIAN_POINT('Ctrl Pts',(-108.631295952576,-3.20279595257603,10.423));
#1651=CARTESIAN_POINT('Ctrl Pts',(-108.631295952576,-3.20279595257603,10.0185340671026));
#1652=CARTESIAN_POINT('Ctrl Pts',(-108.633714779447,-3.12384936836568,9.58646095177268));
#1653=CARTESIAN_POINT('Ctrl Pts',(-108.642515649358,-2.8011096735768,8.78944195511453));
#1654=CARTESIAN_POINT('Ctrl Pts',(-108.648776019325,-2.55728820111102,8.42450621985044));
#1655=CARTESIAN_POINT('Ctrl Pts',(-108.660627838047,-1.9911670362526,7.84491511058788));
#1656=CARTESIAN_POINT('Ctrl Pts',(-108.66698923355,-1.6306173547768,7.59206744113941));
#1657=CARTESIAN_POINT('Ctrl Pts',(-108.675992281954,-0.837952059138502,
7.2560895075512));
#1658=CARTESIAN_POINT('Ctrl Pts',(-108.6785,-0.40581765501725,7.173));
#1659=CARTESIAN_POINT('Ctrl Pts',(-108.6785,1.37390099297363E-14,7.173));
#1660=CARTESIAN_POINT('',(-54.3392500000001,-94.1183418451871,7.173));
#1661=CARTESIAN_POINT('',(-54.33925,-94.1183418451871,13.673));
#1662=CARTESIAN_POINT('Ctrl Pts',(-54.33925,-94.1183418451871,7.17300000000001));
#1663=CARTESIAN_POINT('Ctrl Pts',(-54.6906983985492,-93.9154330176785,7.17300000000001));
#1664=CARTESIAN_POINT('Ctrl Pts',(-55.0636839113447,-93.6971940680847,7.25608950755118));
#1665=CARTESIAN_POINT('Ctrl Pts',(-55.7456506698634,-93.2930645516356,7.5920674411394));
#1666=CARTESIAN_POINT('Ctrl Pts',(-56.0547151555963,-93.1072805807885,7.84491511058786));
#1667=CARTESIAN_POINT('Ctrl Pts',(-56.5390645566227,-92.813956022265,8.42450621985043));
#1668=CARTESIAN_POINT('Ctrl Pts',(-56.7470899607829,-92.686623646604,8.78944195511454));
#1669=CARTESIAN_POINT('Ctrl Pts',(-57.0221903003243,-92.5176320222915,9.58646095177268));
#1670=CARTESIAN_POINT('Ctrl Pts',(-57.0893506343569,-92.4760639646685,10.0185340671026));
#1671=CARTESIAN_POINT('Ctrl Pts',(-57.0893506343569,-92.4760639646685,10.8274659328974));
#1672=CARTESIAN_POINT('Ctrl Pts',(-57.0221903003243,-92.5176320222915,11.2595390482273));
#1673=CARTESIAN_POINT('Ctrl Pts',(-56.7470899607829,-92.686623646604,12.0565580448855));
#1674=CARTESIAN_POINT('Ctrl Pts',(-56.5390645566227,-92.813956022265,12.4214937801496));
#1675=CARTESIAN_POINT('Ctrl Pts',(-56.0547151555963,-93.1072805807885,13.0010848894121));
#1676=CARTESIAN_POINT('Ctrl Pts',(-55.7456506698634,-93.2930645516356,13.2539325588606));
#1677=CARTESIAN_POINT('Ctrl Pts',(-55.0636839113447,-93.6971940680847,13.5899104924488));
#1678=CARTESIAN_POINT('Ctrl Pts',(-54.6906983985492,-93.9154330176785,13.673));
#1679=CARTESIAN_POINT('Ctrl Pts',(-54.3392500000001,-94.1183418451871,13.673));
#1680=CARTESIAN_POINT('Ctrl Pts',(-54.33925,-94.1183418451871,13.673));
#1681=CARTESIAN_POINT('Ctrl Pts',(-53.9878016014509,-94.3212506726957,13.673));
#1682=CARTESIAN_POINT('Ctrl Pts',(-53.6123083706098,-94.5351461272233,13.5899104924488));
#1683=CARTESIAN_POINT('Ctrl Pts',(-52.9213385636864,-94.9236819064124,13.2539325588606));
#1684=CARTESIAN_POINT('Ctrl Pts',(-52.6059126824504,-95.0984476170412,13.0010848894121));
#1685=CARTESIAN_POINT('Ctrl Pts',(-52.109711462702,-95.3712442233761,12.4214937801496));
#1686=CARTESIAN_POINT('Ctrl Pts',(-51.8954256885752,-95.4877333201809,12.0565580448855));
#1687=CARTESIAN_POINT('Ctrl Pts',(-51.6115244791231,-95.6414813906572,11.2595390482273));
#1688=CARTESIAN_POINT('Ctrl Pts',(-51.5419453182192,-95.6788599172445,10.8274659328974));
#1689=CARTESIAN_POINT('Ctrl Pts',(-51.5419453182192,-95.6788599172445,10.423));
#1690=CARTESIAN_POINT('Ctrl Pts',(-51.5419453182192,-95.6788599172445,10.0185340671026));
#1691=CARTESIAN_POINT('Ctrl Pts',(-51.6115244791231,-95.6414813906572,9.58646095177269));
#1692=CARTESIAN_POINT('Ctrl Pts',(-51.8954256885752,-95.4877333201809,8.78944195511455));
#1693=CARTESIAN_POINT('Ctrl Pts',(-52.109711462702,-95.3712442233761,8.42450621985044));
#1694=CARTESIAN_POINT('Ctrl Pts',(-52.6059126824504,-95.0984476170412,7.84491511058787));
#1695=CARTESIAN_POINT('Ctrl Pts',(-52.9213385636863,-94.9236819064124,7.59206744113942));
#1696=CARTESIAN_POINT('Ctrl Pts',(-53.6123083706098,-94.5351461272233,7.2560895075512));
#1697=CARTESIAN_POINT('Ctrl Pts',(-53.9878016014509,-94.3212506726957,7.17300000000001));
#1698=CARTESIAN_POINT('Ctrl Pts',(-54.33925,-94.1183418451871,7.17300000000001));
#1699=CARTESIAN_POINT('',(-95.9419609597865,51.0505287870832,8.673));
#1700=CARTESIAN_POINT('',(-95.9419609597865,51.0505287870832,12.173));
#1701=CARTESIAN_POINT('',(-95.9419609597865,51.0505287870832,8.673));
#1702=CARTESIAN_POINT('',(-92.182035286136,57.5629110865284,8.673));
#1703=CARTESIAN_POINT('Origin',(0.,0.,8.673));
#1704=CARTESIAN_POINT('',(-92.182035286136,57.5629110865284,12.173));
#1705=CARTESIAN_POINT('',(-92.182035286136,57.5629110865284,8.673));
#1706=CARTESIAN_POINT('Origin',(0.,0.,12.173));
#1707=CARTESIAN_POINT('',(-95.9419609597865,-51.0505287870831,12.173));
#1708=CARTESIAN_POINT('',(-92.1820352861361,-57.5629110865283,12.173));
#1709=CARTESIAN_POINT('Origin',(0.,0.,12.173));
#1710=CARTESIAN_POINT('',(-92.1820352861361,-57.5629110865283,8.673));
#1711=CARTESIAN_POINT('',(-92.1820352861361,-57.5629110865283,8.673));
#1712=CARTESIAN_POINT('',(-95.9419609597865,-51.0505287870831,8.673));
#1713=CARTESIAN_POINT('Origin',(0.,0.,8.673));
#1714=CARTESIAN_POINT('',(-95.9419609597865,-51.0505287870831,8.673));
#1715=CARTESIAN_POINT('',(3.75992567365046,108.613439873612,12.173));
#1716=CARTESIAN_POINT('',(-3.75992567365046,108.613439873612,12.173));
#1717=CARTESIAN_POINT('Origin',(0.,0.,12.173));
#1718=CARTESIAN_POINT('',(-3.75992567365046,108.613439873612,8.673));
#1719=CARTESIAN_POINT('',(-3.75992567365046,108.613439873612,8.673));
#1720=CARTESIAN_POINT('',(3.75992567365046,108.613439873612,8.673));
#1721=CARTESIAN_POINT('Origin',(0.,0.,8.673));
#1722=CARTESIAN_POINT('',(3.75992567365046,108.613439873612,8.673));
#1723=CARTESIAN_POINT('Origin',(0.,0.,14.173));
#1724=CARTESIAN_POINT('',(2.00614908751737,103.5840749251,14.173));
#1725=CARTESIAN_POINT('Origin',(0.,106.141,14.173));
#1726=CARTESIAN_POINT('Origin',(0.,0.,14.173));
#1727=CARTESIAN_POINT('Origin',(-91.9208023830841,53.0705,13.348));
#1728=CARTESIAN_POINT('',(-90.7095148564056,50.0546613889808,14.173));
#1729=CARTESIAN_POINT('Origin',(-91.9208023830841,53.0705,14.173));
#1730=CARTESIAN_POINT('',(-88.7033657688882,53.5294135361189,14.173));
#1731=CARTESIAN_POINT('Ctrl Pts',(-90.7095148564056,50.0546613889809,14.1730000000001));
#1732=CARTESIAN_POINT('Ctrl Pts',(-90.6794892920998,50.1090739910422,14.1336984508625));
#1733=CARTESIAN_POINT('Ctrl Pts',(-90.6492122965228,50.1638265754836,14.0952423180919));
#1734=CARTESIAN_POINT('Ctrl Pts',(-90.4899477063831,50.4512148524885,13.8999775312483));
#1735=CARTESIAN_POINT('Ctrl Pts',(-90.3569368997856,50.6892172385733,13.7585935259379));
#1736=CARTESIAN_POINT('Ctrl Pts',(-90.0658843397496,51.2045824990295,13.5396345388887));
#1737=CARTESIAN_POINT('Ctrl Pts',(-89.9081766196004,51.4814700789759,13.4605));
#1738=CARTESIAN_POINT('Ctrl Pts',(-89.5383492223617,52.1220299210242,13.4605));
#1739=CARTESIAN_POINT('Ctrl Pts',(-89.3774114042104,52.3970526030195,13.5396345388887));
#1740=CARTESIAN_POINT('Ctrl Pts',(-89.0766182764453,52.9067941440753,13.7585935259379));
#1741=CARTESIAN_POINT('Ctrl Pts',(-88.9370075672333,53.140986074609,13.8999775312483));
#1742=CARTESIAN_POINT('Ctrl Pts',(-88.7677543136672,53.4226073940958,14.0952423180919));
#1743=CARTESIAN_POINT('Ctrl Pts',(-88.7354756824064,53.4762043336364,14.1336984508625));
#1744=CARTESIAN_POINT('Ctrl Pts',(-88.7033657688883,53.5294135361188,14.1730000000001));
#1745=CARTESIAN_POINT('Origin',(-91.9208023830841,53.0705,14.173));
#1746=CARTESIAN_POINT('',(-93.5208023830841,53.0705,12.523));
#1747=CARTESIAN_POINT('',(-94.3458023830841,53.0705,13.348));
#1748=CARTESIAN_POINT('Origin',(-91.9208023830841,53.0705,12.523));
#1749=CARTESIAN_POINT('Origin',(-91.9208023830841,53.0705,13.073));
#1750=CARTESIAN_POINT('',(-93.5208023830841,53.0705,12.173));
#1751=CARTESIAN_POINT('',(-93.5208023830841,53.0705,13.073));
#1752=CARTESIAN_POINT('Origin',(-91.9208023830841,53.0705,12.173));
#1753=CARTESIAN_POINT('Origin',(-91.9208023830841,-53.0705,13.348));
#1754=CARTESIAN_POINT('',(-88.7033657688883,-53.5294135361188,14.173));
#1755=CARTESIAN_POINT('Origin',(-91.9208023830841,-53.0705,14.173));
#1756=CARTESIAN_POINT('',(-90.7095148564057,-50.0546613889807,14.173));
#1757=CARTESIAN_POINT('Ctrl Pts',(-88.7033657688883,-53.5294135361187,14.1730000000001));
#1758=CARTESIAN_POINT('Ctrl Pts',(-88.7354756824065,-53.4762043336363,14.1336984508625));
#1759=CARTESIAN_POINT('Ctrl Pts',(-88.7677543136672,-53.4226073940957,14.0952423180919));
#1760=CARTESIAN_POINT('Ctrl Pts',(-88.9370075672334,-53.1409860746089,13.8999775312483));
#1761=CARTESIAN_POINT('Ctrl Pts',(-89.0766182764454,-52.9067941440752,13.7585935259379));
#1762=CARTESIAN_POINT('Ctrl Pts',(-89.3774114042105,-52.3970526030194,13.5396345388887));
#1763=CARTESIAN_POINT('Ctrl Pts',(-89.5383492223618,-52.1220299210241,13.4605));
#1764=CARTESIAN_POINT('Ctrl Pts',(-89.9081766196004,-51.4814700789758,13.4605));
#1765=CARTESIAN_POINT('Ctrl Pts',(-90.0658843397497,-51.2045824990295,13.5396345388887));
#1766=CARTESIAN_POINT('Ctrl Pts',(-90.3569368997857,-50.6892172385732,13.7585935259379));
#1767=CARTESIAN_POINT('Ctrl Pts',(-90.4899477063832,-50.4512148524884,13.8999775312483));
#1768=CARTESIAN_POINT('Ctrl Pts',(-90.6492122965229,-50.1638265754835,14.0952423180919));
#1769=CARTESIAN_POINT('Ctrl Pts',(-90.6794892920998,-50.1090739910421,14.1336984508625));
#1770=CARTESIAN_POINT('Ctrl Pts',(-90.7095148564056,-50.0546613889808,14.1730000000001));
#1771=CARTESIAN_POINT('Origin',(-91.9208023830841,-53.0705,14.173));
#1772=CARTESIAN_POINT('',(-93.5208023830841,-53.0705,12.523));
#1773=CARTESIAN_POINT('',(-94.3458023830841,-53.0705,13.348));
#1774=CARTESIAN_POINT('Origin',(-91.9208023830841,-53.0705,12.523));
#1775=CARTESIAN_POINT('Origin',(-91.9208023830841,-53.0705,13.073));
#1776=CARTESIAN_POINT('',(-93.5208023830841,-53.0705,12.173));
#1777=CARTESIAN_POINT('',(-93.5208023830841,-53.0705,13.073));
#1778=CARTESIAN_POINT('Origin',(-91.9208023830841,-53.0705,12.173));
#1779=CARTESIAN_POINT('Origin',(0.,106.141,13.348));
#1780=CARTESIAN_POINT('',(-3.25000000000012,106.141,14.1730000000001));
#1781=CARTESIAN_POINT('Origin',(0.,106.141,14.173));
#1782=CARTESIAN_POINT('',(-1.6,106.141,12.523));
#1783=CARTESIAN_POINT('',(-2.425,106.141,13.348));
#1784=CARTESIAN_POINT('Origin',(0.,106.141,12.523));
#1785=CARTESIAN_POINT('',(-2.00614908751737,103.5840749251,14.173));
#1786=CARTESIAN_POINT('Origin',(0.,106.141,14.173));
#1787=CARTESIAN_POINT('Ctrl Pts',(-2.00614908751731,103.5840749251,14.1730000000001));
#1788=CARTESIAN_POINT('Ctrl Pts',(-1.94401360969331,103.585278324678,14.1336984508625));
#1789=CARTESIAN_POINT('Ctrl Pts',(-1.88145798285573,103.586433969579,14.0952423180919));
#1790=CARTESIAN_POINT('Ctrl Pts',(-1.55294013914978,103.592200927097,13.8999775312483));
#1791=CARTESIAN_POINT('Ctrl Pts',(-1.28031862334028,103.596011382649,13.7585935259379));
#1792=CARTESIAN_POINT('Ctrl Pts',(-0.688472935539185,103.601635102049,13.5396345388887));
#1793=CARTESIAN_POINT('Ctrl Pts',(-0.36982739723864,103.6035,13.4605));
#1794=CARTESIAN_POINT('Ctrl Pts',(0.369827397238652,103.6035,13.4605));
#1795=CARTESIAN_POINT('Ctrl Pts',(0.688472935539196,103.601635102049,13.5396345388887));
#1796=CARTESIAN_POINT('Ctrl Pts',(1.2803186233403,103.596011382649,13.7585935259379));
#1797=CARTESIAN_POINT('Ctrl Pts',(1.55294013914979,103.592200927097,13.8999775312483));
#1798=CARTESIAN_POINT('Ctrl Pts',(1.88145798285573,103.586433969579,14.0952423180919));
#1799=CARTESIAN_POINT('Ctrl Pts',(1.94401360969331,103.585278324678,14.1336984508625));
#1800=CARTESIAN_POINT('Ctrl Pts',(2.00614908751731,103.5840749251,14.1730000000001));
#1801=CARTESIAN_POINT('Origin',(0.,106.141,13.073));
#1802=CARTESIAN_POINT('',(-1.6,106.141,12.173));
#1803=CARTESIAN_POINT('',(-1.6,106.141,13.073));
#1804=CARTESIAN_POINT('Origin',(0.,106.141,12.173));
#1805=CARTESIAN_POINT('Origin',(0.,0.,14.173));
#1806=CARTESIAN_POINT('Origin',(0.,0.,14.173));
#1807=CARTESIAN_POINT('Origin',(0.,0.,14.173));
#1808=CARTESIAN_POINT('Origin',(0.,0.,14.173));
#1809=CARTESIAN_POINT('Origin',(0.,0.,14.173));
#1810=CARTESIAN_POINT('Origin',(0.,0.,14.173));
#1811=CARTESIAN_POINT('Origin',(-53.95175,93.4471721572542,10.423));
#1812=CARTESIAN_POINT('',(-53.56425,92.7760024693212,8.723));
#1813=CARTESIAN_POINT('',(-53.95175,93.4471721572542,7.948));
#1814=CARTESIAN_POINT('Origin',(-53.56425,92.7760024693212,10.423));
#1815=CARTESIAN_POINT('Origin',(-52.08925,90.2212275281572,10.423));
#1816=CARTESIAN_POINT('',(-51.80175,89.7232629209811,8.723));
#1817=CARTESIAN_POINT('',(-52.08925,90.2212275281572,8.723));
#1818=CARTESIAN_POINT('',(-50.3225326414673,90.5611833005646,10.423));
#1819=CARTESIAN_POINT('Ctrl Pts',(-50.3225326414673,90.5611833005646,10.423));
#1820=CARTESIAN_POINT('Ctrl Pts',(-50.3225326414673,90.5611833005646,10.2095400969553));
#1821=CARTESIAN_POINT('Ctrl Pts',(-50.3598417938421,90.5404830635633,9.98185470751388));
#1822=CARTESIAN_POINT('Ctrl Pts',(-50.5114058211845,90.4560148406447,9.56301098914535));
#1823=CARTESIAN_POINT('Ctrl Pts',(-50.6256416496442,90.3922142881263,9.37185233654949));
#1824=CARTESIAN_POINT('Ctrl Pts',(-50.8888181313216,90.2443138682205,9.0699846077853));
#1825=CARTESIAN_POINT('Ctrl Pts',(-51.0552988335399,90.1503495972841,8.93915320192508));
#1826=CARTESIAN_POINT('Ctrl Pts',(-51.4193432024228,89.9432055028396,8.76566079195676));
#1827=CARTESIAN_POINT('Ctrl Pts',(-51.616888301726,89.8299928722425,8.723));
#1828=CARTESIAN_POINT('Ctrl Pts',(-51.80175,89.7232629209811,8.723));
#1829=CARTESIAN_POINT('Ctrl Pts',(-51.80175,89.7232629209811,8.723));
#1830=CARTESIAN_POINT('Ctrl Pts',(-51.986611698274,89.6165329697198,8.723));
#1831=CARTESIAN_POINT('Ctrl Pts',(-52.183429262052,89.5020602106287,8.76566079195676));
#1832=CARTESIAN_POINT('Ctrl Pts',(-52.5448434945263,89.2903605862937,8.93915320192508));
#1833=CARTESIAN_POINT('Ctrl Pts',(-52.7094592913144,89.1931662044009,9.0699846077853));
#1834=CARTESIAN_POINT('Ctrl Pts',(-52.969133053022,89.0391988955426,9.37185233654949));
#1835=CARTESIAN_POINT('Ctrl Pts',(-53.0815038665082,88.9721680423334,9.56301098914535));
#1836=CARTESIAN_POINT('Ctrl Pts',(-53.2304375070394,88.8831438558143,9.98185470751388));
#1837=CARTESIAN_POINT('Ctrl Pts',(-53.2670190143344,88.8611833005646,10.2095400969553));
#1838=CARTESIAN_POINT('Ctrl Pts',(-53.2670190143344,88.8611833005646,10.6364599030447));
#1839=CARTESIAN_POINT('Ctrl Pts',(-53.2304375070394,88.8831438558143,10.8641452924861));
#1840=CARTESIAN_POINT('Ctrl Pts',(-53.0815038665082,88.9721680423334,11.2829890108546));
#1841=CARTESIAN_POINT('Ctrl Pts',(-52.969133053022,89.0391988955426,11.4741476634505));
#1842=CARTESIAN_POINT('Ctrl Pts',(-52.7094592913144,89.1931662044009,11.7760153922147));
#1843=CARTESIAN_POINT('Ctrl Pts',(-52.5448434945263,89.2903605862937,11.9068467980749));
#1844=CARTESIAN_POINT('Ctrl Pts',(-52.183429262052,89.5020602106287,12.0803392080432));
#1845=CARTESIAN_POINT('Ctrl Pts',(-51.986611698274,89.6165329697197,12.123));
#1846=CARTESIAN_POINT('Ctrl Pts',(-51.616888301726,89.8299928722425,12.123));
#1847=CARTESIAN_POINT('Ctrl Pts',(-51.4193432024228,89.9432055028396,12.0803392080432));
#1848=CARTESIAN_POINT('Ctrl Pts',(-51.0552988335399,90.1503495972841,11.9068467980749));
#1849=CARTESIAN_POINT('Ctrl Pts',(-50.8888181313216,90.2443138682205,11.7760153922147));
#1850=CARTESIAN_POINT('Ctrl Pts',(-50.6256416496442,90.3922142881263,11.4741476634505));
#1851=CARTESIAN_POINT('Ctrl Pts',(-50.5114058211845,90.4560148406447,11.2829890108546));
#1852=CARTESIAN_POINT('Ctrl Pts',(-50.3598417938421,90.5404830635633,10.8641452924861));
#1853=CARTESIAN_POINT('Ctrl Pts',(-50.3225326414673,90.5611833005646,10.6364599030447));
#1854=CARTESIAN_POINT('Ctrl Pts',(-50.3225326414673,90.5611833005646,10.423));
#1855=CARTESIAN_POINT('Origin',(-107.9035,1.34309850018241E-14,10.423));
#1856=CARTESIAN_POINT('',(-107.1285,1.70000000000001,10.423));
#1857=CARTESIAN_POINT('',(-107.9035,2.47500000000001,10.423));
#1858=CARTESIAN_POINT('Origin',(-107.1285,1.3525895128758E-14,10.423));
#1859=CARTESIAN_POINT('Origin',(-104.1785,1.38871659345065E-14,10.423));
#1860=CARTESIAN_POINT('',(-103.589551655802,1.70000000000001,10.423));
#1861=CARTESIAN_POINT('',(-104.1785,1.70000000000001,10.423));
#1862=CARTESIAN_POINT('Ctrl Pts',(-103.589551655802,1.70000000000001,10.423));
#1863=CARTESIAN_POINT('Ctrl Pts',(-103.589551655802,1.70000000000001,10.2095400969553));
#1864=CARTESIAN_POINT('Ctrl Pts',(-103.590279300882,1.65733920774906,9.98185470751388));
#1865=CARTESIAN_POINT('Ctrl Pts',(-103.592909687693,1.4838467983114,9.56301098914535));
#1866=CARTESIAN_POINT('Ctrl Pts',(-103.594774702666,1.35301539258376,9.37185233654949));
#1867=CARTESIAN_POINT('Ctrl Pts',(-103.598277422636,1.05114766381958,9.0699846077853));
#1868=CARTESIAN_POINT('Ctrl Pts',(-103.600142328066,0.859989010990493,8.93915320192509));
#1869=CARTESIAN_POINT('Ctrl Pts',(-103.602772464475,0.441145292210985,8.76566079195677));
#1870=CARTESIAN_POINT('Ctrl Pts',(-103.6035,0.213459902522732,8.723));
#1871=CARTESIAN_POINT('Ctrl Pts',(-103.6035,-0.213459902522704,8.723));
#1872=CARTESIAN_POINT('Ctrl Pts',(-103.602772464475,-0.441145292210958,
8.76566079195677));
#1873=CARTESIAN_POINT('Ctrl Pts',(-103.600142328066,-0.859989010990465,
8.93915320192509));
#1874=CARTESIAN_POINT('Ctrl Pts',(-103.598277422636,-1.05114766381955,9.0699846077853));
#1875=CARTESIAN_POINT('Ctrl Pts',(-103.594774702666,-1.35301539258373,9.37185233654949));
#1876=CARTESIAN_POINT('Ctrl Pts',(-103.592909687693,-1.48384679831138,9.56301098914535));
#1877=CARTESIAN_POINT('Ctrl Pts',(-103.590279300882,-1.65733920774903,9.98185470751388));
#1878=CARTESIAN_POINT('Ctrl Pts',(-103.589551655802,-1.69999999999999,10.2095400969553));
#1879=CARTESIAN_POINT('Ctrl Pts',(-103.589551655802,-1.69999999999999,10.6364599030447));
#1880=CARTESIAN_POINT('Ctrl Pts',(-103.590279300882,-1.65733920774903,10.8641452924861));
#1881=CARTESIAN_POINT('Ctrl Pts',(-103.592909687693,-1.48384679831138,11.2829890108547));
#1882=CARTESIAN_POINT('Ctrl Pts',(-103.594774702666,-1.35301539258373,11.4741476634505));
#1883=CARTESIAN_POINT('Ctrl Pts',(-103.598277422636,-1.05114766381955,11.7760153922147));
#1884=CARTESIAN_POINT('Ctrl Pts',(-103.600142328066,-0.859989010990465,
11.9068467980749));
#1885=CARTESIAN_POINT('Ctrl Pts',(-103.602772464475,-0.441145292210958,
12.0803392080432));
#1886=CARTESIAN_POINT('Ctrl Pts',(-103.6035,-0.213459902522704,12.123));
#1887=CARTESIAN_POINT('Ctrl Pts',(-103.6035,0.213459902522732,12.123));
#1888=CARTESIAN_POINT('Ctrl Pts',(-103.602772464475,0.441145292210986,12.0803392080432));
#1889=CARTESIAN_POINT('Ctrl Pts',(-103.600142328066,0.859989010990493,11.9068467980749));
#1890=CARTESIAN_POINT('Ctrl Pts',(-103.598277422636,1.05114766381958,11.7760153922147));
#1891=CARTESIAN_POINT('Ctrl Pts',(-103.594774702666,1.35301539258376,11.4741476634505));
#1892=CARTESIAN_POINT('Ctrl Pts',(-103.592909687693,1.4838467983114,11.2829890108547));
#1893=CARTESIAN_POINT('Ctrl Pts',(-103.590279300882,1.65733920774906,10.8641452924861));
#1894=CARTESIAN_POINT('Ctrl Pts',(-103.589551655802,1.70000000000001,10.6364599030447));
#1895=CARTESIAN_POINT('Ctrl Pts',(-103.589551655802,1.70000000000001,10.423));
#1896=CARTESIAN_POINT('Origin',(-53.9517500000001,-93.4471721572542,10.423));
#1897=CARTESIAN_POINT('',(-53.5642500000001,-92.7760024693212,12.123));
#1898=CARTESIAN_POINT('',(-53.9517500000001,-93.4471721572542,12.898));
#1899=CARTESIAN_POINT('Origin',(-53.5642500000001,-92.7760024693212,10.423));
#1900=CARTESIAN_POINT('Origin',(-52.08925,-90.2212275281571,10.423));
#1901=CARTESIAN_POINT('',(-51.80175,-89.7232629209811,12.123));
#1902=CARTESIAN_POINT('',(-52.08925,-90.2212275281571,12.123));
#1903=CARTESIAN_POINT('',(-53.2670190143344,-88.8611833005646,10.423));
#1904=CARTESIAN_POINT('Ctrl Pts',(-53.2670190143344,-88.8611833005646,10.423));
#1905=CARTESIAN_POINT('Ctrl Pts',(-53.2670190143344,-88.8611833005646,10.2095400969553));
#1906=CARTESIAN_POINT('Ctrl Pts',(-53.2304375070395,-88.8831438558142,9.98185470751388));
#1907=CARTESIAN_POINT('Ctrl Pts',(-53.0815038665083,-88.9721680423333,9.56301098914535));
#1908=CARTESIAN_POINT('Ctrl Pts',(-52.969133053022,-89.0391988955425,9.37185233654949));
#1909=CARTESIAN_POINT('Ctrl Pts',(-52.7094592913145,-89.1931662044009,9.0699846077853));
#1910=CARTESIAN_POINT('Ctrl Pts',(-52.5448434945264,-89.2903605862936,8.93915320192509));
#1911=CARTESIAN_POINT('Ctrl Pts',(-52.1834292620521,-89.5020602106286,8.76566079195676));
#1912=CARTESIAN_POINT('Ctrl Pts',(-51.9866116982741,-89.6165329697197,8.723));
#1913=CARTESIAN_POINT('Ctrl Pts',(-51.616888301726,-89.8299928722424,8.723));
#1914=CARTESIAN_POINT('Ctrl Pts',(-51.4193432024229,-89.9432055028396,8.76566079195676));
#1915=CARTESIAN_POINT('Ctrl Pts',(-51.05529883354,-90.1503495972841,8.93915320192508));
#1916=CARTESIAN_POINT('Ctrl Pts',(-50.8888181313217,-90.2443138682205,9.0699846077853));
#1917=CARTESIAN_POINT('Ctrl Pts',(-50.6256416496442,-90.3922142881263,9.37185233654949));
#1918=CARTESIAN_POINT('Ctrl Pts',(-50.5114058211846,-90.4560148406447,9.56301098914534));
#1919=CARTESIAN_POINT('Ctrl Pts',(-50.3598417938422,-90.5404830635633,9.98185470751387));
#1920=CARTESIAN_POINT('Ctrl Pts',(-50.3225326414673,-90.5611833005646,10.2095400969553));
#1921=CARTESIAN_POINT('Ctrl Pts',(-50.3225326414673,-90.5611833005646,10.6364599030447));
#1922=CARTESIAN_POINT('Ctrl Pts',(-50.3598417938422,-90.5404830635633,10.8641452924861));
#1923=CARTESIAN_POINT('Ctrl Pts',(-50.5114058211846,-90.4560148406447,11.2829890108547));
#1924=CARTESIAN_POINT('Ctrl Pts',(-50.6256416496442,-90.3922142881263,11.4741476634505));
#1925=CARTESIAN_POINT('Ctrl Pts',(-50.8888181313217,-90.2443138682205,11.7760153922147));
#1926=CARTESIAN_POINT('Ctrl Pts',(-51.05529883354,-90.1503495972841,11.9068467980749));
#1927=CARTESIAN_POINT('Ctrl Pts',(-51.4193432024229,-89.9432055028396,12.0803392080432));
#1928=CARTESIAN_POINT('Ctrl Pts',(-51.616888301726,-89.8299928722424,12.123));
#1929=CARTESIAN_POINT('Ctrl Pts',(-51.80175,-89.7232629209811,12.123));
#1930=CARTESIAN_POINT('Ctrl Pts',(-51.80175,-89.723262920981,12.123));
#1931=CARTESIAN_POINT('Ctrl Pts',(-51.9866116982741,-89.6165329697197,12.123));
#1932=CARTESIAN_POINT('Ctrl Pts',(-52.183429262052,-89.5020602106286,12.0803392080432));
#1933=CARTESIAN_POINT('Ctrl Pts',(-52.5448434945264,-89.2903605862936,11.9068467980749));
#1934=CARTESIAN_POINT('Ctrl Pts',(-52.7094592913145,-89.1931662044009,11.7760153922147));
#1935=CARTESIAN_POINT('Ctrl Pts',(-52.969133053022,-89.0391988955425,11.4741476634505));
#1936=CARTESIAN_POINT('Ctrl Pts',(-53.0815038665083,-88.9721680423333,11.2829890108546));
#1937=CARTESIAN_POINT('Ctrl Pts',(-53.2304375070395,-88.8831438558142,10.8641452924861));
#1938=CARTESIAN_POINT('Ctrl Pts',(-53.2670190143344,-88.8611833005646,10.6364599030447));
#1939=CARTESIAN_POINT('Ctrl Pts',(-53.2670190143344,-88.8611833005646,10.423));
#1940=CARTESIAN_POINT('Origin',(-91.9208023830841,53.0705,9.673));
#1941=CARTESIAN_POINT('',(-93.1708023830841,53.0705,8.673));
#1942=CARTESIAN_POINT('Origin',(-91.9208023830841,53.0705,8.673));
#1943=CARTESIAN_POINT('',(-93.1708023830841,53.0705,5.173));
#1944=CARTESIAN_POINT('',(-93.1708023830841,53.0705,9.673));
#1945=CARTESIAN_POINT('Origin',(-91.9208023830841,53.0705,5.173));
#1946=CARTESIAN_POINT('Origin',(-91.9208023830841,53.0705,5.173));
#1947=CARTESIAN_POINT('Origin',(0.,106.141,9.673));
#1948=CARTESIAN_POINT('',(-1.25,106.141,8.673));
#1949=CARTESIAN_POINT('Origin',(0.,106.141,8.673));
#1950=CARTESIAN_POINT('',(-1.25,106.141,5.173));
#1951=CARTESIAN_POINT('',(-1.25,106.141,9.673));
#1952=CARTESIAN_POINT('Origin',(0.,106.141,5.173));
#1953=CARTESIAN_POINT('Origin',(0.,106.141,5.173));
#1954=CARTESIAN_POINT('Origin',(-91.9208023830841,-53.0705,9.673));
#1955=CARTESIAN_POINT('',(-93.1708023830841,-53.0705,8.673));
#1956=CARTESIAN_POINT('Origin',(-91.9208023830841,-53.0705,8.673));
#1957=CARTESIAN_POINT('',(-93.1708023830841,-53.0705,5.173));
#1958=CARTESIAN_POINT('',(-93.1708023830841,-53.0705,9.673));
#1959=CARTESIAN_POINT('Origin',(-91.9208023830841,-53.0705,5.173));
#1960=CARTESIAN_POINT('Origin',(-91.9208023830841,-53.0705,5.173));
#1961=CARTESIAN_POINT('Origin',(0.,0.,12.173));
#1962=CARTESIAN_POINT('',(-91.502449148697,48.5899888046923,12.173));
#1963=CARTESIAN_POINT('Origin',(-91.9208023830841,53.0705,12.173));
#1964=CARTESIAN_POINT('',(-87.8313892488135,54.9484510689192,12.173));
#1965=CARTESIAN_POINT('Origin',(-91.9208023830841,53.0705,12.173));
#1966=CARTESIAN_POINT('Origin',(0.,0.,12.173));
#1967=CARTESIAN_POINT('Origin',(0.,0.,12.173));
#1968=CARTESIAN_POINT('',(3.67105989988351,103.538439873612,12.173));
#1969=CARTESIAN_POINT('Origin',(0.,106.141,12.173));
#1970=CARTESIAN_POINT('',(-3.67105989988352,103.538439873612,12.173));
#1971=CARTESIAN_POINT('Origin',(0.,0.,12.173));
#1972=CARTESIAN_POINT('Origin',(0.,106.141,12.173));
#1973=CARTESIAN_POINT('Origin',(0.,0.,12.173));
#1974=CARTESIAN_POINT('',(-91.502449148697,-48.5899888046923,12.173));
#1975=CARTESIAN_POINT('Origin',(-91.9208023830841,-53.0705,12.173));
#1976=CARTESIAN_POINT('',(-87.8313892488135,-54.9484510689192,12.173));
#1977=CARTESIAN_POINT('Origin',(0.,0.,12.173));
#1978=CARTESIAN_POINT('Origin',(-91.9208023830841,-53.0705,12.173));
#1979=CARTESIAN_POINT('Origin',(-91.9208023830841,-53.0705,8.673));
#1980=CARTESIAN_POINT('',(-91.502449148697,-48.5899888046923,8.673));
#1981=CARTESIAN_POINT('Origin',(-91.9208023830841,-53.0705,8.673));
#1982=CARTESIAN_POINT('',(-91.502449148697,-48.5899888046923,8.673));
#1983=CARTESIAN_POINT('Origin',(-91.9208023830841,53.0705,8.673));
#1984=CARTESIAN_POINT('',(-91.502449148697,48.5899888046923,8.673));
#1985=CARTESIAN_POINT('Origin',(-91.9208023830841,53.0705,8.673));
#1986=CARTESIAN_POINT('',(-91.502449148697,48.5899888046923,8.673));
#1987=CARTESIAN_POINT('Origin',(103.6035,0.,8.673));
#1988=CARTESIAN_POINT('',(-87.8313892488135,54.9484510689192,8.673));
#1989=CARTESIAN_POINT('Origin',(0.,0.,8.673));
#1990=CARTESIAN_POINT('Origin',(-91.9208023830841,53.0705,8.673));
#1991=CARTESIAN_POINT('Origin',(0.,106.141,8.673));
#1992=CARTESIAN_POINT('',(3.67105989988351,103.538439873612,8.673));
#1993=CARTESIAN_POINT('Origin',(0.,106.141,8.673));
#1994=CARTESIAN_POINT('',(3.67105989988351,103.538439873612,8.673));
#1995=CARTESIAN_POINT('Origin',(103.6035,0.,8.673));
#1996=CARTESIAN_POINT('',(-3.67105989988352,103.538439873612,8.673));
#1997=CARTESIAN_POINT('Origin',(0.,106.141,8.673));
#1998=CARTESIAN_POINT('Origin',(0.,0.,8.673));
#1999=CARTESIAN_POINT('Origin',(-91.9208023830841,-53.0705,8.673));
#2000=CARTESIAN_POINT('',(-87.8313892488135,-54.9484510689192,8.673));
#2001=CARTESIAN_POINT('Origin',(-91.9208023830841,-53.0705,8.673));
#2002=CARTESIAN_POINT('',(-87.8313892488135,-54.9484510689192,8.673));
#2003=CARTESIAN_POINT('Origin',(103.6035,0.,8.673));
#2004=CARTESIAN_POINT('Origin',(0.,0.,8.673));
#2005=CARTESIAN_POINT('Origin',(-91.9208023830841,53.0705,8.673));
#2006=CARTESIAN_POINT('',(-87.8313892488135,54.9484510689192,8.673));
#2007=CARTESIAN_POINT('Origin',(0.,106.141,8.673));
#2008=CARTESIAN_POINT('',(-3.67105989988352,103.538439873612,8.673));
#2009=CARTESIAN_POINT('Origin',(114.41,0.,-4.81482486096809E-31));
#2010=CARTESIAN_POINT('Origin',(0.,0.,0.));
#2011=CARTESIAN_POINT('Origin',(0.,0.,0.));
#2012=CARTESIAN_POINT('Origin',(0.,0.,0.168249999999996));
#2013=CARTESIAN_POINT('Origin',(0.,0.,4.3365));
#2014=UNCERTAINTY_MEASURE_WITH_UNIT(LENGTH_MEASURE(0.01),#2018,
'DISTANCE_ACCURACY_VALUE',
'Maximum model space distance between geometric entities at asserted c
onnectivities');
#2015=UNCERTAINTY_MEASURE_WITH_UNIT(LENGTH_MEASURE(0.01),#2018,
'DISTANCE_ACCURACY_VALUE',
'Maximum model space distance between geometric entities at asserted c
onnectivities');
#2016=(
GEOMETRIC_REPRESENTATION_CONTEXT(3)
GLOBAL_UNCERTAINTY_ASSIGNED_CONTEXT((#2014))
GLOBAL_UNIT_ASSIGNED_CONTEXT((#2018,#2020,#2021))
REPRESENTATION_CONTEXT('','3D')
);
#2017=(
GEOMETRIC_REPRESENTATION_CONTEXT(3)
GLOBAL_UNCERTAINTY_ASSIGNED_CONTEXT((#2015))
GLOBAL_UNIT_ASSIGNED_CONTEXT((#2018,#2020,#2021))
REPRESENTATION_CONTEXT('','3D')
);
#2018=(
LENGTH_UNIT()
NAMED_UNIT(*)
SI_UNIT(.MILLI.,.METRE.)
);
#2019=(
LENGTH_UNIT()
NAMED_UNIT(*)
SI_UNIT($,.METRE.)
);
#2020=(
NAMED_UNIT(*)
PLANE_ANGLE_UNIT()
SI_UNIT($,.RADIAN.)
);
#2021=(
NAMED_UNIT(*)
SI_UNIT($,.STERADIAN.)
SOLID_ANGLE_UNIT()
);
#2022=SHAPE_DEFINITION_REPRESENTATION(#2023,#2024);
#2023=PRODUCT_DEFINITION_SHAPE('',$,#2026);
#2024=SHAPE_REPRESENTATION('',(#1019),#2016);
#2025=PRODUCT_DEFINITION_CONTEXT('part definition',#2030,'design');
#2026=PRODUCT_DEFINITION('Drive Edge','Drive Edge v4',#2027,#2025);
#2027=PRODUCT_DEFINITION_FORMATION('',$,#2032);
#2028=PRODUCT_RELATED_PRODUCT_CATEGORY('Drive Edge v4','Drive Edge v4',
(#2032));
#2029=APPLICATION_PROTOCOL_DEFINITION('international standard',
'automotive_design',2009,#2030);
#2030=APPLICATION_CONTEXT(
'Core Data for Automotive Mechanical Design Process');
#2031=PRODUCT_CONTEXT('part definition',#2030,'mechanical');
#2032=PRODUCT('Drive Edge','Drive Edge v4',$,(#2031));
#2033=PRESENTATION_STYLE_ASSIGNMENT((#2034));
#2034=SURFACE_STYLE_USAGE(.BOTH.,#2035);
#2035=SURFACE_SIDE_STYLE('',(#2036));
#2036=SURFACE_STYLE_FILL_AREA(#2037);
#2037=FILL_AREA_STYLE('Steel - Satin',(#2038));
#2038=FILL_AREA_STYLE_COLOUR('Steel - Satin',#2039);
#2039=COLOUR_RGB('Steel - Satin',0.627450980392157,0.627450980392157,0.627450980392157);
ENDSEC;
END-ISO-10303-21;
